; fwdmsk32.txt
              0              0
           0.02              0
           0.04              0
           0.06              0
           0.08              0
            0.1              0
           0.12              0
           0.14              0
           0.16              0
           0.18              0
            0.2              0
           0.22              0
           0.24          13610
           0.26     1.0293e+05
           0.28     3.4143e+05
            0.3     8.0812e+05
           0.32     1.5839e+06
           0.34     2.7475e+06
           0.36     4.3715e+06
           0.38     6.5188e+06
            0.4     9.2375e+06
           0.42     1.2557e+07
           0.44     1.6482e+07
           0.46     2.0994e+07
           0.48     2.6043e+07
            0.5     3.1551e+07
           0.52      3.741e+07
           0.54     4.3483e+07
           0.56     4.9604e+07
           0.58     5.5583e+07
            0.6     6.1216e+07
           0.62     6.6453e+07
           0.64     7.1313e+07
           0.66     7.5816e+07
           0.68     7.9984e+07
            0.7     8.3836e+07
           0.72     8.7392e+07
           0.74      9.067e+07
           0.76     9.3688e+07
           0.78     9.6466e+07
            0.8     9.9019e+07
           0.82     1.0136e+08
           0.84     1.0351e+08
           0.86     1.0549e+08
           0.88     1.0731e+08
            0.9     1.0897e+08
           0.92     1.1048e+08
           0.94     1.1187e+08
           0.96     1.1316e+08
           0.98     1.1436e+08
              1     1.1549e+08
           1.02     1.1655e+08
           1.04     1.1753e+08
           1.06     1.1883e+08
           1.08     1.2113e+08
            1.1     1.2513e+08
           1.12     1.3149e+08
           1.14     1.4088e+08
           1.16     1.5388e+08
           1.18     1.7103e+08
            1.2     1.9277e+08
           1.22     2.1944e+08
           1.24     2.5127e+08
           1.26     2.8837e+08
           1.28     3.3074e+08
            1.3     3.7822e+08
           1.32     4.3055e+08
           1.34      4.873e+08
           1.36     5.4794e+08
           1.38     6.1181e+08
            1.4     6.7809e+08
           1.42      7.459e+08
           1.44     8.1428e+08
           1.46     8.8214e+08
           1.48     9.4831e+08
            1.5     1.0116e+09
           1.52      1.071e+09
           1.54     1.1264e+09
           1.56     1.1781e+09
           1.58     1.2264e+09
            1.6     1.2713e+09
           1.62     1.3131e+09
           1.64     1.3519e+09
           1.66     1.3881e+09
           1.68     1.4218e+09
            1.7     1.4533e+09
           1.72     1.4827e+09
           1.74     1.5103e+09
           1.76     1.5359e+09
           1.78     1.5598e+09
            1.8     1.5821e+09
           1.82     1.6029e+09
           1.84     1.6222e+09
           1.86     1.6401e+09
           1.88     1.6569e+09
            1.9     1.6725e+09
           1.92     1.6872e+09
           1.94     1.7012e+09
           1.96     1.7147e+09
           1.98     1.7277e+09
              2     1.7404e+09
           2.02     1.7545e+09
           2.04     1.7722e+09
           2.06     1.7959e+09
           2.08     1.8276e+09
            2.1     1.8699e+09
           2.12     1.9242e+09
           2.14      1.992e+09
           2.16     2.0747e+09
           2.18     2.1731e+09
            2.2     2.2878e+09
           2.22     2.4188e+09
           2.24     2.5661e+09
           2.26     2.7287e+09
           2.28     2.9057e+09
            2.3     3.0958e+09
           2.32     3.2971e+09
           2.34     3.5074e+09
           2.36     3.7244e+09
           2.38     3.9462e+09
            2.4     4.1703e+09
           2.42     4.3938e+09
           2.44     4.6133e+09
           2.46     4.8252e+09
           2.48     5.0259e+09
            2.5     5.2127e+09
           2.52     5.3854e+09
           2.54     5.5453e+09
           2.56     5.6936e+09
           2.58     5.8316e+09
            2.6     5.9607e+09
           2.62     6.0818e+09
           2.64     6.1954e+09
           2.66     6.3023e+09
           2.68     6.4025e+09
            2.7     6.4973e+09
           2.72     6.5874e+09
           2.74     6.6726e+09
           2.76     6.7526e+09
           2.78     6.8275e+09
            2.8     6.8986e+09
           2.82     6.9668e+09
           2.84     7.0322e+09
           2.86     7.0946e+09
           2.88     7.1534e+09
            2.9     7.2084e+09
           2.92     7.2596e+09
           2.94      7.307e+09
           2.96     7.3507e+09
           2.98     7.3904e+09
              3     7.4293e+09
           3.02     7.4747e+09
           3.04     7.5315e+09
           3.06      7.604e+09
           3.08     7.6964e+09
            3.1     7.8124e+09
           3.12     7.9561e+09
           3.14     8.1294e+09
           3.16      8.335e+09
           3.18     8.5738e+09
            3.2     8.8449e+09
           3.22      9.146e+09
           3.24     9.4754e+09
           3.26     9.8321e+09
           3.28     1.0213e+10
            3.3     1.0614e+10
           3.32      1.103e+10
           3.34     1.1455e+10
           3.36     1.1882e+10
           3.38     1.2307e+10
            3.4     1.2723e+10
           3.42     1.3125e+10
           3.44     1.3507e+10
           3.46     1.3865e+10
           3.48     1.4198e+10
            3.5     1.4504e+10
           3.52     1.4786e+10
           3.54     1.5044e+10
           3.56     1.5282e+10
           3.58     1.5502e+10
            3.6     1.5706e+10
           3.62     1.5895e+10
           3.64     1.6072e+10
           3.66     1.6236e+10
           3.68     1.6388e+10
            3.7     1.6527e+10
           3.72     1.6655e+10
           3.74     1.6773e+10
           3.76     1.6882e+10
           3.78     1.6979e+10
            3.8     1.7065e+10
           3.82     1.7138e+10
           3.84     1.7196e+10
           3.86      1.724e+10
           3.88     1.7271e+10
            3.9     1.7288e+10
           3.92     1.7293e+10
           3.94     1.7288e+10
           3.96     1.7275e+10
           3.98     1.7257e+10
              4     1.7243e+10
           4.02     1.7241e+10
           4.04     1.7261e+10
           4.06     1.7309e+10
           4.08     1.7395e+10
            4.1     1.7521e+10
           4.12     1.7691e+10
           4.14      1.791e+10
           4.16     1.8178e+10
           4.18     1.8492e+10
            4.2     1.8854e+10
           4.22     1.9263e+10
           4.24     1.9714e+10
           4.26     2.0202e+10
           4.28     2.0719e+10
            4.3     2.1254e+10
           4.32     2.1799e+10
           4.34     2.2344e+10
           4.36     2.2882e+10
           4.38     2.3404e+10
            4.4     2.3902e+10
           4.42      2.437e+10
           4.44     2.4801e+10
           4.46     2.5189e+10
           4.48     2.5532e+10
            4.5     2.5833e+10
           4.52     2.6095e+10
           4.54      2.632e+10
           4.56     2.6515e+10
           4.58      2.668e+10
            4.6     2.6818e+10
           4.62     2.6934e+10
           4.64     2.7027e+10
           4.66     2.7098e+10
           4.68     2.7148e+10
            4.7     2.7181e+10
           4.72     2.7198e+10
           4.74     2.7201e+10
           4.76     2.7188e+10
           4.78     2.7156e+10
            4.8     2.7105e+10
           4.82     2.7033e+10
           4.84      2.694e+10
           4.86     2.6828e+10
           4.88     2.6697e+10
            4.9     2.6551e+10
           4.92      2.639e+10
           4.94     2.6219e+10
           4.96     2.6042e+10
           4.98     2.5865e+10
              5       2.57e+10
           5.02     2.5558e+10
           5.04     2.5448e+10
           5.06     2.5381e+10
           5.08     2.5364e+10
            5.1     2.5404e+10
           5.12     2.5505e+10
           5.14     2.5666e+10
           5.16     2.5888e+10
           5.18     2.6169e+10
            5.2      2.651e+10
           5.22     2.6908e+10
           5.24     2.7355e+10
           5.26     2.7841e+10
           5.28     2.8353e+10
            5.3     2.8881e+10
           5.32     2.9411e+10
           5.34     2.9933e+10
           5.36     3.0437e+10
           5.38     3.0911e+10
            5.4     3.1348e+10
           5.42      3.174e+10
           5.44      3.208e+10
           5.46     3.2363e+10
           5.48     3.2588e+10
            5.5     3.2758e+10
           5.52     3.2878e+10
           5.54     3.2954e+10
           5.56      3.299e+10
           5.58     3.2992e+10
            5.6     3.2966e+10
           5.62     3.2913e+10
           5.64     3.2833e+10
           5.66     3.2729e+10
           5.68     3.2604e+10
            5.7     3.2463e+10
           5.72     3.2308e+10
           5.74     3.2137e+10
           5.76      3.195e+10
           5.78     3.1744e+10
            5.8     3.1519e+10
           5.82     3.1274e+10
           5.84     3.1009e+10
           5.86     3.0728e+10
           5.88     3.0429e+10
            5.9     3.0118e+10
           5.92     2.9797e+10
           5.94     2.9471e+10
           5.96     2.9145e+10
           5.98     2.8827e+10
              6     2.8528e+10
           6.02     2.8262e+10
           6.04     2.8041e+10
           6.06     2.7873e+10
           6.08     2.7768e+10
            6.1     2.7733e+10
           6.12     2.7769e+10
           6.14     2.7876e+10
           6.16     2.8051e+10
           6.18     2.8295e+10
            6.2     2.8606e+10
           6.22     2.8978e+10
           6.24     2.9402e+10
           6.26     2.9865e+10
           6.28     3.0352e+10
            6.3     3.0849e+10
           6.32     3.1343e+10
           6.34     3.1823e+10
           6.36     3.2277e+10
           6.38     3.2691e+10
            6.4     3.3059e+10
           6.42     3.3371e+10
           6.44     3.3622e+10
           6.46     3.3809e+10
           6.48     3.3928e+10
            6.5     3.3986e+10
           6.52     3.3989e+10
           6.54     3.3944e+10
           6.56     3.3858e+10
           6.58     3.3737e+10
            6.6     3.3588e+10
           6.62     3.3412e+10
           6.64     3.3209e+10
           6.66     3.2984e+10
           6.68      3.274e+10
            6.7     3.2483e+10
           6.72     3.2214e+10
           6.74     3.1932e+10
           6.76     3.1636e+10
           6.78     3.1326e+10
            6.8     3.0998e+10
           6.82     3.0654e+10
           6.84     3.0296e+10
           6.86     2.9924e+10
           6.88      2.954e+10
            6.9     2.9148e+10
           6.92     2.8752e+10
           6.94     2.8355e+10
           6.96     2.7965e+10
           6.98     2.7586e+10
              7     2.7233e+10
           7.02      2.692e+10
           7.04     2.6659e+10
           7.06     2.6458e+10
           7.08     2.6327e+10
            7.1     2.6271e+10
           7.12     2.6291e+10
           7.14     2.6384e+10
           7.16     2.6548e+10
           7.18     2.6783e+10
            7.2     2.7086e+10
           7.22     2.7449e+10
           7.24     2.7861e+10
           7.26     2.8308e+10
           7.28     2.8774e+10
            7.3     2.9246e+10
           7.32      2.971e+10
           7.34     3.0154e+10
           7.36     3.0565e+10
           7.38     3.0932e+10
            7.4     3.1245e+10
           7.42     3.1499e+10
           7.44     3.1687e+10
           7.46     3.1806e+10
           7.48     3.1856e+10
            7.5     3.1843e+10
           7.52     3.1775e+10
           7.54     3.1662e+10
           7.56     3.1507e+10
           7.58      3.132e+10
            7.6     3.1105e+10
           7.62     3.0866e+10
           7.64     3.0605e+10
           7.66     3.0323e+10
           7.68     3.0027e+10
            7.7     2.9721e+10
           7.72     2.9405e+10
           7.74     2.9079e+10
           7.76     2.8742e+10
           7.78     2.8393e+10
            7.8     2.8031e+10
           7.82     2.7657e+10
           7.84     2.7271e+10
           7.86     2.6877e+10
           7.88     2.6475e+10
            7.9     2.6068e+10
           7.92     2.5661e+10
           7.94     2.5257e+10
           7.96     2.4861e+10
           7.98      2.448e+10
              8     2.4128e+10
           8.02     2.3819e+10
           8.04     2.3564e+10
           8.06     2.3369e+10
           8.08     2.3247e+10
            8.1     2.3199e+10
           8.12     2.3225e+10
           8.14     2.3322e+10
           8.16     2.3489e+10
           8.18     2.3724e+10
            8.2     2.4022e+10
           8.22     2.4376e+10
           8.24     2.4772e+10
           8.26     2.5199e+10
           8.28     2.5641e+10
            8.3     2.6085e+10
           8.32     2.6516e+10
           8.34     2.6924e+10
           8.36     2.7296e+10
           8.38     2.7622e+10
            8.4     2.7894e+10
           8.42     2.8105e+10
           8.44     2.8251e+10
           8.46      2.833e+10
           8.48     2.8341e+10
            8.5     2.8291e+10
           8.52     2.8192e+10
           8.54     2.8049e+10
           8.56     2.7869e+10
           8.58     2.7661e+10
            8.6      2.743e+10
           8.62     2.7176e+10
           8.64     2.6903e+10
           8.66     2.6614e+10
           8.68     2.6314e+10
            8.7     2.6006e+10
           8.72     2.5692e+10
           8.74      2.537e+10
           8.76     2.5039e+10
           8.78       2.47e+10
            8.8      2.435e+10
           8.82     2.3992e+10
           8.84     2.3626e+10
           8.86     2.3253e+10
           8.88     2.2875e+10
            8.9     2.2495e+10
           8.92     2.2117e+10
           8.94     2.1744e+10
           8.96     2.1381e+10
           8.98     2.1033e+10
              9     2.0715e+10
           9.02      2.044e+10
           9.04     2.0217e+10
           9.06     2.0052e+10
           9.08     1.9956e+10
            9.1     1.9929e+10
           9.12     1.9972e+10
           9.14      2.008e+10
           9.16     2.0252e+10
           9.18     2.0487e+10
            9.2     2.0777e+10
           9.22     2.1117e+10
           9.24     2.1494e+10
           9.26     2.1896e+10
           9.28     2.2308e+10
            9.3     2.2718e+10
           9.32     2.3115e+10
           9.34     2.3486e+10
           9.36     2.3822e+10
           9.38     2.4113e+10
            9.4     2.4352e+10
           9.42     2.4534e+10
           9.44     2.4655e+10
           9.46     2.4713e+10
           9.48     2.4708e+10
            9.5     2.4648e+10
           9.52     2.4544e+10
           9.54     2.4401e+10
           9.56     2.4226e+10
           9.58     2.4027e+10
            9.6     2.3807e+10
           9.62     2.3569e+10
           9.64     2.3314e+10
           9.66     2.3046e+10
           9.68     2.2771e+10
            9.7     2.2489e+10
           9.72     2.2202e+10
           9.74      2.191e+10
           9.76     2.1611e+10
           9.78     2.1305e+10
            9.8     2.0991e+10
           9.82     2.0671e+10
           9.84     2.0347e+10
           9.86     2.0019e+10
           9.88     1.9689e+10
            9.9     1.9359e+10
           9.92     1.9031e+10
           9.94     1.8711e+10
           9.96     1.8399e+10
           9.98     1.8104e+10
             10     1.7838e+10
          10.02     1.7612e+10
          10.04     1.7434e+10
          10.06     1.7311e+10
          10.08     1.7249e+10
           10.1      1.725e+10
          10.12     1.7312e+10
          10.14     1.7433e+10
          10.16      1.761e+10
          10.18     1.7842e+10
           10.2     1.8122e+10
          10.22     1.8443e+10
          10.24     1.8795e+10
          10.26     1.9166e+10
          10.28     1.9544e+10
           10.3     1.9918e+10
          10.32     2.0276e+10
          10.34      2.061e+10
          10.36      2.091e+10
          10.38     2.1168e+10
           10.4     2.1378e+10
          10.42     2.1535e+10
          10.44     2.1637e+10
          10.46     2.1681e+10
          10.48     2.1668e+10
           10.5     2.1607e+10
          10.52     2.1506e+10
          10.54     2.1371e+10
          10.56     2.1207e+10
          10.58     2.1023e+10
           10.6     2.0821e+10
          10.62     2.0604e+10
          10.64     2.0372e+10
          10.66      2.013e+10
          10.68     1.9882e+10
           10.7     1.9629e+10
          10.72     1.9372e+10
          10.74     1.9111e+10
          10.76     1.8844e+10
          10.78     1.8572e+10
           10.8     1.8294e+10
          10.82     1.8011e+10
          10.84     1.7724e+10
          10.86     1.7434e+10
          10.88     1.7141e+10
           10.9      1.685e+10
          10.92     1.6561e+10
          10.94     1.6279e+10
          10.96     1.6005e+10
          10.98     1.5746e+10
             11     1.5513e+10
          11.02     1.5317e+10
          11.04     1.5164e+10
          11.06      1.506e+10
          11.08     1.5011e+10
           11.1     1.5018e+10
          11.12      1.508e+10
          11.14     1.5193e+10
          11.16     1.5357e+10
          11.18     1.5569e+10
           11.2     1.5824e+10
          11.22     1.6114e+10
          11.24     1.6433e+10
          11.26     1.6767e+10
          11.28     1.7107e+10
           11.3     1.7442e+10
          11.32     1.7763e+10
          11.34     1.8061e+10
          11.36     1.8329e+10
          11.38     1.8558e+10
           11.4     1.8744e+10
          11.42     1.8883e+10
          11.44     1.8971e+10
          11.46     1.9006e+10
          11.48      1.899e+10
           11.5     1.8931e+10
          11.52     1.8836e+10
          11.54     1.8711e+10
          11.56      1.856e+10
          11.58     1.8392e+10
           11.6     1.8208e+10
          11.62      1.801e+10
          11.64     1.7799e+10
          11.66      1.758e+10
          11.68     1.7356e+10
           11.7     1.7128e+10
          11.72     1.6897e+10
          11.74     1.6663e+10
          11.76     1.6424e+10
          11.78     1.6181e+10
           11.8     1.5932e+10
          11.82      1.568e+10
          11.84     1.5425e+10
          11.86     1.5167e+10
          11.88     1.4908e+10
           11.9      1.465e+10
          11.92     1.4394e+10
          11.94     1.4144e+10
          11.96     1.3902e+10
          11.98     1.3673e+10
             12     1.3468e+10
          12.02     1.3297e+10
          12.04     1.3165e+10
          12.06     1.3077e+10
          12.08     1.3039e+10
           12.1     1.3052e+10
          12.12     1.3114e+10
          12.14     1.3223e+10
          12.16     1.3378e+10
          12.18     1.3576e+10
           12.2     1.3812e+10
          12.22     1.4082e+10
          12.24     1.4375e+10
          12.26     1.4684e+10
          12.28     1.4998e+10
           12.3     1.5307e+10
          12.32     1.5603e+10
          12.34      1.588e+10
          12.36     1.6128e+10
          12.38     1.6342e+10
           12.4     1.6517e+10
          12.42     1.6648e+10
          12.44     1.6733e+10
          12.46     1.6769e+10
          12.48      1.676e+10
           12.5     1.6711e+10
          12.52     1.6629e+10
          12.54     1.6521e+10
          12.56     1.6389e+10
          12.58     1.6241e+10
           12.6     1.6079e+10
          12.62     1.5904e+10
          12.64     1.5718e+10
          12.66     1.5525e+10
          12.68     1.5326e+10
           12.7     1.5125e+10
          12.72     1.4921e+10
          12.74     1.4715e+10
          12.76     1.4505e+10
          12.78     1.4291e+10
           12.8     1.4074e+10
          12.82     1.3852e+10
          12.84     1.3629e+10
          12.86     1.3403e+10
          12.88     1.3175e+10
           12.9     1.2949e+10
          12.92     1.2724e+10
          12.94     1.2505e+10
          12.96     1.2292e+10
          12.98     1.2091e+10
             13     1.1912e+10
          13.02     1.1763e+10
          13.04      1.165e+10
          13.06     1.1578e+10
          13.08     1.1551e+10
           13.1      1.157e+10
          13.12     1.1634e+10
          13.14     1.1741e+10
          13.16     1.1889e+10
          13.18     1.2076e+10
           13.2     1.2299e+10
          13.22     1.2552e+10
          13.24     1.2827e+10
          13.26     1.3115e+10
          13.28     1.3408e+10
           13.3     1.3697e+10
          13.32     1.3974e+10
          13.34     1.4232e+10
          13.36     1.4465e+10
          13.38     1.4665e+10
           13.4     1.4829e+10
          13.42     1.4954e+10
          13.44     1.5036e+10
          13.46     1.5074e+10
          13.48     1.5069e+10
           13.5     1.5028e+10
          13.52     1.4957e+10
          13.54     1.4862e+10
          13.56     1.4746e+10
          13.58     1.4615e+10
           13.6     1.4472e+10
          13.62     1.4317e+10
          13.64     1.4152e+10
          13.66      1.398e+10
          13.68     1.3804e+10
           13.7     1.3625e+10
          13.72     1.3443e+10
          13.74     1.3259e+10
          13.76     1.3071e+10
          13.78     1.2879e+10
           13.8     1.2683e+10
          13.82     1.2483e+10
          13.84     1.2281e+10
          13.86     1.2077e+10
          13.88     1.1871e+10
           13.9     1.1666e+10
          13.92     1.1463e+10
          13.94     1.1264e+10
          13.96      1.107e+10
          13.98     1.0888e+10
             14     1.0726e+10
          14.02     1.0591e+10
          14.04      1.049e+10
          14.06     1.0426e+10
          14.08     1.0404e+10
           14.1     1.0424e+10
          14.12     1.0487e+10
          14.14     1.0588e+10
          14.16     1.0727e+10
          14.18     1.0903e+10
           14.2     1.1112e+10
          14.22     1.1347e+10
          14.24     1.1604e+10
          14.26     1.1872e+10
          14.28     1.2144e+10
           14.3     1.2412e+10
          14.32      1.267e+10
          14.34      1.291e+10
          14.36     1.3126e+10
          14.38     1.3313e+10
           14.4     1.3466e+10
          14.42     1.3582e+10
          14.44     1.3659e+10
          14.46     1.3695e+10
          14.48     1.3691e+10
           14.5     1.3655e+10
          14.52     1.3591e+10
          14.54     1.3504e+10
          14.56     1.3398e+10
          14.58     1.3279e+10
           14.6     1.3149e+10
          14.62     1.3008e+10
          14.64     1.2858e+10
          14.66     1.2701e+10
          14.68     1.2541e+10
           14.7     1.2379e+10
          14.72     1.2214e+10
          14.74     1.2046e+10
          14.76     1.1875e+10
          14.78     1.1701e+10
           14.8     1.1523e+10
          14.82     1.1341e+10
          14.84     1.1157e+10
          14.86     1.0971e+10
          14.88     1.0784e+10
           14.9     1.0596e+10
          14.92     1.0411e+10
          14.94     1.0229e+10
          14.96     1.0052e+10
          14.98     9.8859e+09
             15     9.7378e+09
          15.02     9.6156e+09
          15.04     9.5243e+09
          15.06     9.4678e+09
          15.08     9.4506e+09
           15.1      9.473e+09
          15.12      9.534e+09
          15.14     9.6315e+09
          15.16     9.7642e+09
          15.18     9.9311e+09
           15.2     1.0128e+10
          15.22      1.035e+10
          15.24      1.059e+10
          15.26     1.0843e+10
          15.28     1.1098e+10
           15.3     1.1351e+10
          15.32     1.1593e+10
          15.34     1.1818e+10
          15.36     1.2021e+10
          15.38     1.2197e+10
           15.4     1.2341e+10
          15.42     1.2451e+10
          15.44     1.2525e+10
          15.46     1.2561e+10
          15.48     1.2561e+10
           15.5     1.2529e+10
          15.52     1.2473e+10
          15.54     1.2396e+10
          15.56     1.2301e+10
          15.58     1.2195e+10
           15.6     1.2077e+10
          15.62      1.195e+10
          15.64     1.1815e+10
          15.66     1.1674e+10
          15.68      1.153e+10
           15.7     1.1384e+10
          15.72     1.1235e+10
          15.74     1.1083e+10
          15.76     1.0929e+10
          15.78     1.0772e+10
           15.8     1.0611e+10
          15.82     1.0448e+10
          15.84     1.0281e+10
          15.86     1.0113e+10
          15.88      9.943e+09
           15.9     9.7732e+09
          15.92      9.605e+09
          15.94     9.4405e+09
          15.96     9.2807e+09
          15.98       9.13e+09
             16     8.9966e+09
          16.02     8.8875e+09
          16.04     8.8072e+09
          16.06     8.7592e+09
          16.08     8.7478e+09
           16.1     8.7733e+09
          16.12     8.8345e+09
          16.14     8.9299e+09
          16.16     9.0579e+09
          16.18     9.2175e+09
           16.2     9.4046e+09
          16.22     9.6152e+09
          16.24     9.8435e+09
          16.26     1.0082e+10
          16.28     1.0324e+10
           16.3     1.0561e+10
          16.32     1.0789e+10
          16.34     1.1001e+10
          16.36     1.1192e+10
          16.38     1.1357e+10
           16.4     1.1492e+10
          16.42     1.1594e+10
          16.44     1.1662e+10
          16.46     1.1693e+10
          16.48      1.169e+10
           16.5     1.1657e+10
          16.52     1.1601e+10
          16.54     1.1525e+10
          16.56     1.1432e+10
          16.58     1.1329e+10
           16.6     1.1215e+10
          16.62     1.1092e+10
          16.64     1.0962e+10
          16.66     1.0827e+10
          16.68     1.0688e+10
           16.7     1.0548e+10
          16.72     1.0406e+10
          16.74     1.0261e+10
          16.76     1.0115e+10
          16.78      9.965e+09
           16.8     9.8124e+09
          16.82     9.6571e+09
          16.84     9.4994e+09
          16.86     9.3401e+09
          16.88     9.1793e+09
           16.9     9.0189e+09
          16.92     8.8602e+09
          16.94     8.7046e+09
          16.96     8.5532e+09
          16.98     8.4108e+09
             17     8.2845e+09
          17.02      8.181e+09
          17.04     8.1047e+09
          17.06     8.0592e+09
          17.08     8.0482e+09
           17.1      8.072e+09
          17.12     8.1297e+09
          17.14     8.2198e+09
          17.16     8.3408e+09
          17.18     8.4917e+09
           17.2     8.6688e+09
          17.22     8.8682e+09
          17.24     9.0844e+09
          17.26     9.3104e+09
          17.28     9.5394e+09
           17.3      9.765e+09
          17.32     9.9814e+09
          17.34     1.0183e+10
          17.36     1.0364e+10
          17.38     1.0521e+10
           17.4      1.065e+10
          17.42     1.0748e+10
          17.44     1.0814e+10
          17.46     1.0844e+10
          17.48     1.0842e+10
           17.5     1.0813e+10
          17.52     1.0761e+10
          17.54     1.0691e+10
          17.56     1.0605e+10
          17.58     1.0508e+10
           17.6     1.0402e+10
          17.62     1.0289e+10
          17.64     1.0168e+10
          17.66     1.0042e+10
          17.68     9.9138e+09
           17.7     9.7838e+09
          17.72     9.6523e+09
          17.74     9.5191e+09
          17.76     9.3839e+09
          17.78     9.2462e+09
           17.8     9.1059e+09
          17.82     8.9633e+09
          17.84     8.8189e+09
          17.86     8.6732e+09
          17.88     8.5264e+09
           17.9     8.3801e+09
          17.92     8.2352e+09
          17.94     8.0933e+09
          17.96     7.9554e+09
          17.98     7.8258e+09
             18     7.7113e+09
          18.02     7.6183e+09
          18.04     7.5511e+09
          18.06     7.5126e+09
          18.08     7.5069e+09
           18.1      7.534e+09
          18.12     7.5931e+09
          18.14     7.6827e+09
          18.16     7.8016e+09
          18.18     7.9491e+09
           18.2     8.1224e+09
          18.22     8.3174e+09
          18.24     8.5288e+09
          18.26     8.7501e+09
          18.28     8.9744e+09
           18.3     9.1957e+09
          18.32     9.4083e+09
          18.34      9.607e+09
          18.36     9.7866e+09
          18.38     9.9426e+09
           18.4     1.0072e+10
          18.42     1.0172e+10
          18.44     1.0241e+10
          18.46     1.0277e+10
          18.48     1.0281e+10
           18.5     1.0259e+10
          18.52     1.0215e+10
          18.54     1.0154e+10
          18.56     1.0078e+10
          18.58      9.992e+09
           18.6      9.897e+09
          18.62     9.7943e+09
          18.64     9.6849e+09
          18.66     9.5707e+09
          18.68     9.4542e+09
           18.7      9.336e+09
          18.72     9.2163e+09
          18.74     9.0951e+09
          18.76      8.972e+09
          18.78     8.8463e+09
           18.8     8.7181e+09
          18.82     8.5874e+09
          18.84     8.4549e+09
          18.86     8.3207e+09
          18.88     8.1851e+09
           18.9     8.0497e+09
          18.92     7.9156e+09
          18.94     7.7842e+09
          18.96     7.6564e+09
          18.98     7.5363e+09
             19     7.4306e+09
          19.02     7.3455e+09
          19.04     7.2849e+09
          19.06     7.2518e+09
          19.08     7.2498e+09
           19.1     7.2792e+09
          19.12     7.3392e+09
          19.14     7.4283e+09
          19.16     7.5452e+09
          19.18      7.689e+09
           19.2     7.8565e+09
          19.22     8.0439e+09
          19.24     8.2465e+09
          19.26     8.4578e+09
          19.28     8.6718e+09
           19.3     8.8824e+09
          19.32     9.0845e+09
          19.34      9.273e+09
          19.36     9.4432e+09
          19.38     9.5908e+09
           19.4     9.7127e+09
          19.42     9.8067e+09
          19.44     9.8707e+09
          19.46      9.903e+09
          19.48     9.9052e+09
           19.5     9.8823e+09
          19.52     9.8391e+09
          19.54     9.7789e+09
          19.56     9.7047e+09
          19.58     9.6207e+09
           19.6     9.5282e+09
          19.62     9.4283e+09
          19.64      9.322e+09
          19.66      9.211e+09
          19.68     9.0978e+09
           19.7     8.9828e+09
          19.72     8.8662e+09
          19.74     8.7481e+09
          19.76     8.6279e+09
          19.78     8.5053e+09
           19.8       8.38e+09
          19.82     8.2523e+09
          19.84     8.1229e+09
          19.86     7.9918e+09
          19.88     7.8594e+09
           19.9     7.7272e+09
          19.92     7.5963e+09
          19.94      7.468e+09
          19.96     7.3433e+09
          19.98      7.226e+09
             20     7.1227e+09
          20.02     7.0392e+09
          20.04     6.9793e+09
          20.06      6.946e+09
          20.08     6.9427e+09
           20.1     6.9696e+09
          20.12     7.0259e+09
          20.14     7.1102e+09
          20.16     7.2214e+09
          20.18     7.3584e+09
           20.2     7.5184e+09
          20.22     7.6976e+09
          20.24     7.8913e+09
          20.26     8.0937e+09
          20.28     8.2986e+09
           20.3     8.5003e+09
          20.32     8.6941e+09
          20.34     8.8748e+09
          20.36     9.0382e+09
          20.38     9.1797e+09
           20.4     9.2969e+09
          20.42     9.3872e+09
          20.44     9.4488e+09
          20.46       9.48e+09
          20.48     9.4825e+09
           20.5     9.4608e+09
          20.52     9.4197e+09
          20.54     9.3623e+09
          20.56     9.2915e+09
          20.58     9.2114e+09
           20.6     9.1231e+09
          20.62     9.0277e+09
          20.64     8.9263e+09
          20.66     8.8204e+09
          20.68     8.7125e+09
           20.7      8.603e+09
          20.72     8.4919e+09
          20.74     8.3795e+09
          20.76     8.2652e+09
          20.78     8.1486e+09
           20.8     8.0295e+09
          20.82     7.9083e+09
          20.84     7.7853e+09
          20.86     7.6611e+09
          20.88     7.5357e+09
           20.9     7.4108e+09
          20.92     7.2874e+09
          20.94     7.1668e+09
          20.96     7.0497e+09
          20.98       6.94e+09
             21     6.8437e+09
          21.02     6.7666e+09
          21.04     6.7121e+09
          21.06     6.6832e+09
          21.08     6.6831e+09
           21.1     6.7119e+09
          21.12      6.769e+09
          21.14     6.8529e+09
          21.16     6.9625e+09
          21.18     7.0969e+09
           21.2     7.2531e+09
          21.22     7.4278e+09
          21.24     7.6164e+09
          21.26     7.8131e+09
          21.28     8.0122e+09
           21.3     8.2081e+09
          21.32     8.3962e+09
          21.34      8.572e+09
          21.36      8.731e+09
          21.38     8.8694e+09
           21.4     8.9845e+09
          21.42     9.0738e+09
          21.44     9.1355e+09
          21.46     9.1679e+09
          21.48     9.1725e+09
           21.5     9.1539e+09
          21.52     9.1165e+09
          21.54     9.0633e+09
          21.56     8.9971e+09
          21.58     8.9218e+09
           21.6     8.8385e+09
          21.62     8.7484e+09
          21.64     8.6521e+09
          21.66     8.5514e+09
          21.68     8.4487e+09
           21.7     8.3443e+09
          21.72     8.2382e+09
          21.74     8.1307e+09
          21.76     8.0213e+09
          21.78     7.9095e+09
           21.8     7.7953e+09
          21.82      7.679e+09
          21.84      7.561e+09
          21.86     7.4415e+09
          21.88      7.321e+09
           21.9     7.2007e+09
          21.92     7.0816e+09
          21.94      6.965e+09
          21.96     6.8518e+09
          21.98     6.7456e+09
             22     6.6523e+09
          22.02     6.5775e+09
          22.04     6.5246e+09
          22.06     6.4964e+09
          22.08     6.4961e+09
           22.1     6.5238e+09
          22.12     6.5789e+09
          22.14     6.6599e+09
          22.16     6.7659e+09
          22.18     6.8959e+09
           22.2     7.0472e+09
          22.22     7.2164e+09
          22.24      7.399e+09
          22.26     7.5897e+09
          22.28     7.7828e+09
           22.3      7.973e+09
          22.32     8.1556e+09
          22.34     8.3263e+09
          22.36     8.4806e+09
          22.38     8.6146e+09
           22.4      8.726e+09
          22.42     8.8122e+09
          22.44     8.8716e+09
          22.46     8.9026e+09
          22.48     8.9067e+09
           22.5     8.8884e+09
          22.52     8.8517e+09
          22.54     8.7999e+09
          22.56     8.7355e+09
          22.58     8.6624e+09
           22.6     8.5815e+09
          22.62      8.494e+09
          22.64     8.4007e+09
          22.66     8.3032e+09
          22.68     8.2038e+09
           22.7     8.1027e+09
          22.72     8.0001e+09
          22.74     7.8961e+09
          22.76     7.7904e+09
          22.78     7.6824e+09
           22.8      7.572e+09
          22.82     7.4595e+09
          22.84     7.3453e+09
          22.86     7.2298e+09
          22.88      7.113e+09
           22.9     6.9963e+09
          22.92     6.8808e+09
          22.94     6.7676e+09
          22.96     6.6576e+09
          22.98     6.5544e+09
             23     6.4637e+09
          23.02     6.3908e+09
          23.04     6.3393e+09
          23.06     6.3117e+09
          23.08     6.3111e+09
           23.1     6.3377e+09
          23.12     6.3909e+09
          23.14     6.4694e+09
          23.16      6.572e+09
          23.18     6.6981e+09
           23.2     6.8448e+09
          23.22     7.0089e+09
          23.24     7.1863e+09
          23.26     7.3714e+09
          23.28     7.5589e+09
           23.3     7.7436e+09
          23.32     7.9211e+09
          23.34     8.0869e+09
          23.36     8.2369e+09
          23.38     8.3673e+09
           23.4     8.4757e+09
          23.42     8.5599e+09
          23.44      8.618e+09
          23.46     8.6486e+09
          23.48     8.6532e+09
           23.5      8.636e+09
          23.52     8.6013e+09
          23.54     8.5519e+09
          23.56     8.4906e+09
          23.58     8.4207e+09
           23.6     8.3435e+09
          23.62     8.2599e+09
          23.64     8.1706e+09
          23.66     8.0773e+09
          23.68     7.9821e+09
           23.7     7.8852e+09
          23.72     7.7868e+09
          23.74      7.687e+09
          23.76     7.5854e+09
          23.78     7.4815e+09
           23.8     7.3753e+09
          23.82     7.2669e+09
          23.84     7.1567e+09
          23.86     7.0451e+09
          23.88     6.9322e+09
           23.9     6.8195e+09
          23.92     6.7077e+09
          23.94     6.5981e+09
          23.96     6.4917e+09
          23.98     6.3922e+09
             24     6.3049e+09
          24.02     6.2352e+09
          24.04     6.1862e+09
          24.06     6.1604e+09
          24.08     6.1609e+09
           24.1     6.1879e+09
          24.12     6.2406e+09
          24.14     6.3179e+09
          24.16     6.4185e+09
          24.18     6.5419e+09
           24.2     6.6852e+09
          24.22     6.8454e+09
          24.24     7.0184e+09
          24.26     7.1988e+09
          24.28     7.3815e+09
           24.3     7.5614e+09
          24.32     7.7342e+09
          24.34     7.8957e+09
          24.36     8.0418e+09
          24.38     8.1687e+09
           24.4     8.2742e+09
          24.42     8.3561e+09
          24.44     8.4127e+09
          24.46     8.4426e+09
          24.48     8.4472e+09
           24.5     8.4307e+09
          24.52     8.3971e+09
          24.54     8.3492e+09
          24.56     8.2895e+09
          24.58     8.2215e+09
           24.6     8.1463e+09
          24.62     8.0648e+09
          24.64     7.9779e+09
          24.66     7.8869e+09
          24.68     7.7941e+09
           24.7     7.6997e+09
          24.72     7.6039e+09
          24.74     7.5067e+09
          24.76     7.4078e+09
          24.78     7.3068e+09
           24.8     7.2034e+09
          24.82      7.098e+09
          24.84      6.991e+09
          24.86     6.8825e+09
          24.88      6.773e+09
           24.9     6.6635e+09
          24.92     6.5551e+09
          24.94     6.4489e+09
          24.96     6.3457e+09
          24.98     6.2489e+09
             25      6.164e+09
          25.02     6.0961e+09
          25.04     6.0483e+09
          25.06     6.0231e+09
          25.08     6.0235e+09
           25.1     6.0497e+09
          25.12     6.1009e+09
          25.14      6.176e+09
          25.16     6.2741e+09
          25.18     6.3943e+09
           25.2     6.5339e+09
          25.22     6.6901e+09
          25.24     6.8588e+09
          25.26     7.0348e+09
          25.28     7.2132e+09
           25.3     7.3889e+09
          25.32     7.5577e+09
          25.34     7.7155e+09
          25.36     7.8585e+09
          25.38     7.9828e+09
           25.4     8.0863e+09
          25.42     8.1667e+09
          25.44     8.2226e+09
          25.46     8.2523e+09
          25.48     8.2573e+09
           25.5     8.2416e+09
          25.52     8.2092e+09
          25.54     8.1627e+09
          25.56     8.1048e+09
          25.58     8.0387e+09
           25.6     7.9656e+09
          25.62     7.8863e+09
          25.64     7.8017e+09
          25.66     7.7132e+09
          25.68     7.6228e+09
           25.7     7.5309e+09
          25.72     7.4377e+09
          25.74     7.3431e+09
          25.76     7.2468e+09
          25.78     7.1483e+09
           25.8     7.0477e+09
          25.82      6.945e+09
          25.84     6.8407e+09
          25.86      6.735e+09
          25.88     6.6282e+09
           25.9     6.5215e+09
          25.92     6.4157e+09
          25.94     6.3121e+09
          25.96     6.2113e+09
          25.98     6.1168e+09
             26     6.0339e+09
          26.02     5.9675e+09
          26.04     5.9207e+09
          26.06      5.896e+09
          26.08     5.8964e+09
           26.1     5.9219e+09
          26.12      5.972e+09
          26.14     6.0455e+09
          26.16     6.1414e+09
          26.18     6.2591e+09
           26.2     6.3957e+09
          26.22     6.5486e+09
          26.24     6.7138e+09
          26.26     6.8861e+09
          26.28     7.0607e+09
           26.3     7.2327e+09
          26.32      7.398e+09
          26.34     7.5526e+09
          26.36     7.6927e+09
          26.38     7.8145e+09
           26.4     7.9159e+09
          26.42     7.9948e+09
          26.44     8.0497e+09
          26.46      8.079e+09
          26.48     8.0841e+09
           26.5      8.069e+09
          26.52     8.0375e+09
          26.54     7.9924e+09
          26.56     7.9361e+09
          26.58      7.872e+09
           26.6     7.8011e+09
          26.62     7.7242e+09
          26.64     7.6421e+09
          26.66     7.5562e+09
          26.68     7.4686e+09
           26.7     7.3794e+09
          26.72     7.2888e+09
          26.74     7.1969e+09
          26.76     7.1032e+09
          26.78     7.0075e+09
           26.8     6.9095e+09
          26.82     6.8096e+09
          26.84      6.708e+09
          26.86      6.605e+09
          26.88     6.5008e+09
           26.9     6.3967e+09
          26.92     6.2934e+09
          26.94     6.1922e+09
          26.96     6.0939e+09
          26.98     6.0016e+09
             27     5.9206e+09
          27.02     5.8558e+09
          27.04     5.8102e+09
          27.06     5.7864e+09
          27.08      5.787e+09
           27.1     5.8122e+09
          27.12     5.8615e+09
          27.14     5.9336e+09
          27.16     6.0276e+09
          27.18     6.1428e+09
           27.2     6.2766e+09
          27.22     6.4263e+09
          27.24      6.588e+09
          27.26     6.7568e+09
          27.28     6.9278e+09
           27.3     7.0962e+09
          27.32     7.2582e+09
          27.34     7.4097e+09
          27.36      7.547e+09
          27.38     7.6664e+09
           27.4      7.766e+09
          27.42     7.8435e+09
          27.44     7.8975e+09
          27.46     7.9265e+09
          27.48      7.932e+09
           27.5     7.9176e+09
          27.52     7.8873e+09
          27.54     7.8436e+09
          27.56     7.7889e+09
          27.58     7.7264e+09
           27.6     7.6571e+09
          27.62      7.582e+09
          27.64     7.5018e+09
          27.66     7.4177e+09
          27.68     7.3319e+09
           27.7     7.2446e+09
          27.72     7.1559e+09
          27.74     7.0659e+09
          27.76     6.9742e+09
          27.78     6.8805e+09
           27.8     6.7845e+09
          27.82     6.6866e+09
          27.84     6.5871e+09
          27.86     6.4862e+09
          27.88     6.3842e+09
           27.9     6.2822e+09
          27.92     6.1811e+09
          27.94      6.082e+09
          27.96     5.9858e+09
          27.98     5.8954e+09
             28     5.8162e+09
          28.02     5.7529e+09
          28.04     5.7083e+09
          28.06     5.6849e+09
          28.08     5.6855e+09
           28.1     5.7103e+09
          28.12     5.7585e+09
          28.14     5.8292e+09
          28.16     5.9213e+09
          28.18     6.0343e+09
           28.2     6.1655e+09
          28.22     6.3123e+09
          28.24      6.471e+09
          28.26     6.6366e+09
          28.28     6.8044e+09
           28.3     6.9698e+09
          28.32      7.129e+09
          28.34     7.2779e+09
          28.36     7.4129e+09
          28.38     7.5304e+09
           28.4     7.6285e+09
          28.42      7.705e+09
          28.44     7.7585e+09
          28.46     7.7875e+09
          28.48     7.7933e+09
           28.5     7.7797e+09
          28.52     7.7504e+09
          28.54     7.7079e+09
          28.56     7.6546e+09
          28.58     7.5936e+09
           28.6     7.5261e+09
          28.62     7.4527e+09
          28.64     7.3742e+09
          28.66     7.2921e+09
          28.68     7.2083e+09
           28.7     7.1229e+09
          28.72     7.0363e+09
          28.74     6.9484e+09
          28.76     6.8589e+09
          28.78     6.7673e+09
           28.8     6.6736e+09
          28.82     6.5779e+09
          28.84     6.4806e+09
          28.86     6.3819e+09
          28.88     6.2821e+09
           28.9     6.1823e+09
          28.92     6.0833e+09
          28.94     5.9863e+09
          28.96     5.8921e+09
          28.98     5.8036e+09
             29     5.7259e+09
          29.02     5.6638e+09
          29.04     5.6201e+09
          29.06     5.5972e+09
          29.08     5.5978e+09
           29.1      5.622e+09
          29.12     5.6694e+09
          29.14     5.7388e+09
          29.16     5.8294e+09
          29.18     5.9404e+09
           29.2     6.0695e+09
          29.22     6.2139e+09
          29.24     6.3699e+09
          29.26     6.5328e+09
          29.28     6.6979e+09
           29.3     6.8606e+09
          29.32     7.0172e+09
          29.34     7.1637e+09
          29.36     7.2966e+09
          29.38     7.4124e+09
           29.4      7.509e+09
          29.42     7.5845e+09
          29.44     7.6373e+09
          29.46     7.6661e+09
          29.48     7.6721e+09
           29.5      7.659e+09
          29.52     7.6304e+09
          29.54      7.589e+09
          29.56     7.5369e+09
          29.58     7.4772e+09
           29.6      7.411e+09
          29.62     7.3392e+09
          29.64     7.2624e+09
          29.66     7.1819e+09
          29.68     7.0997e+09
           29.7     7.0161e+09
          29.72     6.9311e+09
          29.74     6.8448e+09
          29.76     6.7568e+09
          29.78     6.6668e+09
           29.8     6.5747e+09
          29.82     6.4807e+09
          29.84      6.385e+09
          29.86      6.288e+09
          29.88     6.1899e+09
           29.9     6.0917e+09
          29.92     5.9944e+09
          29.94      5.899e+09
          29.96     5.8063e+09
          29.98     5.7194e+09
             30     5.6431e+09
          30.02      5.582e+09
          30.04     5.5391e+09
          30.06     5.5167e+09
          30.08     5.5174e+09
           30.1     5.5414e+09
          30.12     5.5881e+09
          30.14     5.6565e+09
          30.16     5.7456e+09
          30.18     5.8549e+09
           30.2     5.9818e+09
          30.22     6.1239e+09
          30.24     6.2774e+09
          30.26     6.4377e+09
          30.28     6.6002e+09
           30.3     6.7604e+09
          30.32     6.9146e+09
          30.34      7.059e+09
          30.36     7.1899e+09
          30.38     7.3041e+09
           30.4     7.3994e+09
          30.42      7.474e+09
          30.44     7.5263e+09
          30.46      7.555e+09
          30.48     7.5614e+09
           30.5     7.5489e+09
          30.52     7.5214e+09
          30.54     7.4811e+09
          30.56     7.4303e+09
          30.58      7.372e+09
           30.6     7.3073e+09
          30.62     7.2371e+09
          30.64     7.1619e+09
          30.66      7.083e+09
          30.68     7.0024e+09
           30.7     6.9203e+09
          30.72     6.8369e+09
          30.74     6.7522e+09
          30.76     6.6659e+09
          30.78     6.5775e+09
           30.8     6.4871e+09
          30.82     6.3947e+09
          30.84     6.3007e+09
          30.86     6.2054e+09
          30.88     6.1089e+09
           30.9     6.0125e+09
          30.92     5.9168e+09
          30.94      5.823e+09
          30.96     5.7319e+09
          30.98     5.6464e+09
             31     5.5714e+09
          31.02     5.5113e+09
          31.04     5.4692e+09
          31.06     5.4471e+09
          31.08     5.4478e+09
           31.1     5.4714e+09
          31.12     5.5173e+09
          31.14     5.5845e+09
          31.16     5.6722e+09
          31.18     5.7797e+09
           31.2     5.9046e+09
          31.22     6.0445e+09
          31.24     6.1957e+09
          31.26     6.3536e+09
          31.28     6.5137e+09
           31.3     6.6717e+09
          31.32     6.8238e+09
          31.34     6.9662e+09
          31.36     7.0954e+09
          31.38     7.2081e+09
           31.4     7.3024e+09
          31.42     7.3762e+09
          31.44     7.4281e+09
          31.46     7.4567e+09
          31.48     7.4633e+09
           31.5     7.4514e+09
          31.52     7.4246e+09
          31.54     7.3852e+09
          31.56     7.3354e+09
          31.58     7.2782e+09
           31.6     7.2148e+09
          31.62     7.1457e+09
          31.64     7.0717e+09
          31.66     6.9941e+09
          31.68     6.9148e+09
           31.7     6.8341e+09
          31.72     6.7521e+09
          31.74     6.6688e+09
          31.76     6.5838e+09
          31.78     6.4969e+09
           31.8     6.4079e+09
          31.82      6.317e+09
          31.84     6.2245e+09
          31.86     6.1306e+09
          31.88     6.0356e+09
           31.9     5.9405e+09
          31.92     5.8463e+09
          31.94     5.7538e+09
          31.96      5.664e+09
          31.98     5.5796e+09
             32     5.5057e+09
          32.02     5.4465e+09
          32.04     5.4049e+09
          32.06      5.383e+09
          32.08     5.3836e+09
           32.1     5.4069e+09
          32.12     5.4521e+09
          32.14     5.5184e+09
          32.16     5.6049e+09
          32.18     5.7109e+09
           32.2     5.8342e+09
          32.22     5.9722e+09
          32.24     6.1214e+09
          32.26     6.2773e+09
          32.28     6.4353e+09
           32.3     6.5912e+09
          32.32     6.7414e+09
          32.34      6.882e+09
          32.36     7.0097e+09
          32.38     7.1211e+09
           32.4     7.2143e+09
          32.42     7.2873e+09
          32.44     7.3388e+09
          32.46     7.3673e+09
          32.48     7.3741e+09
           32.5     7.3628e+09
          32.52     7.3366e+09
          32.54     7.2981e+09
          32.56     7.2493e+09
          32.58     7.1933e+09
           32.6      7.131e+09
          32.62     7.0632e+09
          32.64     6.9905e+09
          32.66     6.9144e+09
          32.68     6.8365e+09
           32.7     6.7571e+09
          32.72     6.6764e+09
          32.74     6.5944e+09
          32.76     6.5108e+09
          32.78     6.4252e+09
           32.8     6.3375e+09
          32.82     6.2479e+09
          32.84     6.1567e+09
          32.86     6.0641e+09
          32.88     5.9703e+09
           32.9     5.8765e+09
          32.92     5.7835e+09
          32.94     5.6924e+09
          32.96     5.6037e+09
          32.98     5.5205e+09
             33     5.4476e+09
          33.02     5.3891e+09
          33.04     5.3481e+09
          33.06     5.3266e+09
          33.08     5.3272e+09
           33.1     5.3501e+09
          33.12     5.3948e+09
          33.14     5.4603e+09
          33.16     5.5456e+09
          33.18     5.6503e+09
           33.2      5.772e+09
          33.22     5.9082e+09
          33.24     6.0555e+09
          33.26     6.2094e+09
          33.28     6.3655e+09
           33.3     6.5194e+09
          33.32     6.6677e+09
          33.34     6.8067e+09
          33.36     6.9329e+09
          33.38     7.0431e+09
           33.4     7.1353e+09
          33.42     7.2077e+09
          33.44     7.2588e+09
          33.46     7.2873e+09
          33.48     7.2944e+09
           33.5     7.2835e+09
          33.52      7.258e+09
          33.54     7.2202e+09
          33.56     7.1724e+09
          33.58     7.1174e+09
           33.6     7.0562e+09
          33.62     6.9895e+09
          33.64     6.9179e+09
          33.66     6.8429e+09
          33.68     6.7661e+09
           33.7     6.6879e+09
          33.72     6.6083e+09
          33.74     6.5274e+09
          33.76     6.4448e+09
          33.78     6.3603e+09
           33.8     6.2737e+09
          33.82     6.1853e+09
          33.84     6.0952e+09
          33.86     6.0038e+09
          33.88     5.9113e+09
           33.9     5.8187e+09
          33.92     5.7268e+09
          33.94     5.6367e+09
          33.96     5.5492e+09
          33.98      5.467e+09
             34     5.3949e+09
          34.02     5.3372e+09
          34.04     5.2966e+09
          34.06     5.2753e+09
          34.08     5.2759e+09
           34.1     5.2984e+09
          34.12     5.3425e+09
          34.14     5.4071e+09
          34.16     5.4913e+09
          34.18     5.5947e+09
           34.2     5.7149e+09
          34.22     5.8495e+09
          34.24      5.995e+09
          34.26     6.1471e+09
          34.28     6.3015e+09
           34.3     6.4538e+09
          34.32     6.6005e+09
          34.34     6.7381e+09
          34.36      6.863e+09
          34.38     6.9722e+09
           34.4     7.0636e+09
          34.42     7.1354e+09
          34.44     7.1862e+09
          34.46     7.2147e+09
          34.48      7.222e+09
           34.5     7.2116e+09
          34.52     7.1867e+09
          34.54     7.1497e+09
          34.56     7.1027e+09
          34.58     7.0486e+09
           34.6     6.9884e+09
          34.62     6.9227e+09
          34.64     6.8522e+09
          34.66     6.7782e+09
          34.68     6.7025e+09
           34.7     6.6254e+09
          34.72     6.5469e+09
          34.74     6.4672e+09
          34.76     6.3858e+09
          34.78     6.3024e+09
           34.8      6.217e+09
          34.82     6.1297e+09
          34.84     6.0407e+09
          34.86     5.9504e+09
          34.88      5.859e+09
           34.9     5.7674e+09
          34.92     5.6766e+09
          34.94     5.5876e+09
          34.96      5.501e+09
          34.98     5.4198e+09
             35     5.3485e+09
          35.02     5.2914e+09
          35.04     5.2512e+09
          35.06     5.2301e+09
          35.08     5.2307e+09
           35.1      5.253e+09
          35.12     5.2966e+09
          35.14     5.3604e+09
          35.16     5.4437e+09
          35.18      5.546e+09
           35.2     5.6649e+09
          35.22     5.7981e+09
          35.24     5.9422e+09
          35.26     6.0927e+09
          35.28     6.2454e+09
           35.3     6.3962e+09
          35.32     6.5415e+09
          35.34     6.6777e+09
          35.36     6.8014e+09
          35.38     6.9096e+09
           35.4     7.0002e+09
          35.42     7.0715e+09
          35.44     7.1219e+09
          35.46     7.1504e+09
          35.48     7.1579e+09
           35.5     7.1479e+09
          35.52     7.1235e+09
          35.54     7.0872e+09
          35.56      7.041e+09
          35.58     6.9877e+09
           35.6     6.9284e+09
          35.62     6.8636e+09
          35.64     6.7942e+09
          35.66     6.7212e+09
          35.68     6.6465e+09
           35.7     6.5704e+09
          35.72     6.4929e+09
          35.74     6.4141e+09
          35.76     6.3336e+09
          35.78     6.2512e+09
           35.8     6.1667e+09
          35.82     6.0803e+09
          35.84     5.9923e+09
          35.86      5.903e+09
          35.88     5.8124e+09
           35.9     5.7218e+09
          35.92     5.6319e+09
          35.94     5.5438e+09
          35.96     5.4581e+09
          35.98     5.3777e+09
             36     5.3071e+09
          36.02     5.2506e+09
          36.04     5.2108e+09
          36.06     5.1899e+09
          36.08     5.1903e+09
           36.1     5.2124e+09
          36.12     5.2555e+09
          36.14     5.3187e+09
          36.16     5.4011e+09
          36.18     5.5023e+09
           36.2       5.62e+09
          36.22     5.7518e+09
          36.24     5.8944e+09
          36.26     6.0435e+09
          36.28     6.1947e+09
           36.3     6.3441e+09
          36.32      6.488e+09
          36.34      6.623e+09
          36.36     6.7457e+09
          36.38      6.853e+09
           36.4      6.943e+09
          36.42     7.0138e+09
          36.44     7.0641e+09
          36.46     7.0926e+09
          36.48     7.1004e+09
           36.5     7.0908e+09
          36.52      7.067e+09
          36.54     7.0314e+09
          36.56     6.9859e+09
          36.58     6.9335e+09
           36.6     6.8749e+09
          36.62     6.8111e+09
          36.64     6.7425e+09
          36.66     6.6705e+09
          36.68     6.5967e+09
           36.7     6.5214e+09
          36.72     6.4449e+09
          36.74      6.367e+09
          36.76     6.2874e+09
          36.78     6.2059e+09
           36.8     6.1223e+09
          36.82     6.0369e+09
          36.84     5.9498e+09
          36.86     5.8613e+09
          36.88     5.7717e+09
           36.9     5.6821e+09
          36.92     5.5931e+09
          36.94     5.5058e+09
          36.96     5.4209e+09
          36.98     5.3412e+09
             37     5.2713e+09
          37.02     5.2153e+09
          37.04     5.1759e+09
          37.06     5.1551e+09
          37.08     5.1555e+09
           37.1     5.1773e+09
          37.12     5.2199e+09
          37.14     5.2824e+09
          37.16      5.364e+09
          37.18     5.4642e+09
           37.2     5.5808e+09
          37.22     5.7114e+09
          37.24     5.8527e+09
          37.26     6.0004e+09
          37.28     6.1503e+09
           37.3     6.2984e+09
          37.32     6.4411e+09
          37.34      6.575e+09
          37.36     6.6967e+09
          37.38     6.8032e+09
           37.4     6.8926e+09
          37.42      6.963e+09
          37.44     7.0131e+09
          37.46     7.0416e+09
          37.48     7.0495e+09
           37.5     7.0403e+09
          37.52      7.017e+09
          37.54     6.9819e+09
          37.56     6.9371e+09
          37.58     6.8854e+09
           37.6     6.8276e+09
          37.62     6.7645e+09
          37.64     6.6967e+09
          37.66     6.6255e+09
          37.68     6.5526e+09
           37.7     6.4782e+09
          37.72     6.4024e+09
          37.74     6.3254e+09
          37.76     6.2467e+09
          37.78      6.166e+09
           37.8     6.0832e+09
          37.82     5.9986e+09
          37.84     5.9123e+09
          37.86     5.8247e+09
          37.88     5.7359e+09
           37.9      5.647e+09
          37.92     5.5587e+09
          37.94     5.4722e+09
          37.96      5.388e+09
          37.98     5.3091e+09
             38     5.2397e+09
          38.02     5.1842e+09
          38.04      5.145e+09
          38.06     5.1244e+09
          38.08     5.1248e+09
           38.1     5.1463e+09
          38.12     5.1885e+09
          38.14     5.2504e+09
          38.16     5.3313e+09
          38.18     5.4306e+09
           38.2     5.5462e+09
          38.22     5.6757e+09
          38.24     5.8158e+09
          38.26     5.9623e+09
          38.28      6.111e+09
           38.3     6.2579e+09
          38.32     6.3995e+09
          38.34     6.5323e+09
          38.36     6.6532e+09
          38.38     6.7589e+09
           38.4     6.8478e+09
          38.42     6.9178e+09
          38.44     6.9676e+09
          38.46     6.9961e+09
          38.48     7.0043e+09
           38.5     6.9953e+09
          38.52     6.9725e+09
          38.54      6.938e+09
          38.56     6.8938e+09
          38.58     6.8428e+09
           38.6     6.7857e+09
          38.62     6.7233e+09
          38.64     6.6563e+09
          38.66     6.5858e+09
          38.68     6.5137e+09
           38.7       6.44e+09
          38.72      6.365e+09
          38.74     6.2887e+09
          38.76     6.2107e+09
          38.78     6.1307e+09
           38.8     6.0487e+09
          38.82     5.9647e+09
          38.84     5.8791e+09
          38.86     5.7922e+09
          38.88     5.7041e+09
           38.9     5.6159e+09
          38.92     5.5283e+09
          38.94     5.4424e+09
          38.96     5.3589e+09
          38.98     5.2805e+09
             39     5.2117e+09
          39.02     5.1565e+09
          39.04     5.1176e+09
          39.06      5.097e+09
          39.08     5.0973e+09
           39.1     5.1185e+09
          39.12     5.1603e+09
          39.14     5.2216e+09
          39.16     5.3017e+09
          39.18     5.4001e+09
           39.2     5.5147e+09
          39.22     5.6431e+09
          39.24      5.782e+09
          39.26     5.9273e+09
          39.28     6.0749e+09
           39.3     6.2206e+09
          39.32     6.3612e+09
          39.34     6.4931e+09
          39.36     6.6131e+09
          39.38     6.7182e+09
           39.4     6.8064e+09
          39.42     6.8761e+09
          39.44     6.9258e+09
          39.46     6.9543e+09
          39.48     6.9626e+09
           39.5      6.954e+09
          39.52     6.9316e+09
          39.54     6.8976e+09
          39.56      6.854e+09
          39.58     6.8036e+09
           39.6     6.7471e+09
          39.62     6.6854e+09
          39.64     6.6191e+09
          39.66     6.5493e+09
          39.68     6.4779e+09
           39.7     6.4049e+09
          39.72     6.3306e+09
          39.74     6.2549e+09
          39.76     6.1776e+09
          39.78     6.0983e+09
           39.8      6.017e+09
          39.82     5.9338e+09
          39.84     5.8489e+09
          39.86     5.7627e+09
          39.88     5.6753e+09
           39.9     5.5877e+09
          39.92     5.5009e+09
          39.94     5.4156e+09
          39.96     5.3328e+09
          39.98      5.255e+09
             40     5.1867e+09
          40.02     5.1319e+09
          40.04     5.0933e+09
          40.06     5.0728e+09
          40.08     5.0731e+09
           40.1     5.0941e+09
          40.12     5.1356e+09
          40.14     5.1964e+09
          40.16     5.2759e+09
          40.18     5.3736e+09
           40.2     5.4873e+09
          40.22     5.6148e+09
          40.24     5.7528e+09
          40.26      5.897e+09
          40.28     6.0436e+09
           40.3     6.1884e+09
          40.32     6.3281e+09
          40.34     6.4592e+09
          40.36     6.5785e+09
          40.38      6.683e+09
           40.4     6.7708e+09
          40.42     6.8402e+09
          40.44     6.8898e+09
          40.46     6.9183e+09
          40.48     6.9268e+09
           40.5     6.9185e+09
          40.52     6.8965e+09
          40.54      6.863e+09
          40.56     6.8199e+09
          40.58     6.7701e+09
           40.6     6.7142e+09
          40.62     6.6532e+09
          40.64     6.5875e+09
          40.66     6.5184e+09
          40.68     6.4475e+09
           40.7     6.3752e+09
          40.72     6.3015e+09
          40.74     6.2265e+09
          40.76     6.1498e+09
          40.78     6.0711e+09
           40.8     5.9904e+09
          40.82     5.9078e+09
          40.84     5.8235e+09
          40.86     5.7379e+09
          40.88     5.6511e+09
           40.9     5.5641e+09
          40.92     5.4778e+09
          40.94     5.3931e+09
          40.96     5.3107e+09
          40.98     5.2334e+09
             41     5.1655e+09
          41.02      5.111e+09
          41.04     5.0726e+09
          41.06     5.0522e+09
          41.08     5.0524e+09
           41.1     5.0732e+09
          41.12     5.1143e+09
          41.14     5.1746e+09
          41.16     5.2535e+09
          41.18     5.3504e+09
           41.2     5.4634e+09
          41.22     5.5899e+09
          41.24      5.727e+09
          41.26     5.8703e+09
          41.28     6.0159e+09
           41.3     6.1598e+09
          41.32     6.2985e+09
          41.34     6.4288e+09
          41.36     6.5475e+09
          41.38     6.6514e+09
           41.4     6.7388e+09
          41.42     6.8079e+09
          41.44     6.8573e+09
          41.46     6.8858e+09
          41.48     6.8945e+09
           41.5     6.8865e+09
          41.52     6.8649e+09
          41.54     6.8318e+09
          41.56     6.7892e+09
          41.58     6.7399e+09
           41.6     6.6846e+09
          41.62     6.6241e+09
          41.64      6.559e+09
          41.66     6.4905e+09
          41.68     6.4202e+09
           41.7     6.3484e+09
          41.72     6.2753e+09
          41.74     6.2008e+09
          41.76     6.1247e+09
          41.78     6.0466e+09
           41.8     5.9664e+09
          41.82     5.8843e+09
          41.84     5.8006e+09
          41.86     5.7155e+09
          41.88     5.6291e+09
           41.9     5.5427e+09
          41.92     5.4568e+09
          41.94     5.3726e+09
          41.96     5.2908e+09
          41.98     5.2139e+09
             42     5.1463e+09
          42.02     5.0921e+09
          42.04     5.0538e+09
          42.06     5.0335e+09
          42.08     5.0335e+09
           42.1     5.0541e+09
          42.12     5.0948e+09
          42.14     5.1546e+09
          42.16     5.2329e+09
          42.18     5.3292e+09
           42.2     5.4413e+09
          42.22      5.567e+09
          42.24     5.7031e+09
          42.26     5.8455e+09
          42.28     5.9902e+09
           42.3     6.1332e+09
          42.32     6.2712e+09
          42.34     6.4008e+09
          42.36     6.5188e+09
          42.38     6.6222e+09
           42.4     6.7093e+09
          42.42     6.7781e+09
          42.44     6.8274e+09
          42.46      6.856e+09
          42.48     6.8649e+09
           42.5     6.8572e+09
          42.52     6.8359e+09
          42.54     6.8033e+09
          42.56     6.7612e+09
          42.58     6.7123e+09
           42.6     6.6575e+09
          42.62     6.5976e+09
          42.64     6.5331e+09
          42.66     6.4651e+09
          42.68     6.3954e+09
           42.7     6.3242e+09
          42.72     6.2516e+09
          42.74     6.1777e+09
          42.76     6.1022e+09
          42.78     6.0246e+09
           42.8      5.945e+09
          42.82     5.8634e+09
          42.84     5.7803e+09
          42.86     5.6957e+09
          42.88     5.6099e+09
           42.9      5.524e+09
          42.92     5.4387e+09
          42.94      5.355e+09
          42.96     5.2736e+09
          42.98     5.1971e+09
             43     5.1299e+09
          43.02      5.076e+09
          43.04     5.0379e+09
          43.06     5.0176e+09
          43.08     5.0176e+09
           43.1      5.038e+09
          43.12     5.0784e+09
          43.14     5.1378e+09
          43.16     5.2156e+09
          43.18     5.3112e+09
           43.2     5.4227e+09
          43.22     5.5476e+09
          43.24     5.6829e+09
          43.26     5.8245e+09
          43.28     5.9684e+09
           43.3     6.1106e+09
          43.32     6.2479e+09
          43.34     6.3768e+09
          43.36     6.4942e+09
          43.38     6.5972e+09
           43.4     6.6838e+09
          43.42     6.7523e+09
          43.44     6.8015e+09
          43.46     6.8301e+09
          43.48     6.8391e+09
           43.5     6.8315e+09
          43.52     6.8105e+09
          43.54     6.7782e+09
          43.56     6.7365e+09
          43.58      6.688e+09
           43.6     6.6336e+09
          43.62     6.5741e+09
          43.64       6.51e+09
          43.66     6.4425e+09
          43.68     6.3732e+09
           43.7     6.3024e+09
          43.72     6.2303e+09
          43.74     6.1568e+09
          43.76     6.0816e+09
          43.78     6.0045e+09
           43.8     5.9253e+09
          43.82     5.8441e+09
          43.84     5.7614e+09
          43.86     5.6772e+09
          43.88     5.5919e+09
           43.9     5.5063e+09
          43.92     5.4214e+09
          43.94     5.3381e+09
          43.96     5.2571e+09
          43.98      5.181e+09
             44     5.1141e+09
          44.02     5.0604e+09
          44.04     5.0224e+09
          44.06     5.0022e+09
          44.08     5.0021e+09
           44.1     5.0222e+09
          44.12     5.0623e+09
          44.14     5.1214e+09
          44.16     5.1987e+09
          44.18     5.2938e+09
           44.2     5.4046e+09
          44.22     5.5289e+09
          44.24     5.6634e+09
          44.26     5.8043e+09
          44.28     5.9474e+09
           44.3      6.089e+09
          44.32     6.2256e+09
          44.34     6.3539e+09
          44.36     6.4708e+09
          44.38     6.5733e+09
           44.4     6.6596e+09
          44.42      6.728e+09
          44.44     6.7771e+09
          44.46     6.8058e+09
          44.48     6.8149e+09
           44.5     6.8077e+09
          44.52      6.787e+09
          44.54     6.7551e+09
          44.56     6.7138e+09
          44.58     6.6657e+09
           44.6     6.6119e+09
          44.62     6.5528e+09
          44.64     6.4892e+09
          44.66     6.4222e+09
          44.68     6.3534e+09
           44.7     6.2832e+09
          44.72     6.2115e+09
          44.74     6.1385e+09
          44.76     6.0638e+09
          44.78     5.9871e+09
           44.8     5.9083e+09
          44.82     5.8276e+09
          44.84     5.7453e+09
          44.86     5.6616e+09
          44.88     5.5766e+09
           44.9     5.4915e+09
          44.92      5.407e+09
          44.94      5.324e+09
          44.96     5.2434e+09
          44.98     5.1676e+09
             45      5.101e+09
          45.02     5.0475e+09
          45.04     5.0096e+09
          45.06     4.9894e+09
          45.08     4.9892e+09
           45.1     5.0092e+09
          45.12     5.0489e+09
          45.14     5.1076e+09
          45.16     5.1844e+09
          45.18     5.2789e+09
           45.2      5.389e+09
          45.22     5.5126e+09
          45.24     5.6465e+09
          45.26     5.7866e+09
          45.28      5.929e+09
           45.3     6.0698e+09
          45.32     6.2058e+09
          45.34     6.3335e+09
          45.36     6.4499e+09
          45.38      6.552e+09
           45.4      6.638e+09
          45.42     6.7061e+09
          45.44     6.7552e+09
          45.46     6.7838e+09
          45.48     6.7931e+09
           45.5      6.786e+09
          45.52     6.7656e+09
          45.54     6.7339e+09
          45.56      6.693e+09
          45.58     6.6453e+09
           45.6     6.5918e+09
          45.62     6.5331e+09
          45.64     6.4699e+09
          45.66     6.4033e+09
          45.68     6.3349e+09
           45.7     6.2651e+09
          45.72     6.1938e+09
          45.74     6.1212e+09
          45.76     6.0469e+09
          45.78     5.9706e+09
           45.8     5.8922e+09
          45.82     5.8119e+09
          45.84       5.73e+09
          45.86     5.6466e+09
          45.88     5.5621e+09
           45.9     5.4773e+09
          45.92     5.3932e+09
          45.94     5.3106e+09
          45.96     5.2302e+09
          45.98     5.1548e+09
             46     5.0885e+09
          46.02     5.0351e+09
          46.04     4.9974e+09
          46.06     4.9772e+09
          46.08     4.9769e+09
           46.1     4.9967e+09
          46.12     5.0362e+09
          46.14     5.0945e+09
          46.16     5.1709e+09
          46.18     5.2649e+09
           46.2     5.3745e+09
          46.22     5.4975e+09
          46.24     5.6308e+09
          46.26     5.7702e+09
          46.28      5.912e+09
           46.3     6.0522e+09
          46.32     6.1876e+09
          46.34     6.3149e+09
          46.36     6.4309e+09
          46.38     6.5326e+09
           46.4     6.6183e+09
          46.42     6.6863e+09
          46.44     6.7353e+09
          46.46      6.764e+09
          46.48     6.7734e+09
           46.5     6.7665e+09
          46.52     6.7464e+09
          46.54      6.715e+09
          46.56     6.6744e+09
          46.58     6.6271e+09
           46.6      6.574e+09
          46.62     6.5157e+09
          46.64     6.4529e+09
          46.66     6.3867e+09
          46.68     6.3187e+09
           46.7     6.2492e+09
          46.72     6.1783e+09
          46.74     6.1061e+09
          46.76     6.0321e+09
          46.78     5.9562e+09
           46.8     5.8782e+09
          46.82     5.7982e+09
          46.84     5.7166e+09
          46.86     5.6336e+09
          46.88     5.5494e+09
           46.9     5.4649e+09
          46.92     5.3811e+09
          46.94     5.2988e+09
          46.96     5.2187e+09
          46.98     5.1435e+09
             47     5.0774e+09
          47.02     5.0243e+09
          47.04     4.9866e+09
          47.06     4.9664e+09
          47.08      4.966e+09
           47.1     4.9856e+09
          47.12     5.0249e+09
          47.14     5.0828e+09
          47.16     5.1588e+09
          47.18     5.2524e+09
           47.2     5.3615e+09
          47.22     5.4839e+09
          47.24     5.6165e+09
          47.26     5.7554e+09
          47.28     5.8965e+09
           47.3     6.0362e+09
          47.32      6.171e+09
          47.34     6.2978e+09
          47.36     6.4134e+09
          47.38     6.5148e+09
           47.4     6.6003e+09
          47.42     6.6681e+09
          47.44      6.717e+09
          47.46     6.7457e+09
          47.48     6.7552e+09
           47.5     6.7486e+09
          47.52     6.7287e+09
          47.54     6.6976e+09
          47.56     6.6573e+09
          47.58     6.6103e+09
           47.6     6.5576e+09
          47.62     6.4996e+09
          47.64     6.4372e+09
          47.66     6.3713e+09
          47.68     6.3037e+09
           47.7     6.2346e+09
          47.72      6.164e+09
          47.74     6.0921e+09
          47.76     6.0185e+09
          47.78     5.9429e+09
           47.8     5.8652e+09
          47.82     5.7856e+09
          47.84     5.7043e+09
          47.86     5.6216e+09
          47.88     5.5377e+09
           47.9     5.4536e+09
          47.92       5.37e+09
          47.94      5.288e+09
          47.96     5.2083e+09
          47.98     5.1334e+09
             48     5.0675e+09
          48.02     5.0145e+09
          48.04     4.9769e+09
          48.06     4.9567e+09
          48.08     4.9562e+09
           48.1     4.9757e+09
          48.12     5.0147e+09
          48.14     5.0724e+09
          48.16      5.148e+09
          48.18     5.2411e+09
           48.2     5.3498e+09
          48.22     5.4716e+09
          48.24     5.6037e+09
          48.26      5.742e+09
          48.28     5.8827e+09
           48.3     6.0218e+09
          48.32     6.1562e+09
          48.34     6.2826e+09
          48.36     6.3978e+09
          48.38     6.4989e+09
           48.4     6.5842e+09
          48.42     6.6519e+09
          48.44     6.7007e+09
          48.46     6.7295e+09
          48.48     6.7391e+09
           48.5     6.7326e+09
          48.52      6.713e+09
          48.54     6.6822e+09
          48.56     6.6422e+09
          48.58     6.5955e+09
           48.6     6.5431e+09
          48.62     6.4855e+09
          48.64     6.4234e+09
          48.66     6.3579e+09
          48.68     6.2906e+09
           48.7     6.2218e+09
          48.72     6.1515e+09
          48.74     6.0799e+09
          48.76     6.0067e+09
          48.78     5.9314e+09
           48.8      5.854e+09
          48.82     5.7747e+09
          48.84     5.6937e+09
          48.86     5.6113e+09
          48.88     5.5276e+09
           48.9     5.4438e+09
          48.92     5.3605e+09
          48.94     5.2787e+09
          48.96     5.1992e+09
          48.98     5.1245e+09
             49     5.0588e+09
          49.02     5.0059e+09
          49.04     4.9684e+09
          49.06     4.9482e+09
          49.08     4.9477e+09
           49.1      4.967e+09
          49.12     5.0058e+09
          49.14     5.0632e+09
          49.16     5.1384e+09
          49.18     5.2312e+09
           49.2     5.3393e+09
          49.22     5.4607e+09
          49.24     5.5923e+09
          49.26     5.7301e+09
          49.28     5.8702e+09
           49.3     6.0089e+09
          49.32     6.1428e+09
          49.34     6.2687e+09
          49.36     6.3836e+09
          49.38     6.4844e+09
           49.4     6.5695e+09
          49.42      6.637e+09
          49.44     6.6858e+09
          49.46     6.7146e+09
          49.48     6.7243e+09
           49.5      6.718e+09
          49.52     6.6985e+09
          49.54      6.668e+09
          49.56     6.6282e+09
          49.58     6.5819e+09
           49.6     6.5297e+09
          49.62     6.4724e+09
          49.64     6.4106e+09
          49.66     6.3454e+09
          49.68     6.2784e+09
           49.7     6.2098e+09
          49.72     6.1399e+09
          49.74     6.0685e+09
          49.76     5.9955e+09
          49.78     5.9205e+09
           49.8     5.8434e+09
          49.82     5.7643e+09
          49.84     5.6836e+09
          49.86     5.6014e+09
          49.88      5.518e+09
           49.9     5.4344e+09
          49.92     5.3514e+09
          49.94     5.2698e+09
          49.96     5.1906e+09
          49.98     5.1161e+09
             50     5.0505e+09
          50.02     4.9978e+09
          50.04     4.9603e+09
          50.06     4.9401e+09
          50.08     4.9395e+09
           50.1     4.9586e+09
          50.12     4.9972e+09
          50.14     5.0543e+09
          50.16     5.1292e+09
          50.18     5.2216e+09
           50.2     5.3293e+09
          50.22     5.4502e+09
          50.24     5.5813e+09
          50.26     5.7187e+09
          50.28     5.8583e+09
           50.3     5.9965e+09
          50.32       6.13e+09
          50.34     6.2556e+09
          50.36     6.3701e+09
          50.38     6.4707e+09
           50.4     6.5555e+09
          50.42      6.623e+09
          50.44     6.6717e+09
          50.46     6.7006e+09
          50.48     6.7104e+09
           50.5     6.7043e+09
          50.52      6.685e+09
          50.54     6.6547e+09
          50.56     6.6152e+09
          50.58     6.5691e+09
           50.6     6.5172e+09
          50.62     6.4602e+09
          50.64     6.3987e+09
          50.66     6.3337e+09
          50.68     6.2671e+09
           50.7     6.1988e+09
          50.72     6.1291e+09
          50.74     6.0581e+09
          50.76     5.9853e+09
          50.78     5.9106e+09
           50.8     5.8337e+09
          50.82     5.7549e+09
          50.84     5.6744e+09
          50.86     5.5925e+09
          50.88     5.5094e+09
           50.9      5.426e+09
          50.92     5.3432e+09
          50.94     5.2619e+09
          50.96     5.1828e+09
          50.98     5.1085e+09
             51     5.0431e+09
          51.02     4.9904e+09
          51.04      4.953e+09
          51.06     4.9328e+09
          51.08     4.9321e+09
           51.1     4.9511e+09
          51.12     4.9895e+09
          51.14     5.0463e+09
          51.16     5.1209e+09
          51.18     5.2129e+09
           51.2     5.3203e+09
          51.22     5.4408e+09
          51.24     5.5714e+09
          51.26     5.7083e+09
          51.28     5.8475e+09
           51.3     5.9853e+09
          51.32     6.1184e+09
          51.34     6.2436e+09
          51.36     6.3578e+09
          51.38     6.4581e+09
           51.4     6.5428e+09
          51.42     6.6101e+09
          51.44     6.6588e+09
          51.46     6.6877e+09
          51.48     6.6976e+09
           51.5     6.6916e+09
          51.52     6.6725e+09
          51.54     6.6424e+09
          51.56     6.6031e+09
          51.58     6.5573e+09
           51.6     6.5056e+09
          51.62     6.4489e+09
          51.64     6.3876e+09
          51.66     6.3229e+09
          51.68     6.2565e+09
           51.7     6.1885e+09
          51.72      6.119e+09
          51.74     6.0482e+09
          51.76     5.9757e+09
          51.78     5.9012e+09
           51.8     5.8245e+09
          51.82     5.7459e+09
          51.84     5.6657e+09
          51.86      5.584e+09
          51.88      5.501e+09
           51.9     5.4179e+09
          51.92     5.3352e+09
          51.94     5.2541e+09
          51.96     5.1753e+09
          51.98     5.1011e+09
             52     5.0359e+09
          52.02     4.9833e+09
          52.04     4.9459e+09
          52.06     4.9257e+09
          52.08     4.9249e+09
           52.1     4.9438e+09
          52.12      4.982e+09
          52.14     5.0386e+09
          52.16      5.113e+09
          52.18     5.2046e+09
           52.2     5.3116e+09
          52.22     5.4317e+09
          52.24      5.562e+09
          52.26     5.6984e+09
          52.28     5.8373e+09
           52.3     5.9747e+09
          52.32     6.1074e+09
          52.34     6.2323e+09
          52.36     6.3463e+09
          52.38     6.4464e+09
           52.4     6.5309e+09
          52.42     6.5982e+09
          52.44     6.6468e+09
          52.46     6.6758e+09
          52.48     6.6858e+09
           52.5     6.6799e+09
          52.52      6.661e+09
          52.54     6.6311e+09
          52.56     6.5921e+09
          52.58     6.5465e+09
           52.6      6.495e+09
          52.62     6.4386e+09
          52.64     6.3775e+09
          52.66     6.3131e+09
          52.68     6.2469e+09
           52.7     6.1791e+09
          52.72     6.1099e+09
          52.74     6.0393e+09
          52.76      5.967e+09
          52.78     5.8927e+09
           52.8     5.8163e+09
          52.82     5.7379e+09
          52.84     5.6578e+09
          52.86     5.5764e+09
          52.88     5.4936e+09
           52.9     5.4107e+09
          52.92     5.3282e+09
          52.94     5.2473e+09
          52.96     5.1686e+09
          52.98     5.0946e+09
             53     5.0294e+09
          53.02      4.977e+09
          53.04     4.9396e+09
          53.06     4.9194e+09
          53.08     4.9185e+09
           53.1     4.9373e+09
          53.12     4.9753e+09
          53.14     5.0317e+09
          53.16     5.1057e+09
          53.18     5.1971e+09
           53.2     5.3037e+09
          53.22     5.4235e+09
          53.24     5.5533e+09
          53.26     5.6894e+09
          53.28     5.8278e+09
           53.3     5.9649e+09
          53.32     6.0973e+09
          53.34     6.2219e+09
          53.36     6.3356e+09
          53.38     6.4355e+09
           53.4     6.5199e+09
          53.42     6.5871e+09
          53.44     6.6357e+09
          53.46     6.6647e+09
          53.48     6.6748e+09
           53.5      6.669e+09
          53.52     6.6503e+09
          53.54     6.6206e+09
          53.56     6.5817e+09
          53.58     6.5363e+09
           53.6     6.4851e+09
          53.62     6.4289e+09
          53.64     6.3681e+09
          53.66     6.3039e+09
          53.68     6.2379e+09
           53.7     6.1703e+09
          53.72     6.1013e+09
          53.74     6.0309e+09
          53.76     5.9589e+09
          53.78     5.8847e+09
           53.8     5.8085e+09
          53.82     5.7303e+09
          53.84     5.6504e+09
          53.86     5.5692e+09
          53.88     5.4866e+09
           53.9     5.4038e+09
          53.92     5.3215e+09
          53.94     5.2408e+09
          53.96     5.1622e+09
          53.98     5.0884e+09
             54     5.0233e+09
          54.02     4.9709e+09
          54.04     4.9336e+09
          54.06     4.9134e+09
          54.08     4.9125e+09
           54.1     4.9311e+09
          54.12      4.969e+09
          54.14     5.0251e+09
          54.16     5.0989e+09
          54.18       5.19e+09
           54.2     5.2963e+09
          54.22     5.4157e+09
          54.24     5.5453e+09
          54.26      5.681e+09
          54.28     5.8191e+09
           54.3     5.9558e+09
          54.32     6.0879e+09
          54.34     6.2123e+09
          54.36     6.3258e+09
          54.38     6.4255e+09
           54.4     6.5098e+09
          54.42     6.5768e+09
          54.44     6.6254e+09
          54.46     6.6544e+09
          54.48     6.6646e+09
           54.5      6.659e+09
          54.52     6.6404e+09
          54.54     6.6109e+09
          54.56     6.5723e+09
          54.58      6.527e+09
           54.6     6.4761e+09
          54.62       6.42e+09
          54.64     6.3594e+09
          54.66     6.2954e+09
          54.68     6.2297e+09
           54.7     6.1623e+09
          54.72     6.0935e+09
          54.74     6.0233e+09
          54.76     5.9514e+09
          54.78     5.8775e+09
           54.8     5.8014e+09
          54.82     5.7234e+09
          54.84     5.6437e+09
          54.86     5.5626e+09
          54.88     5.4802e+09
           54.9     5.3976e+09
          54.92     5.3154e+09
          54.94     5.2348e+09
          54.96     5.1564e+09
          54.98     5.0827e+09
             55     5.0178e+09
          55.02     4.9654e+09
          55.04     4.9282e+09
          55.06     4.9079e+09
          55.08     4.9069e+09
           55.1     4.9255e+09
          55.12     4.9632e+09
          55.14     5.0191e+09
          55.16     5.0927e+09
          55.18     5.1835e+09
           55.2     5.2896e+09
          55.22     5.4087e+09
          55.24     5.5379e+09
          55.26     5.6733e+09
          55.28      5.811e+09
           55.3     5.9475e+09
          55.32     6.0793e+09
          55.34     6.2034e+09
          55.36     6.3167e+09
          55.38     6.4163e+09
           55.4     6.5004e+09
          55.42     6.5674e+09
          55.44      6.616e+09
          55.46      6.645e+09
          55.48     6.6553e+09
           55.5     6.6498e+09
          55.52     6.6314e+09
          55.54     6.6021e+09
          55.56     6.5636e+09
          55.58     6.5186e+09
           55.6     6.4678e+09
          55.62     6.4119e+09
          55.64     6.3515e+09
          55.66     6.2877e+09
          55.68     6.2222e+09
           55.7      6.155e+09
          55.72     6.0864e+09
          55.74     6.0164e+09
          55.76     5.9447e+09
          55.78     5.8709e+09
           55.8      5.795e+09
          55.82     5.7172e+09
          55.84     5.6376e+09
          55.86     5.5567e+09
          55.88     5.4744e+09
           55.9      5.392e+09
          55.92       5.31e+09
          55.94     5.2295e+09
          55.96     5.1513e+09
          55.98     5.0777e+09
             56     5.0128e+09
          56.02     4.9606e+09
          56.04     4.9233e+09
          56.06      4.903e+09
          56.08      4.902e+09
           56.1     4.9205e+09
          56.12      4.958e+09
          56.14     5.0138e+09
          56.16     5.0872e+09
          56.18     5.1778e+09
           56.2     5.2835e+09
          56.22     5.4023e+09
          56.24     5.5313e+09
          56.26     5.6663e+09
          56.28     5.8038e+09
           56.3       5.94e+09
          56.32     6.0716e+09
          56.34     6.1954e+09
          56.36     6.3085e+09
          56.38      6.408e+09
           56.4      6.492e+09
          56.42     6.5589e+09
          56.44     6.6075e+09
          56.46     6.6366e+09
          56.48      6.647e+09
           56.5     6.6416e+09
          56.52     6.6233e+09
          56.54     6.5941e+09
          56.56     6.5558e+09
          56.58      6.511e+09
           56.6     6.4604e+09
          56.62     6.4047e+09
          56.64     6.3445e+09
          56.66     6.2809e+09
          56.68     6.2155e+09
           56.7     6.1485e+09
          56.72     6.0801e+09
          56.74     6.0102e+09
          56.76     5.9386e+09
          56.78      5.865e+09
           56.8     5.7893e+09
          56.82     5.7116e+09
          56.84     5.6322e+09
          56.86     5.5514e+09
          56.88     5.4693e+09
           56.9      5.387e+09
          56.92     5.3051e+09
          56.94     5.2248e+09
          56.96     5.1466e+09
          56.98     5.0731e+09
             57     5.0084e+09
          57.02     4.9562e+09
          57.04      4.919e+09
          57.06     4.8986e+09
          57.08     4.8976e+09
           57.1     4.9159e+09
          57.12     4.9533e+09
          57.14      5.009e+09
          57.16     5.0821e+09
          57.18     5.1724e+09
           57.2      5.278e+09
          57.22     5.3965e+09
          57.24     5.5251e+09
          57.26     5.6599e+09
          57.28     5.7971e+09
           57.3      5.933e+09
          57.32     6.0644e+09
          57.34     6.1881e+09
          57.36      6.301e+09
          57.38     6.4002e+09
           57.4     6.4842e+09
          57.42     6.5511e+09
          57.44     6.5996e+09
          57.46     6.6287e+09
          57.48     6.6392e+09
           57.5     6.6339e+09
          57.52     6.6158e+09
          57.54     6.5867e+09
          57.56     6.5486e+09
          57.58     6.5039e+09
           57.6     6.4535e+09
          57.62      6.398e+09
          57.64      6.338e+09
          57.66     6.2745e+09
          57.68     6.2093e+09
           57.7     6.1425e+09
          57.72     6.0742e+09
          57.74     6.0045e+09
          57.76     5.9331e+09
          57.78     5.8596e+09
           57.8     5.7841e+09
          57.82     5.7065e+09
          57.84     5.6273e+09
          57.86     5.5466e+09
          57.88     5.4647e+09
           57.9     5.3824e+09
          57.92     5.3007e+09
          57.94     5.2205e+09
          57.96     5.1425e+09
          57.98     5.0691e+09
             58     5.0045e+09
          58.02     4.9523e+09
          58.04     4.9151e+09
          58.06     4.8948e+09
          58.08     4.8937e+09
           58.1     4.9119e+09
          58.12     4.9493e+09
          58.14     5.0047e+09
          58.16     5.0777e+09
          58.18     5.1678e+09
           58.2     5.2731e+09
          58.22     5.3914e+09
          58.24     5.5198e+09
          58.26     5.6544e+09
          58.28     5.7914e+09
           58.3      5.927e+09
          58.32     6.0582e+09
          58.34     6.1816e+09
          58.36     6.2944e+09
          58.38     6.3936e+09
           58.4     6.4774e+09
          58.42     6.5443e+09
          58.44     6.5929e+09
          58.46      6.622e+09
          58.48     6.6325e+09
           58.5     6.6274e+09
          58.52     6.6093e+09
          58.54     6.5804e+09
          58.56     6.5425e+09
          58.58     6.4979e+09
           58.6     6.4477e+09
          58.62     6.3923e+09
          58.64     6.3324e+09
          58.66     6.2692e+09
          58.68     6.2041e+09
           58.7     6.1374e+09
          58.72     6.0693e+09
          58.74     5.9997e+09
          58.76     5.9285e+09
          58.78     5.8552e+09
           58.8     5.7797e+09
          58.82     5.7023e+09
          58.84     5.6231e+09
          58.86     5.5426e+09
          58.88     5.4607e+09
           58.9     5.3786e+09
          58.92      5.297e+09
          58.94     5.2169e+09
          58.96      5.139e+09
          58.98     5.0657e+09
             59     5.0011e+09
          59.02      4.949e+09
          59.04     4.9118e+09
          59.06     4.8914e+09
          59.08     4.8903e+09
           59.1     4.9084e+09
          59.12     4.9456e+09
          59.14     5.0009e+09
          59.16     5.0737e+09
          59.18     5.1636e+09
           59.2     5.2687e+09
          59.22     5.3868e+09
          59.24     5.5149e+09
          59.26     5.6492e+09
          59.28     5.7859e+09
           59.3     5.9213e+09
          59.32     6.0523e+09
          59.34     6.1756e+09
          59.36     6.2882e+09
          59.38     6.3872e+09
           59.4      6.471e+09
          59.42     6.5378e+09
          59.44     6.5863e+09
          59.46     6.6155e+09
          59.48     6.6261e+09
           59.5      6.621e+09
          59.52     6.6031e+09
          59.54     6.5743e+09
          59.56     6.5365e+09
          59.58     6.4921e+09
           59.6     6.4419e+09
          59.62     6.3867e+09
          59.64      6.327e+09
          59.66     6.2639e+09
          59.68     6.1989e+09
           59.7     6.1324e+09
          59.72     6.0644e+09
          59.74      5.995e+09
          59.76     5.9238e+09
          59.78     5.8506e+09
           59.8     5.7753e+09
          59.82      5.698e+09
          59.84      5.619e+09
          59.86     5.5385e+09
          59.88     5.4568e+09
           59.9     5.3748e+09
          59.92     5.2933e+09
          59.94     5.2133e+09
          59.96     5.1355e+09
          59.98     5.0622e+09
             60     4.9977e+09
          60.02     4.9457e+09
          60.04     4.9085e+09
          60.06     4.8882e+09
          60.08     4.8869e+09
           60.1      4.905e+09
          60.12     4.9421e+09
          60.14     4.9973e+09
          60.16     5.0699e+09
          60.18     5.1597e+09
           60.2     5.2645e+09
          60.22     5.3824e+09
          60.24     5.5103e+09
          60.26     5.6444e+09
          60.28     5.7809e+09
           60.3     5.9162e+09
          60.32      6.047e+09
          60.34     6.1701e+09
          60.36     6.2826e+09
          60.38     6.3815e+09
           60.4     6.4652e+09
          60.42      6.532e+09
          60.44     6.5805e+09
          60.46     6.6097e+09
          60.48     6.6204e+09
           60.5     6.6155e+09
          60.52     6.5977e+09
          60.54      6.569e+09
          60.56     6.5313e+09
          60.58      6.487e+09
           60.6      6.437e+09
          60.62      6.382e+09
          60.64     6.3224e+09
          60.66     6.2594e+09
          60.68     6.1946e+09
           60.7     6.1282e+09
          60.72     6.0603e+09
          60.74      5.991e+09
          60.76       5.92e+09
          60.78     5.8469e+09
           60.8     5.7717e+09
          60.82     5.6945e+09
          60.84     5.6156e+09
          60.86     5.5352e+09
          60.88     5.4536e+09
           60.9     5.3717e+09
          60.92     5.2903e+09
          60.94     5.2103e+09
          60.96     5.1326e+09
          60.98     5.0594e+09
             61      4.995e+09
          61.02      4.943e+09
          61.04     4.9058e+09
          61.06     4.8854e+09
          61.08     4.8841e+09
           61.1     4.9021e+09
          61.12     4.9391e+09
          61.14     4.9941e+09
          61.16     5.0666e+09
          61.18     5.1562e+09
           61.2     5.2609e+09
          61.22     5.3785e+09
          61.24     5.5062e+09
          61.26     5.6401e+09
          61.28     5.7764e+09
           61.3     5.9115e+09
          61.32     6.0421e+09
          61.34      6.165e+09
          61.36     6.2774e+09
          61.38     6.3762e+09
           61.4     6.4598e+09
          61.42     6.5266e+09
          61.44     6.5751e+09
          61.46     6.6044e+09
          61.48     6.6151e+09
           61.5     6.6102e+09
          61.52     6.5925e+09
          61.54      6.564e+09
          61.56     6.5264e+09
          61.58     6.4822e+09
           61.6     6.4324e+09
          61.62     6.3775e+09
          61.64      6.318e+09
          61.66     6.2551e+09
          61.68     6.1904e+09
           61.7     6.1242e+09
          61.72     6.0564e+09
          61.74     5.9872e+09
          61.76     5.9163e+09
          61.78     5.8433e+09
           61.8     5.7682e+09
          61.82     5.6911e+09
          61.84     5.6123e+09
          61.86      5.532e+09
          61.88     5.4505e+09
           61.9     5.3687e+09
          61.92     5.2873e+09
          61.94     5.2075e+09
          61.96     5.1298e+09
          61.98     5.0567e+09
             62     4.9923e+09
          62.02     4.9403e+09
          62.04     4.9032e+09
          62.06     4.8828e+09
          62.08     4.8815e+09
           62.1     4.8994e+09
          62.12     4.9363e+09
          62.14     4.9912e+09
          62.16     5.0635e+09
          62.18     5.1529e+09
           62.2     5.2574e+09
          62.22     5.3749e+09
          62.24     5.5024e+09
          62.26     5.6361e+09
          62.28     5.7722e+09
           62.3     5.9071e+09
          62.32     6.0375e+09
          62.34     6.1604e+09
          62.36     6.2726e+09
          62.38     6.3713e+09
           62.4     6.4549e+09
          62.42     6.5216e+09
          62.44     6.5702e+09
          62.46     6.5994e+09
          62.48     6.6102e+09
           62.5     6.6054e+09
          62.52     6.5878e+09
          62.54     6.5594e+09
          62.56     6.5219e+09
          62.58     6.4779e+09
           62.6     6.4281e+09
          62.62     6.3733e+09
          62.64      6.314e+09
          62.66     6.2512e+09
          62.68     6.1867e+09
           62.7     6.1205e+09
          62.72     6.0528e+09
          62.74     5.9837e+09
          62.76     5.9129e+09
          62.78       5.84e+09
           62.8      5.765e+09
          62.82      5.688e+09
          62.84     5.6093e+09
          62.86     5.5291e+09
          62.88     5.4477e+09
           62.9     5.3659e+09
          62.92     5.2847e+09
          62.94     5.2049e+09
          62.96     5.1273e+09
          62.98     5.0543e+09
             63     4.9899e+09
          63.02      4.938e+09
          63.04     4.9008e+09
          63.06     4.8804e+09
          63.08      4.879e+09
           63.1     4.8969e+09
          63.12     4.9337e+09
          63.14     4.9885e+09
          63.16     5.0607e+09
          63.18     5.1499e+09
           63.2     5.2543e+09
          63.22     5.3716e+09
          63.24     5.4989e+09
          63.26     5.6324e+09
          63.28     5.7684e+09
           63.3     5.9031e+09
          63.32     6.0334e+09
          63.34     6.1561e+09
          63.36     6.2682e+09
          63.38     6.3668e+09
           63.4     6.4504e+09
          63.42      6.517e+09
          63.44     6.5656e+09
          63.46     6.5949e+09
          63.48     6.6057e+09
           63.5      6.601e+09
          63.52     6.5835e+09
          63.54     6.5552e+09
          63.56     6.5178e+09
          63.58     6.4739e+09
           63.6     6.4242e+09
          63.62     6.3695e+09
          63.64     6.3103e+09
          63.66     6.2476e+09
          63.68     6.1832e+09
           63.7     6.1171e+09
          63.72     6.0496e+09
          63.74     5.9806e+09
          63.76     5.9098e+09
          63.78      5.837e+09
           63.8     5.7621e+09
          63.82     5.6852e+09
          63.84     5.6065e+09
          63.86     5.5264e+09
          63.88     5.4451e+09
           63.9     5.3634e+09
          63.92     5.2822e+09
          63.94     5.2025e+09
          63.96     5.1249e+09
          63.98      5.052e+09
             64     4.9877e+09
          64.02     4.9357e+09
          64.04     4.8986e+09
          64.06     4.8781e+09
          64.08     4.8767e+09
           64.1     4.8945e+09
          64.12     4.9312e+09
          64.14     4.9859e+09
          64.16      5.058e+09
          64.18     5.1471e+09
           64.2     5.2513e+09
          64.22     5.3684e+09
          64.24     5.4956e+09
          64.26     5.6289e+09
          64.28     5.7647e+09
           64.3     5.8993e+09
          64.32     6.0294e+09
          64.34      6.152e+09
          64.36      6.264e+09
          64.38     6.3626e+09
           64.4     6.4461e+09
          64.42     6.5127e+09
          64.44     6.5613e+09
          64.46     6.5906e+09
          64.48     6.6015e+09
           64.5     6.5969e+09
          64.52     6.5794e+09
          64.54     6.5512e+09
          64.56     6.5139e+09
          64.58     6.4701e+09
           64.6     6.4206e+09
          64.62      6.366e+09
          64.64     6.3069e+09
          64.66     6.2443e+09
          64.68     6.1799e+09
           64.7      6.114e+09
          64.72     6.0465e+09
          64.74     5.9776e+09
          64.76      5.907e+09
          64.78     5.8342e+09
           64.8     5.7594e+09
          64.82     5.6825e+09
          64.84      5.604e+09
          64.86      5.524e+09
          64.88     5.4426e+09
           64.9     5.3611e+09
          64.92     5.2799e+09
          64.94     5.2003e+09
          64.96     5.1228e+09
          64.98     5.0499e+09
             65     4.9856e+09
          65.02     4.9337e+09
          65.04     4.8966e+09
          65.06     4.8761e+09
          65.08     4.8746e+09
           65.1     4.8924e+09
          65.12      4.929e+09
          65.14     4.9836e+09
          65.16     5.0556e+09
          65.18     5.1445e+09
           65.2     5.2486e+09
          65.22     5.3655e+09
          65.24     5.4926e+09
          65.26     5.6258e+09
          65.28     5.7614e+09
           65.3     5.8958e+09
          65.32     6.0258e+09
          65.34     6.1483e+09
          65.36     6.2602e+09
          65.38     6.3588e+09
           65.4     6.4422e+09
          65.42     6.5088e+09
          65.44     6.5574e+09
          65.46     6.5867e+09
          65.48     6.5977e+09
           65.5     6.5931e+09
          65.52     6.5758e+09
          65.54     6.5476e+09
          65.56     6.5104e+09
          65.58     6.4667e+09
           65.6     6.4173e+09
          65.62     6.3628e+09
          65.64     6.3037e+09
          65.66     6.2413e+09
          65.68      6.177e+09
           65.7     6.1111e+09
          65.72     6.0437e+09
          65.74     5.9749e+09
          65.76     5.9043e+09
          65.78     5.8317e+09
           65.8     5.7569e+09
          65.82     5.6802e+09
          65.84     5.6017e+09
          65.86     5.5217e+09
          65.88     5.4405e+09
           65.9     5.3589e+09
          65.92     5.2779e+09
          65.94     5.1983e+09
          65.96     5.1208e+09
          65.98      5.048e+09
             66     4.9837e+09
          66.02     4.9318e+09
          66.04     4.8947e+09
          66.06     4.8742e+09
          66.08     4.8727e+09
           66.1     4.8904e+09
          66.12     4.9269e+09
          66.14     4.9814e+09
          66.16     5.0533e+09
          66.18     5.1422e+09
           66.2     5.2461e+09
          66.22     5.3629e+09
          66.24     5.4898e+09
          66.26     5.6228e+09
          66.28     5.7583e+09
           66.3     5.8926e+09
          66.32     6.0225e+09
          66.34     6.1449e+09
          66.36     6.2568e+09
          66.38     6.3552e+09
           66.4     6.4386e+09
          66.42     6.5052e+09
          66.44     6.5538e+09
          66.46     6.5832e+09
          66.48     6.5942e+09
           66.5     6.5897e+09
          66.52     6.5724e+09
          66.54     6.5443e+09
          66.56     6.5073e+09
          66.58     6.4636e+09
           66.6     6.4143e+09
          66.62     6.3599e+09
          66.64      6.301e+09
          66.66     6.2386e+09
          66.68     6.1744e+09
           66.7     6.1086e+09
          66.72     6.0413e+09
          66.74     5.9726e+09
          66.76     5.9021e+09
          66.78     5.8295e+09
           66.8     5.7548e+09
          66.82     5.6781e+09
          66.84     5.5997e+09
          66.86     5.5198e+09
          66.88     5.4386e+09
           66.9     5.3571e+09
          66.92     5.2761e+09
          66.94     5.1966e+09
          66.96     5.1192e+09
          66.98     5.0464e+09
             67     4.9822e+09
          67.02     4.9303e+09
          67.04     4.8931e+09
          67.06     4.8727e+09
          67.08     4.8711e+09
           67.1     4.8888e+09
          67.12     4.9252e+09
          67.14     4.9796e+09
          67.16     5.0514e+09
          67.18     5.1401e+09
           67.2     5.2439e+09
          67.22     5.3606e+09
          67.24     5.4874e+09
          67.26     5.6203e+09
          67.28     5.7557e+09
           67.3     5.8898e+09
          67.32     6.0196e+09
          67.34     6.1419e+09
          67.36     6.2537e+09
          67.38     6.3521e+09
           67.4     6.4355e+09
          67.42      6.502e+09
          67.44     6.5506e+09
          67.46       6.58e+09
          67.48     6.5911e+09
           67.5     6.5866e+09
          67.52     6.5694e+09
          67.54     6.5414e+09
          67.56     6.5044e+09
          67.58     6.4609e+09
           67.6     6.4116e+09
          67.62     6.3573e+09
          67.64     6.2984e+09
          67.66     6.2362e+09
          67.68      6.172e+09
           67.7     6.1063e+09
          67.72     6.0391e+09
          67.74     5.9704e+09
          67.76        5.9e+09
          67.78     5.8275e+09
           67.8     5.7528e+09
          67.82     5.6762e+09
          67.84     5.5978e+09
          67.86      5.518e+09
          67.88     5.4368e+09
           67.9     5.3554e+09
          67.92     5.2744e+09
          67.94     5.1949e+09
          67.96     5.1176e+09
          67.98     5.0448e+09
             68     4.9807e+09
          68.02     4.9288e+09
          68.04     4.8916e+09
          68.06     4.8711e+09
          68.08     4.8696e+09
           68.1     4.8872e+09
          68.12     4.9235e+09
          68.14     4.9779e+09
          68.16     5.0495e+09
          68.18     5.1382e+09
           68.2     5.2418e+09
          68.22     5.3584e+09
          68.24      5.485e+09
          68.26     5.6178e+09
          68.28     5.7531e+09
           68.3     5.8872e+09
          68.32     6.0169e+09
          68.34     6.1391e+09
          68.36     6.2508e+09
          68.38     6.3491e+09
           68.4     6.4325e+09
          68.42      6.499e+09
          68.44     6.5476e+09
          68.46     6.5771e+09
          68.48     6.5882e+09
           68.5     6.5838e+09
          68.52     6.5666e+09
          68.54     6.5387e+09
          68.56     6.5018e+09
          68.58     6.4583e+09
           68.6     6.4092e+09
          68.62     6.3549e+09
          68.64     6.2961e+09
          68.66     6.2339e+09
          68.68     6.1699e+09
           68.7     6.1042e+09
          68.72     6.0371e+09
          68.74     5.9685e+09
          68.76     5.8981e+09
          68.78     5.8257e+09
           68.8     5.7511e+09
          68.82     5.6745e+09
          68.84     5.5962e+09
          68.86     5.5164e+09
          68.88     5.4353e+09
           68.9      5.354e+09
          68.92      5.273e+09
          68.94     5.1936e+09
          68.96     5.1163e+09
          68.98     5.0436e+09
             69     4.9794e+09
          69.02     4.9276e+09
          69.04     4.8904e+09
          69.06     4.8699e+09
          69.08     4.8683e+09
           69.1     4.8859e+09
          69.12     4.9222e+09
          69.14     4.9764e+09
          69.16      5.048e+09
          69.18     5.1365e+09
           69.2     5.2401e+09
          69.22     5.3566e+09
          69.24     5.4831e+09
          69.26     5.6158e+09
          69.28     5.7509e+09
           69.3     5.8849e+09
          69.32     6.0145e+09
          69.34     6.1366e+09
          69.36     6.2483e+09
          69.38     6.3466e+09
           69.4     6.4299e+09
          69.42     6.4964e+09
          69.44      6.545e+09
          69.46     6.5745e+09
          69.48     6.5856e+09
           69.5     6.5813e+09
          69.52     6.5642e+09
          69.54     6.5364e+09
          69.56     6.4995e+09
          69.58     6.4561e+09
           69.6      6.407e+09
          69.62     6.3528e+09
          69.64     6.2941e+09
          69.66      6.232e+09
          69.68      6.168e+09
           69.7     6.1024e+09
          69.72     6.0353e+09
          69.74     5.9668e+09
          69.76     5.8965e+09
          69.78     5.8241e+09
           69.8     5.7495e+09
          69.82      5.673e+09
          69.84     5.5947e+09
          69.86      5.515e+09
          69.88      5.434e+09
           69.9     5.3526e+09
          69.92     5.2718e+09
          69.94     5.1923e+09
          69.96     5.1151e+09
          69.98     5.0424e+09
             70     4.9783e+09
          70.02     4.9264e+09
          70.04     4.8893e+09
          70.06     4.8687e+09
          70.08     4.8671e+09
           70.1     4.8846e+09
          70.12     4.9208e+09
          70.14      4.975e+09
          70.16     5.0465e+09
          70.18     5.1349e+09
           70.2     5.2384e+09
          70.22     5.3548e+09
          70.24     5.4812e+09
          70.26     5.6137e+09
          70.28     5.7488e+09
           70.3     5.8827e+09
          70.32     6.0122e+09
          70.34     6.1342e+09
          70.36     6.2458e+09
          70.38     6.3441e+09
           70.4     6.4273e+09
          70.42     6.4939e+09
          70.44     6.5425e+09
          70.46      6.572e+09
          70.48     6.5832e+09
           70.5     6.5789e+09
          70.52     6.5619e+09
          70.54     6.5341e+09
          70.56     6.4973e+09
          70.58      6.454e+09
           70.6     6.4049e+09
          70.62     6.3508e+09
          70.64     6.2922e+09
          70.66     6.2301e+09
          70.68     6.1662e+09
           70.7     6.1007e+09
          70.72     6.0336e+09
          70.74     5.9651e+09
          70.76     5.8949e+09
          70.78     5.8225e+09
           70.8      5.748e+09
          70.82     5.6716e+09
          70.84     5.5933e+09
          70.86     5.5136e+09
          70.88     5.4326e+09
           70.9     5.3514e+09
          70.92     5.2705e+09
          70.94     5.1911e+09
          70.96     5.1139e+09
          70.98     5.0412e+09
             71     4.9772e+09
          71.02     4.9253e+09
          71.04     4.8882e+09
          71.06     4.8676e+09
          71.08      4.866e+09
           71.1     4.8834e+09
          71.12     4.9196e+09
          71.14     4.9737e+09
          71.16     5.0451e+09
          71.18     5.1335e+09
           71.2     5.2368e+09
          71.22     5.3531e+09
          71.24     5.4794e+09
          71.26     5.6119e+09
          71.28     5.7469e+09
           71.3     5.8806e+09
          71.32     6.0101e+09
          71.34     6.1321e+09
          71.36     6.2436e+09
          71.38     6.3418e+09
           71.4      6.425e+09
          71.42     6.4916e+09
          71.44     6.5402e+09
          71.46     6.5697e+09
          71.48     6.5809e+09
           71.5     6.5767e+09
          71.52     6.5597e+09
          71.54      6.532e+09
          71.56     6.4953e+09
          71.58      6.452e+09
           71.6      6.403e+09
          71.62      6.349e+09
          71.64     6.2904e+09
          71.66     6.2284e+09
          71.68     6.1646e+09
           71.7     6.0991e+09
          71.72     6.0321e+09
          71.74     5.9636e+09
          71.76     5.8934e+09
          71.78     5.8211e+09
           71.8     5.7467e+09
          71.82     5.6702e+09
          71.84      5.592e+09
          71.86     5.5124e+09
          71.88     5.4314e+09
           71.9     5.3502e+09
          71.92     5.2694e+09
          71.94       5.19e+09
          71.96     5.1128e+09
          71.98     5.0402e+09
             72     4.9761e+09
          72.02     4.9243e+09
          72.04     4.8871e+09
          72.06     4.8666e+09
          72.08     4.8649e+09
           72.1     4.8823e+09
          72.12     4.9184e+09
          72.14     4.9725e+09
          72.16     5.0438e+09
          72.18     5.1321e+09
           72.2     5.2354e+09
          72.22     5.3515e+09
          72.24     5.4777e+09
          72.26     5.6101e+09
          72.28      5.745e+09
           72.3     5.8787e+09
          72.32     6.0081e+09
          72.34       6.13e+09
          72.36     6.2415e+09
          72.38     6.3397e+09
           72.4     6.4229e+09
          72.42     6.4894e+09
          72.44      6.538e+09
          72.46     6.5675e+09
          72.48     6.5788e+09
           72.5     6.5746e+09
          72.52     6.5577e+09
          72.54       6.53e+09
          72.56     6.4933e+09
          72.58     6.4502e+09
           72.6     6.4012e+09
          72.62     6.3473e+09
          72.64     6.2887e+09
          72.66     6.2268e+09
          72.68      6.163e+09
           72.7     6.0976e+09
          72.72     6.0306e+09
          72.74     5.9622e+09
          72.76     5.8921e+09
          72.78     5.8198e+09
           72.8     5.7454e+09
          72.82      5.669e+09
          72.84     5.5908e+09
          72.86     5.5112e+09
          72.88     5.4303e+09
           72.9     5.3491e+09
          72.92     5.2683e+09
          72.94      5.189e+09
          72.96     5.1118e+09
          72.98     5.0392e+09
             73     4.9751e+09
          73.02     4.9233e+09
          73.04     4.8862e+09
          73.06     4.8656e+09
          73.08     4.8639e+09
           73.1     4.8812e+09
          73.12     4.9173e+09
          73.14     4.9713e+09
          73.16     5.0426e+09
          73.18     5.1308e+09
           73.2      5.234e+09
          73.22     5.3501e+09
          73.24     5.4762e+09
          73.26     5.6085e+09
          73.28     5.7433e+09
           73.3     5.8769e+09
          73.32     6.0062e+09
          73.34     6.1281e+09
          73.36     6.2395e+09
          73.38     6.3377e+09
           73.4     6.4208e+09
          73.42     6.4874e+09
          73.44      6.536e+09
          73.46     6.5656e+09
          73.48     6.5769e+09
           73.5     6.5727e+09
          73.52     6.5558e+09
          73.54     6.5282e+09
          73.56     6.4916e+09
          73.58     6.4485e+09
           73.6     6.3996e+09
          73.62     6.3457e+09
          73.64     6.2872e+09
          73.66     6.2253e+09
          73.68     6.1616e+09
           73.7     6.0962e+09
          73.72     6.0293e+09
          73.74     5.9609e+09
          73.76     5.8908e+09
          73.78     5.8186e+09
           73.8     5.7442e+09
          73.82     5.6678e+09
          73.84     5.5897e+09
          73.86     5.5101e+09
          73.88     5.4293e+09
           73.9     5.3481e+09
          73.92     5.2673e+09
          73.94      5.188e+09
          73.96     5.1109e+09
          73.98     5.0383e+09
             74     4.9742e+09
          74.02     4.9224e+09
          74.04     4.8853e+09
          74.06     4.8647e+09
          74.08     4.8629e+09
           74.1     4.8802e+09
          74.12     4.9163e+09
          74.14     4.9702e+09
          74.16     5.0414e+09
          74.18     5.1296e+09
           74.2     5.2327e+09
          74.22     5.3487e+09
          74.24     5.4747e+09
          74.26      5.607e+09
          74.28     5.7417e+09
           74.3     5.8752e+09
          74.32     6.0045e+09
          74.34     6.1263e+09
          74.36     6.2377e+09
          74.38     6.3358e+09
           74.4      6.419e+09
          74.42     6.4855e+09
          74.44     6.5341e+09
          74.46     6.5637e+09
          74.48      6.575e+09
           74.5     6.5709e+09
          74.52     6.5541e+09
          74.54     6.5265e+09
          74.56     6.4899e+09
          74.58     6.4468e+09
           74.6      6.398e+09
          74.62     6.3442e+09
          74.64     6.2857e+09
          74.66     6.2239e+09
          74.68     6.1602e+09
           74.7     6.0949e+09
          74.72      6.028e+09
          74.74     5.9597e+09
          74.76     5.8896e+09
          74.78     5.8174e+09
           74.8     5.7431e+09
          74.82     5.6668e+09
          74.84     5.5887e+09
          74.86     5.5091e+09
          74.88     5.4283e+09
           74.9     5.3471e+09
          74.92     5.2664e+09
          74.94     5.1871e+09
          74.96       5.11e+09
          74.98     5.0374e+09
             75     4.9734e+09
          75.02     4.9216e+09
          75.04     4.8844e+09
          75.06     4.8638e+09
          75.08      4.862e+09
           75.1     4.8793e+09
          75.12     4.9153e+09
          75.14     4.9692e+09
          75.16     5.0403e+09
          75.18     5.1284e+09
           75.2     5.2315e+09
          75.22     5.3474e+09
          75.24     5.4734e+09
          75.26     5.6055e+09
          75.28     5.7401e+09
           75.3     5.8736e+09
          75.32     6.0028e+09
          75.34     6.1246e+09
          75.36     6.2359e+09
          75.38      6.334e+09
           75.4     6.4172e+09
          75.42     6.4837e+09
          75.44     6.5323e+09
          75.46     6.5619e+09
          75.48     6.5733e+09
           75.5     6.5692e+09
          75.52     6.5524e+09
          75.54     6.5249e+09
          75.56     6.4884e+09
          75.58     6.4454e+09
           75.6     6.3966e+09
          75.62     6.3428e+09
          75.64     6.2844e+09
          75.66     6.2226e+09
          75.68     6.1589e+09
           75.7     6.0936e+09
          75.72     6.0268e+09
          75.74     5.9585e+09
          75.76     5.8885e+09
          75.78     5.8164e+09
           75.8      5.742e+09
          75.82     5.6657e+09
          75.84     5.5877e+09
          75.86     5.5082e+09
          75.88     5.4273e+09
           75.9     5.3462e+09
          75.92     5.2655e+09
          75.94     5.1863e+09
          75.96     5.1092e+09
          75.98     5.0366e+09
             76     4.9726e+09
          76.02     4.9208e+09
          76.04     4.8836e+09
          76.06      4.863e+09
          76.08     4.8612e+09
           76.1     4.8784e+09
          76.12     4.9144e+09
          76.14     4.9682e+09
          76.16     5.0393e+09
          76.18     5.1273e+09
           76.2     5.2303e+09
          76.22     5.3462e+09
          76.24     5.4721e+09
          76.26     5.6042e+09
          76.28     5.7387e+09
           76.3     5.8722e+09
          76.32     6.0013e+09
          76.34      6.123e+09
          76.36     6.2343e+09
          76.38     6.3324e+09
           76.4     6.4155e+09
          76.42      6.482e+09
          76.44     6.5307e+09
          76.46     6.5603e+09
          76.48     6.5717e+09
           76.5     6.5677e+09
          76.52     6.5509e+09
          76.54     6.5235e+09
          76.56      6.487e+09
          76.58      6.444e+09
           76.6     6.3953e+09
          76.62     6.3415e+09
          76.64     6.2832e+09
          76.66     6.2214e+09
          76.68     6.1578e+09
           76.7     6.0925e+09
          76.72     6.0257e+09
          76.74     5.9575e+09
          76.76     5.8875e+09
          76.78     5.8154e+09
           76.8     5.7411e+09
          76.82     5.6648e+09
          76.84     5.5868e+09
          76.86     5.5073e+09
          76.88     5.4265e+09
           76.9     5.3454e+09
          76.92     5.2647e+09
          76.94     5.1855e+09
          76.96     5.1084e+09
          76.98     5.0359e+09
             77     4.9719e+09
          77.02     4.9201e+09
          77.04     4.8829e+09
          77.06     4.8622e+09
          77.08     4.8604e+09
           77.1     4.8776e+09
          77.12     4.9136e+09
          77.14     4.9674e+09
          77.16     5.0384e+09
          77.18     5.1263e+09
           77.2     5.2293e+09
          77.22     5.3451e+09
          77.24     5.4709e+09
          77.26     5.6029e+09
          77.28     5.7374e+09
           77.3     5.8708e+09
          77.32     5.9999e+09
          77.34     6.1216e+09
          77.36     6.2329e+09
          77.38     6.3309e+09
           77.4      6.414e+09
          77.42     6.4805e+09
          77.44     6.5292e+09
          77.46     6.5588e+09
          77.48     6.5703e+09
           77.5     6.5662e+09
          77.52     6.5495e+09
          77.54     6.5221e+09
          77.56     6.4857e+09
          77.58     6.4427e+09
           77.6     6.3941e+09
          77.62     6.3403e+09
          77.64      6.282e+09
          77.66     6.2203e+09
          77.68     6.1567e+09
           77.7     6.0915e+09
          77.72     6.0248e+09
          77.74     5.9565e+09
          77.76     5.8866e+09
          77.78     5.8145e+09
           77.8     5.7402e+09
          77.82      5.664e+09
          77.84      5.586e+09
          77.86     5.5065e+09
          77.88     5.4257e+09
           77.9     5.3446e+09
          77.92      5.264e+09
          77.94     5.1848e+09
          77.96     5.1077e+09
          77.98     5.0352e+09
             78     4.9712e+09
          78.02     4.9194e+09
          78.04     4.8822e+09
          78.06     4.8616e+09
          78.08     4.8597e+09
           78.1     4.8769e+09
          78.12     4.9128e+09
          78.14     4.9665e+09
          78.16     5.0375e+09
          78.18     5.1254e+09
           78.2     5.2283e+09
          78.22     5.3441e+09
          78.24     5.4698e+09
          78.26     5.6018e+09
          78.28     5.7362e+09
           78.3     5.8696e+09
          78.32     5.9986e+09
          78.34     6.1202e+09
          78.36     6.2315e+09
          78.38     6.3295e+09
           78.4     6.4126e+09
          78.42     6.4791e+09
          78.44     6.5278e+09
          78.46     6.5575e+09
          78.48     6.5689e+09
           78.5     6.5649e+09
          78.52     6.5483e+09
          78.54     6.5209e+09
          78.56     6.4845e+09
          78.58     6.4416e+09
           78.6     6.3929e+09
          78.62     6.3392e+09
          78.64      6.281e+09
          78.66     6.2193e+09
          78.68     6.1557e+09
           78.7     6.0905e+09
          78.72     6.0238e+09
          78.74     5.9557e+09
          78.76     5.8857e+09
          78.78     5.8136e+09
           78.8     5.7394e+09
          78.82     5.6632e+09
          78.84     5.5852e+09
          78.86     5.5058e+09
          78.88      5.425e+09
           78.9     5.3439e+09
          78.92     5.2633e+09
          78.94     5.1841e+09
          78.96     5.1071e+09
          78.98     5.0345e+09
             79     4.9706e+09
          79.02     4.9188e+09
          79.04     4.8816e+09
          79.06     4.8609e+09
          79.08     4.8591e+09
           79.1     4.8762e+09
          79.12     4.9121e+09
          79.14     4.9658e+09
          79.16     5.0367e+09
          79.18     5.1246e+09
           79.2     5.2274e+09
          79.22     5.3431e+09
          79.24     5.4688e+09
          79.26     5.6007e+09
          79.28     5.7351e+09
           79.3     5.8684e+09
          79.32     5.9974e+09
          79.34      6.119e+09
          79.36     6.2302e+09
          79.38     6.3282e+09
           79.4     6.4113e+09
          79.42     6.4778e+09
          79.44     6.5265e+09
          79.46     6.5562e+09
          79.48     6.5677e+09
           79.5     6.5637e+09
          79.52     6.5471e+09
          79.54     6.5197e+09
          79.56     6.4834e+09
          79.58     6.4405e+09
           79.6     6.3919e+09
          79.62     6.3382e+09
          79.64       6.28e+09
          79.66     6.2184e+09
          79.68     6.1549e+09
           79.7     6.0897e+09
          79.72      6.023e+09
          79.74     5.9549e+09
          79.76     5.8849e+09
          79.78     5.8129e+09
           79.8     5.7387e+09
          79.82     5.6625e+09
          79.84     5.5845e+09
          79.86     5.5051e+09
          79.88     5.4244e+09
           79.9     5.3433e+09
          79.92     5.2627e+09
          79.94     5.1835e+09
          79.96     5.1065e+09
          79.98      5.034e+09
             80       4.97e+09
          80.02     4.9182e+09
          80.04      4.881e+09
          80.06     4.8604e+09
          80.08     4.8585e+09
           80.1     4.8756e+09
          80.12     4.9114e+09
          80.14     4.9651e+09
          80.16      5.036e+09
          80.18     5.1238e+09
           80.2     5.2266e+09
          80.22     5.3422e+09
          80.24     5.4679e+09
          80.26     5.5997e+09
          80.28     5.7341e+09
           80.3     5.8673e+09
          80.32     5.9963e+09
          80.34     6.1179e+09
          80.36      6.229e+09
          80.38      6.327e+09
           80.4     6.4101e+09
          80.42     6.4766e+09
          80.44     6.5253e+09
          80.46      6.555e+09
          80.48     6.5665e+09
           80.5     6.5626e+09
          80.52      6.546e+09
          80.54     6.5187e+09
          80.56     6.4823e+09
          80.58     6.4395e+09
           80.6     6.3909e+09
          80.62     6.3373e+09
          80.64     6.2791e+09
          80.66     6.2175e+09
          80.68      6.154e+09
           80.7     6.0889e+09
          80.72     6.0222e+09
          80.74     5.9541e+09
          80.76     5.8842e+09
          80.78     5.8122e+09
           80.8      5.738e+09
          80.82     5.6618e+09
          80.84     5.5839e+09
          80.86     5.5045e+09
          80.88     5.4238e+09
           80.9     5.3427e+09
          80.92     5.2621e+09
          80.94      5.183e+09
          80.96     5.1059e+09
          80.98     5.0335e+09
             81     4.9695e+09
          81.02     4.9177e+09
          81.04     4.8805e+09
          81.06     4.8598e+09
          81.08     4.8579e+09
           81.1      4.875e+09
          81.12     4.9108e+09
          81.14     4.9645e+09
          81.16     5.0353e+09
          81.18     5.1231e+09
           81.2     5.2258e+09
          81.22     5.3414e+09
          81.24      5.467e+09
          81.26     5.5988e+09
          81.28     5.7331e+09
           81.3     5.8663e+09
          81.32     5.9953e+09
          81.34     6.1168e+09
          81.36      6.228e+09
          81.38     6.3259e+09
           81.4      6.409e+09
          81.42     6.4755e+09
          81.44     6.5242e+09
          81.46     6.5539e+09
          81.48     6.5654e+09
           81.5     6.5615e+09
          81.52      6.545e+09
          81.54     6.5177e+09
          81.56     6.4814e+09
          81.58     6.4386e+09
           81.6     6.3901e+09
          81.62     6.3365e+09
          81.64     6.2783e+09
          81.66     6.2167e+09
          81.68     6.1533e+09
           81.7     6.0882e+09
          81.72     6.0215e+09
          81.74     5.9534e+09
          81.76     5.8836e+09
          81.78     5.8116e+09
           81.8     5.7374e+09
          81.82     5.6613e+09
          81.84     5.5833e+09
          81.86     5.5039e+09
          81.88     5.4232e+09
           81.9     5.3422e+09
          81.92     5.2616e+09
          81.94     5.1825e+09
          81.96     5.1055e+09
          81.98      5.033e+09
             82      4.969e+09
          82.02     4.9172e+09
          82.04       4.88e+09
          82.06     4.8593e+09
          82.08     4.8574e+09
           82.1     4.8745e+09
          82.12     4.9103e+09
          82.14     4.9639e+09
          82.16     5.0347e+09
          82.18     5.1224e+09
           82.2     5.2251e+09
          82.22     5.3406e+09
          82.24     5.4662e+09
          82.26      5.598e+09
          82.28     5.7323e+09
           82.3     5.8654e+09
          82.32     5.9943e+09
          82.34     6.1158e+09
          82.36      6.227e+09
          82.38     6.3249e+09
           82.4      6.408e+09
          82.42     6.4745e+09
          82.44     6.5232e+09
          82.46     6.5529e+09
          82.48     6.5645e+09
           82.5     6.5606e+09
          82.52     6.5441e+09
          82.54     6.5168e+09
          82.56     6.4805e+09
          82.58     6.4378e+09
           82.6     6.3893e+09
          82.62     6.3357e+09
          82.64     6.2776e+09
          82.66      6.216e+09
          82.68     6.1526e+09
           82.7     6.0875e+09
          82.72     6.0209e+09
          82.74     5.9528e+09
          82.76      5.883e+09
          82.78      5.811e+09
           82.8     5.7368e+09
          82.82     5.6607e+09
          82.84     5.5828e+09
          82.86     5.5034e+09
          82.88     5.4227e+09
           82.9     5.3417e+09
          82.92     5.2611e+09
          82.94      5.182e+09
          82.96      5.105e+09
          82.98     5.0325e+09
             83     4.9686e+09
          83.02     4.9168e+09
          83.04     4.8796e+09
          83.06     4.8589e+09
          83.08      4.857e+09
           83.1      4.874e+09
          83.12     4.9098e+09
          83.14     4.9633e+09
          83.16     5.0341e+09
          83.18     5.1218e+09
           83.2     5.2244e+09
          83.22     5.3399e+09
          83.24     5.4655e+09
          83.26     5.5972e+09
          83.28     5.7314e+09
           83.3     5.8645e+09
          83.32     5.9934e+09
          83.34     6.1149e+09
          83.36      6.226e+09
          83.38      6.324e+09
           83.4     6.4071e+09
          83.42     6.4735e+09
          83.44     6.5223e+09
          83.46      6.552e+09
          83.48     6.5636e+09
           83.5     6.5597e+09
          83.52     6.5432e+09
          83.54      6.516e+09
          83.56     6.4797e+09
          83.58      6.437e+09
           83.6     6.3885e+09
          83.62      6.335e+09
          83.64     6.2769e+09
          83.66     6.2153e+09
          83.68      6.152e+09
           83.7     6.0869e+09
          83.72     6.0203e+09
          83.74     5.9522e+09
          83.76     5.8824e+09
          83.78     5.8105e+09
           83.8     5.7363e+09
          83.82     5.6602e+09
          83.84     5.5823e+09
          83.86     5.5029e+09
          83.88     5.4223e+09
           83.9     5.3413e+09
          83.92     5.2607e+09
          83.94     5.1816e+09
          83.96     5.1046e+09
          83.98     5.0321e+09
             84     4.9682e+09
          84.02     4.9164e+09
          84.04     4.8792e+09
          84.06     4.8585e+09
          84.08     4.8565e+09
           84.1     4.8736e+09
          84.12     4.9093e+09
          84.14     4.9628e+09
          84.16     5.0336e+09
          84.18     5.1212e+09
           84.2     5.2238e+09
          84.22     5.3393e+09
          84.24     5.4648e+09
          84.26     5.5965e+09
          84.28     5.7307e+09
           84.3     5.8638e+09
          84.32     5.9926e+09
          84.34     6.1141e+09
          84.36     6.2252e+09
          84.38     6.3231e+09
           84.4     6.4062e+09
          84.42     6.4727e+09
          84.44     6.5214e+09
          84.46     6.5511e+09
          84.48     6.5627e+09
           84.5     6.5589e+09
          84.52     6.5424e+09
          84.54     6.5152e+09
          84.56      6.479e+09
          84.58     6.4363e+09
           84.6     6.3878e+09
          84.62     6.3343e+09
          84.64     6.2763e+09
          84.66     6.2147e+09
          84.68     6.1514e+09
           84.7     6.0863e+09
          84.72     6.0198e+09
          84.74     5.9517e+09
          84.76     5.8819e+09
          84.78       5.81e+09
           84.8     5.7358e+09
          84.82     5.6597e+09
          84.84     5.5819e+09
          84.86     5.5025e+09
          84.88     5.4218e+09
           84.9     5.3408e+09
          84.92     5.2603e+09
          84.94     5.1812e+09
          84.96     5.1042e+09
          84.98     5.0317e+09
             85     4.9678e+09
          85.02      4.916e+09
          85.04     4.8788e+09
          85.06     4.8581e+09
          85.08     4.8561e+09
           85.1     4.8731e+09
          85.12     4.9088e+09
          85.14     4.9623e+09
          85.16     5.0331e+09
          85.18     5.1207e+09
           85.2     5.2232e+09
          85.22     5.3387e+09
          85.24     5.4641e+09
          85.26     5.5958e+09
          85.28     5.7299e+09
           85.3      5.863e+09
          85.32     5.9918e+09
          85.34     6.1133e+09
          85.36     6.2244e+09
          85.38     6.3223e+09
           85.4     6.4053e+09
          85.42     6.4718e+09
          85.44     6.5206e+09
          85.46     6.5503e+09
          85.48     6.5619e+09
           85.5     6.5581e+09
          85.52     6.5417e+09
          85.54     6.5145e+09
          85.56     6.4783e+09
          85.58     6.4356e+09
           85.6     6.3872e+09
          85.62     6.3337e+09
          85.64     6.2757e+09
          85.66     6.2142e+09
          85.68     6.1508e+09
           85.7     6.0858e+09
          85.72     6.0192e+09
          85.74     5.9512e+09
          85.76     5.8814e+09
          85.78     5.8095e+09
           85.8     5.7354e+09
          85.82     5.6593e+09
          85.84     5.5814e+09
          85.86     5.5021e+09
          85.88     5.4214e+09
           85.9     5.3404e+09
          85.92     5.2599e+09
          85.94     5.1808e+09
          85.96     5.1038e+09
          85.98     5.0314e+09
             86     4.9675e+09
          86.02     4.9157e+09
          86.04     4.8785e+09
          86.06     4.8577e+09
          86.08     4.8557e+09
           86.1     4.8728e+09
          86.12     4.9084e+09
          86.14     4.9619e+09
          86.16     5.0326e+09
          86.18     5.1202e+09
           86.2     5.2227e+09
          86.22     5.3381e+09
          86.24     5.4635e+09
          86.26     5.5951e+09
          86.28     5.7293e+09
           86.3     5.8623e+09
          86.32     5.9911e+09
          86.34     6.1125e+09
          86.36     6.2236e+09
          86.38     6.3215e+09
           86.4     6.4046e+09
          86.42     6.4711e+09
          86.44     6.5198e+09
          86.46     6.5496e+09
          86.48     6.5612e+09
           86.5     6.5574e+09
          86.52      6.541e+09
          86.54     6.5138e+09
          86.56     6.4777e+09
          86.58      6.435e+09
           86.6     6.3866e+09
          86.62     6.3331e+09
          86.64     6.2751e+09
          86.66     6.2136e+09
          86.68     6.1503e+09
           86.7     6.0853e+09
          86.72     6.0188e+09
          86.74     5.9508e+09
          86.76      5.881e+09
          86.78     5.8091e+09
           86.8      5.735e+09
          86.82     5.6589e+09
          86.84      5.581e+09
          86.86     5.5017e+09
          86.88     5.4211e+09
           86.9     5.3401e+09
          86.92     5.2596e+09
          86.94     5.1805e+09
          86.96     5.1035e+09
          86.98     5.0311e+09
             87     4.9671e+09
          87.02     4.9153e+09
          87.04     4.8781e+09
          87.06     4.8574e+09
          87.08     4.8554e+09
           87.1     4.8724e+09
          87.12      4.908e+09
          87.14     4.9615e+09
          87.16     5.0322e+09
          87.18     5.1197e+09
           87.2     5.2222e+09
          87.22     5.3376e+09
          87.24      5.463e+09
          87.26     5.5945e+09
          87.28     5.7287e+09
           87.3     5.8617e+09
          87.32     5.9904e+09
          87.34     6.1118e+09
          87.36     6.2229e+09
          87.38     6.3208e+09
           87.4     6.4039e+09
          87.42     6.4704e+09
          87.44     6.5191e+09
          87.46     6.5489e+09
          87.48     6.5605e+09
           87.5     6.5568e+09
          87.52     6.5404e+09
          87.54     6.5132e+09
          87.56     6.4771e+09
          87.58     6.4344e+09
           87.6     6.3861e+09
          87.62     6.3326e+09
          87.64     6.2746e+09
          87.66     6.2131e+09
          87.68     6.1498e+09
           87.7     6.0848e+09
          87.72     6.0183e+09
          87.74     5.9503e+09
          87.76     5.8806e+09
          87.78     5.8087e+09
           87.8     5.7346e+09
          87.82     5.6585e+09
          87.84     5.5807e+09
          87.86     5.5014e+09
          87.88     5.4207e+09
           87.9     5.3398e+09
          87.92     5.2592e+09
          87.94     5.1801e+09
          87.96     5.1032e+09
          87.98     5.0308e+09
             88     4.9668e+09
          88.02      4.915e+09
          88.04     4.8778e+09
          88.06     4.8571e+09
          88.08     4.8551e+09
           88.1      4.872e+09
          88.12     4.9077e+09
          88.14     4.9611e+09
          88.16     5.0317e+09
          88.18     5.1193e+09
           88.2     5.2217e+09
          88.22     5.3371e+09
          88.24     5.4624e+09
          88.26      5.594e+09
          88.28     5.7281e+09
           88.3     5.8611e+09
          88.32     5.9898e+09
          88.34     6.1112e+09
          88.36     6.2223e+09
          88.38     6.3202e+09
           88.4     6.4032e+09
          88.42     6.4697e+09
          88.44     6.5184e+09
          88.46     6.5482e+09
          88.48     6.5599e+09
           88.5     6.5561e+09
          88.52     6.5398e+09
          88.54     6.5126e+09
          88.56     6.4765e+09
          88.58     6.4339e+09
           88.6     6.3855e+09
          88.62     6.3321e+09
          88.64     6.2741e+09
          88.66     6.2127e+09
          88.68     6.1494e+09
           88.7     6.0844e+09
          88.72     6.0179e+09
          88.74     5.9499e+09
          88.76     5.8802e+09
          88.78     5.8083e+09
           88.8     5.7342e+09
          88.82     5.6582e+09
          88.84     5.5803e+09
          88.86      5.501e+09
          88.88     5.4204e+09
           88.9     5.3394e+09
          88.92     5.2589e+09
          88.94     5.1798e+09
          88.96     5.1029e+09
          88.98     5.0305e+09
             89     4.9665e+09
          89.02     4.9147e+09
          89.04     4.8775e+09
          89.06     4.8568e+09
          89.08     4.8548e+09
           89.1     4.8717e+09
          89.12     4.9073e+09
          89.14     4.9607e+09
          89.16     5.0314e+09
          89.18     5.1188e+09
           89.2     5.2213e+09
          89.22     5.3366e+09
          89.24     5.4619e+09
          89.26     5.5935e+09
          89.28     5.7275e+09
           89.3     5.8605e+09
          89.32     5.9892e+09
          89.34     6.1106e+09
          89.36     6.2216e+09
          89.38     6.3195e+09
           89.4     6.4026e+09
          89.42     6.4691e+09
          89.44     6.5178e+09
          89.46     6.5477e+09
          89.48     6.5593e+09
           89.5     6.5556e+09
          89.52     6.5392e+09
          89.54     6.5121e+09
          89.56      6.476e+09
          89.58     6.4334e+09
           89.6     6.3851e+09
          89.62     6.3317e+09
          89.64     6.2737e+09
          89.66     6.2123e+09
          89.68      6.149e+09
           89.7      6.084e+09
          89.72     6.0176e+09
          89.74     5.9496e+09
          89.76     5.8798e+09
          89.78      5.808e+09
           89.8     5.7339e+09
          89.82     5.6579e+09
          89.84       5.58e+09
          89.86     5.5007e+09
          89.88     5.4201e+09
           89.9     5.3392e+09
          89.92     5.2587e+09
          89.94     5.1796e+09
          89.96     5.1026e+09
          89.98     5.0302e+09
             90     4.9663e+09
          90.02     4.9145e+09
          90.04     4.8773e+09
          90.06     4.8565e+09
          90.08     4.8545e+09
           90.1     4.8714e+09
          90.12      4.907e+09
          90.14     4.9605e+09
          90.16     5.0311e+09
          90.18     5.1186e+09
           90.2     5.2211e+09
          90.22     5.3364e+09
          90.24     5.4618e+09
          90.26     5.5933e+09
          90.28     5.7273e+09
           90.3     5.8602e+09
          90.32     5.9888e+09
          90.34       6.11e+09
          90.36     6.2209e+09
          90.38     6.3185e+09
           90.4     6.4012e+09
          90.42     6.4673e+09
          90.44     6.5156e+09
          90.46     6.5449e+09
          90.48     6.5562e+09
           90.5     6.5521e+09
          90.52     6.5355e+09
          90.54     6.5081e+09
          90.56     6.4719e+09
          90.58     6.4291e+09
           90.6     6.3807e+09
          90.62     6.3272e+09
          90.64     6.2691e+09
          90.66     6.2077e+09
          90.68     6.1444e+09
           90.7     6.0795e+09
          90.72      6.013e+09
          90.74      5.945e+09
          90.76     5.8753e+09
          90.78     5.8034e+09
           90.8     5.7294e+09
          90.82     5.6533e+09
          90.84     5.5755e+09
          90.86     5.4962e+09
          90.88     5.4156e+09
           90.9     5.3347e+09
          90.92     5.2543e+09
          90.94     5.1753e+09
          90.96     5.0985e+09
          90.98     5.0265e+09
             91     4.9631e+09
          91.02      4.912e+09
          91.04     4.8753e+09
          91.06      4.855e+09
          91.08     4.8532e+09
           91.1       4.87e+09
          91.12      4.905e+09
          91.14     4.9573e+09
          91.16     5.0266e+09
          91.18     5.1122e+09
           91.2     5.2122e+09
          91.22     5.3244e+09
          91.24     5.4461e+09
          91.26     5.5734e+09
          91.28     5.7027e+09
           91.3     5.8305e+09
          91.32     5.9538e+09
          91.34     6.0694e+09
          91.36     6.1746e+09
          91.38     6.2668e+09
           91.4     6.3442e+09
          91.42     6.4053e+09
          91.44     6.4491e+09
          91.46     6.4743e+09
          91.48     6.4823e+09
           91.5     6.4757e+09
          91.52     6.4571e+09
          91.54     6.4283e+09
          91.56     6.3912e+09
          91.58     6.3479e+09
           91.6     6.2992e+09
          91.62     6.2455e+09
          91.64     6.1876e+09
          91.66     6.1266e+09
          91.68      6.064e+09
           91.7     5.9998e+09
          91.72      5.934e+09
          91.74     5.8668e+09
          91.76     5.7979e+09
          91.78     5.7268e+09
           91.8     5.6537e+09
          91.82     5.5785e+09
          91.84     5.5017e+09
          91.86     5.4235e+09
          91.88     5.3441e+09
           91.9     5.2647e+09
          91.92     5.1857e+09
          91.94     5.1083e+09
          91.96      5.033e+09
          91.98     4.9627e+09
             92     4.9009e+09
          92.02     4.8509e+09
          92.04     4.8147e+09
          92.06     4.7942e+09
          92.08     4.7911e+09
           92.1     4.8054e+09
          92.12     4.8367e+09
          92.14     4.8841e+09
          92.16     4.9474e+09
          92.18     5.0258e+09
           92.2     5.1174e+09
          92.22     5.2201e+09
          92.24     5.3312e+09
          92.26     5.4471e+09
          92.28     5.5646e+09
           92.3     5.6802e+09
          92.32     5.7913e+09
          92.34     5.8949e+09
          92.36     5.9884e+09
          92.38     6.0697e+09
           92.4     6.1372e+09
          92.42     6.1895e+09
          92.44     6.2256e+09
          92.46     6.2446e+09
          92.48     6.2479e+09
           92.5      6.238e+09
          92.52     6.2173e+09
          92.54     6.1872e+09
          92.56     6.1499e+09
          92.58     6.1071e+09
           92.6     6.0592e+09
          92.62     6.0069e+09
          92.64     5.9508e+09
          92.66     5.8922e+09
          92.68     5.8321e+09
           92.7     5.7706e+09
          92.72     5.7076e+09
          92.74     5.6434e+09
          92.76     5.5775e+09
          92.78     5.5096e+09
           92.8     5.4398e+09
          92.82     5.3681e+09
          92.84     5.2949e+09
          92.86     5.2204e+09
          92.88      5.145e+09
           92.9     5.0697e+09
          92.92     4.9948e+09
          92.94     4.9214e+09
          92.96     4.8502e+09
          92.98     4.7838e+09
             93     4.7255e+09
          93.02      4.678e+09
          93.04      4.643e+09
          93.06     4.6225e+09
          93.08     4.6175e+09
           93.1     4.6281e+09
          93.12     4.6537e+09
          93.14     4.6937e+09
          93.16     4.7479e+09
          93.18     4.8153e+09
           93.2     4.8942e+09
          93.22     4.9826e+09
          93.24     5.0782e+09
          93.26     5.1778e+09
          93.28     5.2783e+09
           93.3     5.3768e+09
          93.32     5.4709e+09
          93.34     5.5581e+09
          93.36     5.6361e+09
          93.38     5.7033e+09
           93.4     5.7582e+09
          93.42     5.7994e+09
          93.44     5.8262e+09
          93.46     5.8381e+09
          93.48     5.8365e+09
           93.5     5.8236e+09
          93.52     5.8014e+09
          93.54     5.7713e+09
          93.56     5.7351e+09
          93.58     5.6942e+09
           93.6      5.649e+09
          93.62     5.5999e+09
          93.64     5.5478e+09
          93.66     5.4937e+09
          93.68     5.4383e+09
           93.7     5.3817e+09
          93.72     5.3239e+09
          93.74     5.2649e+09
          93.76     5.2045e+09
          93.78     5.1423e+09
           93.8     5.0783e+09
          93.82     5.0127e+09
          93.84     4.9457e+09
          93.86     4.8776e+09
          93.88     4.8091e+09
           93.9     4.7405e+09
          93.92     4.6724e+09
          93.94     4.6055e+09
          93.96     4.5408e+09
          93.98     4.4806e+09
             94     4.4276e+09
          94.02     4.3841e+09
          94.04     4.3513e+09
          94.06     4.3312e+09
          94.08     4.3243e+09
           94.1     4.3305e+09
          94.12     4.3493e+09
          94.14     4.3803e+09
          94.16     4.4233e+09
          94.18     4.4773e+09
           94.2     4.5407e+09
          94.22     4.6118e+09
          94.24     4.6887e+09
          94.26     4.7686e+09
          94.28     4.8489e+09
           94.3     4.9271e+09
          94.32     5.0013e+09
          94.34     5.0695e+09
          94.36     5.1298e+09
          94.38     5.1811e+09
           94.4     5.2218e+09
          94.42     5.2509e+09
          94.44     5.2679e+09
          94.46     5.2727e+09
          94.48     5.2666e+09
           94.5     5.2514e+09
          94.52     5.2287e+09
          94.54     5.1996e+09
          94.56     5.1659e+09
          94.58     5.1283e+09
           94.6     5.0874e+09
          94.62     5.0433e+09
          94.64      4.997e+09
          94.66     4.9493e+09
          94.68     4.9005e+09
           94.7     4.8508e+09
          94.72     4.8001e+09
          94.74     4.7485e+09
          94.76     4.6957e+09
          94.78     4.6414e+09
           94.8     4.5854e+09
          94.82     4.5282e+09
          94.84     4.4697e+09
          94.86     4.4107e+09
          94.88     4.3515e+09
           94.9     4.2921e+09
          94.92      4.233e+09
          94.94     4.1751e+09
          94.96     4.1192e+09
          94.98     4.0673e+09
             95     4.0214e+09
          95.02     3.9834e+09
          95.04     3.9542e+09
          95.06     3.9353e+09
          95.08      3.927e+09
           95.1     3.9292e+09
          95.12     3.9412e+09
          95.14     3.9631e+09
          95.16     3.9944e+09
          95.18     4.0342e+09
           95.2     4.0813e+09
          95.22     4.1341e+09
          95.24     4.1911e+09
          95.26     4.2503e+09
          95.28     4.3094e+09
           95.3     4.3666e+09
          95.32     4.4203e+09
          95.34     4.4689e+09
          95.36     4.5116e+09
          95.38      4.547e+09
           95.4     4.5739e+09
          95.42     4.5914e+09
          95.44     4.5995e+09
          95.46     4.5983e+09
          95.48     4.5889e+09
           95.5     4.5725e+09
          95.52     4.5506e+09
          95.54     4.5241e+09
          95.56     4.4942e+09
          95.58     4.4615e+09
           95.6     4.4262e+09
          95.62     4.3886e+09
          95.64     4.3495e+09
          95.66     4.3094e+09
          95.68     4.2685e+09
           95.7     4.2268e+09
          95.72     4.1845e+09
          95.74     4.1414e+09
          95.76     4.0974e+09
          95.78      4.052e+09
           95.8     4.0053e+09
          95.82     3.9575e+09
          95.84     3.9088e+09
          95.86     3.8599e+09
          95.88     3.8108e+09
           95.9     3.7615e+09
          95.92     3.7121e+09
          95.94     3.6636e+09
          95.96     3.6169e+09
          95.98     3.5735e+09
             96     3.5346e+09
          96.02     3.5019e+09
          96.04     3.4759e+09
          96.06     3.4574e+09
          96.08     3.4467e+09
           96.1     3.4435e+09
          96.12     3.4476e+09
          96.14     3.4589e+09
          96.16     3.4768e+09
          96.18     3.5007e+09
           96.2     3.5297e+09
          96.22     3.5627e+09
          96.24     3.5984e+09
          96.26     3.6355e+09
          96.28     3.6724e+09
           96.3      3.708e+09
          96.32     3.7411e+09
          96.34     3.7711e+09
          96.36      3.797e+09
          96.38     3.8179e+09
           96.4     3.8327e+09
          96.42     3.8407e+09
          96.44     3.8422e+09
          96.46     3.8374e+09
          96.48     3.8271e+09
           96.5     3.8124e+09
          96.52     3.7943e+09
          96.54     3.7733e+09
          96.56     3.7499e+09
          96.58     3.7249e+09
           96.6     3.6983e+09
          96.62     3.6705e+09
          96.64     3.6418e+09
          96.66     3.6125e+09
          96.68     3.5827e+09
           96.7     3.5528e+09
          96.72     3.5225e+09
          96.74     3.4919e+09
          96.76     3.4607e+09
          96.78     3.4287e+09
           96.8      3.396e+09
          96.82     3.3628e+09
          96.84     3.3297e+09
          96.86     3.2966e+09
          96.88     3.2636e+09
           96.9     3.2305e+09
          96.92     3.1977e+09
          96.94     3.1656e+09
          96.96     3.1349e+09
          96.98     3.1067e+09
             97      3.082e+09
          97.02     3.0615e+09
          97.04     3.0457e+09
          97.06     3.0346e+09
          97.08     3.0287e+09
           97.1     3.0279e+09
          97.12     3.0316e+09
          97.14     3.0398e+09
          97.16     3.0519e+09
          97.18     3.0676e+09
           97.2     3.0861e+09
          97.22     3.1067e+09
          97.24     3.1285e+09
          97.26     3.1505e+09
          97.28     3.1719e+09
           97.3     3.1917e+09
          97.32     3.2096e+09
          97.34     3.2253e+09
          97.36     3.2379e+09
          97.38     3.2467e+09
           97.4     3.2514e+09
          97.42     3.2517e+09
          97.44     3.2471e+09
          97.46     3.2386e+09
          97.48     3.2266e+09
           97.5     3.2119e+09
          97.52     3.1951e+09
          97.54     3.1769e+09
          97.56     3.1573e+09
          97.58     3.1368e+09
           97.6     3.1155e+09
          97.62     3.0937e+09
          97.64     3.0712e+09
          97.66     3.0483e+09
          97.68     3.0252e+09
           97.7      3.002e+09
          97.72     2.9786e+09
          97.74     2.9551e+09
          97.76     2.9312e+09
          97.78     2.9067e+09
           97.8     2.8817e+09
          97.82     2.8566e+09
          97.84     2.8316e+09
          97.86     2.8067e+09
          97.88     2.7818e+09
           97.9     2.7569e+09
          97.92     2.7319e+09
          97.94      2.707e+09
          97.96     2.6825e+09
          97.98     2.6595e+09
             98     2.6386e+09
          98.02     2.6202e+09
          98.04     2.6045e+09
          98.06     2.5916e+09
          98.08     2.5815e+09
           98.1     2.5742e+09
          98.12     2.5694e+09
          98.14     2.5668e+09
          98.16     2.5659e+09
          98.18     2.5667e+09
           98.2     2.5689e+09
          98.22      2.572e+09
          98.24     2.5756e+09
          98.26     2.5791e+09
          98.28     2.5819e+09
           98.3      2.584e+09
          98.32     2.5853e+09
          98.34     2.5854e+09
          98.36     2.5838e+09
          98.38     2.5803e+09
           98.4     2.5746e+09
          98.42     2.5663e+09
          98.44     2.5556e+09
          98.46     2.5427e+09
          98.48      2.528e+09
           98.5     2.5122e+09
          98.52     2.4955e+09
          98.54     2.4784e+09
          98.56      2.461e+09
          98.58     2.4434e+09
           98.6     2.4258e+09
          98.62     2.4083e+09
          98.64     2.3909e+09
          98.66     2.3734e+09
          98.68      2.356e+09
           98.7     2.3388e+09
          98.72     2.3217e+09
          98.74     2.3046e+09
          98.76     2.2876e+09
          98.78     2.2705e+09
           98.8     2.2536e+09
          98.82     2.2368e+09
          98.84     2.2201e+09
          98.86     2.2035e+09
          98.88     2.1868e+09
           98.9     2.1701e+09
          98.92     2.1532e+09
          98.94     2.1364e+09
          98.96     2.1198e+09
          98.98     2.1037e+09
             99     2.0882e+09
          99.02     2.0737e+09
          99.04     2.0603e+09
          99.06     2.0482e+09
          99.08     2.0374e+09
           99.1     2.0279e+09
          99.12     2.0193e+09
          99.14     2.0116e+09
          99.16     2.0045e+09
          99.18     1.9979e+09
           99.2     1.9917e+09
          99.22     1.9857e+09
          99.24     1.9795e+09
          99.26     1.9731e+09
          99.28     1.9665e+09
           99.3     1.9595e+09
          99.32     1.9522e+09
          99.34     1.9442e+09
          99.36     1.9357e+09
          99.38     1.9263e+09
           99.4     1.9162e+09
          99.42     1.9053e+09
          99.44     1.8938e+09
          99.46     1.8819e+09
          99.48     1.8696e+09
           99.5     1.8569e+09
          99.52     1.8441e+09
          99.54     1.8314e+09
          99.56     1.8188e+09
          99.58     1.8066e+09
           99.6     1.7948e+09
          99.62     1.7836e+09
          99.64     1.7729e+09
          99.66     1.7627e+09
          99.68     1.7529e+09
           99.7     1.7435e+09
          99.72     1.7343e+09
          99.74     1.7254e+09
          99.76     1.7167e+09
          99.78     1.7082e+09
           99.8     1.6998e+09
          99.82     1.6914e+09
          99.84     1.6831e+09
          99.86     1.6747e+09
          99.88     1.6665e+09
           99.9     1.6582e+09
          99.92       1.65e+09
          99.94     1.6417e+09
          99.96     1.6335e+09
          99.98     1.6256e+09
            100     1.6181e+09
         100.02     1.6111e+09
         100.04     1.6045e+09
         100.06     1.5983e+09
         100.08     1.5926e+09
          100.1     1.5872e+09
         100.12     1.5821e+09
         100.14     1.5772e+09
         100.16     1.5725e+09
         100.18      1.568e+09
          100.2     1.5636e+09
         100.22     1.5592e+09
         100.24     1.5548e+09
         100.26     1.5502e+09
         100.28     1.5456e+09
          100.3      1.541e+09
         100.32     1.5362e+09
         100.34     1.5313e+09
         100.36     1.5263e+09
         100.38      1.521e+09
          100.4     1.5156e+09
         100.42     1.5099e+09
         100.44     1.5042e+09
         100.46     1.4983e+09
         100.48     1.4923e+09
          100.5     1.4862e+09
         100.52     1.4802e+09
         100.54     1.4742e+09
         100.56     1.4682e+09
         100.58     1.4623e+09
          100.6     1.4566e+09
         100.62      1.451e+09
         100.64     1.4456e+09
         100.66     1.4404e+09
         100.68     1.4352e+09
          100.7     1.4301e+09
         100.72     1.4251e+09
         100.74     1.4201e+09
         100.76     1.4151e+09
         100.78     1.4102e+09
          100.8     1.4054e+09
         100.82     1.4005e+09
         100.84     1.3956e+09
         100.86     1.3908e+09
         100.88      1.386e+09
          100.9     1.3813e+09
         100.92     1.3765e+09
         100.94     1.3717e+09
         100.96      1.367e+09
         100.98     1.3622e+09
            101     1.3575e+09
         101.02     1.3528e+09
         101.04     1.3482e+09
         101.06     1.3436e+09
         101.08     1.3391e+09
          101.1     1.3347e+09
         101.12     1.3302e+09
         101.14     1.3258e+09
         101.16     1.3215e+09
         101.18     1.3171e+09
          101.2     1.3127e+09
         101.22     1.3083e+09
         101.24     1.3039e+09
         101.26     1.2995e+09
         101.28     1.2949e+09
          101.3     1.2904e+09
         101.32     1.2858e+09
         101.34     1.2812e+09
         101.36     1.2764e+09
         101.38     1.2716e+09
          101.4     1.2667e+09
         101.42     1.2617e+09
         101.44     1.2567e+09
         101.46     1.2516e+09
         101.48     1.2465e+09
          101.5     1.2414e+09
         101.52     1.2361e+09
         101.54     1.2309e+09
         101.56     1.2256e+09
         101.58     1.2203e+09
          101.6     1.2151e+09
         101.62     1.2099e+09
         101.64     1.2046e+09
         101.66     1.1994e+09
         101.68     1.1942e+09
          101.7      1.189e+09
         101.72     1.1838e+09
         101.74     1.1787e+09
         101.76     1.1736e+09
         101.78     1.1686e+09
          101.8     1.1637e+09
         101.82     1.1588e+09
         101.84      1.154e+09
         101.86     1.1492e+09
         101.88     1.1446e+09
          101.9     1.1399e+09
         101.92     1.1354e+09
         101.94      1.131e+09
         101.96     1.1266e+09
         101.98     1.1223e+09
            102     1.1181e+09
         102.02     1.1139e+09
         102.04     1.1098e+09
         102.06     1.1058e+09
         102.08     1.1017e+09
          102.1     1.0978e+09
         102.12      1.094e+09
         102.14     1.0901e+09
         102.16     1.0863e+09
         102.18     1.0826e+09
          102.2     1.0789e+09
         102.22     1.0752e+09
         102.24     1.0715e+09
         102.26     1.0678e+09
         102.28     1.0641e+09
          102.3     1.0604e+09
         102.32     1.0566e+09
         102.34     1.0529e+09
         102.36     1.0491e+09
         102.38     1.0453e+09
          102.4     1.0415e+09
         102.42     1.0376e+09
         102.44     1.0336e+09
         102.46     1.0297e+09
         102.48     1.0257e+09
          102.5     1.0216e+09
         102.52     1.0176e+09
         102.54     1.0134e+09
         102.56     1.0093e+09
         102.58     1.0051e+09
          102.6     1.0009e+09
         102.62     9.9663e+08
         102.64     9.9237e+08
         102.66     9.8813e+08
         102.68     9.8383e+08
          102.7     9.7955e+08
         102.72     9.7536e+08
         102.74     9.7115e+08
         102.76     9.6699e+08
         102.78     9.6288e+08
          102.8     9.5883e+08
         102.82     9.5483e+08
         102.84     9.5096e+08
         102.86     9.4713e+08
         102.88     9.4343e+08
          102.9     9.3986e+08
         102.92     9.3635e+08
         102.94     9.3295e+08
         102.96      9.297e+08
         102.98     9.2654e+08
            103     9.2348e+08
         103.02     9.2049e+08
         103.04     9.1752e+08
         103.06     9.1461e+08
         103.08     9.1179e+08
          103.1     9.0896e+08
         103.12     9.0612e+08
         103.14     9.0333e+08
         103.16      9.005e+08
         103.18     8.9765e+08
          103.2     8.9486e+08
         103.22     8.9202e+08
         103.24     8.8912e+08
         103.26     8.8624e+08
         103.28     8.8333e+08
          103.3     8.8044e+08
         103.32      8.776e+08
         103.34     8.7479e+08
         103.36     8.7211e+08
         103.38     8.6959e+08
          103.4     8.6713e+08
         103.42     8.6472e+08
         103.44     8.6237e+08
         103.46     8.6003e+08
         103.48     8.5769e+08
          103.5     8.5535e+08
         103.52     8.5297e+08
         103.54     8.5052e+08
         103.56     8.4806e+08
         103.58     8.4549e+08
          103.6     8.4284e+08
         103.62     8.4017e+08
         103.64     8.3736e+08
         103.66     8.3448e+08
         103.68     8.3157e+08
          103.7     8.2855e+08
         103.72     8.2543e+08
         103.74      8.223e+08
         103.76      8.191e+08
         103.78     8.1583e+08
          103.8     8.1253e+08
         103.82      8.092e+08
         103.84     8.0584e+08
         103.86     8.0248e+08
         103.88     7.9919e+08
          103.9     7.9601e+08
         103.92     7.9293e+08
         103.94     7.8997e+08
         103.96     7.8711e+08
         103.98     7.8435e+08
            104      7.817e+08
         104.02      7.791e+08
         104.04     7.7656e+08
         104.06     7.7408e+08
         104.08     7.7167e+08
          104.1     7.6928e+08
         104.12     7.6693e+08
         104.14     7.6464e+08
         104.16     7.6234e+08
         104.18     7.6006e+08
          104.2     7.5781e+08
         104.22     7.5554e+08
         104.24     7.5331e+08
         104.26      7.511e+08
         104.28     7.4883e+08
          104.3     7.4663e+08
         104.32     7.4443e+08
         104.34      7.422e+08
         104.36     7.3998e+08
         104.38     7.3779e+08
          104.4      7.356e+08
         104.42     7.3339e+08
         104.44     7.3122e+08
         104.46     7.2909e+08
         104.48     7.2697e+08
          104.5     7.2486e+08
         104.52     7.2277e+08
         104.54     7.2065e+08
         104.56     7.1845e+08
         104.58     7.1627e+08
          104.6     7.1403e+08
         104.62     7.1168e+08
         104.64     7.0935e+08
         104.66     7.0696e+08
         104.68     7.0441e+08
          104.7     7.0188e+08
         104.72     6.9927e+08
         104.74     6.9655e+08
         104.76     6.9381e+08
         104.78     6.9101e+08
          104.8     6.8813e+08
         104.82      6.852e+08
         104.84     6.8226e+08
         104.86     6.7932e+08
         104.88     6.7635e+08
          104.9     6.7339e+08
         104.92     6.7049e+08
         104.94      6.676e+08
         104.96     6.6479e+08
         104.98     6.6209e+08
            105     6.5944e+08
         105.02     6.5686e+08
         105.04      6.544e+08
         105.06     6.5202e+08
         105.08     6.4974e+08
          105.1     6.4756e+08
         105.12     6.4549e+08
         105.14      6.435e+08
         105.16     6.4159e+08
         105.18     6.3981e+08
          105.2      6.381e+08
         105.22     6.3648e+08
         105.24     6.3498e+08
         105.26     6.3356e+08
         105.28     6.3224e+08
          105.3       6.31e+08
         105.32     6.2988e+08
         105.34     6.2886e+08
         105.36     6.2788e+08
         105.38     6.2704e+08
          105.4     6.2634e+08
         105.42     6.2566e+08
         105.44     6.2509e+08
         105.46     6.2465e+08
         105.48     6.2429e+08
          105.5     6.2405e+08
         105.52     6.2386e+08
         105.54     6.2381e+08
         105.56     6.2384e+08
         105.58     6.2388e+08
          105.6     6.2406e+08
         105.62     6.2431e+08
         105.64     6.2457e+08
         105.66     6.2493e+08
         105.68     6.2539e+08
          105.7     6.2596e+08
         105.72     6.2661e+08
         105.74     6.2734e+08
         105.76     6.2808e+08
         105.78     6.2876e+08
          105.8     6.2945e+08
         105.82     6.3006e+08
         105.84     6.3057e+08
         105.86     6.3095e+08
         105.88      6.312e+08
          105.9     6.3132e+08
         105.92     6.3127e+08
         105.94     6.3106e+08
         105.96     6.3066e+08
         105.98     6.3013e+08
            106     6.2941e+08
         106.02     6.2849e+08
         106.04     6.2746e+08
         106.06     6.2625e+08
         106.08      6.249e+08
          106.1     6.2341e+08
         106.12     6.2178e+08
         106.14     6.2007e+08
         106.16     6.1823e+08
         106.18     6.1632e+08
          106.2     6.1436e+08
         106.22     6.1227e+08
         106.24     6.1018e+08
         106.26     6.0805e+08
         106.28     6.0593e+08
          106.3      6.038e+08
         106.32     6.0168e+08
         106.34     5.9963e+08
         106.36     5.9764e+08
         106.38     5.9578e+08
          106.4     5.9401e+08
         106.42     5.9243e+08
         106.44     5.9104e+08
         106.46     5.8983e+08
         106.48      5.888e+08
          106.5       5.88e+08
         106.52     5.8739e+08
         106.54      5.869e+08
         106.56     5.8666e+08
         106.58     5.8654e+08
          106.6     5.8664e+08
         106.62     5.8686e+08
         106.64     5.8723e+08
         106.66     5.8781e+08
         106.68     5.8848e+08
          106.7     5.8932e+08
         106.72     5.9027e+08
         106.74     5.9137e+08
         106.76     5.9261e+08
         106.78     5.9395e+08
          106.8     5.9537e+08
         106.82     5.9694e+08
         106.84     5.9859e+08
         106.86      6.003e+08
         106.88     6.0212e+08
          106.9     6.0396e+08
         106.92     6.0592e+08
         106.94     6.0788e+08
         106.96     6.0986e+08
         106.98      6.119e+08
            107     6.1393e+08
         107.02     6.1597e+08
         107.04     6.1795e+08
         107.06     6.1994e+08
         107.08     6.2192e+08
          107.1     6.2384e+08
         107.12     6.2568e+08
         107.14      6.275e+08
         107.16     6.2928e+08
         107.18     6.3092e+08
          107.2     6.3251e+08
         107.22     6.3401e+08
         107.24     6.3545e+08
         107.26     6.3671e+08
         107.28     6.3788e+08
          107.3     6.3894e+08
         107.32     6.3991e+08
         107.34      6.407e+08
         107.36     6.4136e+08
         107.38     6.4193e+08
          107.4     6.4231e+08
         107.42     6.4258e+08
         107.44     6.4266e+08
         107.46     6.4267e+08
         107.48     6.4251e+08
          107.5     6.4225e+08
         107.52     6.4183e+08
         107.54     6.4133e+08
         107.56      6.407e+08
         107.58     6.3999e+08
          107.6      6.392e+08
         107.62      6.383e+08
         107.64     6.3735e+08
         107.66     6.3632e+08
         107.68      6.352e+08
          107.7     6.3399e+08
         107.72     6.3275e+08
         107.74     6.3148e+08
         107.76     6.3009e+08
         107.78      6.287e+08
          107.8     6.2724e+08
         107.82     6.2582e+08
         107.84      6.243e+08
         107.86     6.2282e+08
         107.88     6.2131e+08
          107.9     6.1985e+08
         107.92     6.1838e+08
         107.94     6.1692e+08
         107.96     6.1549e+08
         107.98     6.1411e+08
            108     6.1279e+08
         108.02     6.1147e+08
         108.04     6.1023e+08
         108.06     6.0906e+08
         108.08     6.0797e+08
          108.1     6.0692e+08
         108.12     6.0594e+08
         108.14     6.0505e+08
         108.16     6.0423e+08
         108.18      6.035e+08
          108.2     6.0281e+08
         108.22     6.0222e+08
         108.24      6.017e+08
         108.26     6.0128e+08
         108.28     6.0089e+08
          108.3      6.006e+08
         108.32     6.0038e+08
         108.34     6.0036e+08
         108.36     6.0046e+08
         108.38     6.0078e+08
          108.4     6.0125e+08
         108.42     6.0189e+08
         108.44     6.0261e+08
         108.46     6.0344e+08
         108.48     6.0433e+08
          108.5      6.053e+08
         108.52     6.0631e+08
         108.54     6.0736e+08
         108.56      6.084e+08
         108.58     6.0946e+08
          108.6     6.1051e+08
         108.62     6.1153e+08
         108.64     6.1247e+08
         108.66      6.134e+08
         108.68     6.1427e+08
          108.7     6.1509e+08
         108.72     6.1579e+08
         108.74     6.1643e+08
         108.76     6.1698e+08
         108.78     6.1746e+08
          108.8     6.1782e+08
         108.82     6.1807e+08
         108.84     6.1822e+08
         108.86     6.1826e+08
         108.88     6.1818e+08
          108.9       6.18e+08
         108.92      6.177e+08
         108.94      6.173e+08
         108.96     6.1681e+08
         108.98      6.162e+08
            109     6.1547e+08
         109.02     6.1464e+08
         109.04     6.1375e+08
         109.06     6.1271e+08
         109.08     6.1161e+08
          109.1     6.1036e+08
         109.12     6.0913e+08
         109.14     6.0779e+08
         109.16     6.0638e+08
         109.18     6.0489e+08
          109.2     6.0336e+08
         109.22     6.0182e+08
         109.24     6.0016e+08
         109.26     5.9854e+08
         109.28     5.9683e+08
          109.3      5.952e+08
         109.32      5.935e+08
         109.34     5.9184e+08
         109.36     5.9017e+08
         109.38     5.8854e+08
          109.4     5.8698e+08
         109.42     5.8538e+08
         109.44     5.8387e+08
         109.46     5.8235e+08
         109.48     5.8094e+08
          109.5     5.7958e+08
         109.52     5.7822e+08
         109.54     5.7695e+08
         109.56     5.7568e+08
         109.58     5.7456e+08
          109.6      5.734e+08
         109.62     5.7233e+08
         109.64     5.7129e+08
         109.66     5.7028e+08
         109.68     5.6937e+08
          109.7     5.6845e+08
         109.72      5.676e+08
         109.74     5.6676e+08
         109.76     5.6599e+08
         109.78     5.6524e+08
          109.8     5.6449e+08
         109.82     5.6381e+08
         109.84     5.6312e+08
         109.86     5.6248e+08
         109.88     5.6186e+08
          109.9     5.6123e+08
         109.92     5.6063e+08
         109.94     5.6001e+08
         109.96     5.5947e+08
         109.98     5.5889e+08
            110     5.5833e+08
         110.02     5.5776e+08
         110.04     5.5713e+08
         110.06     5.5661e+08
         110.08     5.5604e+08
          110.1     5.5549e+08
         110.12     5.5491e+08
         110.14      5.543e+08
         110.16     5.5376e+08
         110.18      5.532e+08
          110.2     5.5261e+08
         110.22     5.5202e+08
         110.24     5.5141e+08
         110.26     5.5085e+08
         110.28     5.5027e+08
          110.3     5.4966e+08
         110.32     5.4907e+08
         110.34     5.4846e+08
         110.36      5.479e+08
         110.38     5.4731e+08
          110.4     5.4674e+08
         110.42     5.4619e+08
         110.44     5.4562e+08
         110.46     5.4509e+08
         110.48     5.4451e+08
          110.5     5.4393e+08
         110.52     5.4334e+08
         110.54     5.4272e+08
         110.56     5.4209e+08
         110.58     5.4145e+08
          110.6     5.4074e+08
         110.62     5.4003e+08
         110.64     5.3928e+08
         110.66     5.3851e+08
         110.68     5.3772e+08
          110.7     5.3686e+08
         110.72     5.3597e+08
         110.74     5.3504e+08
         110.76     5.3412e+08
         110.78     5.3316e+08
          110.8     5.3211e+08
         110.82     5.3107e+08
         110.84     5.2999e+08
         110.86     5.2887e+08
         110.88     5.2775e+08
          110.9     5.2657e+08
         110.92     5.2537e+08
         110.94     5.2416e+08
         110.96      5.229e+08
         110.98     5.2165e+08
            111     5.2036e+08
         111.02     5.1905e+08
         111.04     5.1775e+08
         111.06     5.1642e+08
         111.08      5.151e+08
          111.1     5.1378e+08
         111.12      5.124e+08
         111.14     5.1107e+08
         111.16     5.0973e+08
         111.18     5.0837e+08
          111.2     5.0705e+08
         111.22     5.0569e+08
         111.24     5.0437e+08
         111.26     5.0306e+08
         111.28     5.0171e+08
          111.3     5.0041e+08
         111.32     4.9911e+08
         111.34     4.9781e+08
         111.36     4.9655e+08
         111.38     4.9527e+08
          111.4     4.9401e+08
         111.42     4.9279e+08
         111.44     4.9159e+08
         111.46     4.9044e+08
         111.48     4.8937e+08
          111.5     4.8835e+08
         111.52     4.8738e+08
         111.54     4.8648e+08
         111.56     4.8565e+08
         111.58     4.8482e+08
          111.6     4.8403e+08
         111.62     4.8327e+08
         111.64     4.8256e+08
         111.66     4.8187e+08
         111.68     4.8118e+08
          111.7      4.805e+08
         111.72     4.7983e+08
         111.74     4.7919e+08
         111.76     4.7856e+08
         111.78     4.7791e+08
          111.8      4.773e+08
         111.82     4.7665e+08
         111.84       4.76e+08
         111.86     4.7538e+08
         111.88     4.7475e+08
          111.9     4.7409e+08
         111.92     4.7344e+08
         111.94     4.7277e+08
         111.96      4.721e+08
         111.98     4.7143e+08
            112     4.7074e+08
         112.02     4.7005e+08
         112.04     4.6935e+08
         112.06     4.6861e+08
         112.08      4.679e+08
          112.1     4.6719e+08
         112.12     4.6641e+08
         112.14     4.6565e+08
         112.16     4.6491e+08
         112.18     4.6411e+08
          112.2      4.633e+08
         112.22     4.6252e+08
         112.24     4.6168e+08
         112.26     4.6086e+08
         112.28     4.6003e+08
          112.3     4.5915e+08
         112.32     4.5831e+08
         112.34     4.5746e+08
         112.36     4.5653e+08
         112.38     4.5565e+08
          112.4     4.5476e+08
         112.42     4.5381e+08
         112.44     4.5292e+08
         112.46     4.5201e+08
         112.48     4.5103e+08
          112.5     4.5009e+08
         112.52     4.4916e+08
         112.54      4.482e+08
         112.56     4.4725e+08
         112.58     4.4631e+08
          112.6     4.4532e+08
         112.62     4.4437e+08
         112.64     4.4342e+08
         112.66     4.4245e+08
         112.68     4.4152e+08
          112.7     4.4058e+08
         112.72     4.3961e+08
         112.74     4.3868e+08
         112.76     4.3777e+08
         112.78     4.3685e+08
          112.8     4.3595e+08
         112.82     4.3505e+08
         112.84     4.3414e+08
         112.86     4.3328e+08
         112.88     4.3242e+08
          112.9     4.3156e+08
         112.92     4.3072e+08
         112.94     4.2986e+08
         112.96       4.29e+08
         112.98     4.2819e+08
            113     4.2736e+08
         113.02     4.2653e+08
         113.04     4.2571e+08
         113.06     4.2486e+08
         113.08     4.2404e+08
          113.1     4.2324e+08
         113.12     4.2239e+08
         113.14     4.2156e+08
         113.16     4.2074e+08
         113.18     4.1989e+08
          113.2     4.1905e+08
         113.22     4.1822e+08
         113.24     4.1736e+08
         113.26     4.1652e+08
         113.28     4.1565e+08
          113.3     4.1478e+08
         113.32     4.1391e+08
         113.34     4.1303e+08
         113.36     4.1215e+08
         113.38     4.1127e+08
          113.4     4.1038e+08
         113.42     4.0949e+08
         113.44     4.0857e+08
         113.46     4.0766e+08
         113.48     4.0676e+08
          113.5     4.0584e+08
         113.52     4.0491e+08
         113.54     4.0398e+08
         113.56     4.0305e+08
         113.58     4.0212e+08
          113.6     4.0117e+08
         113.62     4.0023e+08
         113.64      3.993e+08
         113.66     3.9832e+08
         113.68     3.9738e+08
          113.7     3.9646e+08
         113.72     3.9548e+08
         113.74     3.9454e+08
         113.76     3.9362e+08
         113.78     3.9264e+08
          113.8     3.9169e+08
         113.82     3.9079e+08
         113.84     3.8985e+08
         113.86      3.889e+08
         113.88       3.88e+08
          113.9     3.8709e+08
         113.92     3.8614e+08
         113.94     3.8523e+08
         113.96     3.8435e+08
         113.98     3.8343e+08
            114     3.8256e+08
         114.02     3.8169e+08
         114.04     3.8081e+08
         114.06     3.7993e+08
         114.08      3.791e+08
          114.1     3.7827e+08
         114.12     3.7742e+08
         114.14     3.7661e+08
         114.16     3.7581e+08
         114.18     3.7496e+08
          114.2     3.7417e+08
         114.22     3.7343e+08
         114.24     3.7264e+08
         114.26     3.7185e+08
         114.28      3.711e+08
          114.3     3.7034e+08
         114.32     3.6957e+08
         114.34     3.6886e+08
         114.36     3.6816e+08
         114.38     3.6744e+08
          114.4     3.6671e+08
         114.42     3.6603e+08
         114.44     3.6535e+08
         114.46     3.6466e+08
         114.48     3.6401e+08
          114.5     3.6338e+08
         114.52     3.6275e+08
         114.54     3.6213e+08
         114.56     3.6153e+08
         114.58     3.6095e+08
          114.6     3.6035e+08
         114.62     3.5979e+08
         114.64     3.5923e+08
         114.66     3.5865e+08
         114.68     3.5808e+08
          114.7     3.5753e+08
         114.72     3.5697e+08
         114.74     3.5639e+08
         114.76     3.5585e+08
         114.78     3.5529e+08
          114.8     3.5472e+08
         114.82     3.5414e+08
         114.84     3.5359e+08
         114.86     3.5302e+08
         114.88     3.5243e+08
          114.9     3.5185e+08
         114.92     3.5128e+08
         114.94     3.5069e+08
         114.96     3.5008e+08
         114.98     3.4951e+08
            115     3.4892e+08
         115.02      3.483e+08
         115.04      3.477e+08
         115.06      3.471e+08
         115.08     3.4649e+08
          115.1     3.4586e+08
         115.12     3.4526e+08
         115.14     3.4464e+08
         115.16     3.4398e+08
         115.18     3.4335e+08
          115.2     3.4274e+08
         115.22     3.4209e+08
         115.24     3.4142e+08
         115.26     3.4078e+08
         115.28     3.4015e+08
          115.3     3.3946e+08
         115.32     3.3879e+08
         115.34     3.3816e+08
         115.36     3.3747e+08
         115.38     3.3676e+08
          115.4     3.3609e+08
         115.42     3.3544e+08
         115.44     3.3471e+08
         115.46     3.3399e+08
         115.48     3.3331e+08
          115.5     3.3263e+08
         115.52     3.3188e+08
         115.54     3.3117e+08
         115.56     3.3047e+08
         115.58     3.2973e+08
          115.6     3.2898e+08
         115.62     3.2827e+08
         115.64     3.2756e+08
         115.66     3.2678e+08
         115.68     3.2603e+08
          115.7      3.253e+08
         115.72     3.2455e+08
         115.74     3.2378e+08
         115.76     3.2305e+08
         115.78     3.2231e+08
          115.8     3.2153e+08
         115.82     3.2076e+08
         115.84     3.2002e+08
         115.86     3.1927e+08
         115.88     3.1849e+08
          115.9     3.1774e+08
         115.92     3.1702e+08
         115.94     3.1627e+08
         115.96      3.155e+08
         115.98     3.1477e+08
            116     3.1408e+08
         116.02     3.1336e+08
         116.04     3.1266e+08
         116.06     3.1201e+08
         116.08     3.1137e+08
          116.1      3.107e+08
         116.12     3.1005e+08
         116.14     3.0947e+08
         116.16     3.0887e+08
         116.18     3.0825e+08
          116.2     3.0767e+08
         116.22     3.0712e+08
         116.24     3.0655e+08
         116.26     3.0596e+08
         116.28     3.0539e+08
          116.3     3.0485e+08
         116.32      3.043e+08
         116.34     3.0374e+08
         116.36     3.0321e+08
         116.38     3.0266e+08
          116.4      3.021e+08
         116.42     3.0155e+08
         116.44     3.0102e+08
         116.46     3.0049e+08
         116.48     2.9993e+08
          116.5     2.9938e+08
         116.52     2.9884e+08
         116.54     2.9828e+08
         116.56     2.9772e+08
         116.58     2.9718e+08
          116.6     2.9664e+08
         116.62     2.9606e+08
         116.64     2.9549e+08
         116.66     2.9493e+08
         116.68     2.9438e+08
          116.7     2.9379e+08
         116.72     2.9321e+08
         116.74     2.9265e+08
         116.76     2.9207e+08
         116.78     2.9147e+08
          116.8     2.9088e+08
         116.82     2.9029e+08
         116.84     2.8971e+08
         116.86      2.891e+08
         116.88     2.8851e+08
          116.9     2.8792e+08
         116.92      2.873e+08
         116.94     2.8667e+08
         116.96     2.8607e+08
         116.98     2.8548e+08
            117     2.8486e+08
         117.02     2.8422e+08
         117.04      2.836e+08
         117.06       2.83e+08
         117.08     2.8236e+08
          117.1      2.817e+08
         117.12     2.8109e+08
         117.14     2.8049e+08
         117.16     2.7984e+08
         117.18     2.7919e+08
          117.2     2.7857e+08
         117.22     2.7796e+08
         117.24     2.7731e+08
         117.26     2.7665e+08
         117.28     2.7603e+08
          117.3     2.7541e+08
         117.32     2.7478e+08
         117.34     2.7412e+08
         117.36      2.735e+08
         117.38     2.7288e+08
          117.4     2.7224e+08
         117.42     2.7159e+08
         117.44     2.7098e+08
         117.46     2.7037e+08
         117.48     2.6974e+08
          117.5     2.6909e+08
         117.52     2.6847e+08
         117.54     2.6788e+08
         117.56     2.6727e+08
         117.58     2.6664e+08
          117.6     2.6603e+08
         117.62     2.6543e+08
         117.64     2.6483e+08
         117.66     2.6422e+08
         117.68     2.6363e+08
          117.7     2.6304e+08
         117.72     2.6244e+08
         117.74     2.6186e+08
         117.76     2.6129e+08
         117.78     2.6071e+08
          117.8     2.6012e+08
         117.82     2.5954e+08
         117.84     2.5897e+08
         117.86     2.5841e+08
         117.88     2.5784e+08
          117.9     2.5728e+08
         117.92     2.5673e+08
         117.94     2.5616e+08
         117.96      2.556e+08
         117.98     2.5505e+08
            118     2.5451e+08
         118.02     2.5396e+08
         118.04      2.534e+08
         118.06     2.5285e+08
         118.08     2.5232e+08
          118.1     2.5177e+08
         118.12     2.5122e+08
         118.14     2.5068e+08
         118.16     2.5016e+08
         118.18     2.4962e+08
          118.2     2.4906e+08
         118.22      2.485e+08
         118.24     2.4798e+08
         118.26     2.4746e+08
         118.28      2.469e+08
          118.3     2.4635e+08
         118.32     2.4582e+08
         118.34     2.4529e+08
         118.36     2.4473e+08
         118.38     2.4418e+08
          118.4     2.4365e+08
         118.42     2.4312e+08
         118.44     2.4257e+08
         118.46     2.4203e+08
         118.48     2.4149e+08
          118.5     2.4096e+08
         118.52     2.4041e+08
         118.54     2.3986e+08
         118.56     2.3931e+08
         118.58     2.3878e+08
          118.6     2.3825e+08
         118.62     2.3771e+08
         118.64     2.3715e+08
         118.66      2.366e+08
         118.68     2.3608e+08
          118.7     2.3555e+08
         118.72     2.3501e+08
         118.74     2.3445e+08
         118.76     2.3391e+08
         118.78     2.3338e+08
          118.8     2.3285e+08
         118.82      2.323e+08
         118.84     2.3176e+08
         118.86     2.3123e+08
         118.88      2.307e+08
          118.9     2.3017e+08
         118.92     2.2963e+08
         118.94      2.291e+08
         118.96     2.2857e+08
         118.98     2.2805e+08
            119     2.2751e+08
         119.02     2.2698e+08
         119.04     2.2646e+08
         119.06     2.2595e+08
         119.08     2.2542e+08
          119.1     2.2488e+08
         119.12     2.2435e+08
         119.14     2.2386e+08
         119.16     2.2337e+08
         119.18     2.2285e+08
          119.2     2.2231e+08
         119.22      2.218e+08
         119.24     2.2131e+08
         119.26     2.2082e+08
         119.28     2.2031e+08
          119.3     2.1979e+08
         119.32      2.193e+08
         119.34     2.1883e+08
         119.36     2.1833e+08
         119.38     2.1782e+08
          119.4     2.1732e+08
         119.42     2.1686e+08
         119.44     2.1637e+08
         119.46     2.1589e+08
         119.48      2.154e+08
          119.5     2.1493e+08
         119.52     2.1446e+08
         119.54     2.1398e+08
         119.56      2.135e+08
         119.58     2.1304e+08
          119.6     2.1258e+08
         119.62     2.1213e+08
         119.64     2.1166e+08
         119.66     2.1119e+08
         119.68     2.1073e+08
          119.7     2.1028e+08
         119.72     2.0984e+08
         119.74     2.0939e+08
         119.76     2.0894e+08
         119.78     2.0848e+08
          119.8     2.0804e+08
         119.82     2.0759e+08
         119.84     2.0715e+08
         119.86     2.0671e+08
         119.88     2.0626e+08
          119.9     2.0584e+08
         119.92     2.0541e+08
         119.94     2.0497e+08
         119.96     2.0453e+08
         119.98      2.041e+08
            120     2.0369e+08
         120.02     2.0326e+08
         120.04     2.0283e+08
         120.06      2.024e+08
         120.08     2.0198e+08
          120.1     2.0156e+08
         120.12     2.0113e+08
         120.14     2.0069e+08
         120.16     2.0027e+08
         120.18     1.9986e+08
          120.2     1.9944e+08
         120.22     1.9901e+08
         120.24     1.9857e+08
         120.26     1.9813e+08
         120.28     1.9771e+08
          120.3     1.9729e+08
         120.32     1.9687e+08
         120.34     1.9643e+08
         120.36     1.9599e+08
         120.38     1.9557e+08
          120.4     1.9514e+08
         120.42     1.9471e+08
         120.44     1.9428e+08
         120.46     1.9385e+08
         120.48     1.9341e+08
          120.5     1.9299e+08
         120.52     1.9256e+08
         120.54     1.9213e+08
         120.56     1.9169e+08
         120.58     1.9126e+08
          120.6     1.9082e+08
         120.62      1.904e+08
         120.64     1.8997e+08
         120.66     1.8954e+08
         120.68      1.891e+08
          120.7     1.8866e+08
         120.72     1.8824e+08
         120.74     1.8781e+08
         120.76     1.8738e+08
         120.78     1.8694e+08
          120.8     1.8651e+08
         120.82     1.8608e+08
         120.84     1.8564e+08
         120.86      1.852e+08
         120.88     1.8477e+08
          120.9     1.8434e+08
         120.92     1.8393e+08
         120.94     1.8349e+08
         120.96     1.8303e+08
         120.98     1.8259e+08
            121     1.8217e+08
         121.02     1.8175e+08
         121.04     1.8131e+08
         121.06     1.8086e+08
         121.08     1.8041e+08
          121.1        1.8e+08
         121.12     1.7958e+08
         121.14     1.7914e+08
         121.16     1.7868e+08
         121.18     1.7824e+08
          121.2     1.7782e+08
         121.22      1.774e+08
         121.24     1.7698e+08
         121.26     1.7654e+08
         121.28      1.761e+08
          121.3     1.7568e+08
         121.32     1.7526e+08
         121.34     1.7483e+08
         121.36     1.7441e+08
         121.38     1.7399e+08
          121.4     1.7358e+08
         121.42     1.7317e+08
         121.44     1.7276e+08
         121.46     1.7235e+08
         121.48     1.7196e+08
          121.5     1.7157e+08
         121.52     1.7119e+08
         121.54      1.708e+08
         121.56     1.7043e+08
         121.58     1.7008e+08
          121.6     1.6973e+08
         121.62     1.6939e+08
         121.64     1.6904e+08
         121.66      1.687e+08
         121.68     1.6837e+08
          121.7     1.6804e+08
         121.72     1.6773e+08
         121.74      1.674e+08
         121.76     1.6708e+08
         121.78     1.6676e+08
          121.8     1.6645e+08
         121.82     1.6614e+08
         121.84     1.6582e+08
         121.86      1.655e+08
         121.88     1.6518e+08
          121.9     1.6487e+08
         121.92     1.6457e+08
         121.94     1.6425e+08
         121.96     1.6393e+08
         121.98     1.6361e+08
            122      1.633e+08
         122.02     1.6299e+08
         122.04     1.6268e+08
         122.06     1.6237e+08
         122.08     1.6206e+08
          122.1     1.6175e+08
         122.12     1.6146e+08
         122.14     1.6117e+08
         122.16     1.6089e+08
         122.18     1.6061e+08
          122.2     1.6033e+08
         122.22     1.6006e+08
         122.24     1.5981e+08
         122.26     1.5956e+08
         122.28     1.5932e+08
          122.3     1.5908e+08
         122.32     1.5885e+08
         122.34     1.5863e+08
         122.36     1.5841e+08
         122.38      1.582e+08
          122.4     1.5799e+08
         122.42     1.5777e+08
         122.44     1.5755e+08
         122.46     1.5733e+08
         122.48      1.571e+08
          122.5     1.5688e+08
         122.52     1.5664e+08
         122.54     1.5641e+08
         122.56     1.5616e+08
         122.58     1.5591e+08
          122.6     1.5566e+08
         122.62     1.5539e+08
         122.64     1.5513e+08
         122.66     1.5486e+08
         122.68      1.546e+08
          122.7     1.5433e+08
         122.72     1.5404e+08
         122.74     1.5374e+08
         122.76     1.5345e+08
         122.78     1.5316e+08
          122.8     1.5287e+08
         122.82     1.5257e+08
         122.84     1.5225e+08
         122.86     1.5193e+08
         122.88      1.516e+08
          122.9     1.5128e+08
         122.92     1.5095e+08
         122.94      1.506e+08
         122.96     1.5025e+08
         122.98      1.499e+08
            123     1.4956e+08
         123.02     1.4922e+08
         123.04     1.4886e+08
         123.06      1.485e+08
         123.08     1.4815e+08
          123.1     1.4782e+08
         123.12     1.4753e+08
         123.14     1.4724e+08
         123.16     1.4696e+08
         123.18     1.4668e+08
          123.2     1.4642e+08
         123.22     1.4619e+08
         123.24     1.4597e+08
         123.26     1.4576e+08
         123.28     1.4555e+08
          123.3     1.4535e+08
         123.32     1.4514e+08
         123.34     1.4496e+08
         123.36     1.4479e+08
         123.38     1.4461e+08
          123.4     1.4442e+08
         123.42     1.4422e+08
         123.44     1.4402e+08
         123.46     1.4382e+08
         123.48     1.4362e+08
          123.5      1.434e+08
         123.52     1.4317e+08
         123.54     1.4292e+08
         123.56     1.4267e+08
         123.58     1.4243e+08
          123.6     1.4217e+08
         123.62     1.4191e+08
         123.64     1.4165e+08
         123.66     1.4139e+08
         123.68     1.4112e+08
          123.7     1.4084e+08
         123.72     1.4057e+08
         123.74      1.403e+08
         123.76     1.4003e+08
         123.78     1.3976e+08
          123.8      1.395e+08
         123.82     1.3924e+08
         123.84     1.3897e+08
         123.86     1.3869e+08
         123.88     1.3841e+08
          123.9     1.3814e+08
         123.92     1.3788e+08
         123.94      1.376e+08
         123.96     1.3732e+08
         123.98     1.3706e+08
            124     1.3681e+08
         124.02     1.3657e+08
         124.04     1.3633e+08
         124.06     1.3612e+08
         124.08     1.3591e+08
          124.1     1.3575e+08
         124.12      1.356e+08
         124.14     1.3549e+08
         124.16     1.3539e+08
         124.18     1.3531e+08
          124.2     1.3524e+08
         124.22     1.3521e+08
         124.24      1.352e+08
         124.26     1.3522e+08
         124.28     1.3523e+08
          124.3     1.3525e+08
         124.32     1.3527e+08
         124.34      1.353e+08
         124.36     1.3534e+08
         124.38     1.3537e+08
          124.4      1.354e+08
         124.42      1.354e+08
         124.44     1.3538e+08
         124.46     1.3534e+08
         124.48     1.3528e+08
          124.5     1.3519e+08
         124.52     1.3508e+08
         124.54     1.3495e+08
         124.56      1.348e+08
         124.58     1.3463e+08
          124.6     1.3445e+08
         124.62     1.3425e+08
         124.64     1.3403e+08
         124.66     1.3381e+08
         124.68     1.3358e+08
          124.7     1.3334e+08
         124.72      1.331e+08
         124.74     1.3286e+08
         124.76     1.3262e+08
         124.78     1.3237e+08
          124.8     1.3213e+08
         124.82     1.3188e+08
         124.84     1.3164e+08
         124.86      1.314e+08
         124.88     1.3115e+08
          124.9     1.3092e+08
         124.92     1.3068e+08
         124.94     1.3045e+08
         124.96     1.3022e+08
         124.98     1.2999e+08
            125     1.2977e+08
         125.02     1.2958e+08
         125.04      1.294e+08
         125.06     1.2926e+08
         125.08     1.2915e+08
          125.1     1.2907e+08
         125.12     1.2902e+08
         125.14     1.2901e+08
         125.16     1.2904e+08
         125.18      1.291e+08
          125.2     1.2919e+08
         125.22     1.2931e+08
         125.24     1.2945e+08
         125.26     1.2961e+08
         125.28     1.2978e+08
          125.3     1.2998e+08
         125.32     1.3018e+08
         125.34     1.3038e+08
         125.36     1.3056e+08
         125.38     1.3074e+08
          125.4     1.3091e+08
         125.42     1.3107e+08
         125.44     1.3121e+08
         125.46     1.3131e+08
         125.48     1.3137e+08
          125.5     1.3141e+08
         125.52     1.3142e+08
         125.54     1.3142e+08
         125.56      1.314e+08
         125.58     1.3135e+08
          125.6     1.3126e+08
         125.62     1.3117e+08
         125.64     1.3106e+08
         125.66     1.3096e+08
         125.68     1.3083e+08
          125.7      1.307e+08
         125.72     1.3054e+08
         125.74     1.3038e+08
         125.76      1.302e+08
         125.78     1.3003e+08
          125.8     1.2986e+08
         125.82     1.2968e+08
         125.84     1.2949e+08
         125.86      1.293e+08
         125.88     1.2911e+08
          125.9     1.2893e+08
         125.92     1.2874e+08
         125.94     1.2857e+08
         125.96      1.284e+08
         125.98     1.2823e+08
            126     1.2806e+08
         126.02     1.2792e+08
         126.04      1.278e+08
         126.06     1.2772e+08
         126.08     1.2769e+08
          126.1     1.2769e+08
         126.12     1.2773e+08
         126.14     1.2782e+08
         126.16     1.2795e+08
         126.18     1.2812e+08
          126.2     1.2833e+08
         126.22     1.2859e+08
         126.24     1.2887e+08
         126.26     1.2918e+08
         126.28     1.2952e+08
          126.3     1.2987e+08
         126.32     1.3025e+08
         126.34     1.3063e+08
         126.36     1.3101e+08
         126.38      1.314e+08
          126.4     1.3177e+08
         126.42     1.3212e+08
         126.44     1.3246e+08
         126.46     1.3276e+08
         126.48     1.3303e+08
          126.5     1.3326e+08
         126.52     1.3347e+08
         126.54     1.3364e+08
         126.56     1.3378e+08
         126.58     1.3389e+08
          126.6     1.3399e+08
         126.62     1.3407e+08
         126.64     1.3414e+08
         126.66     1.3418e+08
         126.68     1.3421e+08
          126.7     1.3422e+08
         126.72     1.3422e+08
         126.74     1.3421e+08
         126.76     1.3419e+08
         126.78     1.3415e+08
          126.8     1.3411e+08
         126.82     1.3405e+08
         126.84     1.3399e+08
         126.86     1.3393e+08
         126.88     1.3386e+08
          126.9     1.3378e+08
         126.92     1.3369e+08
         126.94      1.336e+08
         126.96     1.3351e+08
         126.98     1.3342e+08
            127     1.3336e+08
         127.02     1.3331e+08
         127.04      1.333e+08
         127.06     1.3331e+08
         127.08     1.3336e+08
          127.1     1.3345e+08
         127.12      1.336e+08
         127.14      1.338e+08
         127.16     1.3406e+08
         127.18     1.3436e+08
          127.2     1.3469e+08
         127.22     1.3507e+08
         127.24     1.3549e+08
         127.26     1.3594e+08
         127.28     1.3642e+08
          127.3     1.3692e+08
         127.32     1.3743e+08
         127.34     1.3795e+08
         127.36     1.3847e+08
         127.38     1.3897e+08
          127.4     1.3946e+08
         127.42     1.3992e+08
         127.44     1.4035e+08
         127.46     1.4074e+08
         127.48      1.411e+08
          127.5     1.4144e+08
         127.52     1.4175e+08
         127.54     1.4204e+08
         127.56     1.4231e+08
         127.58     1.4257e+08
          127.6      1.428e+08
         127.62     1.4301e+08
         127.64     1.4321e+08
         127.66      1.434e+08
         127.68     1.4358e+08
          127.7     1.4375e+08
         127.72     1.4391e+08
         127.74     1.4405e+08
         127.76     1.4418e+08
         127.78      1.443e+08
          127.8     1.4441e+08
         127.82     1.4453e+08
         127.84     1.4464e+08
         127.86     1.4474e+08
         127.88     1.4483e+08
          127.9     1.4492e+08
         127.92     1.4501e+08
         127.94      1.451e+08
         127.96     1.4519e+08
         127.98     1.4528e+08
            128      1.454e+08
         128.02     1.4553e+08
         128.04     1.4571e+08
         128.06     1.4593e+08
         128.08     1.4621e+08
          128.1     1.4654e+08
         128.12     1.4692e+08
         128.14     1.4737e+08
         128.16     1.4787e+08
         128.18     1.4843e+08
          128.2     1.4905e+08
         128.22     1.4972e+08
         128.24     1.5044e+08
         128.26     1.5118e+08
         128.28     1.5196e+08
          128.3     1.5275e+08
         128.32     1.5355e+08
         128.34     1.5435e+08
         128.36     1.5515e+08
         128.38     1.5594e+08
          128.4     1.5669e+08
         128.42     1.5741e+08
         128.44     1.5809e+08
         128.46     1.5872e+08
         128.48     1.5929e+08
          128.5     1.5982e+08
         128.52      1.603e+08
         128.54     1.6075e+08
         128.56     1.6116e+08
         128.58     1.6154e+08
          128.6     1.6189e+08
         128.62     1.6222e+08
         128.64     1.6253e+08
         128.66     1.6282e+08
         128.68     1.6309e+08
          128.7     1.6335e+08
         128.72      1.636e+08
         128.74     1.6384e+08
         128.76     1.6407e+08
         128.78      1.643e+08
          128.8     1.6451e+08
         128.82     1.6472e+08
         128.84     1.6491e+08
         128.86      1.651e+08
         128.88     1.6528e+08
          128.9     1.6545e+08
         128.92     1.6561e+08
         128.94     1.6578e+08
         128.96     1.6594e+08
         128.98      1.661e+08
            129     1.6628e+08
         129.02     1.6649e+08
         129.04     1.6672e+08
         129.06       1.67e+08
         129.08     1.6733e+08
          129.1     1.6772e+08
         129.12     1.6817e+08
         129.14     1.6869e+08
         129.16     1.6929e+08
         129.18     1.6995e+08
          129.2     1.7067e+08
         129.22     1.7145e+08
         129.24     1.7228e+08
         129.26     1.7315e+08
         129.28     1.7407e+08
          129.3     1.7502e+08
         129.32     1.7598e+08
         129.34     1.7694e+08
         129.36      1.779e+08
         129.38     1.7883e+08
          129.4     1.7974e+08
         129.42     1.8062e+08
         129.44     1.8145e+08
         129.46     1.8223e+08
         129.48     1.8294e+08
          129.5     1.8359e+08
         129.52     1.8419e+08
         129.54     1.8476e+08
         129.56     1.8529e+08
         129.58     1.8579e+08
          129.6     1.8627e+08
         129.62     1.8671e+08
         129.64     1.8713e+08
         129.66     1.8751e+08
         129.68     1.8789e+08
          129.7     1.8825e+08
         129.72      1.886e+08
         129.74     1.8894e+08
         129.76     1.8926e+08
         129.78     1.8957e+08
          129.8     1.8986e+08
         129.82     1.9014e+08
         129.84     1.9042e+08
         129.86     1.9069e+08
         129.88     1.9095e+08
          129.9      1.912e+08
         129.92     1.9145e+08
         129.94     1.9169e+08
         129.96     1.9192e+08
         129.98     1.9215e+08
            130      1.924e+08
         130.02     1.9268e+08
         130.04       1.93e+08
         130.06     1.9336e+08
         130.08     1.9376e+08
          130.1     1.9422e+08
         130.12     1.9474e+08
         130.14     1.9533e+08
         130.16     1.9598e+08
         130.18     1.9669e+08
          130.2     1.9745e+08
         130.22     1.9825e+08
         130.24      1.991e+08
         130.26     1.9998e+08
         130.28     2.0089e+08
          130.3     2.0182e+08
         130.32     2.0276e+08
         130.34     2.0372e+08
         130.36     2.0466e+08
         130.38     2.0558e+08
          130.4     2.0647e+08
         130.42      2.073e+08
         130.44      2.081e+08
         130.46     2.0885e+08
         130.48     2.0955e+08
          130.5     2.1019e+08
         130.52      2.108e+08
         130.54     2.1136e+08
         130.56     2.1189e+08
         130.58     2.1238e+08
          130.6     2.1283e+08
         130.62     2.1327e+08
         130.64     2.1369e+08
         130.66     2.1408e+08
         130.68     2.1446e+08
          130.7     2.1481e+08
         130.72     2.1515e+08
         130.74     2.1546e+08
         130.76     2.1576e+08
         130.78     2.1606e+08
          130.8     2.1635e+08
         130.82     2.1661e+08
         130.84     2.1688e+08
         130.86     2.1712e+08
         130.88     2.1736e+08
          130.9     2.1758e+08
         130.92     2.1781e+08
         130.94     2.1803e+08
         130.96     2.1825e+08
         130.98     2.1848e+08
            131     2.1873e+08
         131.02       2.19e+08
         131.04     2.1931e+08
         131.06     2.1966e+08
         131.08     2.2006e+08
          131.1     2.2052e+08
         131.12     2.2104e+08
         131.14     2.2161e+08
         131.16     2.2223e+08
         131.18     2.2291e+08
          131.2     2.2364e+08
         131.22     2.2442e+08
         131.24     2.2524e+08
         131.26     2.2609e+08
         131.28     2.2697e+08
          131.3     2.2786e+08
         131.32     2.2876e+08
         131.34     2.2967e+08
         131.36     2.3057e+08
         131.38     2.3145e+08
          131.4     2.3231e+08
         131.42     2.3313e+08
         131.44     2.3391e+08
         131.46     2.3462e+08
         131.48     2.3527e+08
          131.5     2.3589e+08
         131.52     2.3646e+08
         131.54     2.3699e+08
         131.56     2.3748e+08
         131.58     2.3793e+08
          131.6     2.3835e+08
         131.62     2.3873e+08
         131.64     2.3908e+08
         131.66     2.3943e+08
         131.68     2.3974e+08
          131.7     2.4003e+08
         131.72     2.4029e+08
         131.74     2.4054e+08
         131.76     2.4078e+08
         131.78     2.4099e+08
          131.8      2.412e+08
         131.82     2.4139e+08
         131.84     2.4157e+08
         131.86     2.4176e+08
         131.88     2.4193e+08
          131.9     2.4209e+08
         131.92     2.4224e+08
         131.94      2.424e+08
         131.96     2.4255e+08
         131.98     2.4271e+08
            132     2.4289e+08
         132.02     2.4311e+08
         132.04     2.4336e+08
         132.06     2.4366e+08
         132.08     2.4401e+08
          132.1     2.4441e+08
         132.12     2.4486e+08
         132.14     2.4535e+08
         132.16     2.4591e+08
         132.18     2.4652e+08
          132.2     2.4718e+08
         132.22     2.4788e+08
         132.24     2.4861e+08
         132.26     2.4938e+08
         132.28     2.5016e+08
          132.3     2.5098e+08
         132.32     2.5181e+08
         132.34     2.5261e+08
         132.36     2.5341e+08
         132.38     2.5419e+08
          132.4     2.5494e+08
         132.42     2.5563e+08
         132.44     2.5627e+08
         132.46     2.5686e+08
         132.48      2.574e+08
          132.5     2.5787e+08
         132.52      2.583e+08
         132.54     2.5869e+08
         132.56     2.5903e+08
         132.58     2.5933e+08
          132.6     2.5961e+08
         132.62     2.5987e+08
         132.64      2.601e+08
         132.66      2.603e+08
         132.68     2.6049e+08
          132.7     2.6067e+08
         132.72     2.6084e+08
         132.74     2.6099e+08
         132.76     2.6115e+08
         132.78      2.613e+08
          132.8     2.6144e+08
         132.82     2.6158e+08
         132.84     2.6172e+08
         132.86     2.6183e+08
         132.88     2.6195e+08
          132.9     2.6207e+08
         132.92     2.6218e+08
         132.94     2.6228e+08
         132.96     2.6238e+08
         132.98     2.6248e+08
            133      2.626e+08
         133.02     2.6274e+08
         133.04     2.6291e+08
         133.06     2.6312e+08
         133.08     2.6337e+08
          133.1     2.6365e+08
         133.12     2.6401e+08
         133.14     2.6442e+08
         133.16     2.6488e+08
         133.18     2.6539e+08
          133.2     2.6594e+08
         133.22     2.6653e+08
         133.24     2.6715e+08
         133.26     2.6781e+08
         133.28     2.6849e+08
          133.3     2.6916e+08
         133.32     2.6985e+08
         133.34     2.7052e+08
         133.36     2.7118e+08
         133.38     2.7181e+08
          133.4     2.7242e+08
         133.42     2.7299e+08
         133.44     2.7351e+08
         133.46     2.7397e+08
         133.48     2.7438e+08
          133.5     2.7474e+08
         133.52     2.7507e+08
         133.54     2.7536e+08
         133.56     2.7563e+08
         133.58     2.7588e+08
          133.6      2.761e+08
         133.62     2.7629e+08
         133.64     2.7649e+08
         133.66     2.7667e+08
         133.68     2.7685e+08
          133.7     2.7703e+08
         133.72      2.772e+08
         133.74     2.7738e+08
         133.76     2.7755e+08
         133.78     2.7772e+08
          133.8     2.7788e+08
         133.82     2.7801e+08
         133.84     2.7816e+08
         133.86     2.7829e+08
         133.88      2.784e+08
          133.9      2.785e+08
         133.92     2.7859e+08
         133.94     2.7868e+08
         133.96     2.7876e+08
         133.98     2.7883e+08
            134     2.7889e+08
         134.02     2.7899e+08
         134.04     2.7909e+08
         134.06     2.7922e+08
         134.08      2.794e+08
          134.1     2.7962e+08
         134.12     2.7985e+08
         134.14     2.8013e+08
         134.16     2.8047e+08
         134.18     2.8086e+08
          134.2     2.8129e+08
         134.22     2.8176e+08
         134.24     2.8226e+08
         134.26     2.8278e+08
         134.28     2.8334e+08
          134.3     2.8391e+08
         134.32     2.8447e+08
         134.34     2.8504e+08
         134.36     2.8559e+08
         134.38     2.8611e+08
          134.4     2.8659e+08
         134.42     2.8704e+08
         134.44     2.8744e+08
         134.46     2.8781e+08
         134.48     2.8814e+08
          134.5     2.8842e+08
         134.52     2.8866e+08
         134.54     2.8887e+08
         134.56     2.8904e+08
         134.58      2.892e+08
          134.6     2.8933e+08
         134.62     2.8944e+08
         134.64     2.8953e+08
         134.66     2.8961e+08
         134.68     2.8968e+08
          134.7     2.8975e+08
         134.72     2.8981e+08
         134.74     2.8987e+08
         134.76     2.8992e+08
         134.78     2.8997e+08
          134.8     2.9004e+08
         134.82     2.9009e+08
         134.84     2.9012e+08
         134.86     2.9016e+08
         134.88     2.9019e+08
          134.9     2.9019e+08
         134.92     2.9019e+08
         134.94     2.9017e+08
         134.96     2.9016e+08
         134.98     2.9014e+08
            135     2.9011e+08
         135.02     2.9011e+08
         135.04     2.9013e+08
         135.06     2.9014e+08
         135.08     2.9017e+08
          135.1     2.9026e+08
         135.12     2.9038e+08
         135.14     2.9051e+08
         135.16     2.9069e+08
         135.18     2.9089e+08
          135.2     2.9114e+08
         135.22     2.9142e+08
         135.24     2.9172e+08
         135.26     2.9203e+08
         135.28     2.9236e+08
          135.3     2.9271e+08
         135.32     2.9307e+08
         135.34     2.9341e+08
         135.36     2.9375e+08
         135.38     2.9409e+08
          135.4     2.9439e+08
         135.42     2.9466e+08
         135.44     2.9489e+08
         135.46     2.9507e+08
         135.48     2.9523e+08
          135.5     2.9534e+08
         135.52     2.9542e+08
         135.54     2.9549e+08
         135.56     2.9551e+08
         135.58      2.955e+08
          135.6     2.9549e+08
         135.62     2.9546e+08
         135.64     2.9542e+08
         135.66     2.9537e+08
         135.68      2.953e+08
          135.7     2.9522e+08
         135.72     2.9515e+08
         135.74     2.9507e+08
         135.76     2.9497e+08
         135.78     2.9486e+08
          135.8     2.9475e+08
         135.82     2.9464e+08
         135.84     2.9452e+08
         135.86     2.9439e+08
         135.88     2.9427e+08
          135.9     2.9413e+08
         135.92     2.9399e+08
         135.94     2.9382e+08
         135.96     2.9365e+08
         135.98     2.9348e+08
            136     2.9332e+08
         136.02     2.9316e+08
         136.04     2.9303e+08
         136.06      2.929e+08
         136.08     2.9277e+08
          136.1     2.9267e+08
         136.12      2.926e+08
         136.14     2.9255e+08
         136.16     2.9253e+08
         136.18     2.9251e+08
          136.2     2.9252e+08
         136.22     2.9256e+08
         136.24      2.926e+08
         136.26     2.9266e+08
         136.28     2.9269e+08
          136.3     2.9276e+08
         136.32     2.9283e+08
         136.34     2.9287e+08
         136.36      2.929e+08
         136.38     2.9294e+08
          136.4     2.9296e+08
         136.42     2.9298e+08
         136.44     2.9294e+08
         136.46     2.9288e+08
         136.48     2.9282e+08
          136.5     2.9271e+08
         136.52     2.9258e+08
         136.54     2.9245e+08
         136.56      2.923e+08
         136.58     2.9211e+08
          136.6     2.9191e+08
         136.62     2.9171e+08
         136.64     2.9149e+08
         136.66     2.9127e+08
         136.68     2.9103e+08
          136.7     2.9077e+08
         136.72     2.9052e+08
         136.74     2.9026e+08
         136.76        2.9e+08
         136.78     2.8971e+08
          136.8     2.8945e+08
         136.82     2.8919e+08
         136.84      2.889e+08
         136.86     2.8861e+08
         136.88     2.8833e+08
          136.9     2.8805e+08
         136.92     2.8778e+08
         136.94     2.8749e+08
         136.96      2.872e+08
         136.98     2.8692e+08
            137     2.8664e+08
         137.02     2.8636e+08
         137.04     2.8611e+08
         137.06     2.8587e+08
         137.08     2.8562e+08
          137.1     2.8537e+08
         137.12     2.8514e+08
         137.14     2.8492e+08
         137.16     2.8471e+08
         137.18     2.8449e+08
          137.2     2.8428e+08
         137.22     2.8408e+08
         137.24     2.8392e+08
         137.26     2.8376e+08
         137.28     2.8357e+08
          137.3     2.8342e+08
         137.32     2.8326e+08
         137.34     2.8309e+08
         137.36     2.8292e+08
         137.38     2.8272e+08
          137.4     2.8254e+08
         137.42     2.8236e+08
         137.44     2.8214e+08
         137.46     2.8192e+08
         137.48      2.817e+08
          137.5     2.8145e+08
         137.52     2.8118e+08
         137.54     2.8092e+08
         137.56     2.8064e+08
         137.58     2.8034e+08
          137.6     2.8003e+08
         137.62      2.797e+08
         137.64     2.7936e+08
         137.66     2.7902e+08
         137.68     2.7867e+08
          137.7      2.783e+08
         137.72     2.7792e+08
         137.74     2.7756e+08
         137.76     2.7719e+08
         137.78      2.768e+08
          137.8     2.7643e+08
         137.82     2.7606e+08
         137.84     2.7568e+08
         137.86      2.753e+08
         137.88     2.7491e+08
          137.9     2.7453e+08
         137.92     2.7417e+08
         137.94     2.7378e+08
         137.96     2.7341e+08
         137.98     2.7305e+08
            138     2.7266e+08
         138.02     2.7228e+08
         138.04     2.7192e+08
         138.06     2.7155e+08
         138.08     2.7118e+08
          138.1     2.7083e+08
         138.12     2.7046e+08
         138.14      2.701e+08
         138.16     2.6975e+08
         138.18     2.6939e+08
          138.2     2.6902e+08
         138.22     2.6864e+08
         138.24     2.6829e+08
         138.26     2.6791e+08
         138.28     2.6754e+08
          138.3     2.6718e+08
         138.32     2.6683e+08
         138.34     2.6647e+08
         138.36     2.6611e+08
         138.38     2.6574e+08
          138.4     2.6537e+08
         138.42     2.6499e+08
         138.44     2.6461e+08
         138.46     2.6423e+08
         138.48     2.6386e+08
          138.5     2.6345e+08
         138.52     2.6305e+08
         138.54     2.6265e+08
         138.56     2.6224e+08
         138.58     2.6183e+08
          138.6     2.6141e+08
         138.62     2.6098e+08
         138.64     2.6054e+08
         138.66     2.6009e+08
         138.68     2.5965e+08
          138.7     2.5917e+08
         138.72      2.587e+08
         138.74     2.5824e+08
         138.76     2.5775e+08
         138.78     2.5726e+08
          138.8     2.5677e+08
         138.82      2.563e+08
         138.84     2.5584e+08
         138.86     2.5538e+08
         138.88     2.5492e+08
          138.9     2.5448e+08
         138.92     2.5403e+08
         138.94     2.5357e+08
         138.96     2.5314e+08
         138.98     2.5273e+08
            139      2.523e+08
         139.02     2.5188e+08
         139.04     2.5146e+08
         139.06     2.5104e+08
         139.08     2.5062e+08
          139.1     2.5019e+08
         139.12     2.4977e+08
         139.14     2.4933e+08
         139.16     2.4891e+08
         139.18     2.4849e+08
          139.2     2.4803e+08
         139.22     2.4758e+08
         139.24     2.4713e+08
         139.26     2.4665e+08
         139.28     2.4617e+08
          139.3     2.4567e+08
         139.32     2.4517e+08
         139.34     2.4468e+08
         139.36     2.4418e+08
         139.38      2.437e+08
          139.4     2.4322e+08
         139.42     2.4274e+08
         139.44     2.4226e+08
         139.46     2.4181e+08
         139.48     2.4136e+08
          139.5     2.4091e+08
         139.52     2.4048e+08
         139.54     2.4003e+08
         139.56      2.396e+08
         139.58     2.3917e+08
          139.6     2.3874e+08
         139.62      2.383e+08
         139.64     2.3785e+08
         139.66     2.3742e+08
         139.68     2.3698e+08
          139.7     2.3651e+08
         139.72     2.3605e+08
         139.74     2.3557e+08
         139.76     2.3508e+08
         139.78     2.3457e+08
          139.8     2.3404e+08
         139.82      2.335e+08
         139.84     2.3295e+08
         139.86     2.3238e+08
         139.88     2.3183e+08
          139.9      2.313e+08
         139.92     2.3075e+08
         139.94     2.3022e+08
         139.96     2.2972e+08
         139.98     2.2923e+08
            140     2.2875e+08
         140.02     2.2828e+08
         140.04     2.2782e+08
         140.06     2.2736e+08
         140.08     2.2692e+08
          140.1      2.265e+08
         140.12     2.2606e+08
         140.14     2.2564e+08
         140.16     2.2523e+08
         140.18     2.2479e+08
          140.2     2.2436e+08
         140.22     2.2391e+08
         140.24     2.2344e+08
         140.26     2.2298e+08
         140.28     2.2248e+08
          140.3     2.2197e+08
         140.32     2.2145e+08
         140.34     2.2091e+08
         140.36     2.2034e+08
         140.38     2.1979e+08
          140.4     2.1923e+08
         140.42     2.1865e+08
         140.44     2.1809e+08
         140.46     2.1753e+08
         140.48     2.1699e+08
          140.5     2.1648e+08
         140.52     2.1597e+08
         140.54     2.1548e+08
         140.56     2.1499e+08
         140.58     2.1454e+08
          140.6     2.1408e+08
         140.62     2.1362e+08
         140.64     2.1317e+08
         140.66     2.1273e+08
         140.68     2.1229e+08
          140.7     2.1186e+08
         140.72     2.1141e+08
         140.74     2.1096e+08
         140.76     2.1049e+08
         140.78        2.1e+08
          140.8     2.0951e+08
         140.82     2.0902e+08
         140.84      2.085e+08
         140.86     2.0797e+08
         140.88     2.0743e+08
          140.9     2.0688e+08
         140.92     2.0634e+08
         140.94     2.0579e+08
         140.96     2.0523e+08
         140.98     2.0468e+08
            141     2.0413e+08
         141.02     2.0361e+08
         141.04     2.0307e+08
         141.06     2.0256e+08
         141.08     2.0207e+08
          141.1      2.016e+08
         141.12     2.0114e+08
         141.14     2.0069e+08
         141.16     2.0023e+08
         141.18     1.9979e+08
          141.2     1.9934e+08
         141.22     1.9889e+08
         141.24     1.9845e+08
         141.26     1.9799e+08
         141.28     1.9751e+08
          141.3     1.9703e+08
         141.32     1.9655e+08
         141.34     1.9605e+08
         141.36     1.9554e+08
         141.38     1.9502e+08
          141.4     1.9449e+08
         141.42     1.9395e+08
         141.44     1.9342e+08
         141.46     1.9289e+08
         141.48     1.9233e+08
          141.5      1.918e+08
         141.52     1.9128e+08
         141.54     1.9074e+08
         141.56     1.9023e+08
         141.58     1.8973e+08
          141.6     1.8923e+08
         141.62     1.8876e+08
         141.64     1.8829e+08
         141.66     1.8783e+08
         141.68     1.8739e+08
          141.7     1.8695e+08
         141.72      1.865e+08
         141.74     1.8606e+08
         141.76     1.8561e+08
         141.78     1.8515e+08
          141.8     1.8471e+08
         141.82     1.8424e+08
         141.84     1.8376e+08
         141.86     1.8328e+08
         141.88      1.828e+08
          141.9     1.8231e+08
         141.92     1.8179e+08
         141.94      1.813e+08
         141.96     1.8079e+08
         141.98     1.8029e+08
            142     1.7978e+08
         142.02     1.7928e+08
         142.04     1.7878e+08
         142.06     1.7829e+08
         142.08     1.7778e+08
          142.1     1.7729e+08
         142.12     1.7681e+08
         142.14     1.7634e+08
         142.16     1.7588e+08
         142.18     1.7543e+08
          142.2     1.7498e+08
         142.22     1.7454e+08
         142.24      1.741e+08
         142.26     1.7365e+08
         142.28     1.7319e+08
          142.3     1.7274e+08
         142.32     1.7229e+08
         142.34     1.7182e+08
         142.36     1.7135e+08
         142.38     1.7088e+08
          142.4     1.7039e+08
         142.42     1.6991e+08
         142.44     1.6942e+08
         142.46     1.6892e+08
         142.48     1.6844e+08
          142.5     1.6796e+08
         142.52     1.6745e+08
         142.54     1.6696e+08
         142.56     1.6646e+08
         142.58     1.6596e+08
          142.6     1.6547e+08
         142.62     1.6498e+08
         142.64     1.6449e+08
         142.66     1.6401e+08
         142.68     1.6354e+08
          142.7     1.6307e+08
         142.72     1.6261e+08
         142.74     1.6213e+08
         142.76     1.6169e+08
         142.78     1.6122e+08
          142.8     1.6077e+08
         142.82     1.6032e+08
         142.84     1.5984e+08
         142.86      1.594e+08
         142.88     1.5893e+08
          142.9     1.5846e+08
         142.92       1.58e+08
         142.94     1.5753e+08
         142.96     1.5705e+08
         142.98     1.5659e+08
            143     1.5613e+08
         143.02     1.5566e+08
         143.04     1.5519e+08
         143.06     1.5472e+08
         143.08     1.5425e+08
          143.1     1.5379e+08
         143.12     1.5333e+08
         143.14     1.5289e+08
         143.16     1.5245e+08
         143.18     1.5202e+08
          143.2      1.516e+08
         143.22     1.5116e+08
         143.24     1.5075e+08
         143.26     1.5034e+08
         143.28     1.4991e+08
          143.3      1.495e+08
         143.32     1.4908e+08
         143.34     1.4867e+08
         143.36     1.4825e+08
         143.38     1.4783e+08
          143.4     1.4741e+08
         143.42     1.4699e+08
         143.44     1.4657e+08
         143.46     1.4615e+08
         143.48     1.4572e+08
          143.5      1.453e+08
         143.52     1.4487e+08
         143.54     1.4445e+08
         143.56     1.4399e+08
         143.58     1.4358e+08
          143.6     1.4315e+08
         143.62     1.4273e+08
         143.64     1.4234e+08
         143.66     1.4193e+08
         143.68     1.4153e+08
          143.7     1.4114e+08
         143.72     1.4075e+08
         143.74     1.4036e+08
         143.76     1.3996e+08
         143.78     1.3957e+08
          143.8     1.3918e+08
         143.82     1.3879e+08
         143.84     1.3838e+08
         143.86     1.3797e+08
         143.88     1.3758e+08
          143.9     1.3715e+08
         143.92     1.3674e+08
         143.94     1.3633e+08
         143.96      1.359e+08
         143.98     1.3549e+08
            144     1.3504e+08
         144.02     1.3462e+08
         144.04     1.3418e+08
         144.06     1.3376e+08
         144.08     1.3333e+08
          144.1     1.3292e+08
         144.12     1.3251e+08
         144.14     1.3211e+08
         144.16     1.3171e+08
         144.18     1.3132e+08
          144.2     1.3093e+08
         144.22     1.3054e+08
         144.24     1.3015e+08
         144.26     1.2976e+08
         144.28     1.2939e+08
          144.3     1.2899e+08
         144.32     1.2861e+08
         144.34     1.2821e+08
         144.36     1.2782e+08
         144.38     1.2741e+08
          144.4     1.2701e+08
         144.42      1.266e+08
         144.44     1.2619e+08
         144.46     1.2577e+08
         144.48     1.2535e+08
          144.5     1.2492e+08
         144.52     1.2451e+08
         144.54     1.2409e+08
         144.56     1.2369e+08
         144.58     1.2329e+08
          144.6     1.2289e+08
         144.62      1.225e+08
         144.64     1.2212e+08
         144.66     1.2174e+08
         144.68     1.2137e+08
          144.7     1.2099e+08
         144.72     1.2064e+08
         144.74     1.2026e+08
         144.76      1.199e+08
         144.78     1.1953e+08
          144.8     1.1917e+08
         144.82      1.188e+08
         144.84     1.1844e+08
         144.86     1.1807e+08
         144.88      1.177e+08
          144.9     1.1732e+08
         144.92     1.1694e+08
         144.94     1.1657e+08
         144.96     1.1618e+08
         144.98      1.158e+08
            145     1.1542e+08
         145.02     1.1503e+08
         145.04     1.1466e+08
         145.06     1.1428e+08
         145.08     1.1391e+08
          145.1     1.1354e+08
         145.12     1.1317e+08
         145.14      1.128e+08
         145.16     1.1245e+08
         145.18     1.1208e+08
          145.2     1.1173e+08
         145.22     1.1137e+08
         145.24     1.1102e+08
         145.26     1.1068e+08
         145.28     1.1033e+08
          145.3     1.0999e+08
         145.32     1.0963e+08
         145.34     1.0929e+08
         145.36     1.0893e+08
         145.38     1.0859e+08
          145.4     1.0824e+08
         145.42     1.0789e+08
         145.44     1.0755e+08
         145.46     1.0719e+08
         145.48     1.0685e+08
          145.5     1.0649e+08
         145.52     1.0614e+08
         145.54     1.0578e+08
         145.56     1.0544e+08
         145.58     1.0508e+08
          145.6     1.0473e+08
         145.62     1.0438e+08
         145.64     1.0403e+08
         145.66     1.0369e+08
         145.68     1.0333e+08
          145.7       1.03e+08
         145.72     1.0266e+08
         145.74     1.0233e+08
         145.76       1.02e+08
         145.78     1.0167e+08
          145.8     1.0135e+08
         145.82     1.0103e+08
         145.84     1.0071e+08
         145.86      1.004e+08
         145.88     1.0008e+08
          145.9     9.9768e+07
         145.92     9.9447e+07
         145.94     9.9133e+07
         145.96     9.8816e+07
         145.98     9.8499e+07
            146     9.8176e+07
         146.02     9.7857e+07
         146.04     9.7534e+07
         146.06     9.7215e+07
         146.08     9.6887e+07
          146.1     9.6564e+07
         146.12     9.6237e+07
         146.14     9.5913e+07
         146.16     9.5592e+07
         146.18     9.5262e+07
          146.2     9.4949e+07
         146.22     9.4619e+07
         146.24     9.4314e+07
         146.26     9.3992e+07
         146.28     9.3688e+07
          146.3     9.3377e+07
         146.32     9.3072e+07
         146.34     9.2766e+07
         146.36     9.2464e+07
         146.38     9.2162e+07
          146.4     9.1859e+07
         146.42     9.1556e+07
         146.44     9.1262e+07
         146.46     9.0955e+07
         146.48     9.0664e+07
          146.5     9.0354e+07
         146.52     9.0061e+07
         146.54     8.9751e+07
         146.56     8.9454e+07
         146.58     8.9146e+07
          146.6     8.8843e+07
         146.62     8.8541e+07
         146.64     8.8234e+07
         146.66     8.7938e+07
         146.68     8.7625e+07
          146.7     8.7328e+07
         146.72     8.7018e+07
         146.74     8.6728e+07
         146.76     8.6425e+07
         146.78     8.6137e+07
          146.8      8.584e+07
         146.82     8.5554e+07
         146.84     8.5267e+07
         146.86     8.4984e+07
         146.88     8.4708e+07
          146.9     8.4427e+07
         146.92     8.4157e+07
         146.94      8.388e+07
         146.96     8.3612e+07
         146.98     8.3337e+07
            147     8.3069e+07
         147.02     8.2795e+07
         147.04     8.2533e+07
         147.06     8.2259e+07
         147.08     8.1998e+07
          147.1      8.172e+07
         147.12     8.1456e+07
         147.14     8.1183e+07
         147.16     8.0919e+07
         147.18     8.0649e+07
          147.2     8.0384e+07
         147.22     8.0117e+07
         147.24     7.9851e+07
         147.26     7.9579e+07
         147.28     7.9309e+07
          147.3     7.9041e+07
         147.32     7.8773e+07
         147.34     7.8514e+07
         147.36     7.8248e+07
         147.38     7.7989e+07
          147.4     7.7725e+07
         147.42     7.7466e+07
         147.44     7.7208e+07
         147.46     7.6952e+07
         147.48     7.6701e+07
          147.5     7.6452e+07
         147.52       7.62e+07
         147.54     7.5958e+07
         147.56     7.5701e+07
         147.58     7.5463e+07
          147.6     7.5212e+07
         147.62     7.4974e+07
         147.64     7.4733e+07
         147.66     7.4487e+07
         147.68     7.4249e+07
          147.7     7.4001e+07
         147.72      7.376e+07
         147.74     7.3523e+07
         147.76      7.328e+07
         147.78     7.3046e+07
          147.8     7.2797e+07
         147.82      7.256e+07
         147.84     7.2321e+07
         147.86     7.2077e+07
         147.88     7.1845e+07
          147.9     7.1598e+07
         147.92     7.1371e+07
         147.94     7.1132e+07
         147.96     7.0904e+07
         147.98     7.0675e+07
            148     7.0446e+07
         148.02     7.0218e+07
         148.04     6.9988e+07
         148.06     6.9762e+07
         148.08     6.9542e+07
          148.1     6.9323e+07
         148.12      6.911e+07
         148.14     6.8888e+07
         148.16     6.8678e+07
         148.18      6.846e+07
          148.2     6.8252e+07
         148.22     6.8033e+07
         148.24     6.7822e+07
         148.26     6.7606e+07
         148.28     6.7391e+07
          148.3     6.7171e+07
         148.32     6.6944e+07
         148.34     6.6724e+07
         148.36     6.6498e+07
         148.38     6.6276e+07
          148.4      6.605e+07
         148.42     6.5823e+07
         148.44     6.5605e+07
         148.46     6.5381e+07
         148.48     6.5167e+07
          148.5     6.4949e+07
         148.52     6.4734e+07
         148.54      6.453e+07
         148.56      6.432e+07
         148.58     6.4118e+07
          148.6     6.3915e+07
         148.62     6.3711e+07
         148.64     6.3507e+07
         148.66      6.331e+07
         148.68     6.3109e+07
          148.7     6.2912e+07
         148.72      6.272e+07
         148.74     6.2519e+07
         148.76     6.2335e+07
         148.78     6.2131e+07
          148.8     6.1945e+07
         148.82     6.1753e+07
         148.84     6.1558e+07
         148.86     6.1371e+07
         148.88     6.1178e+07
          148.9     6.0985e+07
         148.92     6.0792e+07
         148.94     6.0594e+07
         148.96     6.0391e+07
         148.98     6.0197e+07
            149     5.9992e+07
         149.02     5.9798e+07
         149.04     5.9599e+07
         149.06     5.9395e+07
         149.08       5.92e+07
          149.1     5.8994e+07
         149.12     5.8798e+07
         149.14     5.8598e+07
         149.16       5.84e+07
         149.18     5.8205e+07
          149.2     5.8009e+07
         149.22      5.782e+07
         149.24     5.7632e+07
         149.26     5.7446e+07
         149.28      5.726e+07
          149.3     5.7076e+07
         149.32     5.6892e+07
         149.34     5.6708e+07
         149.36     5.6528e+07
         149.38     5.6345e+07
          149.4     5.6169e+07
         149.42      5.599e+07
         149.44     5.5817e+07
         149.46     5.5636e+07
         149.48     5.5461e+07
          149.5     5.5284e+07
         149.52       5.51e+07
         149.54     5.4929e+07
         149.56     5.4745e+07
         149.58     5.4572e+07
          149.6     5.4395e+07
         149.62     5.4207e+07
         149.64     5.4029e+07
         149.66     5.3843e+07
         149.68     5.3659e+07
          149.7      5.348e+07
         149.72     5.3296e+07
         149.74     5.3112e+07
         149.76     5.2931e+07
         149.78     5.2748e+07
          149.8     5.2564e+07
         149.82     5.2384e+07
         149.84     5.2205e+07
         149.86     5.2027e+07
         149.88      5.185e+07
          149.9     5.1671e+07
         149.92     5.1488e+07
         149.94      5.131e+07
         149.96     5.1134e+07
         149.98     5.0951e+07
            150     5.0779e+07
         150.02     5.0606e+07
         150.04     5.0424e+07
         150.06     5.0256e+07
         150.08     5.0077e+07
          150.1     4.9901e+07
         150.12     4.9732e+07
         150.14     4.9553e+07
         150.16     4.9383e+07
         150.18     4.9211e+07
          150.2     4.9039e+07
         150.22      4.887e+07
         150.24     4.8698e+07
         150.26     4.8532e+07
         150.28     4.8362e+07
          150.3     4.8196e+07
         150.32     4.8034e+07
         150.34     4.7862e+07
         150.36     4.7702e+07
         150.38     4.7534e+07
          150.4     4.7371e+07
         150.42      4.721e+07
         150.44     4.7041e+07
         150.46     4.6882e+07
         150.48     4.6717e+07
          150.5     4.6554e+07
         150.52     4.6393e+07
         150.54     4.6225e+07
         150.56     4.6063e+07
         150.58     4.5898e+07
          150.6     4.5734e+07
         150.62      4.557e+07
         150.64     4.5399e+07
         150.66     4.5232e+07
         150.68     4.5066e+07
          150.7     4.4901e+07
         150.72     4.4734e+07
         150.74     4.4567e+07
         150.76     4.4407e+07
         150.78     4.4238e+07
          150.8     4.4075e+07
         150.82     4.3916e+07
         150.84     4.3746e+07
         150.86     4.3587e+07
         150.88     4.3428e+07
          150.9     4.3264e+07
         150.92     4.3105e+07
         150.94     4.2944e+07
         150.96     4.2785e+07
         150.98     4.2623e+07
            151     4.2461e+07
         151.02     4.2304e+07
         151.04      4.214e+07
         151.06     4.1982e+07
         151.08     4.1824e+07
          151.1      4.166e+07
         151.12     4.1503e+07
         151.14     4.1343e+07
         151.16     4.1187e+07
         151.18     4.1027e+07
          151.2     4.0867e+07
         151.22     4.0718e+07
         151.24     4.0559e+07
         151.26     4.0402e+07
         151.28     4.0253e+07
          151.3     4.0094e+07
         151.32     3.9937e+07
         151.34     3.9787e+07
         151.36     3.9631e+07
         151.38     3.9482e+07
          151.4     3.9329e+07
         151.42     3.9179e+07
         151.44     3.9032e+07
         151.46      3.888e+07
         151.48     3.8731e+07
          151.5     3.8584e+07
         151.52     3.8438e+07
         151.54     3.8291e+07
         151.56      3.814e+07
         151.58     3.7996e+07
          151.6     3.7851e+07
         151.62     3.7702e+07
         151.64     3.7558e+07
         151.66     3.7415e+07
         151.68     3.7273e+07
          151.7     3.7129e+07
         151.72     3.6987e+07
         151.74     3.6849e+07
         151.76      3.671e+07
         151.78     3.6568e+07
          151.8     3.6434e+07
         151.82     3.6299e+07
         151.84     3.6162e+07
         151.86     3.6029e+07
         151.88     3.5895e+07
          151.9     3.5761e+07
         151.92     3.5631e+07
         151.94     3.5499e+07
         151.96     3.5364e+07
         151.98     3.5235e+07
            152     3.5105e+07
         152.02      3.497e+07
         152.04     3.4838e+07
         152.06     3.4705e+07
         152.08      3.457e+07
          152.1      3.444e+07
         152.12     3.4306e+07
         152.14     3.4174e+07
         152.16     3.4046e+07
         152.18     3.3914e+07
          152.2     3.3783e+07
         152.22     3.3656e+07
         152.24     3.3525e+07
         152.26     3.3397e+07
         152.28     3.3272e+07
          152.3     3.3141e+07
         152.32     3.3017e+07
         152.34     3.2897e+07
         152.36     3.2767e+07
         152.38      3.265e+07
          152.4     3.2528e+07
         152.42     3.2401e+07
         152.44     3.2285e+07
         152.46     3.2162e+07
         152.48     3.2039e+07
          152.5     3.1921e+07
         152.52     3.1797e+07
         152.54     3.1675e+07
         152.56     3.1555e+07
         152.58     3.1433e+07
          152.6      3.131e+07
         152.62     3.1189e+07
         152.64     3.1067e+07
         152.66     3.0946e+07
         152.68     3.0824e+07
          152.7     3.0703e+07
         152.72     3.0584e+07
         152.74     3.0463e+07
         152.76     3.0342e+07
         152.78     3.0225e+07
          152.8     3.0109e+07
         152.82     2.9992e+07
         152.84     2.9882e+07
         152.86      2.977e+07
         152.88     2.9657e+07
          152.9     2.9551e+07
         152.92     2.9444e+07
         152.94     2.9336e+07
         152.96      2.923e+07
         152.98     2.9123e+07
            153     2.9015e+07
         153.02     2.8909e+07
         153.04     2.8801e+07
         153.06     2.8693e+07
         153.08     2.8587e+07
          153.1     2.8476e+07
         153.12     2.8364e+07
         153.14     2.8256e+07
         153.16     2.8142e+07
         153.18     2.8028e+07
          153.2     2.7919e+07
         153.22     2.7801e+07
         153.24     2.7687e+07
         153.26     2.7579e+07
         153.28     2.7462e+07
          153.3     2.7352e+07
         153.32     2.7246e+07
         153.34     2.7131e+07
         153.36     2.7024e+07
         153.38     2.6922e+07
          153.4     2.6812e+07
         153.42      2.671e+07
         153.44     2.6614e+07
         153.46      2.651e+07
         153.48      2.641e+07
          153.5     2.6315e+07
         153.52     2.6214e+07
         153.54     2.6114e+07
         153.56      2.602e+07
         153.58      2.592e+07
          153.6     2.5822e+07
         153.62     2.5726e+07
         153.64     2.5623e+07
         153.66     2.5522e+07
         153.68     2.5423e+07
          153.7     2.5319e+07
         153.72     2.5218e+07
         153.74     2.5117e+07
         153.76     2.5013e+07
         153.78      2.491e+07
          153.8     2.4808e+07
         153.82     2.4708e+07
         153.84     2.4609e+07
         153.86     2.4514e+07
         153.88     2.4421e+07
          153.9     2.4329e+07
         153.92     2.4242e+07
         153.94     2.4155e+07
         153.96     2.4072e+07
         153.98     2.3994e+07
            154     2.3913e+07
         154.02     2.3839e+07
         154.04     2.3765e+07
         154.06     2.3687e+07
         154.08     2.3616e+07
          154.1     2.3543e+07
         154.12     2.3465e+07
         154.14     2.3393e+07
         154.16     2.3319e+07
         154.18     2.3239e+07
          154.2     2.3162e+07
         154.22     2.3084e+07
         154.24     2.3001e+07
         154.26     2.2919e+07
         154.28     2.2839e+07
          154.3     2.2755e+07
         154.32     2.2668e+07
         154.34     2.2584e+07
         154.36       2.25e+07
         154.38     2.2414e+07
          154.4     2.2336e+07
         154.42     2.2259e+07
         154.44     2.2182e+07
         154.46      2.211e+07
         154.48     2.2041e+07
          154.5     2.1971e+07
         154.52     2.1908e+07
         154.54     2.1844e+07
         154.56     2.1783e+07
         154.58     2.1724e+07
          154.6     2.1664e+07
         154.62     2.1605e+07
         154.64     2.1545e+07
         154.66     2.1484e+07
         154.68     2.1422e+07
          154.7     2.1357e+07
         154.72     2.1291e+07
         154.74     2.1224e+07
         154.76     2.1151e+07
         154.78     2.1077e+07
          154.8        2.1e+07
         154.82     2.0915e+07
         154.84     2.0829e+07
         154.86     2.0745e+07
         154.88     2.0657e+07
          154.9     2.0567e+07
         154.92     2.0482e+07
         154.94     2.0397e+07
         154.96     2.0313e+07
         154.98     2.0237e+07
            155     2.0166e+07
         155.02     2.0099e+07
         155.04     2.0033e+07
         155.06     1.9972e+07
         155.08     1.9913e+07
          155.1     1.9853e+07
         155.12     1.9798e+07
         155.14     1.9746e+07
         155.16     1.9692e+07
         155.18     1.9639e+07
          155.2     1.9587e+07
         155.22     1.9535e+07
         155.24     1.9482e+07
         155.26     1.9427e+07
         155.28     1.9373e+07
          155.3     1.9318e+07
         155.32     1.9257e+07
         155.34     1.9196e+07
         155.36     1.9133e+07
         155.38     1.9064e+07
          155.4     1.8996e+07
         155.42     1.8924e+07
         155.44     1.8848e+07
         155.46     1.8774e+07
         155.48     1.8696e+07
          155.5     1.8616e+07
         155.52     1.8541e+07
         155.54     1.8469e+07
         155.56       1.84e+07
         155.58     1.8336e+07
          155.6     1.8275e+07
         155.62     1.8219e+07
         155.64     1.8163e+07
         155.66     1.8108e+07
         155.68     1.8057e+07
          155.7     1.8008e+07
         155.72     1.7958e+07
         155.74     1.7912e+07
         155.76     1.7866e+07
         155.78     1.7817e+07
          155.8      1.777e+07
         155.82     1.7722e+07
         155.84     1.7672e+07
         155.86      1.762e+07
         155.88     1.7568e+07
          155.9     1.7515e+07
         155.92     1.7457e+07
         155.94     1.7397e+07
         155.96     1.7337e+07
         155.98     1.7272e+07
            156     1.7205e+07
         156.02     1.7137e+07
         156.04     1.7068e+07
         156.06     1.6997e+07
         156.08     1.6927e+07
          156.1     1.6858e+07
         156.12      1.679e+07
         156.14     1.6728e+07
         156.16     1.6669e+07
         156.18     1.6611e+07
          156.2     1.6559e+07
         156.22      1.651e+07
         156.24     1.6461e+07
         156.26     1.6415e+07
         156.28     1.6373e+07
          156.3     1.6331e+07
         156.32      1.629e+07
         156.34     1.6252e+07
         156.36     1.6213e+07
         156.38     1.6175e+07
          156.4     1.6136e+07
         156.42     1.6095e+07
         156.44     1.6055e+07
         156.46     1.6013e+07
         156.48      1.597e+07
          156.5     1.5926e+07
         156.52     1.5879e+07
         156.54      1.583e+07
         156.56      1.578e+07
         156.58     1.5728e+07
          156.6     1.5674e+07
         156.62      1.562e+07
         156.64     1.5566e+07
         156.66      1.551e+07
         156.68     1.5454e+07
          156.7     1.5401e+07
         156.72     1.5348e+07
         156.74     1.5296e+07
         156.76     1.5248e+07
         156.78     1.5202e+07
          156.8     1.5155e+07
         156.82     1.5111e+07
         156.84      1.507e+07
         156.86     1.5028e+07
         156.88     1.4987e+07
          156.9     1.4947e+07
         156.92     1.4908e+07
         156.94      1.487e+07
         156.96      1.483e+07
         156.98     1.4791e+07
            157     1.4752e+07
         157.02     1.4709e+07
         157.04     1.4669e+07
         157.06     1.4628e+07
         157.08     1.4583e+07
          157.1     1.4537e+07
         157.12     1.4492e+07
         157.14     1.4445e+07
         157.16     1.4396e+07
         157.18     1.4347e+07
          157.2     1.4299e+07
         157.22     1.4248e+07
         157.24     1.4198e+07
         157.26      1.415e+07
         157.28     1.4101e+07
          157.3     1.4053e+07
         157.32     1.4007e+07
         157.34     1.3963e+07
         157.36      1.392e+07
         157.38     1.3879e+07
          157.4     1.3838e+07
         157.42     1.3801e+07
         157.44     1.3764e+07
         157.46     1.3729e+07
         157.48     1.3694e+07
          157.5     1.3661e+07
         157.52     1.3628e+07
         157.54     1.3597e+07
         157.56     1.3564e+07
         157.58     1.3531e+07
          157.6     1.3499e+07
         157.62     1.3466e+07
         157.64     1.3431e+07
         157.66     1.3396e+07
         157.68     1.3361e+07
          157.7     1.3324e+07
         157.72     1.3286e+07
         157.74     1.3247e+07
         157.76     1.3207e+07
         157.78     1.3165e+07
          157.8     1.3124e+07
         157.82     1.3082e+07
         157.84     1.3041e+07
         157.86     1.2998e+07
         157.88     1.2956e+07
          157.9     1.2914e+07
         157.92     1.2872e+07
         157.94     1.2831e+07
         157.96     1.2792e+07
         157.98     1.2753e+07
            158     1.2713e+07
         158.02     1.2677e+07
         158.04      1.264e+07
         158.06     1.2603e+07
         158.08      1.257e+07
          158.1     1.2537e+07
         158.12     1.2503e+07
         158.14      1.247e+07
         158.16     1.2438e+07
         158.18     1.2407e+07
          158.2     1.2375e+07
         158.22     1.2343e+07
         158.24     1.2312e+07
         158.26     1.2279e+07
         158.28     1.2245e+07
          158.3     1.2212e+07
         158.32     1.2177e+07
         158.34     1.2142e+07
         158.36     1.2106e+07
         158.38      1.207e+07
          158.4     1.2034e+07
         158.42     1.1998e+07
         158.44     1.1961e+07
         158.46     1.1925e+07
         158.48     1.1888e+07
          158.5     1.1852e+07
         158.52     1.1816e+07
         158.54     1.1782e+07
         158.56     1.1748e+07
         158.58     1.1715e+07
          158.6     1.1684e+07
         158.62     1.1654e+07
         158.64     1.1625e+07
         158.66     1.1598e+07
         158.68     1.1571e+07
          158.7     1.1546e+07
         158.72      1.152e+07
         158.74     1.1494e+07
         158.76     1.1468e+07
         158.78     1.1443e+07
          158.8     1.1416e+07
         158.82     1.1389e+07
         158.84     1.1363e+07
         158.86     1.1336e+07
         158.88     1.1307e+07
          158.9     1.1279e+07
         158.92     1.1249e+07
         158.94     1.1217e+07
         158.96     1.1186e+07
         158.98     1.1155e+07
            159     1.1123e+07
         159.02     1.1091e+07
         159.04      1.106e+07
         159.06     1.1028e+07
         159.08     1.0997e+07
          159.1     1.0967e+07
         159.12     1.0938e+07
         159.14     1.0911e+07
         159.16     1.0886e+07
         159.18      1.086e+07
          159.2     1.0837e+07
         159.22     1.0816e+07
         159.24     1.0794e+07
         159.26     1.0774e+07
         159.28     1.0755e+07
          159.3     1.0735e+07
         159.32     1.0714e+07
         159.34     1.0695e+07
         159.36     1.0673e+07
         159.38      1.065e+07
          159.4     1.0627e+07
         159.42     1.0603e+07
         159.44     1.0579e+07
         159.46     1.0554e+07
         159.48     1.0527e+07
          159.5     1.0501e+07
         159.52     1.0473e+07
         159.54     1.0444e+07
         159.56     1.0415e+07
         159.58     1.0387e+07
          159.6     1.0359e+07
         159.62     1.0331e+07
         159.64     1.0304e+07
         159.66      1.028e+07
         159.68     1.0256e+07
          159.7     1.0234e+07
         159.72     1.0214e+07
         159.74     1.0196e+07
         159.76      1.018e+07
         159.78     1.0165e+07
          159.8     1.0151e+07
         159.82     1.0138e+07
         159.84     1.0124e+07
         159.86     1.0113e+07
         159.88     1.0101e+07
          159.9      1.009e+07
         159.92     1.0078e+07
         159.94     1.0067e+07
         159.96     1.0053e+07
         159.98     1.0039e+07
            160     1.0026e+07
