; fwdmsk13.txt
              0              0
           0.02              0
           0.04              0
           0.06              0
           0.08              0
            0.1              0
           0.12              0
           0.14              0
           0.16              0
           0.18              0
            0.2              0
           0.22              0
           0.24          136.1
           0.26         1029.3
           0.28         3414.3
            0.3         8081.2
           0.32          15839
           0.34          27475
           0.36          43716
           0.38          65189
            0.4          92377
           0.42     1.2557e+05
           0.44     1.6483e+05
           0.46     2.0995e+05
           0.48     2.6045e+05
            0.5     3.1554e+05
           0.52     3.7414e+05
           0.54     4.3489e+05
           0.56     4.9612e+05
           0.58     5.5594e+05
            0.6      6.123e+05
           0.62     6.6469e+05
           0.64     7.1332e+05
           0.66      7.584e+05
           0.68     8.0011e+05
            0.7     8.3868e+05
           0.72     8.7428e+05
           0.74      9.071e+05
           0.76     9.3733e+05
           0.78     9.6516e+05
            0.8     9.9074e+05
           0.82     1.0142e+06
           0.84     1.0358e+06
           0.86     1.0556e+06
           0.88     1.0738e+06
            0.9     1.0905e+06
           0.92     1.1057e+06
           0.94     1.1196e+06
           0.96     1.1326e+06
           0.98     1.1447e+06
              1      1.156e+06
           1.02     1.1667e+06
           1.04     1.1765e+06
           1.06     1.1896e+06
           1.08     1.2127e+06
            1.1     1.2527e+06
           1.12     1.3165e+06
           1.14     1.4105e+06
           1.16     1.5407e+06
           1.18     1.7124e+06
            1.2       1.93e+06
           1.22     2.1971e+06
           1.24      2.516e+06
           1.26     2.8877e+06
           1.28     3.3123e+06
            1.3     3.7884e+06
           1.32     4.3132e+06
           1.34     4.8827e+06
           1.36     5.4916e+06
           1.38     6.1331e+06
            1.4     6.7994e+06
           1.42     7.4817e+06
           1.44     8.1702e+06
           1.46     8.8541e+06
           1.48     9.5218e+06
            1.5     1.0161e+07
           1.52     1.0762e+07
           1.54     1.1323e+07
           1.56     1.1849e+07
           1.58     1.2339e+07
            1.6     1.2797e+07
           1.62     1.3224e+07
           1.64     1.3622e+07
           1.66     1.3993e+07
           1.68      1.434e+07
            1.7     1.4665e+07
           1.72     1.4971e+07
           1.74     1.5257e+07
           1.76     1.5526e+07
           1.78     1.5779e+07
            1.8     1.6016e+07
           1.82     1.6238e+07
           1.84     1.6447e+07
           1.86     1.6642e+07
           1.88     1.6826e+07
            1.9     1.6999e+07
           1.92     1.7164e+07
           1.94     1.7322e+07
           1.96     1.7474e+07
           1.98     1.7622e+07
              2     1.7768e+07
           2.02     1.7927e+07
           2.04     1.8124e+07
           2.06     1.8382e+07
           2.08     1.8724e+07
            2.1     1.9173e+07
           2.12     1.9745e+07
           2.14     2.0456e+07
           2.16     2.1317e+07
           2.18     2.2336e+07
            2.2     2.3521e+07
           2.22     2.4875e+07
           2.24     2.6396e+07
           2.26     2.8079e+07
           2.28     2.9913e+07
            2.3     3.1885e+07
           2.32     3.3977e+07
           2.34      3.617e+07
           2.36     3.8441e+07
           2.38     4.0766e+07
            2.4      4.312e+07
           2.42     4.5475e+07
           2.44     4.7799e+07
           2.46     5.0061e+07
           2.48     5.2227e+07
            2.5     5.4271e+07
           2.52     5.6192e+07
           2.54     5.7998e+07
           2.56     5.9696e+07
           2.58     6.1293e+07
            2.6     6.2793e+07
           2.62     6.4204e+07
           2.64     6.5535e+07
           2.66     6.6794e+07
           2.68     6.7985e+07
            2.7     6.9117e+07
           2.72     7.0197e+07
           2.74     7.1233e+07
           2.76     7.2232e+07
           2.78       7.32e+07
            2.8     7.4137e+07
           2.82     7.5048e+07
           2.84     7.5933e+07
           2.86     7.6798e+07
           2.88     7.7648e+07
            2.9     7.8486e+07
           2.92     7.9316e+07
           2.94     8.0138e+07
           2.96     8.0949e+07
           2.98     8.1752e+07
              3     8.2562e+07
           3.02     8.3431e+07
           3.04     8.4415e+07
           3.06     8.5565e+07
           3.08     8.6929e+07
            3.1     8.8549e+07
           3.12     9.0461e+07
           3.14     9.2689e+07
           3.16     9.5252e+07
           3.18     9.8163e+07
            3.2     1.0142e+08
           3.22     1.0503e+08
           3.24     1.0896e+08
           3.26      1.132e+08
           3.28     1.1774e+08
            3.3     1.2252e+08
           3.32     1.2752e+08
           3.34     1.3268e+08
           3.36     1.3796e+08
           3.38     1.4332e+08
            3.4      1.487e+08
           3.42     1.5405e+08
           3.44      1.593e+08
           3.46      1.644e+08
           3.48      1.693e+08
            3.5     1.7396e+08
           3.52     1.7842e+08
           3.54     1.8269e+08
           3.56     1.8679e+08
           3.58     1.9074e+08
            3.6     1.9454e+08
           3.62      1.982e+08
           3.64     2.0173e+08
           3.66     2.0515e+08
           3.68     2.0845e+08
            3.7     2.1164e+08
           3.72     2.1475e+08
           3.74     2.1778e+08
           3.76     2.2074e+08
           3.78     2.2366e+08
            3.8     2.2653e+08
           3.82     2.2936e+08
           3.84     2.3216e+08
           3.86     2.3492e+08
           3.88     2.3765e+08
            3.9     2.4036e+08
           3.92     2.4304e+08
           3.94     2.4568e+08
           3.96      2.483e+08
           3.98     2.5089e+08
              4     2.5352e+08
           4.02     2.5629e+08
           4.04     2.5929e+08
           4.06     2.6259e+08
           4.08     2.6628e+08
            4.1     2.7043e+08
           4.12     2.7508e+08
           4.14     2.8028e+08
           4.16     2.8609e+08
           4.18     2.9252e+08
            4.2     2.9958e+08
           4.22     3.0726e+08
           4.24     3.1554e+08
           4.26     3.2438e+08
           4.28     3.3372e+08
            4.3     3.4349e+08
           4.32     3.5364e+08
           4.34     3.6408e+08
           4.36     3.7471e+08
           4.38     3.8548e+08
            4.4     3.9629e+08
           4.42     4.0705e+08
           4.44     4.1766e+08
           4.46     4.2802e+08
           4.48     4.3804e+08
            4.5     4.4772e+08
           4.52     4.5707e+08
           4.54     4.6612e+08
           4.56     4.7487e+08
           4.58     4.8333e+08
            4.6     4.9152e+08
           4.62     4.9948e+08
           4.64     5.0721e+08
           4.66     5.1474e+08
           4.68     5.2208e+08
            4.7     5.2923e+08
           4.72     5.3623e+08
           4.74     5.4308e+08
           4.76     5.4982e+08
           4.78     5.5649e+08
            4.8      5.631e+08
           4.82     5.6971e+08
           4.84     5.7632e+08
           4.86     5.8295e+08
           4.88      5.896e+08
            4.9     5.9629e+08
           4.92     6.0302e+08
           4.94     6.0977e+08
           4.96     6.1657e+08
           4.98     6.2341e+08
              5     6.3044e+08
           5.02     6.3778e+08
           5.04     6.4555e+08
           5.06     6.5391e+08
           5.08     6.6294e+08
            5.1     6.7272e+08
           5.12     6.8332e+08
           5.14     6.9479e+08
           5.16     7.0711e+08
           5.18     7.2031e+08
            5.2     7.3437e+08
           5.22     7.4923e+08
           5.24      7.649e+08
           5.26     7.8127e+08
           5.28     7.9828e+08
            5.3     8.1581e+08
           5.32     8.3375e+08
           5.34     8.5201e+08
           5.36     8.7044e+08
           5.38     8.8895e+08
            5.4     9.0744e+08
           5.42     9.2579e+08
           5.44     9.4388e+08
           5.46     9.6161e+08
           5.48      9.789e+08
            5.5     9.9569e+08
           5.52     1.0121e+09
           5.54     1.0281e+09
           5.56     1.0438e+09
           5.58     1.0591e+09
            5.6     1.0742e+09
           5.62     1.0889e+09
           5.64     1.1035e+09
           5.66     1.1178e+09
           5.68      1.132e+09
            5.7     1.1461e+09
           5.72     1.1601e+09
           5.74     1.1739e+09
           5.76     1.1877e+09
           5.78     1.2013e+09
            5.8     1.2149e+09
           5.82     1.2284e+09
           5.84     1.2418e+09
           5.86     1.2551e+09
           5.88     1.2683e+09
            5.9     1.2814e+09
           5.92     1.2944e+09
           5.94     1.3073e+09
           5.96     1.3201e+09
           5.98     1.3328e+09
              6     1.3456e+09
           6.02     1.3588e+09
           6.04     1.3725e+09
           6.06     1.3869e+09
           6.08      1.402e+09
            6.1     1.4181e+09
           6.12     1.4352e+09
           6.14     1.4534e+09
           6.16     1.4726e+09
           6.18      1.493e+09
            6.2     1.5145e+09
           6.22      1.537e+09
           6.24     1.5605e+09
           6.26      1.585e+09
           6.28     1.6103e+09
            6.3     1.6363e+09
           6.32     1.6629e+09
           6.34       1.69e+09
           6.36     1.7173e+09
           6.38     1.7447e+09
            6.4      1.772e+09
           6.42      1.799e+09
           6.44     1.8255e+09
           6.46     1.8513e+09
           6.48     1.8762e+09
            6.5     1.9003e+09
           6.52     1.9237e+09
           6.54     1.9463e+09
           6.56     1.9682e+09
           6.58     1.9894e+09
            6.6     2.0101e+09
           6.62     2.0302e+09
           6.64     2.0499e+09
           6.66     2.0691e+09
           6.68     2.0879e+09
            6.7     2.1063e+09
           6.72     2.1243e+09
           6.74     2.1421e+09
           6.76     2.1596e+09
           6.78     2.1769e+09
            6.8     2.1939e+09
           6.82     2.2107e+09
           6.84     2.2273e+09
           6.86     2.2438e+09
           6.88     2.2602e+09
            6.9     2.2764e+09
           6.92     2.2925e+09
           6.94     2.3085e+09
           6.96     2.3245e+09
           6.98     2.3405e+09
              7     2.3568e+09
           7.02     2.3734e+09
           7.04     2.3905e+09
           7.06     2.4083e+09
           7.08      2.427e+09
            7.1     2.4467e+09
           7.12     2.4673e+09
           7.14     2.4891e+09
           7.16     2.5119e+09
           7.18     2.5358e+09
            7.2     2.5608e+09
           7.22     2.5868e+09
           7.24     2.6138e+09
           7.26     2.6417e+09
           7.28     2.6702e+09
            7.3     2.6995e+09
           7.32     2.7292e+09
           7.34     2.7593e+09
           7.36     2.7894e+09
           7.38     2.8193e+09
            7.4     2.8489e+09
           7.42      2.878e+09
           7.44     2.9064e+09
           7.46     2.9338e+09
           7.48     2.9601e+09
            7.5     2.9854e+09
           7.52     3.0098e+09
           7.54     3.0332e+09
           7.56     3.0558e+09
           7.58     3.0776e+09
            7.6     3.0987e+09
           7.62     3.1189e+09
           7.64     3.1384e+09
           7.66     3.1572e+09
           7.68     3.1753e+09
            7.7     3.1926e+09
           7.72     3.2093e+09
           7.74     3.2255e+09
           7.76      3.241e+09
           7.78      3.256e+09
            7.8     3.2706e+09
           7.82     3.2848e+09
           7.84     3.2984e+09
           7.86     3.3117e+09
           7.88     3.3246e+09
            7.9     3.3372e+09
           7.92     3.3494e+09
           7.94     3.3614e+09
           7.96     3.3731e+09
           7.98     3.3845e+09
              8     3.3961e+09
           8.02     3.4079e+09
           8.04     3.4204e+09
           8.06     3.4335e+09
           8.08     3.4476e+09
            8.1     3.4627e+09
           8.12     3.4789e+09
           8.14     3.4964e+09
           8.16     3.5152e+09
           8.18     3.5352e+09
            8.2     3.5563e+09
           8.22     3.5787e+09
           8.24     3.6021e+09
           8.26     3.6264e+09
           8.28     3.6514e+09
            8.3     3.6771e+09
           8.32     3.7031e+09
           8.34     3.7293e+09
           8.36     3.7553e+09
           8.38      3.781e+09
            8.4     3.8063e+09
           8.42     3.8308e+09
           8.44     3.8543e+09
           8.46     3.8766e+09
           8.48     3.8976e+09
            8.5     3.9174e+09
           8.52     3.9359e+09
           8.54     3.9532e+09
           8.56     3.9695e+09
           8.58     3.9848e+09
            8.6     3.9991e+09
           8.62     4.0125e+09
           8.64     4.0251e+09
           8.66     4.0368e+09
           8.68     4.0477e+09
            8.7     4.0579e+09
           8.72     4.0673e+09
           8.74     4.0761e+09
           8.76     4.0844e+09
           8.78     4.0919e+09
            8.8     4.0988e+09
           8.82     4.1052e+09
           8.84      4.111e+09
           8.86     4.1165e+09
           8.88     4.1214e+09
            8.9     4.1259e+09
           8.92     4.1298e+09
           8.94     4.1334e+09
           8.96     4.1366e+09
           8.98     4.1395e+09
              9     4.1425e+09
           9.02     4.1459e+09
           9.04     4.1497e+09
           9.06     4.1543e+09
           9.08     4.1597e+09
            9.1     4.1661e+09
           9.12     4.1737e+09
           9.14     4.1827e+09
           9.16     4.1929e+09
           9.18     4.2045e+09
            9.2     4.2175e+09
           9.22     4.2316e+09
           9.24     4.2469e+09
           9.26     4.2631e+09
           9.28     4.2802e+09
            9.3     4.2979e+09
           9.32     4.3159e+09
           9.34     4.3342e+09
           9.36     4.3522e+09
           9.38     4.3701e+09
            9.4     4.3874e+09
           9.42     4.4039e+09
           9.44     4.4194e+09
           9.46     4.4335e+09
           9.48      4.446e+09
            9.5     4.4572e+09
           9.52     4.4672e+09
           9.54     4.4761e+09
           9.56     4.4838e+09
           9.58     4.4906e+09
            9.6     4.4963e+09
           9.62     4.5011e+09
           9.64      4.505e+09
           9.66     4.5081e+09
           9.68     4.5104e+09
            9.7     4.5119e+09
           9.72     4.5127e+09
           9.74     4.5127e+09
           9.76     4.5121e+09
           9.78      4.511e+09
            9.8     4.5095e+09
           9.82     4.5073e+09
           9.84     4.5046e+09
           9.86     4.5017e+09
           9.88     4.4982e+09
            9.9     4.4943e+09
           9.92     4.4898e+09
           9.94     4.4852e+09
           9.96     4.4803e+09
           9.98     4.4753e+09
             10     4.4703e+09
          10.02     4.4657e+09
          10.04     4.4616e+09
          10.06     4.4584e+09
          10.08     4.4561e+09
           10.1      4.455e+09
          10.12     4.4553e+09
          10.14     4.4568e+09
          10.16     4.4596e+09
          10.18      4.464e+09
           10.2     4.4698e+09
          10.22     4.4768e+09
          10.24      4.485e+09
          10.26     4.4942e+09
          10.28     4.5041e+09
           10.3     4.5148e+09
          10.32     4.5258e+09
          10.34      4.537e+09
          10.36     4.5483e+09
          10.38     4.5592e+09
           10.4     4.5697e+09
          10.42     4.5794e+09
          10.44     4.5878e+09
          10.46     4.5951e+09
          10.48     4.6009e+09
           10.5     4.6055e+09
          10.52     4.6089e+09
          10.54     4.6112e+09
          10.56     4.6126e+09
          10.58     4.6128e+09
           10.6     4.6122e+09
          10.62     4.6108e+09
          10.64     4.6086e+09
          10.66     4.6055e+09
          10.68     4.6016e+09
           10.7      4.597e+09
          10.72     4.5919e+09
          10.74     4.5862e+09
          10.76       4.58e+09
          10.78     4.5732e+09
           10.8     4.5661e+09
          10.82     4.5585e+09
          10.84     4.5505e+09
          10.86     4.5419e+09
          10.88     4.5331e+09
           10.9      4.524e+09
          10.92     4.5147e+09
          10.94      4.505e+09
          10.96     4.4949e+09
          10.98     4.4847e+09
             11     4.4747e+09
          11.02     4.4652e+09
          11.04     4.4564e+09
          11.06     4.4485e+09
          11.08     4.4417e+09
           11.1     4.4361e+09
          11.12     4.4319e+09
          11.14     4.4293e+09
          11.16     4.4282e+09
          11.18     4.4284e+09
           11.2     4.4301e+09
          11.22     4.4333e+09
          11.24     4.4377e+09
          11.26     4.4433e+09
          11.28     4.4499e+09
           11.3     4.4572e+09
          11.32     4.4651e+09
          11.34     4.4733e+09
          11.36     4.4815e+09
          11.38     4.4893e+09
           11.4     4.4966e+09
          11.42     4.5032e+09
          11.44     4.5087e+09
          11.46      4.513e+09
          11.48     4.5159e+09
           11.5     4.5176e+09
          11.52     4.5179e+09
          11.54     4.5169e+09
          11.56      4.515e+09
          11.58      4.512e+09
           11.6      4.508e+09
          11.62     4.5031e+09
          11.64     4.4976e+09
          11.66     4.4919e+09
          11.68     4.4859e+09
           11.7     4.4794e+09
          11.72     4.4725e+09
          11.74     4.4653e+09
          11.76     4.4576e+09
          11.78     4.4495e+09
           11.8     4.4409e+09
          11.82     4.4319e+09
          11.84     4.4226e+09
          11.86      4.413e+09
          11.88      4.403e+09
           11.9     4.3925e+09
          11.92     4.3816e+09
          11.94     4.3704e+09
          11.96     4.3589e+09
          11.98     4.3472e+09
             12     4.3357e+09
          12.02     4.3247e+09
          12.04     4.3141e+09
          12.06     4.3043e+09
          12.08     4.2957e+09
           12.1     4.2884e+09
          12.12     4.2825e+09
          12.14     4.2778e+09
          12.16     4.2747e+09
          12.18     4.2732e+09
           12.2     4.2733e+09
          12.22     4.2747e+09
          12.24     4.2775e+09
          12.26     4.2815e+09
          12.28     4.2863e+09
           12.3     4.2919e+09
          12.32      4.298e+09
          12.34     4.3042e+09
          12.36     4.3105e+09
          12.38     4.3167e+09
           12.4     4.3223e+09
          12.42      4.327e+09
          12.44     4.3308e+09
          12.46     4.3333e+09
          12.48     4.3344e+09
           12.5     4.3342e+09
          12.52     4.3328e+09
          12.54     4.3304e+09
          12.56     4.3269e+09
          12.58     4.3226e+09
           12.6     4.3175e+09
          12.62     4.3118e+09
          12.64     4.3052e+09
          12.66     4.2979e+09
          12.68     4.2901e+09
           12.7     4.2818e+09
          12.72     4.2729e+09
          12.74     4.2637e+09
          12.76     4.2541e+09
          12.78     4.2441e+09
           12.8     4.2338e+09
          12.82     4.2231e+09
          12.84      4.212e+09
          12.86     4.2005e+09
          12.88     4.1888e+09
           12.9     4.1769e+09
          12.92     4.1647e+09
          12.94      4.152e+09
          12.96     4.1392e+09
          12.98     4.1262e+09
             13     4.1133e+09
          13.02     4.1009e+09
          13.04     4.0893e+09
          13.06     4.0785e+09
          13.08     4.0686e+09
           13.1     4.0602e+09
          13.12     4.0533e+09
          13.14     4.0478e+09
          13.16     4.0436e+09
          13.18     4.0408e+09
           13.2     4.0395e+09
          13.22     4.0394e+09
          13.24     4.0406e+09
          13.26     4.0427e+09
          13.28     4.0458e+09
           13.3     4.0497e+09
          13.32     4.0541e+09
          13.34     4.0587e+09
          13.36     4.0632e+09
          13.38     4.0676e+09
           13.4     4.0716e+09
          13.42     4.0749e+09
          13.44     4.0771e+09
          13.46     4.0782e+09
          13.48      4.078e+09
           13.5     4.0765e+09
          13.52      4.074e+09
          13.54     4.0706e+09
          13.56     4.0661e+09
          13.58     4.0605e+09
           13.6     4.0542e+09
          13.62     4.0472e+09
          13.64     4.0396e+09
          13.66     4.0313e+09
          13.68     4.0224e+09
           13.7      4.013e+09
          13.72     4.0031e+09
          13.74     3.9928e+09
          13.76      3.982e+09
          13.78     3.9709e+09
           13.8     3.9596e+09
          13.82      3.948e+09
          13.84     3.9361e+09
          13.86     3.9238e+09
          13.88     3.9113e+09
           13.9     3.8987e+09
          13.92     3.8858e+09
          13.94     3.8726e+09
          13.96     3.8593e+09
          13.98      3.846e+09
             14     3.8328e+09
          14.02     3.8202e+09
          14.04     3.8084e+09
          14.06     3.7976e+09
          14.08     3.7877e+09
           14.1      3.779e+09
          14.12     3.7719e+09
          14.14     3.7662e+09
          14.16     3.7619e+09
          14.18     3.7591e+09
           14.2     3.7576e+09
          14.22     3.7574e+09
          14.24     3.7583e+09
          14.26     3.7603e+09
          14.28     3.7631e+09
           14.3     3.7665e+09
          14.32     3.7705e+09
          14.34     3.7747e+09
          14.36     3.7788e+09
          14.38     3.7827e+09
           14.4     3.7862e+09
          14.42      3.789e+09
          14.44     3.7907e+09
          14.46     3.7914e+09
          14.48     3.7908e+09
           14.5      3.789e+09
          14.52     3.7861e+09
          14.54     3.7823e+09
          14.56     3.7775e+09
          14.58     3.7718e+09
           14.6     3.7652e+09
          14.62     3.7579e+09
          14.64     3.7501e+09
          14.66     3.7416e+09
          14.68     3.7326e+09
           14.7     3.7232e+09
          14.72     3.7133e+09
          14.74      3.703e+09
          14.76     3.6924e+09
          14.78     3.6814e+09
           14.8     3.6701e+09
          14.82     3.6587e+09
          14.84      3.647e+09
          14.86      3.635e+09
          14.88     3.6228e+09
           14.9     3.6105e+09
          14.92     3.5979e+09
          14.94     3.5851e+09
          14.96     3.5724e+09
          14.98     3.5597e+09
             15     3.5472e+09
          15.02     3.5352e+09
          15.04     3.5241e+09
          15.06      3.514e+09
          15.08     3.5051e+09
           15.1     3.4973e+09
          15.12      3.491e+09
          15.14     3.4862e+09
          15.16     3.4829e+09
          15.18      3.481e+09
           15.2     3.4806e+09
          15.22     3.4813e+09
          15.24     3.4833e+09
          15.26     3.4863e+09
          15.28     3.4899e+09
           15.3     3.4942e+09
          15.32     3.4989e+09
          15.34     3.5038e+09
          15.36     3.5086e+09
          15.38     3.5131e+09
           15.4      3.517e+09
          15.42       3.52e+09
          15.44     3.5221e+09
          15.46     3.5231e+09
          15.48     3.5229e+09
           15.5     3.5215e+09
          15.52     3.5191e+09
          15.54     3.5159e+09
          15.56     3.5119e+09
          15.58     3.5071e+09
           15.6     3.5015e+09
          15.62     3.4954e+09
          15.64     3.4887e+09
          15.66     3.4813e+09
          15.68     3.4735e+09
           15.7     3.4652e+09
          15.72     3.4563e+09
          15.74     3.4471e+09
          15.76     3.4375e+09
          15.78     3.4273e+09
           15.8     3.4168e+09
          15.82     3.4062e+09
          15.84     3.3951e+09
          15.86     3.3838e+09
          15.88     3.3722e+09
           15.9     3.3603e+09
          15.92     3.3482e+09
          15.94     3.3359e+09
          15.96     3.3236e+09
          15.98     3.3113e+09
             16     3.2992e+09
          16.02     3.2877e+09
          16.04     3.2772e+09
          16.06     3.2678e+09
          16.08     3.2596e+09
           16.1     3.2527e+09
          16.12     3.2474e+09
          16.14     3.2435e+09
          16.16      3.241e+09
          16.18     3.2401e+09
           16.2     3.2405e+09
          16.22     3.2421e+09
          16.24      3.245e+09
          16.26     3.2488e+09
          16.28     3.2533e+09
           16.3     3.2586e+09
          16.32     3.2642e+09
          16.34     3.2699e+09
          16.36     3.2756e+09
          16.38      3.281e+09
           16.4     3.2857e+09
          16.42     3.2896e+09
          16.44     3.2924e+09
          16.46     3.2941e+09
          16.48     3.2946e+09
           16.5     3.2938e+09
          16.52     3.2919e+09
          16.54     3.2891e+09
          16.56     3.2854e+09
          16.58     3.2808e+09
           16.6     3.2755e+09
          16.62     3.2695e+09
          16.64     3.2628e+09
          16.66     3.2557e+09
          16.68      3.248e+09
           16.7     3.2397e+09
          16.72     3.2311e+09
          16.74     3.2221e+09
          16.76     3.2127e+09
          16.78     3.2028e+09
           16.8     3.1926e+09
          16.82     3.1821e+09
          16.84     3.1714e+09
          16.86     3.1604e+09
          16.88     3.1492e+09
           16.9     3.1377e+09
          16.92      3.126e+09
          16.94     3.1142e+09
          16.96     3.1023e+09
          16.98     3.0904e+09
             17     3.0787e+09
          17.02     3.0677e+09
          17.04     3.0575e+09
          17.06     3.0483e+09
          17.08     3.0403e+09
           17.1     3.0337e+09
          17.12     3.0284e+09
          17.14     3.0246e+09
          17.16     3.0223e+09
          17.18     3.0215e+09
           17.2      3.022e+09
          17.22     3.0239e+09
          17.24      3.027e+09
          17.26     3.0311e+09
          17.28     3.0359e+09
           17.3     3.0414e+09
          17.32     3.0474e+09
          17.34     3.0535e+09
          17.36     3.0597e+09
          17.38     3.0655e+09
           17.4     3.0707e+09
          17.42     3.0751e+09
          17.44     3.0785e+09
          17.46     3.0807e+09
          17.48     3.0816e+09
           17.5     3.0812e+09
          17.52     3.0798e+09
          17.54     3.0774e+09
          17.56      3.074e+09
          17.58     3.0697e+09
           17.6     3.0646e+09
          17.62     3.0589e+09
          17.64     3.0524e+09
          17.66     3.0454e+09
          17.68     3.0378e+09
           17.7     3.0297e+09
          17.72     3.0213e+09
          17.74     3.0124e+09
          17.76     3.0031e+09
          17.78     2.9935e+09
           17.8     2.9835e+09
          17.82     2.9733e+09
          17.84     2.9629e+09
          17.86     2.9522e+09
          17.88     2.9414e+09
           17.9     2.9303e+09
          17.92      2.919e+09
          17.94     2.9076e+09
          17.96     2.8962e+09
          17.98     2.8848e+09
             18     2.8735e+09
          18.02      2.863e+09
          18.04     2.8533e+09
          18.06     2.8445e+09
          18.08     2.8371e+09
           18.1     2.8309e+09
          18.12     2.8261e+09
          18.14     2.8228e+09
          18.16      2.821e+09
          18.18     2.8206e+09
           18.2     2.8216e+09
          18.22      2.824e+09
          18.24     2.8277e+09
          18.26     2.8322e+09
          18.28     2.8376e+09
           18.3     2.8437e+09
          18.32     2.8502e+09
          18.34      2.857e+09
          18.36     2.8637e+09
          18.38     2.8701e+09
           18.4      2.876e+09
          18.42     2.8811e+09
          18.44     2.8851e+09
          18.46     2.8881e+09
          18.48     2.8897e+09
           18.5       2.89e+09
          18.52     2.8893e+09
          18.54     2.8876e+09
          18.56     2.8848e+09
          18.58     2.8813e+09
           18.6     2.8769e+09
          18.62     2.8717e+09
          18.64      2.866e+09
          18.66     2.8596e+09
          18.68     2.8526e+09
           18.7     2.8452e+09
          18.72     2.8373e+09
          18.74      2.829e+09
          18.76     2.8203e+09
          18.78     2.8112e+09
           18.8     2.8019e+09
          18.82     2.7922e+09
          18.84     2.7824e+09
          18.86     2.7724e+09
          18.88     2.7621e+09
           18.9     2.7516e+09
          18.92     2.7409e+09
          18.94     2.7301e+09
          18.96     2.7192e+09
          18.98     2.7084e+09
             19     2.6979e+09
          19.02      2.688e+09
          19.04     2.6791e+09
          19.06     2.6711e+09
          19.08     2.6644e+09
           19.1      2.659e+09
          19.12     2.6552e+09
          19.14     2.6528e+09
          19.16     2.6521e+09
          19.18     2.6527e+09
           19.2     2.6548e+09
          19.22     2.6583e+09
          19.24      2.663e+09
          19.26     2.6686e+09
          19.28      2.675e+09
           19.3     2.6822e+09
          19.32     2.6897e+09
          19.34     2.6974e+09
          19.36     2.7051e+09
          19.38     2.7124e+09
           19.4     2.7192e+09
          19.42     2.7251e+09
          19.44       2.73e+09
          19.46     2.7338e+09
          19.48     2.7362e+09
           19.5     2.7373e+09
          19.52     2.7374e+09
          19.54     2.7365e+09
          19.56     2.7345e+09
          19.58     2.7318e+09
           19.6     2.7283e+09
          19.62     2.7241e+09
          19.64     2.7192e+09
          19.66     2.7138e+09
          19.68     2.7078e+09
           19.7     2.7012e+09
          19.72     2.6942e+09
          19.74     2.6868e+09
          19.76     2.6789e+09
          19.78     2.6706e+09
           19.8      2.662e+09
          19.82     2.6531e+09
          19.84     2.6439e+09
          19.86     2.6345e+09
          19.88     2.6248e+09
           19.9      2.615e+09
          19.92     2.6049e+09
          19.94     2.5947e+09
          19.96     2.5844e+09
          19.98     2.5742e+09
             20     2.5643e+09
          20.02     2.5551e+09
          20.04     2.5467e+09
          20.06     2.5393e+09
          20.08     2.5332e+09
           20.1     2.5285e+09
          20.12     2.5251e+09
          20.14     2.5233e+09
          20.16      2.523e+09
          20.18     2.5241e+09
           20.2     2.5266e+09
          20.22     2.5305e+09
          20.24     2.5356e+09
          20.26     2.5416e+09
          20.28     2.5485e+09
           20.3      2.556e+09
          20.32      2.564e+09
          20.34     2.5721e+09
          20.36     2.5802e+09
          20.38      2.588e+09
           20.4     2.5952e+09
          20.42     2.6016e+09
          20.44     2.6071e+09
          20.46     2.6113e+09
          20.48     2.6143e+09
           20.5      2.616e+09
          20.52     2.6166e+09
          20.54     2.6163e+09
          20.56     2.6148e+09
          20.58     2.6126e+09
           20.6     2.6095e+09
          20.62     2.6057e+09
          20.64     2.6011e+09
          20.66      2.596e+09
          20.68     2.5902e+09
           20.7     2.5838e+09
          20.72     2.5771e+09
          20.74     2.5698e+09
          20.76     2.5621e+09
          20.78      2.554e+09
           20.8     2.5456e+09
          20.82     2.5369e+09
          20.84     2.5279e+09
          20.86     2.5187e+09
          20.88     2.5093e+09
           20.9     2.4996e+09
          20.92     2.4898e+09
          20.94     2.4798e+09
          20.96     2.4699e+09
          20.98       2.46e+09
             21     2.4504e+09
          21.02     2.4414e+09
          21.04     2.4334e+09
          21.06     2.4263e+09
          21.08     2.4204e+09
           21.1      2.416e+09
          21.12     2.4129e+09
          21.14     2.4113e+09
          21.16     2.4112e+09
          21.18     2.4125e+09
           21.2     2.4153e+09
          21.22     2.4194e+09
          21.24     2.4247e+09
          21.26     2.4309e+09
          21.28     2.4381e+09
           21.3     2.4458e+09
          21.32      2.454e+09
          21.34     2.4624e+09
          21.36     2.4708e+09
          21.38     2.4789e+09
           21.4     2.4864e+09
          21.42     2.4931e+09
          21.44     2.4989e+09
          21.46     2.5034e+09
          21.48     2.5067e+09
           21.5     2.5087e+09
          21.52     2.5096e+09
          21.54     2.5095e+09
          21.56     2.5083e+09
          21.58     2.5064e+09
           21.6     2.5035e+09
          21.62     2.4999e+09
          21.64     2.4956e+09
          21.66     2.4906e+09
          21.68      2.485e+09
           21.7     2.4788e+09
          21.72     2.4723e+09
          21.74     2.4652e+09
          21.76     2.4577e+09
          21.78     2.4498e+09
           21.8     2.4416e+09
          21.82     2.4331e+09
          21.84     2.4243e+09
          21.86     2.4153e+09
          21.88     2.4061e+09
           21.9     2.3967e+09
          21.92     2.3871e+09
          21.94     2.3774e+09
          21.96     2.3676e+09
          21.98     2.3579e+09
             22     2.3485e+09
          22.02     2.3398e+09
          22.04     2.3319e+09
          22.06      2.325e+09
          22.08     2.3194e+09
           22.1     2.3151e+09
          22.12     2.3123e+09
          22.14     2.3109e+09
          22.16     2.3111e+09
          22.18     2.3126e+09
           22.2     2.3156e+09
          22.22       2.32e+09
          22.24     2.3256e+09
          22.26     2.3322e+09
          22.28     2.3396e+09
           22.3     2.3477e+09
          22.32     2.3562e+09
          22.34      2.365e+09
          22.36     2.3737e+09
          22.38     2.3822e+09
           22.4     2.3901e+09
          22.42     2.3971e+09
          22.44     2.4032e+09
          22.46     2.4081e+09
          22.48     2.4117e+09
           22.5      2.414e+09
          22.52     2.4153e+09
          22.54     2.4155e+09
          22.56     2.4146e+09
          22.58     2.4129e+09
           22.6     2.4103e+09
          22.62     2.4069e+09
          22.64     2.4029e+09
          22.66     2.3981e+09
          22.68     2.3928e+09
           22.7     2.3869e+09
          22.72     2.3806e+09
          22.74     2.3739e+09
          22.76     2.3667e+09
          22.78     2.3592e+09
           22.8     2.3513e+09
          22.82     2.3432e+09
          22.84     2.3349e+09
          22.86     2.3263e+09
          22.88     2.3175e+09
           22.9     2.3085e+09
          22.92     2.2993e+09
          22.94     2.2899e+09
          22.96     2.2805e+09
          22.98     2.2712e+09
             23     2.2621e+09
          23.02     2.2537e+09
          23.04     2.2461e+09
          23.06     2.2395e+09
          23.08     2.2341e+09
           23.1     2.2301e+09
          23.12     2.2274e+09
          23.14     2.2263e+09
          23.16     2.2267e+09
          23.18     2.2285e+09
           23.2     2.2317e+09
          23.22     2.2363e+09
          23.24     2.2422e+09
          23.26     2.2491e+09
          23.28     2.2568e+09
           23.3     2.2653e+09
          23.32     2.2742e+09
          23.34     2.2833e+09
          23.36     2.2924e+09
          23.38     2.3012e+09
           23.4     2.3094e+09
          23.42     2.3168e+09
          23.44     2.3232e+09
          23.46     2.3284e+09
          23.48     2.3323e+09
           23.5     2.3349e+09
          23.52     2.3364e+09
          23.54     2.3369e+09
          23.56     2.3363e+09
          23.58     2.3348e+09
           23.6     2.3325e+09
          23.62     2.3294e+09
          23.64     2.3256e+09
          23.66     2.3211e+09
          23.68      2.316e+09
           23.7     2.3104e+09
          23.72     2.3044e+09
          23.74     2.2979e+09
          23.76     2.2909e+09
          23.78     2.2836e+09
           23.8      2.276e+09
          23.82      2.268e+09
          23.84     2.2599e+09
          23.86     2.2514e+09
          23.88     2.2428e+09
           23.9     2.2339e+09
          23.92     2.2249e+09
          23.94     2.2157e+09
          23.96     2.2064e+09
          23.98     2.1972e+09
             24     2.1883e+09
          24.02       2.18e+09
          24.04     2.1726e+09
          24.06     2.1662e+09
          24.08      2.161e+09
           24.1     2.1572e+09
          24.12     2.1548e+09
          24.14     2.1539e+09
          24.16     2.1545e+09
          24.18     2.1566e+09
           24.2     2.1601e+09
          24.22      2.165e+09
          24.24     2.1711e+09
          24.26     2.1782e+09
          24.28     2.1862e+09
           24.3     2.1948e+09
          24.32     2.2039e+09
          24.34     2.2132e+09
          24.36     2.2225e+09
          24.38     2.2314e+09
           24.4     2.2399e+09
          24.42     2.2474e+09
          24.44      2.254e+09
          24.46     2.2594e+09
          24.48     2.2636e+09
           24.5     2.2664e+09
          24.52     2.2681e+09
          24.54     2.2688e+09
          24.56     2.2685e+09
          24.58     2.2673e+09
           24.6     2.2652e+09
          24.62     2.2623e+09
          24.64     2.2588e+09
          24.66     2.2546e+09
          24.68     2.2498e+09
           24.7     2.2444e+09
          24.72     2.2386e+09
          24.74     2.2323e+09
          24.76     2.2255e+09
          24.78     2.2184e+09
           24.8     2.2109e+09
          24.82     2.2031e+09
          24.84      2.195e+09
          24.86     2.1867e+09
          24.88     2.1782e+09
           24.9     2.1694e+09
          24.92     2.1605e+09
          24.94     2.1514e+09
          24.96     2.1423e+09
          24.98     2.1333e+09
             25     2.1245e+09
          25.02     2.1164e+09
          25.04     2.1092e+09
          25.06      2.103e+09
          25.08     2.0981e+09
           25.1     2.0945e+09
          25.12     2.0923e+09
          25.14     2.0916e+09
          25.16     2.0924e+09
          25.18     2.0947e+09
           25.2     2.0984e+09
          25.22     2.1035e+09
          25.24     2.1097e+09
          25.26     2.1169e+09
          25.28      2.125e+09
           25.3     2.1338e+09
          25.32      2.143e+09
          25.34     2.1524e+09
          25.36     2.1618e+09
          25.38     2.1709e+09
           25.4     2.1795e+09
          25.42     2.1872e+09
          25.44     2.1939e+09
          25.46     2.1995e+09
          25.48     2.2038e+09
           25.5     2.2068e+09
          25.52     2.2087e+09
          25.54     2.2096e+09
          25.56     2.2095e+09
          25.58     2.2085e+09
           25.6     2.2067e+09
          25.62      2.204e+09
          25.64     2.2007e+09
          25.66     2.1967e+09
          25.68     2.1921e+09
           25.7     2.1869e+09
          25.72     2.1812e+09
          25.74     2.1751e+09
          25.76     2.1685e+09
          25.78     2.1615e+09
           25.8     2.1541e+09
          25.82     2.1464e+09
          25.84     2.1385e+09
          25.86     2.1303e+09
          25.88     2.1219e+09
           25.9     2.1133e+09
          25.92     2.1045e+09
          25.94     2.0955e+09
          25.96     2.0866e+09
          25.98     2.0777e+09
             26     2.0691e+09
          26.02     2.0612e+09
          26.04     2.0541e+09
          26.06      2.048e+09
          26.08     2.0432e+09
           26.1     2.0398e+09
          26.12     2.0377e+09
          26.14     2.0371e+09
          26.16      2.038e+09
          26.18     2.0404e+09
           26.2     2.0442e+09
          26.22     2.0493e+09
          26.24     2.0556e+09
          26.26     2.0629e+09
          26.28     2.0711e+09
           26.3     2.0799e+09
          26.32     2.0891e+09
          26.34     2.0986e+09
          26.36      2.108e+09
          26.38     2.1172e+09
           26.4     2.1258e+09
          26.42     2.1336e+09
          26.44     2.1404e+09
          26.46     2.1461e+09
          26.48     2.1505e+09
           26.5     2.1536e+09
          26.52     2.1556e+09
          26.54     2.1566e+09
          26.56     2.1566e+09
          26.58     2.1557e+09
           26.6      2.154e+09
          26.62     2.1515e+09
          26.64     2.1482e+09
          26.66     2.1443e+09
          26.68     2.1398e+09
           26.7     2.1347e+09
          26.72     2.1291e+09
          26.74     2.1231e+09
          26.76     2.1165e+09
          26.78     2.1096e+09
           26.8     2.1023e+09
          26.82     2.0947e+09
          26.84     2.0869e+09
          26.86     2.0788e+09
          26.88     2.0705e+09
           26.9      2.062e+09
          26.92     2.0533e+09
          26.94     2.0445e+09
          26.96     2.0356e+09
          26.98     2.0269e+09
             27     2.0183e+09
          27.02     2.0105e+09
          27.04     2.0035e+09
          27.06     1.9975e+09
          27.08     1.9928e+09
           27.1     1.9894e+09
          27.12     1.9874e+09
          27.14     1.9869e+09
          27.16     1.9879e+09
          27.18     1.9903e+09
           27.2     1.9942e+09
          27.22     1.9994e+09
          27.24     2.0058e+09
          27.26     2.0131e+09
          27.28     2.0214e+09
           27.3     2.0303e+09
          27.32     2.0397e+09
          27.34     2.0493e+09
          27.36     2.0589e+09
          27.38     2.0683e+09
           27.4     2.0771e+09
          27.42      2.085e+09
          27.44      2.092e+09
          27.46     2.0979e+09
          27.48     2.1024e+09
           27.5     2.1057e+09
          27.52     2.1078e+09
          27.54      2.109e+09
          27.56     2.1091e+09
          27.58     2.1083e+09
           27.6     2.1067e+09
          27.62     2.1042e+09
          27.64     2.1011e+09
          27.66     2.0973e+09
          27.68     2.0929e+09
           27.7     2.0879e+09
          27.72     2.0825e+09
          27.74     2.0765e+09
          27.76     2.0701e+09
          27.78     2.0634e+09
           27.8     2.0562e+09
          27.82     2.0488e+09
          27.84     2.0411e+09
          27.86     2.0332e+09
          27.88     2.0251e+09
           27.9     2.0167e+09
          27.92     2.0082e+09
          27.94     1.9995e+09
          27.96     1.9908e+09
          27.98     1.9821e+09
             28     1.9737e+09
          28.02      1.966e+09
          28.04     1.9591e+09
          28.06     1.9532e+09
          28.08     1.9486e+09
           28.1     1.9453e+09
          28.12     1.9435e+09
          28.14     1.9431e+09
          28.16     1.9442e+09
          28.18     1.9468e+09
           28.2     1.9508e+09
          28.22     1.9562e+09
          28.24     1.9628e+09
          28.26     1.9703e+09
          28.28     1.9788e+09
           28.3     1.9879e+09
          28.32     1.9974e+09
          28.34     2.0072e+09
          28.36     2.0169e+09
          28.38     2.0264e+09
           28.4     2.0353e+09
          28.42     2.0434e+09
          28.44     2.0505e+09
          28.46     2.0564e+09
          28.48      2.061e+09
           28.5     2.0643e+09
          28.52     2.0666e+09
          28.54     2.0678e+09
          28.56     2.0681e+09
          28.58     2.0674e+09
           28.6     2.0659e+09
          28.62     2.0636e+09
          28.64     2.0607e+09
          28.66      2.057e+09
          28.68     2.0527e+09
           28.7     2.0479e+09
          28.72     2.0426e+09
          28.74     2.0369e+09
          28.76     2.0306e+09
          28.78      2.024e+09
           28.8      2.017e+09
          28.82     2.0097e+09
          28.84     2.0022e+09
          28.86     1.9943e+09
          28.88     1.9863e+09
           28.9     1.9781e+09
          28.92     1.9696e+09
          28.94      1.961e+09
          28.96     1.9524e+09
          28.98     1.9438e+09
             29     1.9354e+09
          29.02     1.9278e+09
          29.04      1.921e+09
          29.06     1.9152e+09
          29.08     1.9106e+09
           29.1     1.9074e+09
          29.12     1.9056e+09
          29.14     1.9053e+09
          29.16     1.9065e+09
          29.18     1.9091e+09
           29.2     1.9132e+09
          29.22     1.9186e+09
          29.24     1.9252e+09
          29.26     1.9328e+09
          29.28     1.9413e+09
           29.3     1.9504e+09
          29.32       1.96e+09
          29.34     1.9698e+09
          29.36     1.9795e+09
          29.38      1.989e+09
           29.4     1.9979e+09
          29.42      2.006e+09
          29.44     2.0132e+09
          29.46     2.0191e+09
          29.48     2.0238e+09
           29.5     2.0272e+09
          29.52     2.0295e+09
          29.54     2.0308e+09
          29.56      2.031e+09
          29.58     2.0304e+09
           29.6      2.029e+09
          29.62     2.0267e+09
          29.64     2.0238e+09
          29.66     2.0202e+09
          29.68      2.016e+09
           29.7     2.0112e+09
          29.72      2.006e+09
          29.74     2.0003e+09
          29.76     1.9941e+09
          29.78     1.9875e+09
           29.8     1.9805e+09
          29.82     1.9733e+09
          29.84     1.9657e+09
          29.86      1.958e+09
          29.88       1.95e+09
           29.9     1.9417e+09
          29.92     1.9333e+09
          29.94     1.9248e+09
          29.96     1.9162e+09
          29.98     1.9076e+09
             30     1.8994e+09
          30.02     1.8918e+09
          30.04     1.8851e+09
          30.06     1.8793e+09
          30.08     1.8748e+09
           30.1     1.8717e+09
          30.12       1.87e+09
          30.14     1.8697e+09
          30.16      1.871e+09
          30.18     1.8737e+09
           30.2     1.8778e+09
          30.22     1.8832e+09
          30.24     1.8899e+09
          30.26     1.8975e+09
          30.28      1.906e+09
           30.3     1.9152e+09
          30.32     1.9248e+09
          30.34     1.9346e+09
          30.36     1.9444e+09
          30.38     1.9539e+09
           30.4     1.9628e+09
          30.42      1.971e+09
          30.44     1.9782e+09
          30.46     1.9842e+09
          30.48     1.9889e+09
           30.5     1.9924e+09
          30.52     1.9948e+09
          30.54     1.9962e+09
          30.56     1.9966e+09
          30.58     1.9961e+09
           30.6     1.9947e+09
          30.62     1.9926e+09
          30.64     1.9898e+09
          30.66     1.9863e+09
          30.68     1.9822e+09
           30.7     1.9775e+09
          30.72     1.9724e+09
          30.74     1.9667e+09
          30.76     1.9606e+09
          30.78     1.9541e+09
           30.8     1.9472e+09
          30.82       1.94e+09
          30.84     1.9326e+09
          30.86     1.9249e+09
          30.88      1.917e+09
           30.9     1.9088e+09
          30.92     1.9005e+09
          30.94     1.8921e+09
          30.96     1.8836e+09
          30.98     1.8752e+09
             31      1.867e+09
          31.02     1.8595e+09
          31.04     1.8529e+09
          31.06     1.8473e+09
          31.08     1.8429e+09
           31.1     1.8399e+09
          31.12     1.8382e+09
          31.14     1.8381e+09
          31.16     1.8394e+09
          31.18     1.8422e+09
           31.2     1.8464e+09
          31.22      1.852e+09
          31.24     1.8587e+09
          31.26     1.8664e+09
          31.28      1.875e+09
           31.3     1.8842e+09
          31.32     1.8939e+09
          31.34     1.9038e+09
          31.36     1.9136e+09
          31.38     1.9232e+09
           31.4     1.9323e+09
          31.42     1.9405e+09
          31.44     1.9478e+09
          31.46     1.9539e+09
          31.48     1.9587e+09
           31.5     1.9623e+09
          31.52     1.9648e+09
          31.54     1.9662e+09
          31.56     1.9667e+09
          31.58     1.9662e+09
           31.6      1.965e+09
          31.62     1.9629e+09
          31.64     1.9601e+09
          31.66     1.9567e+09
          31.68     1.9526e+09
           31.7      1.948e+09
          31.72      1.943e+09
          31.74     1.9374e+09
          31.76     1.9314e+09
          31.78     1.9249e+09
           31.8     1.9182e+09
          31.82     1.9111e+09
          31.84     1.9037e+09
          31.86     1.8961e+09
          31.88     1.8883e+09
           31.9     1.8803e+09
          31.92      1.872e+09
          31.94     1.8637e+09
          31.96     1.8552e+09
          31.98     1.8469e+09
             32     1.8388e+09
          32.02     1.8314e+09
          32.04     1.8248e+09
          32.06     1.8192e+09
          32.08     1.8149e+09
           32.1     1.8119e+09
          32.12     1.8102e+09
          32.14     1.8101e+09
          32.16     1.8115e+09
          32.18     1.8143e+09
           32.2     1.8185e+09
          32.22      1.824e+09
          32.24     1.8308e+09
          32.26     1.8385e+09
          32.28     1.8471e+09
           32.3     1.8564e+09
          32.32     1.8661e+09
          32.34      1.876e+09
          32.36     1.8859e+09
          32.38     1.8955e+09
           32.4     1.9045e+09
          32.42     1.9128e+09
          32.44     1.9201e+09
          32.46     1.9262e+09
          32.48      1.931e+09
           32.5     1.9346e+09
          32.52     1.9371e+09
          32.54     1.9386e+09
          32.56      1.939e+09
          32.58     1.9386e+09
           32.6     1.9374e+09
          32.62     1.9353e+09
          32.64     1.9326e+09
          32.66     1.9292e+09
          32.68     1.9252e+09
           32.7     1.9206e+09
          32.72     1.9156e+09
          32.74       1.91e+09
          32.76      1.904e+09
          32.78     1.8977e+09
           32.8     1.8909e+09
          32.82     1.8839e+09
          32.84     1.8766e+09
          32.86      1.869e+09
          32.88     1.8612e+09
           32.9     1.8533e+09
          32.92     1.8451e+09
          32.94     1.8367e+09
          32.96     1.8284e+09
          32.98       1.82e+09
             33      1.812e+09
          33.02     1.8046e+09
          33.04     1.7981e+09
          33.06     1.7925e+09
          33.08     1.7882e+09
           33.1     1.7852e+09
          33.12     1.7837e+09
          33.14     1.7836e+09
          33.16      1.785e+09
          33.18     1.7878e+09
           33.2     1.7921e+09
          33.22     1.7977e+09
          33.24     1.8044e+09
          33.26     1.8122e+09
          33.28     1.8208e+09
           33.3     1.8301e+09
          33.32     1.8398e+09
          33.34     1.8497e+09
          33.36     1.8596e+09
          33.38     1.8693e+09
           33.4     1.8784e+09
          33.42     1.8866e+09
          33.44     1.8939e+09
          33.46     1.9001e+09
          33.48     1.9049e+09
           33.5     1.9085e+09
          33.52     1.9111e+09
          33.54     1.9126e+09
          33.56     1.9131e+09
          33.58     1.9127e+09
           33.6     1.9115e+09
          33.62     1.9096e+09
          33.64     1.9069e+09
          33.66     1.9036e+09
          33.68     1.8996e+09
           33.7     1.8952e+09
          33.72     1.8902e+09
          33.74     1.8848e+09
          33.76     1.8788e+09
          33.78     1.8725e+09
           33.8     1.8659e+09
          33.82     1.8589e+09
          33.84     1.8517e+09
          33.86     1.8442e+09
          33.88     1.8365e+09
           33.9     1.8285e+09
          33.92     1.8204e+09
          33.94     1.8122e+09
          33.96     1.8038e+09
          33.98     1.7956e+09
             34     1.7876e+09
          34.02     1.7803e+09
          34.04     1.7738e+09
          34.06     1.7683e+09
          34.08     1.7641e+09
           34.1     1.7612e+09
          34.12     1.7597e+09
          34.14     1.7597e+09
          34.16     1.7612e+09
          34.18     1.7641e+09
           34.2     1.7684e+09
          34.22     1.7741e+09
          34.24     1.7809e+09
          34.26     1.7887e+09
          34.28     1.7974e+09
           34.3     1.8067e+09
          34.32     1.8164e+09
          34.34     1.8264e+09
          34.36     1.8364e+09
          34.38      1.846e+09
           34.4     1.8551e+09
          34.42     1.8635e+09
          34.44     1.8708e+09
          34.46      1.877e+09
          34.48     1.8819e+09
           34.5     1.8856e+09
          34.52     1.8881e+09
          34.54     1.8897e+09
          34.56     1.8903e+09
          34.58       1.89e+09
           34.6     1.8889e+09
          34.62      1.887e+09
          34.64     1.8844e+09
          34.66     1.8811e+09
          34.68     1.8772e+09
           34.7     1.8728e+09
          34.72     1.8679e+09
          34.74     1.8625e+09
          34.76     1.8567e+09
          34.78     1.8504e+09
           34.8     1.8438e+09
          34.82     1.8369e+09
          34.84     1.8297e+09
          34.86     1.8223e+09
          34.88     1.8146e+09
           34.9     1.8068e+09
          34.92     1.7987e+09
          34.94     1.7905e+09
          34.96     1.7823e+09
          34.98     1.7741e+09
             35     1.7662e+09
          35.02     1.7589e+09
          35.04     1.7525e+09
          35.06     1.7471e+09
          35.08     1.7429e+09
           35.1       1.74e+09
          35.12     1.7386e+09
          35.14     1.7386e+09
          35.16     1.7401e+09
          35.18      1.743e+09
           35.2     1.7474e+09
          35.22      1.753e+09
          35.24     1.7599e+09
          35.26     1.7677e+09
          35.28     1.7764e+09
           35.3     1.7857e+09
          35.32     1.7955e+09
          35.34     1.8055e+09
          35.36     1.8154e+09
          35.38     1.8251e+09
           35.4     1.8342e+09
          35.42     1.8426e+09
          35.44     1.8499e+09
          35.46     1.8561e+09
          35.48     1.8611e+09
           35.5     1.8647e+09
          35.52     1.8674e+09
          35.54      1.869e+09
          35.56     1.8695e+09
          35.58     1.8693e+09
           35.6     1.8682e+09
          35.62     1.8663e+09
          35.64     1.8637e+09
          35.66     1.8605e+09
          35.68     1.8566e+09
           35.7     1.8522e+09
          35.72     1.8474e+09
          35.74      1.842e+09
          35.76     1.8362e+09
          35.78       1.83e+09
           35.8     1.8234e+09
          35.82     1.8166e+09
          35.84     1.8094e+09
          35.86      1.802e+09
          35.88     1.7944e+09
           35.9     1.7866e+09
          35.92     1.7786e+09
          35.94     1.7704e+09
          35.96     1.7622e+09
          35.98      1.754e+09
             36     1.7462e+09
          36.02     1.7389e+09
          36.04     1.7326e+09
          36.06     1.7272e+09
          36.08      1.723e+09
           36.1     1.7202e+09
          36.12     1.7187e+09
          36.14     1.7188e+09
          36.16     1.7203e+09
          36.18     1.7232e+09
           36.2     1.7276e+09
          36.22     1.7333e+09
          36.24     1.7401e+09
          36.26     1.7479e+09
          36.28     1.7566e+09
           36.3      1.766e+09
          36.32     1.7757e+09
          36.34     1.7857e+09
          36.36     1.7957e+09
          36.38     1.8054e+09
           36.4     1.8145e+09
          36.42     1.8228e+09
          36.44     1.8302e+09
          36.46     1.8364e+09
          36.48     1.8414e+09
           36.5     1.8451e+09
          36.52     1.8477e+09
          36.54     1.8493e+09
          36.56     1.8499e+09
          36.58     1.8497e+09
           36.6     1.8486e+09
          36.62     1.8467e+09
          36.64     1.8442e+09
          36.66      1.841e+09
          36.68     1.8372e+09
           36.7     1.8328e+09
          36.72      1.828e+09
          36.74     1.8227e+09
          36.76     1.8169e+09
          36.78     1.8108e+09
           36.8     1.8043e+09
          36.82     1.7974e+09
          36.84     1.7904e+09
          36.86      1.783e+09
          36.88     1.7754e+09
           36.9     1.7677e+09
          36.92     1.7597e+09
          36.94     1.7516e+09
          36.96     1.7434e+09
          36.98     1.7353e+09
             37     1.7275e+09
          37.02     1.7203e+09
          37.04      1.714e+09
          37.06     1.7086e+09
          37.08     1.7045e+09
           37.1     1.7017e+09
          37.12     1.7003e+09
          37.14     1.7004e+09
          37.16     1.7019e+09
          37.18     1.7049e+09
           37.2     1.7093e+09
          37.22      1.715e+09
          37.24     1.7219e+09
          37.26     1.7298e+09
          37.28     1.7385e+09
           37.3     1.7479e+09
          37.32     1.7577e+09
          37.34     1.7677e+09
          37.36     1.7776e+09
          37.38     1.7873e+09
           37.4     1.7965e+09
          37.42     1.8049e+09
          37.44     1.8122e+09
          37.46     1.8185e+09
          37.48     1.8234e+09
           37.5     1.8271e+09
          37.52     1.8298e+09
          37.54     1.8314e+09
          37.56     1.8321e+09
          37.58     1.8319e+09
           37.6     1.8308e+09
          37.62      1.829e+09
          37.64     1.8265e+09
          37.66     1.8233e+09
          37.68     1.8196e+09
           37.7     1.8153e+09
          37.72     1.8105e+09
          37.74     1.8052e+09
          37.76     1.7995e+09
          37.78     1.7934e+09
           37.8     1.7869e+09
          37.82     1.7801e+09
          37.84     1.7731e+09
          37.86     1.7658e+09
          37.88     1.7583e+09
           37.9     1.7506e+09
          37.92     1.7426e+09
          37.94     1.7346e+09
          37.96     1.7265e+09
          37.98     1.7184e+09
             38     1.7106e+09
          38.02     1.7035e+09
          38.04     1.6972e+09
          38.06     1.6919e+09
          38.08     1.6878e+09
           38.1     1.6851e+09
          38.12     1.6837e+09
          38.14     1.6838e+09
          38.16     1.6854e+09
          38.18     1.6884e+09
           38.2     1.6928e+09
          38.22     1.6985e+09
          38.24     1.7054e+09
          38.26     1.7133e+09
          38.28      1.722e+09
           38.3     1.7314e+09
          38.32     1.7412e+09
          38.34     1.7512e+09
          38.36     1.7612e+09
          38.38     1.7709e+09
           38.4     1.7801e+09
          38.42     1.7884e+09
          38.44     1.7958e+09
          38.46     1.8021e+09
          38.48      1.807e+09
           38.5     1.8108e+09
          38.52     1.8134e+09
          38.54     1.8151e+09
          38.56     1.8157e+09
          38.58     1.8155e+09
           38.6     1.8145e+09
          38.62     1.8127e+09
          38.64     1.8103e+09
          38.66     1.8071e+09
          38.68     1.8034e+09
           38.7     1.7991e+09
          38.72     1.7944e+09
          38.74     1.7891e+09
          38.76     1.7834e+09
          38.78     1.7774e+09
           38.8     1.7709e+09
          38.82     1.7642e+09
          38.84     1.7572e+09
          38.86     1.7499e+09
          38.88     1.7425e+09
           38.9     1.7348e+09
          38.92     1.7269e+09
          38.94     1.7189e+09
          38.96     1.7108e+09
          38.98     1.7028e+09
             39      1.695e+09
          39.02     1.6879e+09
          39.04     1.6817e+09
          39.06     1.6764e+09
          39.08     1.6724e+09
           39.1     1.6697e+09
          39.12     1.6683e+09
          39.14     1.6684e+09
          39.16       1.67e+09
          39.18     1.6731e+09
           39.2     1.6775e+09
          39.22     1.6832e+09
          39.24     1.6901e+09
          39.26      1.698e+09
          39.28     1.7068e+09
           39.3     1.7161e+09
          39.32     1.7259e+09
          39.34      1.736e+09
          39.36      1.746e+09
          39.38     1.7557e+09
           39.4     1.7648e+09
          39.42     1.7732e+09
          39.44     1.7806e+09
          39.46     1.7868e+09
          39.48     1.7918e+09
           39.5     1.7956e+09
          39.52     1.7982e+09
          39.54     1.7999e+09
          39.56     1.8006e+09
          39.58     1.8004e+09
           39.6     1.7994e+09
          39.62     1.7977e+09
          39.64     1.7952e+09
          39.66     1.7921e+09
          39.68     1.7884e+09
           39.7     1.7842e+09
          39.72     1.7794e+09
          39.74     1.7743e+09
          39.76     1.7686e+09
          39.78     1.7626e+09
           39.8     1.7562e+09
          39.82     1.7495e+09
          39.84     1.7426e+09
          39.86     1.7354e+09
          39.88     1.7279e+09
           39.9     1.7203e+09
          39.92     1.7124e+09
          39.94     1.7045e+09
          39.96     1.6964e+09
          39.98     1.6885e+09
             40     1.6808e+09
          40.02     1.6737e+09
          40.04     1.6675e+09
          40.06     1.6623e+09
          40.08     1.6583e+09
           40.1     1.6556e+09
          40.12     1.6542e+09
          40.14     1.6544e+09
          40.16      1.656e+09
          40.18     1.6591e+09
           40.2     1.6635e+09
          40.22     1.6693e+09
          40.24     1.6762e+09
          40.26     1.6841e+09
          40.28     1.6929e+09
           40.3     1.7022e+09
          40.32     1.7121e+09
          40.34     1.7221e+09
          40.36     1.7321e+09
          40.38     1.7418e+09
           40.4      1.751e+09
          40.42     1.7593e+09
          40.44     1.7667e+09
          40.46      1.773e+09
          40.48      1.778e+09
           40.5     1.7817e+09
          40.52     1.7844e+09
          40.54     1.7861e+09
          40.56     1.7868e+09
          40.58     1.7867e+09
           40.6     1.7857e+09
          40.62     1.7839e+09
          40.64     1.7815e+09
          40.66     1.7785e+09
          40.68     1.7748e+09
           40.7     1.7706e+09
          40.72     1.7659e+09
          40.74     1.7607e+09
          40.76     1.7551e+09
          40.78     1.7491e+09
           40.8     1.7428e+09
          40.82     1.7361e+09
          40.84     1.7292e+09
          40.86      1.722e+09
          40.88     1.7146e+09
           40.9      1.707e+09
          40.92     1.6992e+09
          40.94     1.6913e+09
          40.96     1.6833e+09
          40.98     1.6753e+09
             41     1.6677e+09
          41.02     1.6606e+09
          41.04     1.6545e+09
          41.06     1.6492e+09
          41.08     1.6453e+09
           41.1     1.6426e+09
          41.12     1.6413e+09
          41.14     1.6415e+09
          41.16     1.6431e+09
          41.18     1.6462e+09
           41.2     1.6507e+09
          41.22     1.6564e+09
          41.24     1.6634e+09
          41.26     1.6713e+09
          41.28       1.68e+09
           41.3     1.6894e+09
          41.32     1.6992e+09
          41.34     1.7092e+09
          41.36     1.7192e+09
          41.38     1.7289e+09
           41.4     1.7381e+09
          41.42     1.7464e+09
          41.44     1.7538e+09
          41.46     1.7601e+09
          41.48     1.7651e+09
           41.5     1.7688e+09
          41.52     1.7715e+09
          41.54     1.7732e+09
          41.56     1.7739e+09
          41.58     1.7738e+09
           41.6     1.7728e+09
          41.62     1.7711e+09
          41.64     1.7687e+09
          41.66     1.7657e+09
          41.68      1.762e+09
           41.7     1.7578e+09
          41.72     1.7531e+09
          41.74      1.748e+09
          41.76     1.7424e+09
          41.78     1.7365e+09
           41.8     1.7301e+09
          41.82     1.7235e+09
          41.84     1.7166e+09
          41.86     1.7095e+09
          41.88     1.7021e+09
           41.9     1.6945e+09
          41.92     1.6868e+09
          41.94     1.6789e+09
          41.96     1.6709e+09
          41.98      1.663e+09
             42     1.6554e+09
          42.02     1.6484e+09
          42.04     1.6422e+09
          42.06      1.637e+09
          42.08     1.6331e+09
           42.1     1.6305e+09
          42.12     1.6292e+09
          42.14     1.6294e+09
          42.16     1.6311e+09
          42.18     1.6341e+09
           42.2     1.6386e+09
          42.22     1.6444e+09
          42.24     1.6513e+09
          42.26     1.6592e+09
          42.28      1.668e+09
           42.3     1.6774e+09
          42.32     1.6872e+09
          42.34     1.6972e+09
          42.36     1.7072e+09
          42.38     1.7169e+09
           42.4      1.726e+09
          42.42     1.7344e+09
          42.44     1.7418e+09
          42.46     1.7481e+09
          42.48     1.7531e+09
           42.5     1.7568e+09
          42.52     1.7595e+09
          42.54     1.7613e+09
          42.56      1.762e+09
          42.58     1.7618e+09
           42.6     1.7609e+09
          42.62     1.7592e+09
          42.64     1.7568e+09
          42.66     1.7538e+09
          42.68     1.7501e+09
           42.7      1.746e+09
          42.72     1.7413e+09
          42.74     1.7362e+09
          42.76     1.7307e+09
          42.78     1.7247e+09
           42.8     1.7185e+09
          42.82     1.7119e+09
          42.84      1.705e+09
          42.86     1.6979e+09
          42.88     1.6906e+09
           42.9     1.6831e+09
          42.92     1.6753e+09
          42.94     1.6675e+09
          42.96     1.6596e+09
          42.98     1.6517e+09
             43     1.6441e+09
          43.02     1.6371e+09
          43.04      1.631e+09
          43.06     1.6259e+09
          43.08      1.622e+09
           43.1     1.6194e+09
          43.12     1.6181e+09
          43.14     1.6183e+09
          43.16       1.62e+09
          43.18     1.6231e+09
           43.2     1.6276e+09
          43.22     1.6334e+09
          43.24     1.6403e+09
          43.26     1.6483e+09
          43.28      1.657e+09
           43.3     1.6664e+09
          43.32     1.6762e+09
          43.34     1.6862e+09
          43.36     1.6962e+09
          43.38     1.7059e+09
           43.4     1.7151e+09
          43.42     1.7235e+09
          43.44     1.7309e+09
          43.46     1.7371e+09
          43.48     1.7421e+09
           43.5     1.7459e+09
          43.52     1.7486e+09
          43.54     1.7503e+09
          43.56      1.751e+09
          43.58     1.7509e+09
           43.6       1.75e+09
          43.62     1.7483e+09
          43.64     1.7459e+09
          43.66     1.7429e+09
          43.68     1.7393e+09
           43.7     1.7352e+09
          43.72     1.7306e+09
          43.74     1.7255e+09
          43.76       1.72e+09
          43.78     1.7141e+09
           43.8     1.7078e+09
          43.82     1.7013e+09
          43.84     1.6944e+09
          43.86     1.6874e+09
          43.88     1.6801e+09
           43.9     1.6726e+09
          43.92     1.6649e+09
          43.94      1.657e+09
          43.96     1.6491e+09
          43.98     1.6413e+09
             44     1.6337e+09
          44.02     1.6268e+09
          44.04     1.6207e+09
          44.06     1.6156e+09
          44.08     1.6117e+09
           44.1     1.6091e+09
          44.12     1.6079e+09
          44.14     1.6081e+09
          44.16     1.6098e+09
          44.18     1.6129e+09
           44.2     1.6174e+09
          44.22     1.6232e+09
          44.24     1.6302e+09
          44.26     1.6381e+09
          44.28     1.6469e+09
           44.3     1.6563e+09
          44.32     1.6661e+09
          44.34     1.6761e+09
          44.36     1.6861e+09
          44.38     1.6958e+09
           44.4     1.7049e+09
          44.42     1.7133e+09
          44.44     1.7207e+09
          44.46     1.7269e+09
          44.48     1.7319e+09
           44.5     1.7357e+09
          44.52     1.7384e+09
          44.54     1.7401e+09
          44.56     1.7408e+09
          44.58     1.7407e+09
           44.6     1.7398e+09
          44.62     1.7381e+09
          44.64     1.7358e+09
          44.66     1.7328e+09
          44.68     1.7292e+09
           44.7     1.7251e+09
          44.72     1.7205e+09
          44.74     1.7154e+09
          44.76     1.7099e+09
          44.78      1.704e+09
           44.8     1.6978e+09
          44.82     1.6913e+09
          44.84     1.6845e+09
          44.86     1.6774e+09
          44.88     1.6702e+09
           44.9     1.6627e+09
          44.92      1.655e+09
          44.94     1.6472e+09
          44.96     1.6394e+09
          44.98     1.6316e+09
             45      1.624e+09
          45.02     1.6171e+09
          45.04     1.6111e+09
          45.06      1.606e+09
          45.08     1.6021e+09
           45.1     1.5995e+09
          45.12     1.5983e+09
          45.14     1.5986e+09
          45.16     1.6003e+09
          45.18     1.6034e+09
           45.2     1.6079e+09
          45.22     1.6137e+09
          45.24     1.6207e+09
          45.26     1.6286e+09
          45.28     1.6374e+09
           45.3     1.6467e+09
          45.32     1.6565e+09
          45.34     1.6666e+09
          45.36     1.6765e+09
          45.38     1.6862e+09
           45.4     1.6954e+09
          45.42     1.7037e+09
          45.44     1.7111e+09
          45.46     1.7174e+09
          45.48     1.7224e+09
           45.5     1.7261e+09
          45.52     1.7288e+09
          45.54     1.7306e+09
          45.56     1.7313e+09
          45.58     1.7312e+09
           45.6     1.7303e+09
          45.62     1.7286e+09
          45.64     1.7263e+09
          45.66     1.7233e+09
          45.68     1.7197e+09
           45.7     1.7156e+09
          45.72     1.7111e+09
          45.74     1.7061e+09
          45.76     1.7006e+09
          45.78     1.6947e+09
           45.8     1.6885e+09
          45.82      1.682e+09
          45.84     1.6753e+09
          45.86     1.6682e+09
          45.88      1.661e+09
           45.9     1.6536e+09
          45.92     1.6459e+09
          45.94     1.6382e+09
          45.96     1.6303e+09
          45.98     1.6225e+09
             46      1.615e+09
          46.02     1.6082e+09
          46.04     1.6021e+09
          46.06     1.5971e+09
          46.08     1.5932e+09
           46.1     1.5907e+09
          46.12     1.5895e+09
          46.14     1.5898e+09
          46.16     1.5915e+09
          46.18     1.5946e+09
           46.2     1.5991e+09
          46.22      1.605e+09
          46.24     1.6119e+09
          46.26     1.6198e+09
          46.28     1.6286e+09
           46.3      1.638e+09
          46.32     1.6478e+09
          46.34     1.6578e+09
          46.36     1.6678e+09
          46.38     1.6774e+09
           46.4     1.6866e+09
          46.42     1.6949e+09
          46.44     1.7023e+09
          46.46     1.7086e+09
          46.48     1.7136e+09
           46.5     1.7173e+09
          46.52       1.72e+09
          46.54     1.7218e+09
          46.56     1.7225e+09
          46.58     1.7224e+09
           46.6     1.7215e+09
          46.62     1.7199e+09
          46.64     1.7175e+09
          46.66     1.7146e+09
          46.68      1.711e+09
           46.7     1.7069e+09
          46.72     1.7024e+09
          46.74     1.6974e+09
          46.76     1.6919e+09
          46.78     1.6861e+09
           46.8     1.6799e+09
          46.82     1.6734e+09
          46.84     1.6667e+09
          46.86     1.6597e+09
          46.88     1.6525e+09
           46.9     1.6451e+09
          46.92     1.6375e+09
          46.94     1.6298e+09
          46.96     1.6219e+09
          46.98     1.6142e+09
             47     1.6067e+09
          47.02     1.5999e+09
          47.04     1.5939e+09
          47.06     1.5888e+09
          47.08      1.585e+09
           47.1     1.5825e+09
          47.12     1.5813e+09
          47.14     1.5816e+09
          47.16     1.5833e+09
          47.18     1.5865e+09
           47.2      1.591e+09
          47.22     1.5968e+09
          47.24     1.6038e+09
          47.26     1.6117e+09
          47.28     1.6205e+09
           47.3     1.6298e+09
          47.32     1.6396e+09
          47.34     1.6496e+09
          47.36     1.6596e+09
          47.38     1.6693e+09
           47.4     1.6784e+09
          47.42     1.6867e+09
          47.44     1.6941e+09
          47.46     1.7004e+09
          47.48     1.7054e+09
           47.5     1.7091e+09
          47.52     1.7118e+09
          47.54     1.7135e+09
          47.56     1.7143e+09
          47.58     1.7142e+09
           47.6     1.7133e+09
          47.62     1.7117e+09
          47.64     1.7093e+09
          47.66     1.7064e+09
          47.68     1.7028e+09
           47.7     1.6988e+09
          47.72     1.6942e+09
          47.74     1.6893e+09
          47.76     1.6838e+09
          47.78      1.678e+09
           47.8     1.6719e+09
          47.82     1.6654e+09
          47.84     1.6587e+09
          47.86     1.6517e+09
          47.88     1.6446e+09
           47.9     1.6372e+09
          47.92     1.6296e+09
          47.94     1.6219e+09
          47.96     1.6141e+09
          47.98     1.6064e+09
             48     1.5989e+09
          48.02     1.5921e+09
          48.04     1.5861e+09
          48.06     1.5811e+09
          48.08     1.5773e+09
           48.1     1.5748e+09
          48.12     1.5736e+09
          48.14     1.5739e+09
          48.16     1.5757e+09
          48.18     1.5788e+09
           48.2     1.5834e+09
          48.22     1.5892e+09
          48.24     1.5961e+09
          48.26     1.6041e+09
          48.28     1.6128e+09
           48.3     1.6222e+09
          48.32      1.632e+09
          48.34      1.642e+09
          48.36     1.6519e+09
          48.38     1.6616e+09
           48.4     1.6707e+09
          48.42     1.6791e+09
          48.44     1.6865e+09
          48.46     1.6927e+09
          48.48     1.6977e+09
           48.5     1.7014e+09
          48.52     1.7041e+09
          48.54     1.7059e+09
          48.56     1.7066e+09
          48.58     1.7065e+09
           48.6     1.7056e+09
          48.62      1.704e+09
          48.64     1.7017e+09
          48.66     1.6987e+09
          48.68     1.6952e+09
           48.7     1.6912e+09
          48.72     1.6867e+09
          48.74     1.6817e+09
          48.76     1.6763e+09
          48.78     1.6705e+09
           48.8     1.6644e+09
          48.82     1.6579e+09
          48.84     1.6512e+09
          48.86     1.6443e+09
          48.88     1.6371e+09
           48.9     1.6298e+09
          48.92     1.6222e+09
          48.94     1.6145e+09
          48.96     1.6068e+09
          48.98     1.5991e+09
             49     1.5917e+09
          49.02     1.5849e+09
          49.04     1.5789e+09
          49.06     1.5739e+09
          49.08     1.5701e+09
           49.1     1.5676e+09
          49.12     1.5665e+09
          49.14     1.5668e+09
          49.16     1.5686e+09
          49.18     1.5717e+09
           49.2     1.5763e+09
          49.22     1.5821e+09
          49.24     1.5891e+09
          49.26      1.597e+09
          49.28     1.6057e+09
           49.3     1.6151e+09
          49.32     1.6249e+09
          49.34     1.6349e+09
          49.36     1.6448e+09
          49.38     1.6545e+09
           49.4     1.6636e+09
          49.42     1.6719e+09
          49.44     1.6793e+09
          49.46     1.6855e+09
          49.48     1.6905e+09
           49.5     1.6943e+09
          49.52      1.697e+09
          49.54     1.6987e+09
          49.56     1.6995e+09
          49.58     1.6994e+09
           49.6     1.6985e+09
          49.62     1.6969e+09
          49.64     1.6946e+09
          49.66     1.6916e+09
          49.68     1.6881e+09
           49.7     1.6841e+09
          49.72     1.6796e+09
          49.74     1.6746e+09
          49.76     1.6692e+09
          49.78     1.6635e+09
           49.8     1.6574e+09
          49.82      1.651e+09
          49.84     1.6443e+09
          49.86     1.6374e+09
          49.88     1.6302e+09
           49.9     1.6229e+09
          49.92     1.6154e+09
          49.94     1.6077e+09
          49.96        1.6e+09
          49.98     1.5923e+09
             50     1.5849e+09
          50.02     1.5781e+09
          50.04     1.5722e+09
          50.06     1.5672e+09
          50.08     1.5634e+09
           50.1      1.561e+09
          50.12     1.5599e+09
          50.14     1.5602e+09
          50.16      1.562e+09
          50.18     1.5651e+09
           50.2     1.5697e+09
          50.22     1.5755e+09
          50.24     1.5825e+09
          50.26     1.5904e+09
          50.28     1.5991e+09
           50.3     1.6085e+09
          50.32     1.6183e+09
          50.34     1.6283e+09
          50.36     1.6382e+09
          50.38     1.6479e+09
           50.4      1.657e+09
          50.42     1.6653e+09
          50.44     1.6726e+09
          50.46     1.6789e+09
          50.48     1.6838e+09
           50.5     1.6876e+09
          50.52     1.6903e+09
          50.54      1.692e+09
          50.56     1.6928e+09
          50.58     1.6927e+09
           50.6     1.6918e+09
          50.62     1.6902e+09
          50.64     1.6879e+09
          50.66      1.685e+09
          50.68     1.6815e+09
           50.7     1.6774e+09
          50.72      1.673e+09
          50.74      1.668e+09
          50.76     1.6626e+09
          50.78     1.6569e+09
           50.8     1.6508e+09
          50.82     1.6444e+09
          50.84     1.6378e+09
          50.86     1.6309e+09
          50.88     1.6238e+09
           50.9     1.6165e+09
          50.92     1.6089e+09
          50.94     1.6013e+09
          50.96     1.5936e+09
          50.98      1.586e+09
             51     1.5786e+09
          51.02     1.5718e+09
          51.04     1.5659e+09
          51.06      1.561e+09
          51.08     1.5572e+09
           51.1     1.5547e+09
          51.12     1.5536e+09
          51.14      1.554e+09
          51.16     1.5558e+09
          51.18     1.5589e+09
           51.2     1.5635e+09
          51.22     1.5693e+09
          51.24     1.5763e+09
          51.26     1.5842e+09
          51.28      1.593e+09
           51.3     1.6023e+09
          51.32     1.6121e+09
          51.34     1.6221e+09
          51.36      1.632e+09
          51.38     1.6416e+09
           51.4     1.6507e+09
          51.42      1.659e+09
          51.44     1.6664e+09
          51.46     1.6726e+09
          51.48     1.6776e+09
           51.5     1.6813e+09
          51.52      1.684e+09
          51.54     1.6857e+09
          51.56     1.6865e+09
          51.58     1.6864e+09
           51.6     1.6855e+09
          51.62     1.6839e+09
          51.64     1.6816e+09
          51.66     1.6787e+09
          51.68     1.6752e+09
           51.7     1.6712e+09
          51.72     1.6668e+09
          51.74     1.6618e+09
          51.76     1.6565e+09
          51.78     1.6508e+09
           51.8     1.6447e+09
          51.82     1.6383e+09
          51.84     1.6317e+09
          51.86     1.6248e+09
          51.88     1.6177e+09
           51.9     1.6104e+09
          51.92     1.6029e+09
          51.94     1.5953e+09
          51.96     1.5877e+09
          51.98       1.58e+09
             52     1.5727e+09
          52.02     1.5659e+09
          52.04       1.56e+09
          52.06     1.5551e+09
          52.08     1.5514e+09
           52.1     1.5489e+09
          52.12     1.5478e+09
          52.14     1.5482e+09
          52.16       1.55e+09
          52.18     1.5532e+09
           52.2     1.5577e+09
          52.22     1.5636e+09
          52.24     1.5705e+09
          52.26     1.5784e+09
          52.28     1.5872e+09
           52.3     1.5965e+09
          52.32     1.6063e+09
          52.34     1.6163e+09
          52.36     1.6262e+09
          52.38     1.6358e+09
           52.4     1.6449e+09
          52.42     1.6532e+09
          52.44     1.6606e+09
          52.46     1.6668e+09
          52.48     1.6717e+09
           52.5     1.6755e+09
          52.52     1.6782e+09
          52.54     1.6799e+09
          52.56     1.6806e+09
          52.58     1.6806e+09
           52.6     1.6797e+09
          52.62     1.6781e+09
          52.64     1.6758e+09
          52.66     1.6729e+09
          52.68     1.6694e+09
           52.7     1.6654e+09
          52.72     1.6609e+09
          52.74      1.656e+09
          52.76     1.6507e+09
          52.78      1.645e+09
           52.8     1.6389e+09
          52.82     1.6326e+09
          52.84      1.626e+09
          52.86     1.6191e+09
          52.88     1.6121e+09
           52.9     1.6048e+09
          52.92     1.5973e+09
          52.94     1.5897e+09
          52.96     1.5821e+09
          52.98     1.5745e+09
             53     1.5671e+09
          53.02     1.5604e+09
          53.04     1.5545e+09
          53.06     1.5496e+09
          53.08     1.5459e+09
           53.1     1.5435e+09
          53.12     1.5424e+09
          53.14     1.5428e+09
          53.16     1.5446e+09
          53.18     1.5478e+09
           53.2     1.5523e+09
          53.22     1.5582e+09
          53.24     1.5651e+09
          53.26      1.573e+09
          53.28     1.5818e+09
           53.3     1.5911e+09
          53.32     1.6009e+09
          53.34     1.6108e+09
          53.36     1.6208e+09
          53.38     1.6304e+09
           53.4     1.6395e+09
          53.42     1.6478e+09
          53.44     1.6551e+09
          53.46     1.6613e+09
          53.48     1.6662e+09
           53.5       1.67e+09
          53.52     1.6727e+09
          53.54     1.6744e+09
          53.56     1.6751e+09
          53.58     1.6751e+09
           53.6     1.6742e+09
          53.62     1.6726e+09
          53.64     1.6703e+09
          53.66     1.6674e+09
          53.68     1.6639e+09
           53.7     1.6599e+09
          53.72     1.6555e+09
          53.74     1.6506e+09
          53.76     1.6453e+09
          53.78     1.6396e+09
           53.8     1.6336e+09
          53.82     1.6272e+09
          53.84     1.6206e+09
          53.86     1.6138e+09
          53.88     1.6068e+09
           53.9     1.5995e+09
          53.92     1.5921e+09
          53.94     1.5845e+09
          53.96     1.5768e+09
          53.98     1.5693e+09
             54     1.5619e+09
          54.02     1.5552e+09
          54.04     1.5494e+09
          54.06     1.5445e+09
          54.08     1.5408e+09
           54.1     1.5384e+09
          54.12     1.5373e+09
          54.14     1.5377e+09
          54.16     1.5395e+09
          54.18     1.5427e+09
           54.2     1.5473e+09
          54.22     1.5531e+09
          54.24     1.5601e+09
          54.26      1.568e+09
          54.28     1.5767e+09
           54.3     1.5861e+09
          54.32     1.5958e+09
          54.34     1.6058e+09
          54.36     1.6157e+09
          54.38     1.6253e+09
           54.4     1.6343e+09
          54.42     1.6426e+09
          54.44       1.65e+09
          54.46     1.6561e+09
          54.48     1.6611e+09
           54.5     1.6648e+09
          54.52     1.6675e+09
          54.54     1.6692e+09
          54.56       1.67e+09
          54.58     1.6699e+09
           54.6      1.669e+09
          54.62     1.6674e+09
          54.64     1.6652e+09
          54.66     1.6623e+09
          54.68     1.6588e+09
           54.7     1.6548e+09
          54.72     1.6504e+09
          54.74     1.6455e+09
          54.76     1.6402e+09
          54.78     1.6345e+09
           54.8     1.6285e+09
          54.82     1.6222e+09
          54.84     1.6156e+09
          54.86     1.6088e+09
          54.88     1.6018e+09
           54.9     1.5946e+09
          54.92     1.5871e+09
          54.94     1.5796e+09
          54.96      1.572e+09
          54.98     1.5644e+09
             55     1.5571e+09
          55.02     1.5504e+09
          55.04     1.5446e+09
          55.06     1.5397e+09
          55.08      1.536e+09
           55.1     1.5336e+09
          55.12     1.5326e+09
          55.14     1.5329e+09
          55.16     1.5348e+09
          55.18      1.538e+09
           55.2     1.5425e+09
          55.22     1.5484e+09
          55.24     1.5553e+09
          55.26     1.5632e+09
          55.28      1.572e+09
           55.3     1.5813e+09
          55.32     1.5911e+09
          55.34      1.601e+09
          55.36     1.6109e+09
          55.38     1.6205e+09
           55.4     1.6296e+09
          55.42     1.6378e+09
          55.44     1.6452e+09
          55.46     1.6513e+09
          55.48     1.6563e+09
           55.5       1.66e+09
          55.52     1.6627e+09
          55.54     1.6644e+09
          55.56     1.6651e+09
          55.58     1.6651e+09
           55.6     1.6642e+09
          55.62     1.6626e+09
          55.64     1.6603e+09
          55.66     1.6574e+09
          55.68      1.654e+09
           55.7       1.65e+09
          55.72     1.6456e+09
          55.74     1.6407e+09
          55.76     1.6354e+09
          55.78     1.6298e+09
           55.8     1.6238e+09
          55.82     1.6175e+09
          55.84     1.6109e+09
          55.86     1.6041e+09
          55.88     1.5971e+09
           55.9     1.5899e+09
          55.92     1.5825e+09
          55.94      1.575e+09
          55.96     1.5674e+09
          55.98     1.5598e+09
             56     1.5525e+09
          56.02     1.5459e+09
          56.04     1.5401e+09
          56.06     1.5352e+09
          56.08     1.5315e+09
           56.1     1.5291e+09
          56.12     1.5281e+09
          56.14     1.5285e+09
          56.16     1.5303e+09
          56.18     1.5335e+09
           56.2     1.5381e+09
          56.22     1.5439e+09
          56.24     1.5509e+09
          56.26     1.5588e+09
          56.28     1.5675e+09
           56.3     1.5769e+09
          56.32     1.5866e+09
          56.34     1.5965e+09
          56.36     1.6064e+09
          56.38      1.616e+09
           56.4     1.6251e+09
          56.42     1.6333e+09
          56.44     1.6406e+09
          56.46     1.6468e+09
          56.48     1.6517e+09
           56.5     1.6554e+09
          56.52     1.6581e+09
          56.54     1.6598e+09
          56.56     1.6606e+09
          56.58     1.6605e+09
           56.6     1.6596e+09
          56.62      1.658e+09
          56.64     1.6558e+09
          56.66     1.6529e+09
          56.68     1.6494e+09
           56.7     1.6455e+09
          56.72     1.6411e+09
          56.74     1.6362e+09
          56.76     1.6309e+09
          56.78     1.6253e+09
           56.8     1.6193e+09
          56.82      1.613e+09
          56.84     1.6065e+09
          56.86     1.5997e+09
          56.88     1.5927e+09
           56.9     1.5855e+09
          56.92     1.5781e+09
          56.94     1.5706e+09
          56.96      1.563e+09
          56.98     1.5555e+09
             57     1.5482e+09
          57.02     1.5416e+09
          57.04     1.5358e+09
          57.06     1.5309e+09
          57.08     1.5273e+09
           57.1     1.5249e+09
          57.12     1.5239e+09
          57.14     1.5243e+09
          57.16     1.5261e+09
          57.18     1.5293e+09
           57.2     1.5339e+09
          57.22     1.5398e+09
          57.24     1.5467e+09
          57.26     1.5546e+09
          57.28     1.5633e+09
           57.3     1.5727e+09
          57.32     1.5824e+09
          57.34     1.5923e+09
          57.36     1.6022e+09
          57.38     1.6118e+09
           57.4     1.6208e+09
          57.42     1.6291e+09
          57.44     1.6364e+09
          57.46     1.6425e+09
          57.48     1.6475e+09
           57.5     1.6512e+09
          57.52     1.6538e+09
          57.54     1.6555e+09
          57.56     1.6563e+09
          57.58     1.6562e+09
           57.6     1.6553e+09
          57.62     1.6537e+09
          57.64     1.6515e+09
          57.66     1.6486e+09
          57.68     1.6452e+09
           57.7     1.6412e+09
          57.72     1.6368e+09
          57.74      1.632e+09
          57.76     1.6267e+09
          57.78     1.6211e+09
           57.8     1.6151e+09
          57.82     1.6088e+09
          57.84     1.6023e+09
          57.86     1.5955e+09
          57.88     1.5886e+09
           57.9     1.5814e+09
          57.92      1.574e+09
          57.94     1.5665e+09
          57.96      1.559e+09
          57.98     1.5515e+09
             58     1.5442e+09
          58.02     1.5376e+09
          58.04     1.5318e+09
          58.06      1.527e+09
          58.08     1.5233e+09
           58.1      1.521e+09
          58.12     1.5199e+09
          58.14     1.5204e+09
          58.16     1.5222e+09
          58.18     1.5254e+09
           58.2       1.53e+09
          58.22     1.5358e+09
          58.24     1.5428e+09
          58.26     1.5507e+09
          58.28     1.5594e+09
           58.3     1.5687e+09
          58.32     1.5785e+09
          58.34     1.5884e+09
          58.36     1.5982e+09
          58.38     1.6078e+09
           58.4     1.6168e+09
          58.42     1.6251e+09
          58.44     1.6324e+09
          58.46     1.6385e+09
          58.48     1.6434e+09
           58.5     1.6472e+09
          58.52     1.6498e+09
          58.54     1.6515e+09
          58.56     1.6523e+09
          58.58     1.6522e+09
           58.6     1.6513e+09
          58.62     1.6497e+09
          58.64     1.6475e+09
          58.66     1.6446e+09
          58.68     1.6412e+09
           58.7     1.6372e+09
          58.72     1.6328e+09
          58.74      1.628e+09
          58.76     1.6227e+09
          58.78     1.6171e+09
           58.8     1.6111e+09
          58.82     1.6049e+09
          58.84     1.5984e+09
          58.86     1.5916e+09
          58.88     1.5847e+09
           58.9     1.5775e+09
          58.92     1.5702e+09
          58.94     1.5627e+09
          58.96     1.5552e+09
          58.98     1.5477e+09
             59     1.5404e+09
          59.02     1.5338e+09
          59.04     1.5281e+09
          59.06     1.5232e+09
          59.08     1.5196e+09
           59.1     1.5172e+09
          59.12     1.5162e+09
          59.14     1.5167e+09
          59.16     1.5185e+09
          59.18     1.5217e+09
           59.2     1.5263e+09
          59.22     1.5322e+09
          59.24     1.5391e+09
          59.26      1.547e+09
          59.28     1.5557e+09
           59.3      1.565e+09
          59.32     1.5747e+09
          59.34     1.5847e+09
          59.36     1.5945e+09
          59.38     1.6041e+09
           59.4     1.6131e+09
          59.42     1.6213e+09
          59.44     1.6286e+09
          59.46     1.6348e+09
          59.48     1.6397e+09
           59.5     1.6434e+09
          59.52      1.646e+09
          59.54     1.6477e+09
          59.56     1.6485e+09
          59.58     1.6484e+09
           59.6     1.6475e+09
          59.62     1.6459e+09
          59.64     1.6437e+09
          59.66     1.6408e+09
          59.68     1.6374e+09
           59.7     1.6334e+09
          59.72     1.6291e+09
          59.74     1.6242e+09
          59.76      1.619e+09
          59.78     1.6134e+09
           59.8     1.6074e+09
          59.82     1.6012e+09
          59.84     1.5947e+09
          59.86      1.588e+09
          59.88      1.581e+09
           59.9     1.5739e+09
          59.92     1.5665e+09
          59.94     1.5591e+09
          59.96     1.5516e+09
          59.98     1.5441e+09
             60     1.5369e+09
          60.02     1.5303e+09
          60.04     1.5245e+09
          60.06     1.5197e+09
          60.08     1.5161e+09
           60.1     1.5138e+09
          60.12     1.5128e+09
          60.14     1.5132e+09
          60.16      1.515e+09
          60.18     1.5183e+09
           60.2     1.5228e+09
          60.22     1.5287e+09
          60.24     1.5356e+09
          60.26     1.5435e+09
          60.28     1.5522e+09
           60.3     1.5616e+09
          60.32     1.5713e+09
          60.34     1.5812e+09
          60.36      1.591e+09
          60.38     1.6006e+09
           60.4     1.6096e+09
          60.42     1.6178e+09
          60.44     1.6251e+09
          60.46     1.6312e+09
          60.48     1.6361e+09
           60.5     1.6398e+09
          60.52     1.6425e+09
          60.54     1.6441e+09
          60.56     1.6449e+09
          60.58     1.6448e+09
           60.6     1.6439e+09
          60.62     1.6423e+09
          60.64     1.6401e+09
          60.66     1.6372e+09
          60.68     1.6338e+09
           60.7     1.6299e+09
          60.72     1.6255e+09
          60.74     1.6207e+09
          60.76     1.6154e+09
          60.78     1.6098e+09
           60.8     1.6039e+09
          60.82     1.5977e+09
          60.84     1.5912e+09
          60.86     1.5845e+09
          60.88     1.5776e+09
           60.9     1.5704e+09
          60.92     1.5631e+09
          60.94     1.5557e+09
          60.96     1.5482e+09
          60.98     1.5407e+09
             61     1.5335e+09
          61.02     1.5269e+09
          61.04     1.5212e+09
          61.06     1.5164e+09
          61.08     1.5128e+09
           61.1     1.5105e+09
          61.12     1.5095e+09
          61.14     1.5099e+09
          61.16     1.5118e+09
          61.18      1.515e+09
           61.2     1.5196e+09
          61.22     1.5254e+09
          61.24     1.5324e+09
          61.26     1.5403e+09
          61.28      1.549e+09
           61.3     1.5583e+09
          61.32      1.568e+09
          61.34     1.5779e+09
          61.36     1.5877e+09
          61.38     1.5972e+09
           61.4     1.6063e+09
          61.42     1.6145e+09
          61.44     1.6217e+09
          61.46     1.6279e+09
          61.48     1.6327e+09
           61.5     1.6364e+09
          61.52     1.6391e+09
          61.54     1.6408e+09
          61.56     1.6415e+09
          61.58     1.6414e+09
           61.6     1.6405e+09
          61.62     1.6389e+09
          61.64     1.6367e+09
          61.66     1.6339e+09
          61.68     1.6304e+09
           61.7     1.6265e+09
          61.72     1.6221e+09
          61.74     1.6173e+09
          61.76     1.6121e+09
          61.78     1.6065e+09
           61.8     1.6006e+09
          61.82     1.5944e+09
          61.84     1.5879e+09
          61.86     1.5812e+09
          61.88     1.5743e+09
           61.9     1.5672e+09
          61.92     1.5599e+09
          61.94     1.5525e+09
          61.96      1.545e+09
          61.98     1.5375e+09
             62     1.5304e+09
          62.02     1.5238e+09
          62.04     1.5181e+09
          62.06     1.5133e+09
          62.08     1.5097e+09
           62.1     1.5074e+09
          62.12     1.5064e+09
          62.14     1.5068e+09
          62.16     1.5087e+09
          62.18     1.5119e+09
           62.2     1.5165e+09
          62.22     1.5223e+09
          62.24     1.5293e+09
          62.26     1.5372e+09
          62.28     1.5459e+09
           62.3     1.5552e+09
          62.32     1.5649e+09
          62.34     1.5748e+09
          62.36     1.5846e+09
          62.38     1.5941e+09
           62.4     1.6031e+09
          62.42     1.6113e+09
          62.44     1.6186e+09
          62.46     1.6247e+09
          62.48     1.6296e+09
           62.5     1.6333e+09
          62.52     1.6359e+09
          62.54     1.6376e+09
          62.56     1.6383e+09
          62.58     1.6382e+09
           62.6     1.6374e+09
          62.62     1.6358e+09
          62.64     1.6335e+09
          62.66     1.6307e+09
          62.68     1.6273e+09
           62.7     1.6233e+09
          62.72      1.619e+09
          62.74     1.6142e+09
          62.76      1.609e+09
          62.78     1.6034e+09
           62.8     1.5975e+09
          62.82     1.5913e+09
          62.84     1.5848e+09
          62.86     1.5781e+09
          62.88     1.5712e+09
           62.9     1.5641e+09
          62.92     1.5568e+09
          62.94     1.5494e+09
          62.96      1.542e+09
          62.98     1.5345e+09
             63     1.5274e+09
          63.02     1.5208e+09
          63.04     1.5151e+09
          63.06     1.5103e+09
          63.08     1.5068e+09
           63.1     1.5044e+09
          63.12     1.5035e+09
          63.14     1.5039e+09
          63.16     1.5058e+09
          63.18      1.509e+09
           63.2     1.5136e+09
          63.22     1.5195e+09
          63.24     1.5264e+09
          63.26     1.5343e+09
          63.28      1.543e+09
           63.3     1.5523e+09
          63.32      1.562e+09
          63.34     1.5718e+09
          63.36     1.5817e+09
          63.38     1.5912e+09
           63.4     1.6002e+09
          63.42     1.6084e+09
          63.44     1.6156e+09
          63.46     1.6217e+09
          63.48     1.6266e+09
           63.5     1.6303e+09
          63.52     1.6329e+09
          63.54     1.6346e+09
          63.56     1.6353e+09
          63.58     1.6352e+09
           63.6     1.6343e+09
          63.62     1.6327e+09
          63.64     1.6305e+09
          63.66     1.6277e+09
          63.68     1.6243e+09
           63.7     1.6203e+09
          63.72      1.616e+09
          63.74     1.6112e+09
          63.76      1.606e+09
          63.78     1.6004e+09
           63.8     1.5945e+09
          63.82     1.5883e+09
          63.84     1.5819e+09
          63.86     1.5752e+09
          63.88     1.5683e+09
           63.9     1.5613e+09
          63.92      1.554e+09
          63.94     1.5466e+09
          63.96     1.5391e+09
          63.98     1.5317e+09
             64     1.5246e+09
          64.02      1.518e+09
          64.04     1.5123e+09
          64.06     1.5076e+09
          64.08      1.504e+09
           64.1     1.5017e+09
          64.12     1.5007e+09
          64.14     1.5012e+09
          64.16     1.5031e+09
          64.18     1.5063e+09
           64.2     1.5109e+09
          64.22     1.5167e+09
          64.24     1.5237e+09
          64.26     1.5316e+09
          64.28     1.5402e+09
           64.3     1.5495e+09
          64.32     1.5592e+09
          64.34     1.5691e+09
          64.36     1.5789e+09
          64.38     1.5884e+09
           64.4     1.5974e+09
          64.42     1.6056e+09
          64.44     1.6128e+09
          64.46     1.6189e+09
          64.48     1.6238e+09
           64.5     1.6274e+09
          64.52     1.6301e+09
          64.54     1.6317e+09
          64.56     1.6325e+09
          64.58     1.6324e+09
           64.6     1.6315e+09
          64.62     1.6299e+09
          64.64     1.6277e+09
          64.66     1.6248e+09
          64.68     1.6214e+09
           64.7     1.6175e+09
          64.72     1.6132e+09
          64.74     1.6084e+09
          64.76     1.6032e+09
          64.78     1.5976e+09
           64.8     1.5917e+09
          64.82     1.5855e+09
          64.84     1.5791e+09
          64.86     1.5725e+09
          64.88     1.5656e+09
           64.9     1.5585e+09
          64.92     1.5513e+09
          64.94     1.5439e+09
          64.96     1.5364e+09
          64.98      1.529e+09
             65     1.5219e+09
          65.02     1.5154e+09
          65.04     1.5097e+09
          65.06     1.5049e+09
          65.08     1.5014e+09
           65.1     1.4991e+09
          65.12     1.4981e+09
          65.14     1.4986e+09
          65.16     1.5005e+09
          65.18     1.5037e+09
           65.2     1.5083e+09
          65.22     1.5141e+09
          65.24     1.5211e+09
          65.26      1.529e+09
          65.28     1.5377e+09
           65.3     1.5469e+09
          65.32     1.5566e+09
          65.34     1.5665e+09
          65.36     1.5763e+09
          65.38     1.5858e+09
           65.4     1.5947e+09
          65.42     1.6029e+09
          65.44     1.6101e+09
          65.46     1.6162e+09
          65.48     1.6211e+09
           65.5     1.6248e+09
          65.52     1.6274e+09
          65.54      1.629e+09
          65.56     1.6298e+09
          65.58     1.6297e+09
           65.6     1.6288e+09
          65.62     1.6272e+09
          65.64      1.625e+09
          65.66     1.6221e+09
          65.68     1.6187e+09
           65.7     1.6148e+09
          65.72     1.6105e+09
          65.74     1.6057e+09
          65.76     1.6005e+09
          65.78      1.595e+09
           65.8     1.5891e+09
          65.82     1.5829e+09
          65.84     1.5765e+09
          65.86     1.5699e+09
          65.88      1.563e+09
           65.9     1.5559e+09
          65.92     1.5487e+09
          65.94     1.5413e+09
          65.96     1.5339e+09
          65.98     1.5265e+09
             66     1.5194e+09
          66.02     1.5129e+09
          66.04     1.5072e+09
          66.06     1.5025e+09
          66.08     1.4989e+09
           66.1     1.4966e+09
          66.12     1.4957e+09
          66.14     1.4962e+09
          66.16      1.498e+09
          66.18     1.5013e+09
           66.2     1.5059e+09
          66.22     1.5117e+09
          66.24     1.5187e+09
          66.26     1.5265e+09
          66.28     1.5352e+09
           66.3     1.5445e+09
          66.32     1.5541e+09
          66.34      1.564e+09
          66.36     1.5738e+09
          66.38     1.5833e+09
           66.4     1.5923e+09
          66.42     1.6004e+09
          66.44     1.6076e+09
          66.46     1.6137e+09
          66.48     1.6186e+09
           66.5     1.6222e+09
          66.52     1.6248e+09
          66.54     1.6265e+09
          66.56     1.6272e+09
          66.58     1.6271e+09
           66.6     1.6263e+09
          66.62     1.6247e+09
          66.64     1.6224e+09
          66.66     1.6196e+09
          66.68     1.6162e+09
           66.7     1.6123e+09
          66.72      1.608e+09
          66.74     1.6032e+09
          66.76      1.598e+09
          66.78     1.5925e+09
           66.8     1.5866e+09
          66.82     1.5804e+09
          66.84      1.574e+09
          66.86     1.5674e+09
          66.88     1.5606e+09
           66.9     1.5535e+09
          66.92     1.5463e+09
          66.94     1.5389e+09
          66.96     1.5315e+09
          66.98     1.5241e+09
             67      1.517e+09
          67.02     1.5105e+09
          67.04     1.5048e+09
          67.06     1.5001e+09
          67.08     1.4966e+09
           67.1     1.4943e+09
          67.12     1.4934e+09
          67.14     1.4938e+09
          67.16     1.4957e+09
          67.18      1.499e+09
           67.2     1.5036e+09
          67.22     1.5094e+09
          67.24     1.5164e+09
          67.26     1.5242e+09
          67.28     1.5329e+09
           67.3     1.5422e+09
          67.32     1.5518e+09
          67.34     1.5617e+09
          67.36     1.5715e+09
          67.38     1.5809e+09
           67.4     1.5899e+09
          67.42     1.5981e+09
          67.44     1.6053e+09
          67.46     1.6113e+09
          67.48     1.6162e+09
           67.5     1.6198e+09
          67.52     1.6224e+09
          67.54     1.6241e+09
          67.56     1.6248e+09
          67.58     1.6247e+09
           67.6     1.6238e+09
          67.62     1.6222e+09
          67.64       1.62e+09
          67.66     1.6172e+09
          67.68     1.6138e+09
           67.7     1.6099e+09
          67.72     1.6056e+09
          67.74     1.6008e+09
          67.76     1.5956e+09
          67.78     1.5901e+09
           67.8     1.5842e+09
          67.82     1.5781e+09
          67.84     1.5717e+09
          67.86     1.5651e+09
          67.88     1.5582e+09
           67.9     1.5512e+09
          67.92      1.544e+09
          67.94     1.5366e+09
          67.96     1.5292e+09
          67.98     1.5219e+09
             68     1.5148e+09
          68.02     1.5083e+09
          68.04     1.5026e+09
          68.06     1.4979e+09
          68.08     1.4944e+09
           68.1     1.4921e+09
          68.12     1.4912e+09
          68.14     1.4917e+09
          68.16     1.4936e+09
          68.18     1.4968e+09
           68.2     1.5014e+09
          68.22     1.5072e+09
          68.24     1.5142e+09
          68.26     1.5221e+09
          68.28     1.5307e+09
           68.3       1.54e+09
          68.32     1.5496e+09
          68.34     1.5595e+09
          68.36     1.5692e+09
          68.38     1.5787e+09
           68.4     1.5877e+09
          68.42     1.5958e+09
          68.44      1.603e+09
          68.46     1.6091e+09
          68.48     1.6139e+09
           68.5     1.6176e+09
          68.52     1.6202e+09
          68.54     1.6218e+09
          68.56     1.6225e+09
          68.58     1.6224e+09
           68.6     1.6216e+09
          68.62       1.62e+09
          68.64     1.6177e+09
          68.66     1.6149e+09
          68.68     1.6115e+09
           68.7     1.6076e+09
          68.72     1.6033e+09
          68.74     1.5985e+09
          68.76     1.5934e+09
          68.78     1.5878e+09
           68.8      1.582e+09
          68.82     1.5758e+09
          68.84     1.5695e+09
          68.86     1.5629e+09
          68.88      1.556e+09
           68.9      1.549e+09
          68.92     1.5418e+09
          68.94     1.5345e+09
          68.96     1.5271e+09
          68.98     1.5197e+09
             69     1.5126e+09
          69.02     1.5062e+09
          69.04     1.5005e+09
          69.06     1.4958e+09
          69.08     1.4923e+09
           69.1       1.49e+09
          69.12     1.4891e+09
          69.14     1.4896e+09
          69.16     1.4915e+09
          69.18     1.4948e+09
           69.2     1.4993e+09
          69.22     1.5052e+09
          69.24     1.5121e+09
          69.26       1.52e+09
          69.28     1.5287e+09
           69.3     1.5379e+09
          69.32     1.5476e+09
          69.34     1.5574e+09
          69.36     1.5672e+09
          69.38     1.5766e+09
           69.4     1.5856e+09
          69.42     1.5937e+09
          69.44     1.6009e+09
          69.46      1.607e+09
          69.48     1.6118e+09
           69.5     1.6154e+09
          69.52      1.618e+09
          69.54     1.6197e+09
          69.56     1.6204e+09
          69.58     1.6203e+09
           69.6     1.6194e+09
          69.62     1.6178e+09
          69.64     1.6156e+09
          69.66     1.6127e+09
          69.68     1.6093e+09
           69.7     1.6055e+09
          69.72     1.6011e+09
          69.74     1.5964e+09
          69.76     1.5912e+09
          69.78     1.5857e+09
           69.8     1.5799e+09
          69.82     1.5737e+09
          69.84     1.5674e+09
          69.86     1.5608e+09
          69.88      1.554e+09
           69.9     1.5469e+09
          69.92     1.5397e+09
          69.94     1.5324e+09
          69.96      1.525e+09
          69.98     1.5177e+09
             70     1.5106e+09
          70.02     1.5042e+09
          70.04     1.4985e+09
          70.06     1.4938e+09
          70.08     1.4903e+09
           70.1     1.4881e+09
          70.12     1.4872e+09
          70.14     1.4877e+09
          70.16     1.4896e+09
          70.18     1.4928e+09
           70.2     1.4974e+09
          70.22     1.5032e+09
          70.24     1.5102e+09
          70.26     1.5181e+09
          70.28     1.5267e+09
           70.3      1.536e+09
          70.32     1.5456e+09
          70.34     1.5554e+09
          70.36     1.5652e+09
          70.38     1.5746e+09
           70.4     1.5836e+09
          70.42     1.5917e+09
          70.44     1.5989e+09
          70.46     1.6049e+09
          70.48     1.6098e+09
           70.5     1.6134e+09
          70.52      1.616e+09
          70.54     1.6176e+09
          70.56     1.6183e+09
          70.58     1.6182e+09
           70.6     1.6173e+09
          70.62     1.6157e+09
          70.64     1.6135e+09
          70.66     1.6107e+09
          70.68     1.6073e+09
           70.7     1.6034e+09
          70.72     1.5991e+09
          70.74     1.5944e+09
          70.76     1.5892e+09
          70.78     1.5837e+09
           70.8     1.5779e+09
          70.82     1.5717e+09
          70.84     1.5654e+09
          70.86     1.5588e+09
          70.88      1.552e+09
           70.9      1.545e+09
          70.92     1.5378e+09
          70.94     1.5305e+09
          70.96     1.5231e+09
          70.98     1.5158e+09
             71     1.5087e+09
          71.02     1.5023e+09
          71.04     1.4967e+09
          71.06      1.492e+09
          71.08     1.4885e+09
           71.1     1.4862e+09
          71.12     1.4853e+09
          71.14     1.4858e+09
          71.16     1.4877e+09
          71.18      1.491e+09
           71.2     1.4956e+09
          71.22     1.5014e+09
          71.24     1.5084e+09
          71.26     1.5162e+09
          71.28     1.5249e+09
           71.3     1.5341e+09
          71.32     1.5437e+09
          71.34     1.5535e+09
          71.36     1.5633e+09
          71.38     1.5728e+09
           71.4     1.5817e+09
          71.42     1.5898e+09
          71.44      1.597e+09
          71.46      1.603e+09
          71.48     1.6078e+09
           71.5     1.6115e+09
          71.52      1.614e+09
          71.54     1.6157e+09
          71.56     1.6164e+09
          71.58     1.6163e+09
           71.6     1.6154e+09
          71.62     1.6138e+09
          71.64     1.6116e+09
          71.66     1.6087e+09
          71.68     1.6054e+09
           71.7     1.6015e+09
          71.72     1.5972e+09
          71.74     1.5924e+09
          71.76     1.5873e+09
          71.78     1.5818e+09
           71.8     1.5759e+09
          71.82     1.5698e+09
          71.84     1.5635e+09
          71.86     1.5569e+09
          71.88     1.5501e+09
           71.9     1.5431e+09
          71.92     1.5359e+09
          71.94     1.5287e+09
          71.96     1.5213e+09
          71.98      1.514e+09
             72     1.5069e+09
          72.02     1.5005e+09
          72.04     1.4949e+09
          72.06     1.4902e+09
          72.08     1.4867e+09
           72.1     1.4845e+09
          72.12     1.4836e+09
          72.14     1.4841e+09
          72.16      1.486e+09
          72.18     1.4892e+09
           72.2     1.4938e+09
          72.22     1.4997e+09
          72.24     1.5066e+09
          72.26     1.5145e+09
          72.28     1.5231e+09
           72.3     1.5324e+09
          72.32      1.542e+09
          72.34     1.5518e+09
          72.36     1.5615e+09
          72.38      1.571e+09
           72.4     1.5799e+09
          72.42      1.588e+09
          72.44     1.5952e+09
          72.46     1.6012e+09
          72.48      1.606e+09
           72.5     1.6096e+09
          72.52     1.6122e+09
          72.54     1.6138e+09
          72.56     1.6145e+09
          72.58     1.6144e+09
           72.6     1.6135e+09
          72.62     1.6119e+09
          72.64     1.6097e+09
          72.66     1.6069e+09
          72.68     1.6035e+09
           72.7     1.5996e+09
          72.72     1.5953e+09
          72.74     1.5906e+09
          72.76     1.5854e+09
          72.78       1.58e+09
           72.8     1.5741e+09
          72.82      1.568e+09
          72.84     1.5617e+09
          72.86     1.5551e+09
          72.88     1.5483e+09
           72.9     1.5414e+09
          72.92     1.5342e+09
          72.94     1.5269e+09
          72.96     1.5196e+09
          72.98     1.5122e+09
             73     1.5052e+09
          73.02     1.4988e+09
          73.04     1.4932e+09
          73.06     1.4885e+09
          73.08      1.485e+09
           73.1     1.4828e+09
          73.12     1.4819e+09
          73.14     1.4824e+09
          73.16     1.4843e+09
          73.18     1.4876e+09
           73.2     1.4922e+09
          73.22      1.498e+09
          73.24      1.505e+09
          73.26     1.5128e+09
          73.28     1.5215e+09
           73.3     1.5307e+09
          73.32     1.5403e+09
          73.34     1.5501e+09
          73.36     1.5598e+09
          73.38     1.5693e+09
           73.4     1.5782e+09
          73.42     1.5863e+09
          73.44     1.5934e+09
          73.46     1.5995e+09
          73.48     1.6043e+09
           73.5     1.6079e+09
          73.52     1.6105e+09
          73.54     1.6121e+09
          73.56     1.6128e+09
          73.58     1.6127e+09
           73.6     1.6118e+09
          73.62     1.6102e+09
          73.64      1.608e+09
          73.66     1.6051e+09
          73.68     1.6018e+09
           73.7     1.5979e+09
          73.72     1.5936e+09
          73.74     1.5889e+09
          73.76     1.5837e+09
          73.78     1.5782e+09
           73.8     1.5724e+09
          73.82     1.5663e+09
          73.84       1.56e+09
          73.86     1.5534e+09
          73.88     1.5467e+09
           73.9     1.5397e+09
          73.92     1.5325e+09
          73.94     1.5253e+09
          73.96     1.5179e+09
          73.98     1.5106e+09
             74     1.5036e+09
          74.02     1.4972e+09
          74.04     1.4916e+09
          74.06     1.4869e+09
          74.08     1.4835e+09
           74.1     1.4812e+09
          74.12     1.4803e+09
          74.14     1.4808e+09
          74.16     1.4828e+09
          74.18      1.486e+09
           74.2     1.4906e+09
          74.22     1.4965e+09
          74.24     1.5034e+09
          74.26     1.5112e+09
          74.28     1.5199e+09
           74.3     1.5291e+09
          74.32     1.5387e+09
          74.34     1.5485e+09
          74.36     1.5582e+09
          74.38     1.5677e+09
           74.4     1.5766e+09
          74.42     1.5847e+09
          74.44     1.5918e+09
          74.46     1.5978e+09
          74.48     1.6026e+09
           74.5     1.6062e+09
          74.52     1.6088e+09
          74.54     1.6104e+09
          74.56     1.6111e+09
          74.58      1.611e+09
           74.6     1.6101e+09
          74.62     1.6085e+09
          74.64     1.6063e+09
          74.66     1.6035e+09
          74.68     1.6001e+09
           74.7     1.5962e+09
          74.72     1.5919e+09
          74.74     1.5872e+09
          74.76     1.5821e+09
          74.78     1.5766e+09
           74.8     1.5708e+09
          74.82     1.5647e+09
          74.84     1.5584e+09
          74.86     1.5518e+09
          74.88     1.5451e+09
           74.9     1.5381e+09
          74.92     1.5309e+09
          74.94     1.5237e+09
          74.96     1.5164e+09
          74.98     1.5091e+09
             75     1.5021e+09
          75.02     1.4956e+09
          75.04     1.4901e+09
          75.06     1.4854e+09
          75.08     1.4819e+09
           75.1     1.4797e+09
          75.12     1.4788e+09
          75.14     1.4794e+09
          75.16     1.4813e+09
          75.18     1.4845e+09
           75.2     1.4891e+09
          75.22      1.495e+09
          75.24     1.5019e+09
          75.26     1.5098e+09
          75.28     1.5184e+09
           75.3     1.5276e+09
          75.32     1.5372e+09
          75.34      1.547e+09
          75.36     1.5567e+09
          75.38     1.5661e+09
           75.4      1.575e+09
          75.42     1.5831e+09
          75.44     1.5903e+09
          75.46     1.5963e+09
          75.48     1.6011e+09
           75.5     1.6047e+09
          75.52     1.6072e+09
          75.54     1.6089e+09
          75.56     1.6095e+09
          75.58     1.6094e+09
           75.6     1.6085e+09
          75.62     1.6069e+09
          75.64     1.6047e+09
          75.66     1.6019e+09
          75.68     1.5985e+09
           75.7     1.5946e+09
          75.72     1.5903e+09
          75.74     1.5856e+09
          75.76     1.5805e+09
          75.78      1.575e+09
           75.8     1.5692e+09
          75.82     1.5632e+09
          75.84     1.5568e+09
          75.86     1.5503e+09
          75.88     1.5435e+09
           75.9     1.5366e+09
          75.92     1.5294e+09
          75.94     1.5222e+09
          75.96     1.5149e+09
          75.98     1.5076e+09
             76     1.5006e+09
          76.02     1.4942e+09
          76.04     1.4886e+09
          76.06      1.484e+09
          76.08     1.4805e+09
           76.1     1.4783e+09
          76.12     1.4774e+09
          76.14     1.4779e+09
          76.16     1.4799e+09
          76.18     1.4831e+09
           76.2     1.4877e+09
          76.22     1.4936e+09
          76.24     1.5005e+09
          76.26     1.5083e+09
          76.28      1.517e+09
           76.3     1.5262e+09
          76.32     1.5358e+09
          76.34     1.5456e+09
          76.36     1.5553e+09
          76.38     1.5647e+09
           76.4     1.5736e+09
          76.42     1.5817e+09
          76.44     1.5888e+09
          76.46     1.5948e+09
          76.48     1.5996e+09
           76.5     1.6032e+09
          76.52     1.6057e+09
          76.54     1.6074e+09
          76.56      1.608e+09
          76.58     1.6079e+09
           76.6      1.607e+09
          76.62     1.6054e+09
          76.64     1.6032e+09
          76.66     1.6004e+09
          76.68      1.597e+09
           76.7     1.5931e+09
          76.72     1.5889e+09
          76.74     1.5841e+09
          76.76      1.579e+09
          76.78     1.5735e+09
           76.8     1.5678e+09
          76.82     1.5617e+09
          76.84     1.5554e+09
          76.86     1.5488e+09
          76.88     1.5421e+09
           76.9     1.5352e+09
          76.92      1.528e+09
          76.94     1.5208e+09
          76.96     1.5135e+09
          76.98     1.5062e+09
             77     1.4992e+09
          77.02     1.4928e+09
          77.04     1.4872e+09
          77.06     1.4826e+09
          77.08     1.4792e+09
           77.1      1.477e+09
          77.12     1.4761e+09
          77.14     1.4766e+09
          77.16     1.4785e+09
          77.18     1.4818e+09
           77.2     1.4864e+09
          77.22     1.4922e+09
          77.24     1.4992e+09
          77.26      1.507e+09
          77.28     1.5156e+09
           77.3     1.5248e+09
          77.32     1.5344e+09
          77.34     1.5442e+09
          77.36     1.5539e+09
          77.38     1.5633e+09
           77.4     1.5722e+09
          77.42     1.5803e+09
          77.44     1.5874e+09
          77.46     1.5934e+09
          77.48     1.5982e+09
           77.5     1.6018e+09
          77.52     1.6043e+09
          77.54     1.6059e+09
          77.56     1.6066e+09
          77.58     1.6065e+09
           77.6     1.6056e+09
          77.62      1.604e+09
          77.64     1.6018e+09
          77.66     1.5989e+09
          77.68     1.5956e+09
           77.7     1.5917e+09
          77.72     1.5874e+09
          77.74     1.5827e+09
          77.76     1.5776e+09
          77.78     1.5721e+09
           77.8     1.5663e+09
          77.82     1.5603e+09
          77.84      1.554e+09
          77.86     1.5475e+09
          77.88     1.5407e+09
           77.9     1.5338e+09
          77.92     1.5267e+09
          77.94     1.5194e+09
          77.96     1.5121e+09
          77.98     1.5049e+09
             78     1.4979e+09
          78.02     1.4915e+09
          78.04     1.4859e+09
          78.06     1.4813e+09
          78.08     1.4779e+09
           78.1     1.4757e+09
          78.12     1.4748e+09
          78.14     1.4753e+09
          78.16     1.4773e+09
          78.18     1.4805e+09
           78.2     1.4851e+09
          78.22      1.491e+09
          78.24     1.4979e+09
          78.26     1.5057e+09
          78.28     1.5144e+09
           78.3     1.5236e+09
          78.32     1.5331e+09
          78.34     1.5429e+09
          78.36     1.5526e+09
          78.38      1.562e+09
           78.4     1.5709e+09
          78.42     1.5789e+09
          78.44     1.5861e+09
          78.46     1.5921e+09
          78.48     1.5968e+09
           78.5     1.6004e+09
          78.52      1.603e+09
          78.54     1.6046e+09
          78.56     1.6052e+09
          78.58     1.6051e+09
           78.6     1.6042e+09
          78.62     1.6026e+09
          78.64     1.6004e+09
          78.66     1.5976e+09
          78.68     1.5942e+09
           78.7     1.5903e+09
          78.72     1.5861e+09
          78.74     1.5814e+09
          78.76     1.5762e+09
          78.78     1.5708e+09
           78.8      1.565e+09
          78.82      1.559e+09
          78.84     1.5527e+09
          78.86     1.5461e+09
          78.88     1.5394e+09
           78.9     1.5325e+09
          78.92     1.5254e+09
          78.94     1.5181e+09
          78.96     1.5109e+09
          78.98     1.5036e+09
             79     1.4966e+09
          79.02     1.4903e+09
          79.04     1.4847e+09
          79.06     1.4801e+09
          79.08     1.4767e+09
           79.1     1.4745e+09
          79.12     1.4736e+09
          79.14     1.4741e+09
          79.16     1.4761e+09
          79.18     1.4793e+09
           79.2     1.4839e+09
          79.22     1.4898e+09
          79.24     1.4967e+09
          79.26     1.5045e+09
          79.28     1.5131e+09
           79.3     1.5223e+09
          79.32     1.5319e+09
          79.34     1.5417e+09
          79.36     1.5514e+09
          79.38     1.5608e+09
           79.4     1.5696e+09
          79.42     1.5777e+09
          79.44     1.5848e+09
          79.46     1.5908e+09
          79.48     1.5956e+09
           79.5     1.5991e+09
          79.52     1.6017e+09
          79.54     1.6033e+09
          79.56      1.604e+09
          79.58     1.6038e+09
           79.6     1.6029e+09
          79.62     1.6013e+09
          79.64     1.5991e+09
          79.66     1.5963e+09
          79.68     1.5929e+09
           79.7     1.5891e+09
          79.72     1.5848e+09
          79.74     1.5801e+09
          79.76      1.575e+09
          79.78     1.5695e+09
           79.8     1.5637e+09
          79.82     1.5577e+09
          79.84     1.5514e+09
          79.86     1.5449e+09
          79.88     1.5382e+09
           79.9     1.5313e+09
          79.92     1.5241e+09
          79.94     1.5169e+09
          79.96     1.5096e+09
          79.98     1.5024e+09
             80     1.4954e+09
          80.02     1.4891e+09
          80.04     1.4835e+09
          80.06     1.4789e+09
          80.08     1.4755e+09
           80.1     1.4733e+09
          80.12     1.4724e+09
          80.14      1.473e+09
          80.16     1.4749e+09
          80.18     1.4782e+09
           80.2     1.4828e+09
          80.22     1.4886e+09
          80.24     1.4955e+09
          80.26     1.5034e+09
          80.28      1.512e+09
           80.3     1.5212e+09
          80.32     1.5308e+09
          80.34     1.5405e+09
          80.36     1.5502e+09
          80.38     1.5596e+09
           80.4     1.5684e+09
          80.42     1.5765e+09
          80.44     1.5836e+09
          80.46     1.5896e+09
          80.48     1.5943e+09
           80.5     1.5979e+09
          80.52     1.6005e+09
          80.54     1.6021e+09
          80.56     1.6027e+09
          80.58     1.6026e+09
           80.6     1.6017e+09
          80.62     1.6001e+09
          80.64     1.5979e+09
          80.66      1.595e+09
          80.68     1.5917e+09
           80.7     1.5878e+09
          80.72     1.5835e+09
          80.74     1.5788e+09
          80.76     1.5737e+09
          80.78     1.5683e+09
           80.8     1.5625e+09
          80.82     1.5565e+09
          80.84     1.5502e+09
          80.86     1.5437e+09
          80.88      1.537e+09
           80.9     1.5301e+09
          80.92      1.523e+09
          80.94     1.5158e+09
          80.96     1.5085e+09
          80.98     1.5013e+09
             81     1.4943e+09
          81.02     1.4879e+09
          81.04     1.4824e+09
          81.06     1.4778e+09
          81.08     1.4744e+09
           81.1     1.4722e+09
          81.12     1.4713e+09
          81.14     1.4719e+09
          81.16     1.4738e+09
          81.18     1.4771e+09
           81.2     1.4817e+09
          81.22     1.4875e+09
          81.24     1.4944e+09
          81.26     1.5023e+09
          81.28     1.5109e+09
           81.3     1.5201e+09
          81.32     1.5297e+09
          81.34     1.5394e+09
          81.36     1.5491e+09
          81.38     1.5585e+09
           81.4     1.5673e+09
          81.42     1.5754e+09
          81.44     1.5825e+09
          81.46     1.5884e+09
          81.48     1.5932e+09
           81.5     1.5967e+09
          81.52     1.5993e+09
          81.54     1.6009e+09
          81.56     1.6015e+09
          81.58     1.6014e+09
           81.6     1.6005e+09
          81.62     1.5989e+09
          81.64     1.5967e+09
          81.66     1.5939e+09
          81.68     1.5905e+09
           81.7     1.5866e+09
          81.72     1.5824e+09
          81.74     1.5777e+09
          81.76     1.5726e+09
          81.78     1.5671e+09
           81.8     1.5614e+09
          81.82     1.5553e+09
          81.84     1.5491e+09
          81.86     1.5426e+09
          81.88     1.5359e+09
           81.9      1.529e+09
          81.92     1.5219e+09
          81.94     1.5147e+09
          81.96     1.5074e+09
          81.98     1.5002e+09
             82     1.4932e+09
          82.02     1.4869e+09
          82.04     1.4813e+09
          82.06     1.4768e+09
          82.08     1.4733e+09
           82.1     1.4712e+09
          82.12     1.4703e+09
          82.14     1.4708e+09
          82.16     1.4728e+09
          82.18     1.4761e+09
           82.2     1.4807e+09
          82.22     1.4865e+09
          82.24     1.4934e+09
          82.26     1.5012e+09
          82.28     1.5098e+09
           82.3      1.519e+09
          82.32     1.5286e+09
          82.34     1.5383e+09
          82.36      1.548e+09
          82.38     1.5574e+09
           82.4     1.5662e+09
          82.42     1.5743e+09
          82.44     1.5814e+09
          82.46     1.5873e+09
          82.48     1.5921e+09
           82.5     1.5956e+09
          82.52     1.5982e+09
          82.54     1.5998e+09
          82.56     1.6004e+09
          82.58     1.6003e+09
           82.6     1.5994e+09
          82.62     1.5978e+09
          82.64     1.5956e+09
          82.66     1.5927e+09
          82.68     1.5894e+09
           82.7     1.5855e+09
          82.72     1.5813e+09
          82.74     1.5766e+09
          82.76     1.5715e+09
          82.78      1.566e+09
           82.8     1.5603e+09
          82.82     1.5542e+09
          82.84      1.548e+09
          82.86     1.5415e+09
          82.88     1.5348e+09
           82.9     1.5279e+09
          82.92     1.5208e+09
          82.94     1.5136e+09
          82.96     1.5064e+09
          82.98     1.4991e+09
             83     1.4922e+09
          83.02     1.4859e+09
          83.04     1.4803e+09
          83.06     1.4758e+09
          83.08     1.4723e+09
           83.1     1.4702e+09
          83.12     1.4693e+09
          83.14     1.4699e+09
          83.16     1.4718e+09
          83.18     1.4751e+09
           83.2     1.4797e+09
          83.22     1.4855e+09
          83.24     1.4924e+09
          83.26     1.5003e+09
          83.28     1.5089e+09
           83.3      1.518e+09
          83.32     1.5276e+09
          83.34     1.5373e+09
          83.36      1.547e+09
          83.38     1.5564e+09
           83.4     1.5652e+09
          83.42     1.5732e+09
          83.44     1.5803e+09
          83.46     1.5863e+09
          83.48      1.591e+09
           83.5     1.5946e+09
          83.52     1.5971e+09
          83.54     1.5987e+09
          83.56     1.5994e+09
          83.58     1.5992e+09
           83.6     1.5983e+09
          83.62     1.5967e+09
          83.64     1.5945e+09
          83.66     1.5917e+09
          83.68     1.5883e+09
           83.7     1.5845e+09
          83.72     1.5802e+09
          83.74     1.5755e+09
          83.76     1.5704e+09
          83.78      1.565e+09
           83.8     1.5592e+09
          83.82     1.5532e+09
          83.84     1.5469e+09
          83.86     1.5404e+09
          83.88     1.5338e+09
           83.9     1.5269e+09
          83.92     1.5198e+09
          83.94     1.5126e+09
          83.96     1.5054e+09
          83.98     1.4982e+09
             84     1.4912e+09
          84.02     1.4849e+09
          84.04     1.4794e+09
          84.06     1.4748e+09
          84.08     1.4714e+09
           84.1     1.4692e+09
          84.12     1.4684e+09
          84.14     1.4689e+09
          84.16     1.4709e+09
          84.18     1.4741e+09
           84.2     1.4787e+09
          84.22     1.4846e+09
          84.24     1.4915e+09
          84.26     1.4993e+09
          84.28     1.5079e+09
           84.3     1.5171e+09
          84.32     1.5266e+09
          84.34     1.5364e+09
          84.36      1.546e+09
          84.38     1.5554e+09
           84.4     1.5642e+09
          84.42     1.5723e+09
          84.44     1.5793e+09
          84.46     1.5853e+09
          84.48       1.59e+09
           84.5     1.5936e+09
          84.52     1.5961e+09
          84.54     1.5977e+09
          84.56     1.5983e+09
          84.58     1.5982e+09
           84.6     1.5973e+09
          84.62     1.5957e+09
          84.64     1.5935e+09
          84.66     1.5907e+09
          84.68     1.5873e+09
           84.7     1.5834e+09
          84.72     1.5792e+09
          84.74     1.5745e+09
          84.76     1.5694e+09
          84.78      1.564e+09
           84.8     1.5582e+09
          84.82     1.5522e+09
          84.84     1.5459e+09
          84.86     1.5395e+09
          84.88     1.5328e+09
           84.9     1.5259e+09
          84.92     1.5188e+09
          84.94     1.5117e+09
          84.96     1.5044e+09
          84.98     1.4972e+09
             85     1.4903e+09
          85.02      1.484e+09
          85.04     1.4785e+09
          85.06     1.4739e+09
          85.08     1.4705e+09
           85.1     1.4683e+09
          85.12     1.4675e+09
          85.14      1.468e+09
          85.16       1.47e+09
          85.18     1.4733e+09
           85.2     1.4778e+09
          85.22     1.4837e+09
          85.24     1.4906e+09
          85.26     1.4984e+09
          85.28      1.507e+09
           85.3     1.5162e+09
          85.32     1.5257e+09
          85.34     1.5355e+09
          85.36     1.5451e+09
          85.38     1.5545e+09
           85.4     1.5633e+09
          85.42     1.5713e+09
          85.44     1.5784e+09
          85.46     1.5843e+09
          85.48     1.5891e+09
           85.5     1.5926e+09
          85.52     1.5951e+09
          85.54     1.5967e+09
          85.56     1.5974e+09
          85.58     1.5972e+09
           85.6     1.5963e+09
          85.62     1.5947e+09
          85.64     1.5925e+09
          85.66     1.5897e+09
          85.68     1.5863e+09
           85.7     1.5825e+09
          85.72     1.5782e+09
          85.74     1.5735e+09
          85.76     1.5684e+09
          85.78      1.563e+09
           85.8     1.5573e+09
          85.82     1.5513e+09
          85.84      1.545e+09
          85.86     1.5385e+09
          85.88     1.5319e+09
           85.9      1.525e+09
          85.92     1.5179e+09
          85.94     1.5108e+09
          85.96     1.5035e+09
          85.98     1.4963e+09
             86     1.4894e+09
          86.02     1.4831e+09
          86.04     1.4776e+09
          86.06      1.473e+09
          86.08     1.4696e+09
           86.1     1.4675e+09
          86.12     1.4666e+09
          86.14     1.4672e+09
          86.16     1.4691e+09
          86.18     1.4724e+09
           86.2      1.477e+09
          86.22     1.4828e+09
          86.24     1.4897e+09
          86.26     1.4976e+09
          86.28     1.5062e+09
           86.3     1.5153e+09
          86.32     1.5249e+09
          86.34     1.5346e+09
          86.36     1.5442e+09
          86.38     1.5536e+09
           86.4     1.5624e+09
          86.42     1.5704e+09
          86.44     1.5775e+09
          86.46     1.5834e+09
          86.48     1.5882e+09
           86.5     1.5917e+09
          86.52     1.5942e+09
          86.54     1.5958e+09
          86.56     1.5964e+09
          86.58     1.5963e+09
           86.6     1.5954e+09
          86.62     1.5938e+09
          86.64     1.5916e+09
          86.66     1.5887e+09
          86.68     1.5854e+09
           86.7     1.5815e+09
          86.72     1.5773e+09
          86.74     1.5726e+09
          86.76     1.5675e+09
          86.78     1.5621e+09
           86.8     1.5564e+09
          86.82     1.5503e+09
          86.84     1.5441e+09
          86.86     1.5376e+09
          86.88      1.531e+09
           86.9     1.5241e+09
          86.92      1.517e+09
          86.94     1.5099e+09
          86.96     1.5027e+09
          86.98     1.4955e+09
             87     1.4886e+09
          87.02     1.4822e+09
          87.04     1.4767e+09
          87.06     1.4722e+09
          87.08     1.4688e+09
           87.1     1.4666e+09
          87.12     1.4658e+09
          87.14     1.4664e+09
          87.16     1.4683e+09
          87.18     1.4716e+09
           87.2     1.4762e+09
          87.22      1.482e+09
          87.24     1.4889e+09
          87.26     1.4968e+09
          87.28     1.5053e+09
           87.3     1.5145e+09
          87.32      1.524e+09
          87.34     1.5338e+09
          87.36     1.5434e+09
          87.38     1.5528e+09
           87.4     1.5616e+09
          87.42     1.5696e+09
          87.44     1.5766e+09
          87.46     1.5826e+09
          87.48     1.5873e+09
           87.5     1.5908e+09
          87.52     1.5933e+09
          87.54     1.5949e+09
          87.56     1.5956e+09
          87.58     1.5954e+09
           87.6     1.5945e+09
          87.62     1.5929e+09
          87.64     1.5907e+09
          87.66     1.5879e+09
          87.68     1.5845e+09
           87.7     1.5806e+09
          87.72     1.5764e+09
          87.74     1.5717e+09
          87.76     1.5666e+09
          87.78     1.5612e+09
           87.8     1.5555e+09
          87.82     1.5495e+09
          87.84     1.5432e+09
          87.86     1.5368e+09
          87.88     1.5301e+09
           87.9     1.5233e+09
          87.92     1.5162e+09
          87.94     1.5091e+09
          87.96     1.5018e+09
          87.98     1.4947e+09
             88     1.4877e+09
          88.02     1.4814e+09
          88.04      1.476e+09
          88.06     1.4714e+09
          88.08      1.468e+09
           88.1     1.4659e+09
          88.12      1.465e+09
          88.14     1.4656e+09
          88.16     1.4675e+09
          88.18     1.4708e+09
           88.2     1.4754e+09
          88.22     1.4813e+09
          88.24     1.4882e+09
          88.26      1.496e+09
          88.28     1.5046e+09
           88.3     1.5137e+09
          88.32     1.5233e+09
          88.34      1.533e+09
          88.36     1.5426e+09
          88.38      1.552e+09
           88.4     1.5607e+09
          88.42     1.5688e+09
          88.44     1.5758e+09
          88.46     1.5817e+09
          88.48     1.5865e+09
           88.5       1.59e+09
          88.52     1.5925e+09
          88.54     1.5941e+09
          88.56     1.5947e+09
          88.58     1.5946e+09
           88.6     1.5937e+09
          88.62      1.592e+09
          88.64     1.5898e+09
          88.66      1.587e+09
          88.68     1.5836e+09
           88.7     1.5798e+09
          88.72     1.5755e+09
          88.74     1.5709e+09
          88.76     1.5658e+09
          88.78     1.5604e+09
           88.8     1.5547e+09
          88.82     1.5487e+09
          88.84     1.5424e+09
          88.86      1.536e+09
          88.88     1.5293e+09
           88.9     1.5225e+09
          88.92     1.5154e+09
          88.94     1.5083e+09
          88.96      1.501e+09
          88.98     1.4939e+09
             89      1.487e+09
          89.02     1.4807e+09
          89.04     1.4752e+09
          89.06     1.4706e+09
          89.08     1.4673e+09
           89.1     1.4651e+09
          89.12     1.4643e+09
          89.14     1.4649e+09
          89.16     1.4668e+09
          89.18     1.4701e+09
           89.2     1.4747e+09
          89.22     1.4805e+09
          89.24     1.4874e+09
          89.26     1.4952e+09
          89.28     1.5038e+09
           89.3      1.513e+09
          89.32     1.5225e+09
          89.34     1.5322e+09
          89.36     1.5419e+09
          89.38     1.5512e+09
           89.4       1.56e+09
          89.42      1.568e+09
          89.44      1.575e+09
          89.46      1.581e+09
          89.48     1.5857e+09
           89.5     1.5892e+09
          89.52     1.5917e+09
          89.54     1.5933e+09
          89.56     1.5939e+09
          89.58     1.5938e+09
           89.6     1.5928e+09
          89.62     1.5912e+09
          89.64      1.589e+09
          89.66     1.5862e+09
          89.68     1.5828e+09
           89.7      1.579e+09
          89.72     1.5747e+09
          89.74     1.5701e+09
          89.76      1.565e+09
          89.78     1.5596e+09
           89.8     1.5539e+09
          89.82     1.5479e+09
          89.84     1.5416e+09
          89.86     1.5352e+09
          89.88     1.5285e+09
           89.9     1.5217e+09
          89.92     1.5147e+09
          89.94     1.5075e+09
          89.96     1.5003e+09
          89.98     1.4931e+09
             90     1.4862e+09
          90.02     1.4799e+09
          90.04     1.4745e+09
          90.06     1.4699e+09
          90.08     1.4665e+09
           90.1     1.4644e+09
          90.12     1.4636e+09
          90.14     1.4642e+09
          90.16     1.4661e+09
          90.18     1.4694e+09
           90.2      1.474e+09
          90.22     1.4798e+09
          90.24     1.4867e+09
          90.26     1.4946e+09
          90.28     1.5031e+09
           90.3     1.5123e+09
          90.32     1.5218e+09
          90.34     1.5315e+09
          90.36     1.5411e+09
          90.38     1.5504e+09
           90.4     1.5592e+09
          90.42     1.5672e+09
          90.44     1.5742e+09
          90.46     1.5801e+09
          90.48     1.5847e+09
           90.5     1.5882e+09
          90.52     1.5907e+09
          90.54     1.5922e+09
          90.56     1.5928e+09
          90.58     1.5927e+09
           90.6     1.5917e+09
          90.62     1.5901e+09
          90.64     1.5878e+09
          90.66      1.585e+09
          90.68     1.5816e+09
           90.7     1.5778e+09
          90.72     1.5735e+09
          90.74     1.5688e+09
          90.76     1.5638e+09
          90.78     1.5583e+09
           90.8     1.5526e+09
          90.82     1.5466e+09
          90.84     1.5404e+09
          90.86     1.5339e+09
          90.88     1.5273e+09
           90.9     1.5204e+09
          90.92     1.5134e+09
          90.94     1.5063e+09
          90.96     1.4991e+09
          90.98     1.4919e+09
             91     1.4851e+09
          91.02     1.4788e+09
          91.04     1.4734e+09
          91.06     1.4689e+09
          91.08     1.4655e+09
           91.1     1.4634e+09
          91.12     1.4625e+09
          91.14      1.463e+09
          91.16     1.4649e+09
          91.18      1.468e+09
           91.2     1.4725e+09
          91.22     1.4781e+09
          91.24     1.4847e+09
          91.26     1.4922e+09
          91.28     1.5005e+09
           91.3     1.5092e+09
          91.32     1.5183e+09
          91.34     1.5276e+09
          91.36     1.5367e+09
          91.38     1.5455e+09
           91.4     1.5538e+09
          91.42     1.5612e+09
          91.44     1.5677e+09
          91.46     1.5731e+09
          91.48     1.5774e+09
           91.5     1.5804e+09
          91.52     1.5825e+09
          91.54     1.5838e+09
          91.56     1.5841e+09
          91.58     1.5836e+09
           91.6     1.5825e+09
          91.62     1.5806e+09
          91.64     1.5782e+09
          91.66     1.5752e+09
          91.68     1.5717e+09
           91.7     1.5677e+09
          91.72     1.5633e+09
          91.74     1.5585e+09
          91.76     1.5534e+09
          91.78     1.5479e+09
           91.8     1.5421e+09
          91.82     1.5361e+09
          91.84     1.5298e+09
          91.86     1.5234e+09
          91.88     1.5167e+09
           91.9     1.5099e+09
          91.92     1.5028e+09
          91.94     1.4957e+09
          91.96     1.4885e+09
          91.98     1.4814e+09
             92     1.4746e+09
          92.02     1.4683e+09
          92.04     1.4629e+09
          92.06     1.4583e+09
          92.08     1.4548e+09
           92.1     1.4525e+09
          92.12     1.4514e+09
          92.14     1.4515e+09
          92.16     1.4529e+09
          92.18     1.4555e+09
           92.2     1.4593e+09
          92.22     1.4642e+09
          92.24       1.47e+09
          92.26     1.4766e+09
          92.28     1.4838e+09
           92.3     1.4915e+09
          92.32     1.4995e+09
          92.34     1.5076e+09
          92.36     1.5155e+09
          92.38     1.5232e+09
           92.4     1.5302e+09
          92.42     1.5366e+09
          92.44      1.542e+09
          92.46     1.5464e+09
          92.48     1.5498e+09
           92.5     1.5521e+09
          92.52     1.5535e+09
          92.54     1.5541e+09
          92.56     1.5538e+09
          92.58     1.5529e+09
           92.6     1.5513e+09
          92.62     1.5491e+09
          92.64     1.5463e+09
          92.66      1.543e+09
          92.68     1.5393e+09
           92.7     1.5351e+09
          92.72     1.5306e+09
          92.74     1.5257e+09
          92.76     1.5204e+09
          92.78     1.5149e+09
           92.8     1.5091e+09
          92.82      1.503e+09
          92.84     1.4968e+09
          92.86     1.4904e+09
          92.88     1.4838e+09
           92.9      1.477e+09
          92.92     1.4701e+09
          92.94      1.463e+09
          92.96      1.456e+09
          92.98      1.449e+09
             93     1.4423e+09
          93.02     1.4362e+09
          93.04     1.4308e+09
          93.06     1.4261e+09
          93.08     1.4225e+09
           93.1     1.4198e+09
          93.12     1.4182e+09
          93.14     1.4178e+09
          93.16     1.4184e+09
          93.18     1.4201e+09
           93.2     1.4229e+09
          93.22     1.4266e+09
          93.24     1.4311e+09
          93.26     1.4362e+09
          93.28      1.442e+09
           93.3     1.4481e+09
          93.32     1.4544e+09
          93.34     1.4608e+09
          93.36      1.467e+09
          93.38      1.473e+09
           93.4     1.4784e+09
          93.42     1.4832e+09
          93.44     1.4872e+09
          93.46     1.4903e+09
          93.48     1.4924e+09
           93.5     1.4936e+09
          93.52     1.4941e+09
          93.54     1.4938e+09
          93.56     1.4929e+09
          93.58     1.4913e+09
           93.6     1.4892e+09
          93.62     1.4865e+09
          93.64     1.4834e+09
          93.66     1.4799e+09
          93.68     1.4759e+09
           93.7     1.4716e+09
          93.72      1.467e+09
          93.74      1.462e+09
          93.76     1.4568e+09
          93.78     1.4513e+09
           93.8     1.4456e+09
          93.82     1.4397e+09
          93.84     1.4336e+09
          93.86     1.4273e+09
          93.88     1.4209e+09
           93.9     1.4143e+09
          93.92     1.4076e+09
          93.94     1.4009e+09
          93.96     1.3941e+09
          93.98     1.3874e+09
             94      1.381e+09
          94.02      1.375e+09
          94.04     1.3697e+09
          94.06      1.365e+09
          94.08     1.3611e+09
           94.1     1.3581e+09
          94.12     1.3559e+09
          94.14     1.3547e+09
          94.16     1.3544e+09
          94.18      1.355e+09
           94.2     1.3565e+09
          94.22     1.3587e+09
          94.24     1.3615e+09
          94.26     1.3649e+09
          94.28     1.3688e+09
           94.3     1.3729e+09
          94.32     1.3773e+09
          94.34     1.3817e+09
          94.36      1.386e+09
          94.38     1.3899e+09
           94.4     1.3935e+09
          94.42     1.3965e+09
          94.44     1.3988e+09
          94.46     1.4004e+09
          94.48     1.4012e+09
           94.5     1.4013e+09
          94.52     1.4009e+09
          94.54     1.3998e+09
          94.56     1.3982e+09
          94.58     1.3961e+09
           94.6     1.3935e+09
          94.62     1.3905e+09
          94.64     1.3872e+09
          94.66     1.3834e+09
          94.68     1.3794e+09
           94.7      1.375e+09
          94.72     1.3704e+09
          94.74     1.3656e+09
          94.76     1.3605e+09
          94.78     1.3551e+09
           94.8     1.3495e+09
          94.82     1.3438e+09
          94.84      1.338e+09
          94.86      1.332e+09
          94.88     1.3259e+09
           94.9     1.3197e+09
          94.92     1.3134e+09
          94.94      1.307e+09
          94.96     1.3006e+09
          94.98     1.2943e+09
             95     1.2882e+09
          95.02     1.2825e+09
          95.04     1.2774e+09
          95.06     1.2727e+09
          95.08     1.2687e+09
           95.1     1.2654e+09
          95.12     1.2628e+09
          95.14     1.2609e+09
          95.16     1.2597e+09
          95.18     1.2592e+09
           95.2     1.2594e+09
          95.22     1.2601e+09
          95.24     1.2614e+09
          95.26     1.2631e+09
          95.28      1.265e+09
           95.3     1.2672e+09
          95.32     1.2695e+09
          95.34     1.2719e+09
          95.36     1.2741e+09
          95.38     1.2761e+09
           95.4     1.2777e+09
          95.42     1.2789e+09
          95.44     1.2796e+09
          95.46     1.2797e+09
          95.48     1.2792e+09
           95.5     1.2782e+09
          95.52     1.2768e+09
          95.54     1.2749e+09
          95.56     1.2727e+09
          95.58       1.27e+09
           95.6      1.267e+09
          95.62     1.2637e+09
          95.64     1.2601e+09
          95.66     1.2562e+09
          95.68     1.2521e+09
           95.7     1.2477e+09
          95.72     1.2431e+09
          95.74     1.2384e+09
          95.76     1.2335e+09
          95.78     1.2284e+09
           95.8     1.2232e+09
          95.82     1.2178e+09
          95.84     1.2123e+09
          95.86     1.2067e+09
          95.88      1.201e+09
           95.9     1.1953e+09
          95.92     1.1895e+09
          95.94     1.1836e+09
          95.96     1.1778e+09
          95.98     1.1721e+09
             96     1.1666e+09
          96.02     1.1613e+09
          96.04     1.1564e+09
          96.06     1.1519e+09
          96.08     1.1479e+09
           96.1     1.1445e+09
          96.12     1.1415e+09
          96.14     1.1391e+09
          96.16     1.1372e+09
          96.18     1.1358e+09
           96.2     1.1348e+09
          96.22     1.1342e+09
          96.24      1.134e+09
          96.26      1.134e+09
          96.28     1.1342e+09
           96.3     1.1347e+09
          96.32     1.1352e+09
          96.34     1.1357e+09
          96.36     1.1361e+09
          96.38     1.1363e+09
           96.4     1.1363e+09
          96.42      1.136e+09
          96.44     1.1354e+09
          96.46     1.1344e+09
          96.48      1.133e+09
           96.5     1.1314e+09
          96.52     1.1294e+09
          96.54     1.1272e+09
          96.56     1.1246e+09
          96.58     1.1219e+09
           96.6     1.1188e+09
          96.62     1.1156e+09
          96.64     1.1122e+09
          96.66     1.1087e+09
          96.68     1.1049e+09
           96.7      1.101e+09
          96.72      1.097e+09
          96.74     1.0929e+09
          96.76     1.0885e+09
          96.78      1.084e+09
           96.8     1.0795e+09
          96.82     1.0749e+09
          96.84     1.0702e+09
          96.86     1.0654e+09
          96.88     1.0606e+09
           96.9     1.0557e+09
          96.92     1.0507e+09
          96.94     1.0458e+09
          96.96     1.0408e+09
          96.98     1.0359e+09
             97     1.0312e+09
          97.02     1.0267e+09
          97.04     1.0225e+09
          97.06     1.0186e+09
          97.08      1.015e+09
           97.1     1.0117e+09
          97.12     1.0087e+09
          97.14     1.0061e+09
          97.16     1.0038e+09
          97.18     1.0019e+09
           97.2     1.0003e+09
          97.22     9.9892e+08
          97.24     9.9776e+08
          97.26     9.9674e+08
          97.28     9.9592e+08
           97.3     9.9518e+08
          97.32     9.9442e+08
          97.34     9.9367e+08
          97.36     9.9287e+08
          97.38     9.9194e+08
           97.4     9.9088e+08
          97.42     9.8968e+08
          97.44     9.8827e+08
          97.46     9.8665e+08
          97.48     9.8478e+08
           97.5     9.8275e+08
          97.52     9.8058e+08
          97.54     9.7825e+08
          97.56     9.7577e+08
          97.58      9.732e+08
           97.6     9.7054e+08
          97.62     9.6775e+08
          97.64      9.649e+08
          97.66     9.6191e+08
          97.68     9.5881e+08
           97.7     9.5564e+08
          97.72     9.5234e+08
          97.74     9.4889e+08
          97.76      9.454e+08
          97.78     9.4187e+08
           97.8     9.3823e+08
          97.82     9.3449e+08
          97.84     9.3069e+08
          97.86     9.2679e+08
          97.88     9.2278e+08
           97.9     9.1871e+08
          97.92     9.1457e+08
          97.94      9.104e+08
          97.96      9.062e+08
          97.98     9.0208e+08
             98     8.9809e+08
          98.02     8.9423e+08
          98.04     8.9047e+08
          98.06     8.8686e+08
          98.08     8.8343e+08
           98.1     8.8013e+08
          98.12     8.7704e+08
          98.14     8.7414e+08
          98.16     8.7142e+08
          98.18     8.6891e+08
           98.2     8.6656e+08
          98.22      8.643e+08
          98.24     8.6215e+08
          98.26     8.6012e+08
          98.28     8.5813e+08
           98.3     8.5615e+08
          98.32     8.5422e+08
          98.34     8.5228e+08
          98.36     8.5031e+08
          98.38      8.483e+08
           98.4     8.4622e+08
          98.42     8.4407e+08
          98.44     8.4182e+08
          98.46     8.3945e+08
          98.48     8.3705e+08
           98.5      8.346e+08
          98.52     8.3204e+08
          98.54     8.2944e+08
          98.56     8.2681e+08
          98.58     8.2411e+08
           98.6     8.2136e+08
          98.62     8.1858e+08
          98.64     8.1573e+08
          98.66     8.1284e+08
          98.68     8.0991e+08
           98.7      8.069e+08
          98.72     8.0384e+08
          98.74     8.0078e+08
          98.76     7.9769e+08
          98.78     7.9453e+08
           98.8     7.9135e+08
          98.82     7.8812e+08
          98.84     7.8479e+08
          98.86     7.8142e+08
          98.88     7.7798e+08
           98.9     7.7454e+08
          98.92     7.7106e+08
          98.94     7.6757e+08
          98.96     7.6411e+08
          98.98     7.6068e+08
             99     7.5724e+08
          99.02     7.5378e+08
          99.04     7.5033e+08
          99.06      7.469e+08
          99.08     7.4349e+08
           99.1     7.4018e+08
          99.12     7.3693e+08
          99.14     7.3379e+08
          99.16     7.3075e+08
          99.18     7.2776e+08
           99.2      7.248e+08
          99.22     7.2193e+08
          99.24     7.1911e+08
          99.26     7.1631e+08
          99.28     7.1357e+08
           99.3     7.1087e+08
          99.32      7.082e+08
          99.34     7.0555e+08
          99.36     7.0296e+08
          99.38     7.0039e+08
           99.4     6.9783e+08
          99.42     6.9525e+08
          99.44     6.9267e+08
          99.46     6.9013e+08
          99.48     6.8753e+08
           99.5      6.849e+08
          99.52      6.823e+08
          99.54     6.7969e+08
          99.56     6.7711e+08
          99.58     6.7453e+08
           99.6     6.7187e+08
          99.62     6.6924e+08
          99.64      6.666e+08
          99.66     6.6391e+08
          99.68     6.6118e+08
           99.7     6.5844e+08
          99.72     6.5575e+08
          99.74     6.5304e+08
          99.76     6.5032e+08
          99.78     6.4761e+08
           99.8     6.4483e+08
          99.82     6.4202e+08
          99.84      6.392e+08
          99.86     6.3635e+08
          99.88     6.3348e+08
           99.9     6.3057e+08
          99.92      6.277e+08
          99.94     6.2486e+08
          99.96     6.2197e+08
          99.98      6.191e+08
            100      6.162e+08
         100.02     6.1325e+08
         100.04     6.1032e+08
         100.06     6.0734e+08
         100.08     6.0433e+08
          100.1     6.0135e+08
         100.12     5.9839e+08
         100.14     5.9543e+08
         100.16     5.9245e+08
         100.18     5.8952e+08
          100.2     5.8664e+08
         100.22     5.8377e+08
         100.24     5.8094e+08
         100.26     5.7816e+08
         100.28     5.7542e+08
          100.3     5.7276e+08
         100.32     5.7019e+08
         100.34     5.6768e+08
         100.36     5.6526e+08
         100.38     5.6282e+08
          100.4     5.6048e+08
         100.42     5.5821e+08
         100.44     5.5592e+08
         100.46     5.5374e+08
         100.48     5.5156e+08
          100.5     5.4941e+08
         100.52     5.4732e+08
         100.54     5.4523e+08
         100.56     5.4313e+08
         100.58     5.4107e+08
          100.6     5.3902e+08
         100.62     5.3695e+08
         100.64     5.3486e+08
         100.66     5.3276e+08
         100.68     5.3066e+08
          100.7     5.2855e+08
         100.72     5.2647e+08
         100.74     5.2439e+08
         100.76     5.2229e+08
         100.78     5.2019e+08
          100.8     5.1809e+08
         100.82     5.1602e+08
         100.84     5.1395e+08
         100.86     5.1182e+08
         100.88     5.0974e+08
          100.9     5.0765e+08
         100.92     5.0556e+08
         100.94      5.035e+08
         100.96     5.0142e+08
         100.98     4.9935e+08
            101     4.9728e+08
         101.02     4.9518e+08
         101.04     4.9304e+08
         101.06     4.9094e+08
         101.08     4.8883e+08
          101.1     4.8669e+08
         101.12     4.8455e+08
         101.14     4.8241e+08
         101.16     4.8024e+08
         101.18     4.7804e+08
          101.2     4.7587e+08
         101.22     4.7367e+08
         101.24     4.7149e+08
         101.26      4.693e+08
         101.28     4.6715e+08
          101.3     4.6507e+08
         101.32     4.6297e+08
         101.34     4.6093e+08
         101.36     4.5894e+08
         101.38     4.5697e+08
          101.4     4.5511e+08
         101.42     4.5334e+08
         101.44     4.5163e+08
         101.46     4.5001e+08
         101.48     4.4846e+08
          101.5     4.4694e+08
         101.52     4.4543e+08
         101.54     4.4398e+08
         101.56     4.4256e+08
         101.58     4.4116e+08
          101.6     4.3977e+08
         101.62     4.3841e+08
         101.64     4.3699e+08
         101.66     4.3558e+08
         101.68     4.3417e+08
          101.7     4.3273e+08
         101.72     4.3127e+08
         101.74     4.2975e+08
         101.76     4.2825e+08
         101.78     4.2673e+08
          101.8     4.2517e+08
         101.82     4.2365e+08
         101.84      4.221e+08
         101.86     4.2055e+08
         101.88     4.1901e+08
          101.9     4.1747e+08
         101.92      4.159e+08
         101.94     4.1438e+08
         101.96     4.1286e+08
         101.98     4.1132e+08
            102      4.098e+08
         102.02     4.0827e+08
         102.04     4.0672e+08
         102.06     4.0514e+08
         102.08     4.0357e+08
          102.1     4.0196e+08
         102.12     4.0032e+08
         102.14     3.9864e+08
         102.16      3.969e+08
         102.18      3.952e+08
          102.2     3.9344e+08
         102.22     3.9165e+08
         102.24     3.8989e+08
         102.26     3.8811e+08
         102.28     3.8636e+08
          102.3     3.8464e+08
         102.32     3.8294e+08
         102.34      3.813e+08
         102.36     3.7972e+08
         102.38     3.7815e+08
          102.4     3.7662e+08
         102.42     3.7516e+08
         102.44     3.7372e+08
         102.46     3.7234e+08
         102.48     3.7098e+08
          102.5     3.6968e+08
         102.52     3.6838e+08
         102.54      3.671e+08
         102.56     3.6587e+08
         102.58     3.6464e+08
          102.6     3.6346e+08
         102.62     3.6224e+08
         102.64     3.6105e+08
         102.66     3.5986e+08
         102.68     3.5862e+08
          102.7      3.574e+08
         102.72     3.5613e+08
         102.74     3.5487e+08
         102.76     3.5364e+08
         102.78      3.524e+08
          102.8     3.5116e+08
         102.82     3.4995e+08
         102.84     3.4874e+08
         102.86     3.4753e+08
         102.88     3.4636e+08
          102.9      3.452e+08
         102.92     3.4404e+08
         102.94     3.4285e+08
         102.96     3.4168e+08
         102.98     3.4049e+08
            103     3.3928e+08
         103.02     3.3804e+08
         103.04     3.3673e+08
         103.06     3.3545e+08
         103.08     3.3411e+08
          103.1     3.3276e+08
         103.12     3.3138e+08
         103.14     3.2995e+08
         103.16     3.2852e+08
         103.18     3.2708e+08
          103.2      3.256e+08
         103.22     3.2414e+08
         103.24     3.2269e+08
         103.26     3.2121e+08
         103.28     3.1973e+08
          103.3     3.1826e+08
         103.32      3.168e+08
         103.34     3.1537e+08
         103.36     3.1393e+08
         103.38     3.1253e+08
          103.4     3.1113e+08
         103.42     3.0979e+08
         103.44     3.0847e+08
         103.46     3.0718e+08
         103.48     3.0593e+08
          103.5     3.0465e+08
         103.52     3.0346e+08
         103.54     3.0225e+08
         103.56     3.0105e+08
         103.58     2.9989e+08
          103.6     2.9875e+08
         103.62     2.9761e+08
         103.64     2.9648e+08
         103.66     2.9538e+08
         103.68     2.9431e+08
          103.7     2.9326e+08
         103.72     2.9222e+08
         103.74      2.912e+08
         103.76     2.9018e+08
         103.78     2.8917e+08
          103.8     2.8816e+08
         103.82     2.8715e+08
         103.84     2.8615e+08
         103.86     2.8511e+08
         103.88     2.8412e+08
          103.9     2.8313e+08
         103.92      2.821e+08
         103.94     2.8111e+08
         103.96     2.8008e+08
         103.98     2.7906e+08
            104     2.7804e+08
         104.02     2.7701e+08
         104.04     2.7597e+08
         104.06     2.7493e+08
         104.08     2.7387e+08
          104.1     2.7281e+08
         104.12     2.7173e+08
         104.14     2.7065e+08
         104.16     2.6951e+08
         104.18     2.6838e+08
          104.2     2.6722e+08
         104.22     2.6602e+08
         104.24     2.6481e+08
         104.26     2.6361e+08
         104.28     2.6235e+08
          104.3     2.6112e+08
         104.32     2.5983e+08
         104.34     2.5857e+08
         104.36     2.5731e+08
         104.38     2.5605e+08
          104.4     2.5479e+08
         104.42     2.5355e+08
         104.44     2.5233e+08
         104.46     2.5112e+08
         104.48     2.4992e+08
          104.5     2.4875e+08
         104.52      2.476e+08
         104.54     2.4647e+08
         104.56     2.4539e+08
         104.58      2.443e+08
          104.6     2.4324e+08
         104.62     2.4222e+08
         104.64      2.412e+08
         104.66     2.4022e+08
         104.68     2.3924e+08
          104.7     2.3829e+08
         104.72     2.3735e+08
         104.74      2.364e+08
         104.76     2.3548e+08
         104.78     2.3456e+08
          104.8     2.3365e+08
         104.82     2.3274e+08
         104.84     2.3187e+08
         104.86     2.3097e+08
         104.88     2.3011e+08
          104.9     2.2926e+08
         104.92     2.2844e+08
         104.94     2.2762e+08
         104.96      2.268e+08
         104.98     2.2602e+08
            105     2.2524e+08
         105.02     2.2447e+08
         105.04     2.2371e+08
         105.06     2.2294e+08
         105.08      2.222e+08
          105.1     2.2144e+08
         105.12     2.2068e+08
         105.14     2.1989e+08
         105.16     2.1913e+08
         105.18      2.183e+08
          105.2      2.175e+08
         105.22     2.1664e+08
         105.24     2.1578e+08
         105.26     2.1488e+08
         105.28     2.1396e+08
          105.3     2.1301e+08
         105.32     2.1206e+08
         105.34     2.1107e+08
         105.36     2.1008e+08
         105.38     2.0907e+08
          105.4     2.0807e+08
         105.42     2.0704e+08
         105.44     2.0603e+08
         105.46     2.0501e+08
         105.48     2.0401e+08
          105.5       2.03e+08
         105.52     2.0202e+08
         105.54     2.0105e+08
         105.56     2.0008e+08
         105.58     1.9914e+08
          105.6     1.9821e+08
         105.62     1.9731e+08
         105.64     1.9641e+08
         105.66     1.9552e+08
         105.68     1.9466e+08
          105.7      1.938e+08
         105.72     1.9297e+08
         105.74     1.9214e+08
         105.76     1.9132e+08
         105.78     1.9052e+08
          105.8     1.8974e+08
         105.82     1.8896e+08
         105.84     1.8821e+08
         105.86     1.8745e+08
         105.88     1.8672e+08
          105.9     1.8599e+08
         105.92     1.8527e+08
         105.94     1.8457e+08
         105.96     1.8388e+08
         105.98     1.8324e+08
            106     1.8263e+08
         106.02     1.8206e+08
         106.04     1.8151e+08
         106.06     1.8102e+08
         106.08     1.8052e+08
          106.1     1.8006e+08
         106.12     1.7961e+08
         106.14     1.7919e+08
         106.16     1.7875e+08
         106.18     1.7835e+08
          106.2     1.7793e+08
         106.22     1.7753e+08
         106.24     1.7711e+08
         106.26     1.7671e+08
         106.28     1.7628e+08
          106.3     1.7585e+08
         106.32     1.7539e+08
         106.34     1.7493e+08
         106.36     1.7445e+08
         106.38     1.7395e+08
          106.4     1.7343e+08
         106.42     1.7288e+08
         106.44     1.7232e+08
         106.46     1.7172e+08
         106.48     1.7112e+08
          106.5     1.7049e+08
         106.52     1.6984e+08
         106.54     1.6918e+08
         106.56     1.6851e+08
         106.58     1.6783e+08
          106.6     1.6715e+08
         106.62     1.6648e+08
         106.64     1.6581e+08
         106.66     1.6514e+08
         106.68     1.6449e+08
          106.7     1.6382e+08
         106.72     1.6318e+08
         106.74     1.6253e+08
         106.76     1.6189e+08
         106.78     1.6126e+08
          106.8     1.6063e+08
         106.82        1.6e+08
         106.84     1.5937e+08
         106.86     1.5876e+08
         106.88     1.5815e+08
          106.9     1.5755e+08
         106.92     1.5695e+08
         106.94     1.5638e+08
         106.96      1.558e+08
         106.98     1.5522e+08
            107     1.5467e+08
         107.02     1.5411e+08
         107.04     1.5356e+08
         107.06     1.5301e+08
         107.08     1.5248e+08
          107.1     1.5193e+08
         107.12     1.5142e+08
         107.14     1.5088e+08
         107.16     1.5039e+08
         107.18     1.4988e+08
          107.2     1.4943e+08
         107.22     1.4897e+08
         107.24     1.4855e+08
         107.26     1.4814e+08
         107.28     1.4776e+08
          107.3     1.4741e+08
         107.32     1.4708e+08
         107.34     1.4676e+08
         107.36     1.4647e+08
         107.38     1.4619e+08
          107.4     1.4592e+08
         107.42     1.4567e+08
         107.44      1.454e+08
         107.46     1.4515e+08
         107.48      1.449e+08
          107.5     1.4464e+08
         107.52     1.4438e+08
         107.54      1.441e+08
         107.56     1.4382e+08
         107.58     1.4353e+08
          107.6     1.4323e+08
         107.62     1.4293e+08
         107.64      1.426e+08
         107.66     1.4227e+08
         107.68     1.4191e+08
          107.7     1.4155e+08
         107.72     1.4117e+08
         107.74     1.4077e+08
         107.76     1.4036e+08
         107.78     1.3994e+08
          107.8     1.3951e+08
         107.82     1.3907e+08
         107.84     1.3863e+08
         107.86     1.3818e+08
         107.88     1.3773e+08
          107.9     1.3727e+08
         107.92     1.3682e+08
         107.94     1.3636e+08
         107.96      1.359e+08
         107.98     1.3544e+08
            108     1.3498e+08
         108.02     1.3451e+08
         108.04     1.3405e+08
         108.06     1.3357e+08
         108.08     1.3312e+08
          108.1     1.3265e+08
         108.12     1.3221e+08
         108.14     1.3175e+08
         108.16      1.313e+08
         108.18     1.3087e+08
          108.2     1.3043e+08
         108.22     1.3003e+08
         108.24      1.296e+08
         108.26      1.292e+08
         108.28     1.2881e+08
          108.3     1.2842e+08
         108.32     1.2806e+08
         108.34     1.2768e+08
         108.36     1.2734e+08
         108.38     1.2699e+08
          108.4     1.2668e+08
         108.42     1.2636e+08
         108.44     1.2606e+08
         108.46     1.2578e+08
         108.48      1.255e+08
          108.5     1.2524e+08
         108.52     1.2499e+08
         108.54     1.2474e+08
         108.56     1.2451e+08
         108.58     1.2427e+08
          108.6     1.2404e+08
         108.62     1.2383e+08
         108.64      1.236e+08
         108.66     1.2339e+08
         108.68     1.2316e+08
          108.7     1.2294e+08
         108.72     1.2272e+08
         108.74     1.2248e+08
         108.76     1.2226e+08
         108.78     1.2203e+08
          108.8      1.218e+08
         108.82     1.2156e+08
         108.84     1.2132e+08
         108.86     1.2107e+08
         108.88     1.2081e+08
          108.9     1.2055e+08
         108.92     1.2029e+08
         108.94        1.2e+08
         108.96     1.1973e+08
         108.98     1.1943e+08
            109     1.1914e+08
         109.02     1.1884e+08
         109.04     1.1854e+08
         109.06     1.1824e+08
         109.08     1.1793e+08
          109.1     1.1762e+08
         109.12     1.1732e+08
         109.14     1.1701e+08
         109.16      1.167e+08
         109.18     1.1638e+08
          109.2     1.1605e+08
         109.22     1.1573e+08
         109.24      1.154e+08
         109.26     1.1508e+08
         109.28     1.1475e+08
          109.3     1.1442e+08
         109.32     1.1408e+08
         109.34     1.1374e+08
         109.36     1.1339e+08
         109.38     1.1305e+08
          109.4     1.1269e+08
         109.42     1.1236e+08
         109.44       1.12e+08
         109.46     1.1166e+08
         109.48     1.1132e+08
          109.5     1.1098e+08
         109.52     1.1064e+08
         109.54     1.1031e+08
         109.56     1.0997e+08
         109.58     1.0965e+08
          109.6     1.0933e+08
         109.62     1.0902e+08
         109.64     1.0872e+08
         109.66     1.0842e+08
         109.68     1.0813e+08
          109.7     1.0785e+08
         109.72     1.0757e+08
         109.74     1.0732e+08
         109.76     1.0707e+08
         109.78     1.0682e+08
          109.8     1.0658e+08
         109.82     1.0637e+08
         109.84     1.0614e+08
         109.86     1.0594e+08
         109.88     1.0573e+08
          109.9     1.0553e+08
         109.92     1.0534e+08
         109.94     1.0514e+08
         109.96     1.0495e+08
         109.98     1.0476e+08
            110     1.0456e+08
         110.02     1.0437e+08
         110.04     1.0418e+08
         110.06     1.0397e+08
         110.08     1.0377e+08
          110.1     1.0356e+08
         110.12     1.0335e+08
         110.14     1.0314e+08
         110.16     1.0291e+08
         110.18     1.0269e+08
          110.2     1.0246e+08
         110.22     1.0221e+08
         110.24     1.0198e+08
         110.26     1.0172e+08
         110.28     1.0147e+08
          110.3     1.0121e+08
         110.32     1.0093e+08
         110.34     1.0065e+08
         110.36     1.0037e+08
         110.38     1.0009e+08
          110.4     9.9789e+07
         110.42     9.9502e+07
         110.44     9.9208e+07
         110.46     9.8917e+07
         110.48     9.8637e+07
          110.5     9.8344e+07
         110.52     9.8057e+07
         110.54     9.7777e+07
         110.56     9.7484e+07
         110.58     9.7204e+07
          110.6     9.6916e+07
         110.62      9.662e+07
         110.64     9.6341e+07
         110.66     9.6053e+07
         110.68     9.5762e+07
          110.7     9.5487e+07
         110.72     9.5191e+07
         110.74      9.491e+07
         110.76     9.4639e+07
         110.78     9.4352e+07
          110.8     9.4083e+07
         110.82     9.3805e+07
         110.84     9.3529e+07
         110.86     9.3259e+07
         110.88     9.2982e+07
          110.9     9.2717e+07
         110.92     9.2448e+07
         110.94     9.2177e+07
         110.96     9.1917e+07
         110.98     9.1658e+07
            111     9.1408e+07
         111.02     9.1163e+07
         111.04     9.0912e+07
         111.06     9.0676e+07
         111.08     9.0443e+07
          111.1     9.0201e+07
         111.12     8.9981e+07
         111.14     8.9743e+07
         111.16     8.9507e+07
         111.18     8.9286e+07
          111.2     8.9046e+07
         111.22     8.8816e+07
         111.24     8.8586e+07
         111.26      8.834e+07
         111.28     8.8109e+07
          111.3     8.7875e+07
         111.32     8.7633e+07
         111.34       8.74e+07
         111.36     8.7154e+07
         111.38     8.6914e+07
          111.4     8.6669e+07
         111.42     8.6427e+07
         111.44     8.6185e+07
         111.46     8.5928e+07
         111.48     8.5689e+07
          111.5     8.5439e+07
         111.52     8.5186e+07
         111.54     8.4946e+07
         111.56     8.4686e+07
         111.58     8.4437e+07
          111.6      8.419e+07
         111.62     8.3935e+07
         111.64     8.3686e+07
         111.66     8.3431e+07
         111.68     8.3187e+07
          111.7     8.2933e+07
         111.72     8.2672e+07
         111.74     8.2426e+07
         111.76     8.2166e+07
         111.78     8.1906e+07
          111.8     8.1649e+07
         111.82     8.1385e+07
         111.84     8.1116e+07
         111.86     8.0853e+07
         111.88     8.0584e+07
          111.9     8.0309e+07
         111.92     8.0043e+07
         111.94     7.9768e+07
         111.96     7.9497e+07
         111.98     7.9228e+07
            112      7.895e+07
         112.02     7.8685e+07
         112.04     7.8412e+07
         112.06     7.8141e+07
         112.08     7.7874e+07
          112.1     7.7599e+07
         112.12     7.7331e+07
         112.14     7.7065e+07
         112.16     7.6791e+07
         112.18     7.6522e+07
          112.2     7.6262e+07
         112.22     7.5991e+07
         112.24     7.5718e+07
         112.26     7.5463e+07
         112.28     7.5196e+07
          112.3     7.4926e+07
         112.32     7.4673e+07
         112.34     7.4412e+07
         112.36     7.4149e+07
         112.38     7.3898e+07
          112.4     7.3647e+07
         112.42      7.339e+07
         112.44     7.3145e+07
         112.46     7.2903e+07
         112.48     7.2653e+07
          112.5     7.2416e+07
         112.52      7.218e+07
         112.54     7.1942e+07
         112.56     7.1707e+07
         112.58     7.1473e+07
          112.6     7.1247e+07
         112.62     7.1014e+07
         112.64     7.0779e+07
         112.66     7.0558e+07
         112.68     7.0328e+07
          112.7     7.0092e+07
         112.72     6.9871e+07
         112.74      6.964e+07
         112.76     6.9401e+07
         112.78     6.9175e+07
          112.8      6.894e+07
         112.82       6.87e+07
         112.84     6.8469e+07
         112.86     6.8225e+07
         112.88     6.7984e+07
          112.9     6.7747e+07
         112.92     6.7496e+07
         112.94     6.7256e+07
         112.96     6.7015e+07
         112.98     6.6763e+07
            113     6.6518e+07
         113.02     6.6273e+07
         113.04      6.602e+07
         113.06      6.577e+07
         113.08     6.5521e+07
          113.1     6.5275e+07
         113.12     6.5027e+07
         113.14     6.4774e+07
         113.16     6.4533e+07
         113.18     6.4287e+07
          113.2     6.4037e+07
         113.22     6.3795e+07
         113.24     6.3549e+07
         113.26     6.3304e+07
         113.28      6.306e+07
          113.3     6.2815e+07
         113.32      6.257e+07
         113.34     6.2327e+07
         113.36     6.2081e+07
         113.38     6.1836e+07
          113.4     6.1593e+07
         113.42     6.1345e+07
         113.44     6.1096e+07
         113.46     6.0851e+07
         113.48     6.0608e+07
          113.5     6.0355e+07
         113.52      6.011e+07
         113.54     5.9872e+07
         113.56     5.9621e+07
         113.58     5.9375e+07
          113.6     5.9141e+07
         113.62       5.89e+07
         113.64     5.8658e+07
         113.66     5.8429e+07
         113.68     5.8199e+07
          113.7     5.7967e+07
         113.72     5.7745e+07
         113.74     5.7527e+07
         113.76     5.7312e+07
         113.78     5.7102e+07
          113.8     5.6892e+07
         113.82     5.6689e+07
         113.84      5.649e+07
         113.86     5.6281e+07
         113.88     5.6082e+07
          113.9     5.5892e+07
         113.92      5.569e+07
         113.94     5.5487e+07
         113.96     5.5299e+07
         113.98     5.5099e+07
            114     5.4892e+07
         114.02     5.4698e+07
         114.04     5.4499e+07
         114.06     5.4292e+07
         114.08     5.4092e+07
          114.1     5.3887e+07
         114.12     5.3678e+07
         114.14     5.3469e+07
         114.16      5.326e+07
         114.18     5.3048e+07
          114.2     5.2827e+07
         114.22     5.2614e+07
         114.24     5.2402e+07
         114.26     5.2179e+07
         114.28     5.1959e+07
          114.3     5.1746e+07
         114.32     5.1527e+07
         114.34     5.1307e+07
         114.36     5.1094e+07
         114.38     5.0886e+07
          114.4     5.0671e+07
         114.42     5.0467e+07
         114.44     5.0264e+07
         114.46     5.0055e+07
         114.48     4.9856e+07
          114.5     4.9659e+07
         114.52     4.9451e+07
         114.54     4.9254e+07
         114.56     4.9056e+07
         114.58      4.885e+07
          114.6     4.8653e+07
         114.62     4.8456e+07
         114.64     4.8249e+07
         114.66     4.8052e+07
         114.68     4.7858e+07
          114.7     4.7646e+07
         114.72     4.7446e+07
         114.74     4.7252e+07
         114.76      4.704e+07
         114.78     4.6834e+07
          114.8     4.6633e+07
         114.82     4.6423e+07
         114.84     4.6216e+07
         114.86     4.6012e+07
         114.88     4.5802e+07
          114.9     4.5599e+07
         114.92     4.5401e+07
         114.94     4.5198e+07
         114.96     4.5005e+07
         114.98     4.4819e+07
            115     4.4634e+07
         115.02     4.4453e+07
         115.04     4.4276e+07
         115.06     4.4107e+07
         115.08     4.3946e+07
          115.1     4.3776e+07
         115.12     4.3613e+07
         115.14      4.346e+07
         115.16     4.3303e+07
         115.18      4.314e+07
          115.2     4.2984e+07
         115.22     4.2831e+07
         115.24     4.2675e+07
         115.26      4.251e+07
         115.28     4.2353e+07
          115.3     4.2195e+07
         115.32     4.2028e+07
         115.34     4.1865e+07
         115.36     4.1703e+07
         115.38     4.1533e+07
          115.4      4.136e+07
         115.42      4.119e+07
         115.44     4.1017e+07
         115.46     4.0839e+07
         115.48     4.0659e+07
          115.5     4.0483e+07
         115.52     4.0306e+07
         115.54     4.0121e+07
         115.56     3.9943e+07
         115.58     3.9768e+07
          115.6     3.9584e+07
         115.62     3.9407e+07
         115.64     3.9237e+07
         115.66     3.9063e+07
         115.68     3.8889e+07
          115.7     3.8731e+07
         115.72     3.8569e+07
         115.74     3.8402e+07
         115.76     3.8248e+07
         115.78     3.8094e+07
          115.8     3.7931e+07
         115.82     3.7776e+07
         115.84     3.7625e+07
         115.86     3.7468e+07
         115.88     3.7307e+07
          115.9     3.7154e+07
         115.92     3.6996e+07
         115.94     3.6832e+07
         115.96     3.6675e+07
         115.98     3.6517e+07
            116     3.6354e+07
         116.02     3.6194e+07
         116.04     3.6033e+07
         116.06      3.587e+07
         116.08     3.5707e+07
          116.1     3.5542e+07
         116.12     3.5379e+07
         116.14     3.5217e+07
         116.16     3.5054e+07
         116.18     3.4892e+07
          116.2     3.4732e+07
         116.22     3.4578e+07
         116.24     3.4425e+07
         116.26      3.427e+07
         116.28     3.4125e+07
          116.3      3.399e+07
         116.32     3.3849e+07
         116.34     3.3715e+07
         116.36     3.3589e+07
         116.38     3.3466e+07
          116.4     3.3342e+07
         116.42     3.3221e+07
         116.44     3.3103e+07
         116.46     3.2983e+07
         116.48     3.2865e+07
          116.5     3.2748e+07
         116.52     3.2628e+07
         116.54     3.2509e+07
         116.56     3.2388e+07
         116.58     3.2262e+07
          116.6     3.2139e+07
         116.62     3.2015e+07
         116.64     3.1888e+07
         116.66     3.1754e+07
         116.68     3.1619e+07
          116.7     3.1487e+07
         116.72     3.1351e+07
         116.74     3.1212e+07
         116.76     3.1068e+07
         116.78     3.0929e+07
          116.8     3.0792e+07
         116.82     3.0652e+07
         116.84     3.0508e+07
         116.86     3.0369e+07
         116.88     3.0233e+07
          116.9     3.0095e+07
         116.92     2.9961e+07
         116.94     2.9832e+07
         116.96     2.9701e+07
         116.98     2.9576e+07
            117     2.9457e+07
         117.02     2.9338e+07
         117.04     2.9217e+07
         117.06     2.9099e+07
         117.08     2.8986e+07
          117.1     2.8869e+07
         117.12     2.8752e+07
         117.14     2.8636e+07
         117.16     2.8518e+07
         117.18       2.84e+07
          117.2     2.8286e+07
         117.22     2.8164e+07
         117.24     2.8037e+07
         117.26     2.7918e+07
         117.28     2.7796e+07
          117.3     2.7665e+07
         117.32     2.7534e+07
         117.34     2.7409e+07
         117.36     2.7278e+07
         117.38     2.7139e+07
          117.4      2.701e+07
         117.42     2.6884e+07
         117.44     2.6752e+07
         117.46      2.662e+07
         117.48     2.6499e+07
          117.5     2.6376e+07
         117.52     2.6254e+07
         117.54     2.6139e+07
         117.56     2.6029e+07
         117.58     2.5919e+07
          117.6     2.5818e+07
         117.62     2.5723e+07
         117.64     2.5627e+07
         117.66     2.5536e+07
         117.68     2.5449e+07
          117.7     2.5361e+07
         117.72     2.5272e+07
         117.74     2.5186e+07
         117.76     2.5098e+07
         117.78     2.5008e+07
          117.8      2.492e+07
         117.82     2.4829e+07
         117.84     2.4731e+07
         117.86     2.4634e+07
         117.88     2.4538e+07
          117.9     2.4435e+07
         117.92     2.4327e+07
         117.94      2.422e+07
         117.96      2.411e+07
         117.98     2.3996e+07
            118     2.3882e+07
         118.02      2.377e+07
         118.04     2.3655e+07
         118.06     2.3543e+07
         118.08     2.3433e+07
          118.1     2.3322e+07
         118.12     2.3215e+07
         118.14     2.3114e+07
         118.16     2.3012e+07
         118.18     2.2909e+07
          118.2     2.2815e+07
         118.22     2.2724e+07
         118.24     2.2632e+07
         118.26     2.2544e+07
         118.28      2.246e+07
          118.3     2.2372e+07
         118.32     2.2282e+07
         118.34       2.22e+07
         118.36     2.2118e+07
         118.38     2.2026e+07
          118.4     2.1937e+07
         118.42     2.1852e+07
         118.44     2.1764e+07
         118.46     2.1668e+07
         118.48     2.1577e+07
          118.5     2.1488e+07
         118.52     2.1393e+07
         118.54     2.1295e+07
         118.56     2.1199e+07
         118.58     2.1104e+07
          118.6     2.1006e+07
         118.62      2.091e+07
         118.64     2.0815e+07
         118.66     2.0721e+07
         118.68      2.063e+07
          118.7     2.0543e+07
         118.72     2.0455e+07
         118.74     2.0369e+07
         118.76     2.0286e+07
         118.78     2.0208e+07
          118.8     2.0128e+07
         118.82     2.0053e+07
         118.84     1.9979e+07
         118.86     1.9909e+07
         118.88     1.9841e+07
          118.9     1.9774e+07
         118.92     1.9708e+07
         118.94     1.9642e+07
         118.96     1.9579e+07
         118.98     1.9516e+07
            119     1.9451e+07
         119.02     1.9389e+07
         119.04     1.9325e+07
         119.06     1.9259e+07
         119.08     1.9192e+07
          119.1     1.9121e+07
         119.12      1.905e+07
         119.14     1.8975e+07
         119.16     1.8899e+07
         119.18     1.8819e+07
          119.2     1.8737e+07
         119.22     1.8656e+07
         119.24     1.8573e+07
         119.26     1.8488e+07
         119.28     1.8405e+07
          119.3     1.8324e+07
         119.32     1.8242e+07
         119.34      1.816e+07
         119.36      1.808e+07
         119.38     1.8003e+07
          119.4     1.7926e+07
         119.42     1.7849e+07
         119.44     1.7777e+07
         119.46     1.7707e+07
         119.48     1.7638e+07
          119.5     1.7575e+07
         119.52     1.7515e+07
         119.54     1.7455e+07
         119.56     1.7394e+07
         119.58     1.7335e+07
          119.6     1.7278e+07
         119.62      1.722e+07
         119.64     1.7157e+07
         119.66     1.7097e+07
         119.68     1.7036e+07
          119.7     1.6971e+07
         119.72     1.6904e+07
         119.74     1.6837e+07
         119.76     1.6769e+07
         119.78       1.67e+07
          119.8     1.6626e+07
         119.82     1.6554e+07
         119.84     1.6483e+07
         119.86     1.6413e+07
         119.88     1.6342e+07
          119.9     1.6277e+07
         119.92     1.6216e+07
         119.94     1.6157e+07
         119.96     1.6099e+07
         119.98     1.6046e+07
            120     1.5998e+07
         120.02     1.5951e+07
         120.04     1.5907e+07
         120.06      1.587e+07
         120.08     1.5839e+07
          120.1      1.581e+07
         120.12     1.5786e+07
         120.14     1.5767e+07
         120.16     1.5753e+07
         120.18     1.5741e+07
          120.2     1.5729e+07
         120.22     1.5719e+07
         120.24      1.571e+07
         120.26       1.57e+07
         120.28     1.5687e+07
          120.3     1.5673e+07
         120.32     1.5655e+07
         120.34     1.5636e+07
         120.36     1.5612e+07
         120.38     1.5583e+07
          120.4      1.555e+07
         120.42     1.5512e+07
         120.44     1.5471e+07
         120.46     1.5422e+07
         120.48     1.5365e+07
          120.5     1.5307e+07
         120.52     1.5251e+07
         120.54     1.5192e+07
         120.56     1.5133e+07
         120.58     1.5077e+07
          120.6     1.5023e+07
         120.62     1.4968e+07
         120.64     1.4915e+07
         120.66     1.4862e+07
         120.68      1.481e+07
          120.7      1.476e+07
         120.72     1.4715e+07
         120.74     1.4676e+07
         120.76     1.4643e+07
         120.78     1.4616e+07
          120.8     1.4591e+07
         120.82     1.4572e+07
         120.84     1.4554e+07
         120.86     1.4539e+07
         120.88     1.4525e+07
          120.9      1.451e+07
         120.92     1.4496e+07
         120.94     1.4481e+07
         120.96     1.4463e+07
         120.98     1.4445e+07
            121     1.4424e+07
         121.02     1.4399e+07
         121.04     1.4372e+07
         121.06     1.4342e+07
         121.08     1.4309e+07
          121.1     1.4271e+07
         121.12     1.4228e+07
         121.14     1.4185e+07
         121.16     1.4141e+07
         121.18     1.4096e+07
          121.2      1.405e+07
         121.22     1.4004e+07
         121.24     1.3962e+07
         121.26     1.3922e+07
         121.28     1.3886e+07
          121.3     1.3853e+07
         121.32     1.3827e+07
         121.34     1.3806e+07
         121.36     1.3792e+07
         121.38     1.3786e+07
          121.4     1.3786e+07
         121.42     1.3793e+07
         121.44     1.3805e+07
         121.46     1.3822e+07
         121.48     1.3842e+07
          121.5     1.3867e+07
         121.52     1.3893e+07
         121.54     1.3921e+07
         121.56     1.3951e+07
         121.58     1.3978e+07
          121.6     1.4005e+07
         121.62      1.403e+07
         121.64     1.4051e+07
         121.66     1.4068e+07
         121.68     1.4082e+07
          121.7     1.4091e+07
         121.72     1.4095e+07
         121.74     1.4095e+07
         121.76     1.4088e+07
         121.78     1.4079e+07
          121.8     1.4065e+07
         121.82     1.4047e+07
         121.84     1.4026e+07
         121.86     1.4002e+07
         121.88     1.3977e+07
          121.9     1.3953e+07
         121.92     1.3929e+07
         121.94     1.3905e+07
         121.96     1.3884e+07
         121.98     1.3865e+07
            122     1.3849e+07
         122.02     1.3835e+07
         122.04     1.3825e+07
         122.06      1.382e+07
         122.08     1.3821e+07
          122.1     1.3827e+07
         122.12     1.3836e+07
         122.14     1.3846e+07
         122.16      1.386e+07
         122.18     1.3875e+07
          122.2     1.3893e+07
         122.22     1.3909e+07
         122.24     1.3925e+07
         122.26     1.3941e+07
         122.28     1.3955e+07
          122.3     1.3967e+07
         122.32     1.3978e+07
         122.34     1.3984e+07
         122.36     1.3988e+07
         122.38     1.3989e+07
          122.4     1.3987e+07
         122.42      1.398e+07
         122.44      1.397e+07
         122.46     1.3956e+07
         122.48     1.3939e+07
          122.5     1.3923e+07
         122.52     1.3906e+07
         122.54      1.389e+07
         122.56     1.3878e+07
         122.58     1.3872e+07
          122.6     1.3871e+07
         122.62     1.3881e+07
         122.64     1.3896e+07
         122.66     1.3919e+07
         122.68     1.3948e+07
          122.7     1.3982e+07
         122.72     1.4021e+07
         122.74     1.4066e+07
         122.76     1.4115e+07
         122.78      1.417e+07
          122.8     1.4227e+07
         122.82     1.4289e+07
         122.84     1.4353e+07
         122.86     1.4418e+07
         122.88     1.4485e+07
          122.9     1.4551e+07
         122.92     1.4616e+07
         122.94     1.4678e+07
         122.96      1.474e+07
         122.98     1.4796e+07
            123     1.4852e+07
         123.02     1.4901e+07
         123.04     1.4947e+07
         123.06     1.4988e+07
         123.08     1.5023e+07
          123.1     1.5053e+07
         123.12     1.5077e+07
         123.14     1.5097e+07
         123.16      1.511e+07
         123.18     1.5121e+07
          123.2     1.5125e+07
         123.22     1.5127e+07
         123.24     1.5124e+07
         123.26     1.5119e+07
         123.28     1.5113e+07
          123.3     1.5109e+07
         123.32     1.5109e+07
         123.34     1.5111e+07
         123.36     1.5118e+07
         123.38     1.5127e+07
          123.4     1.5138e+07
         123.42     1.5152e+07
         123.44      1.517e+07
         123.46      1.519e+07
         123.48     1.5214e+07
          123.5     1.5238e+07
         123.52     1.5264e+07
         123.54      1.529e+07
         123.56     1.5317e+07
         123.58     1.5345e+07
          123.6     1.5371e+07
         123.62     1.5397e+07
         123.64     1.5419e+07
         123.66     1.5441e+07
         123.68     1.5462e+07
          123.7      1.548e+07
         123.72     1.5497e+07
         123.74     1.5512e+07
         123.76     1.5527e+07
         123.78     1.5542e+07
          123.8     1.5556e+07
         123.82      1.557e+07
         123.84     1.5583e+07
         123.86     1.5595e+07
         123.88     1.5607e+07
          123.9     1.5619e+07
         123.92     1.5631e+07
         123.94     1.5645e+07
         123.96     1.5659e+07
         123.98     1.5676e+07
            124     1.5696e+07
         124.02      1.572e+07
         124.04     1.5747e+07
         124.06     1.5779e+07
         124.08     1.5814e+07
          124.1     1.5854e+07
         124.12     1.5898e+07
         124.14     1.5946e+07
         124.16     1.5997e+07
         124.18     1.6051e+07
          124.2     1.6107e+07
         124.22     1.6164e+07
         124.24     1.6222e+07
         124.26     1.6279e+07
         124.28     1.6336e+07
          124.3      1.639e+07
         124.32     1.6443e+07
         124.34     1.6493e+07
         124.36     1.6541e+07
         124.38     1.6583e+07
          124.4     1.6624e+07
         124.42     1.6659e+07
         124.44     1.6692e+07
         124.46      1.672e+07
         124.48     1.6745e+07
          124.5     1.6765e+07
         124.52      1.678e+07
         124.54     1.6792e+07
         124.56     1.6801e+07
         124.58     1.6806e+07
          124.6      1.681e+07
         124.62     1.6809e+07
         124.64     1.6808e+07
         124.66     1.6805e+07
         124.68       1.68e+07
          124.7     1.6796e+07
         124.72     1.6793e+07
         124.74     1.6791e+07
         124.76     1.6791e+07
         124.78      1.679e+07
          124.8     1.6796e+07
         124.82       1.68e+07
         124.84     1.6811e+07
         124.86      1.682e+07
         124.88     1.6833e+07
          124.9     1.6844e+07
         124.92     1.6859e+07
         124.94     1.6873e+07
         124.96     1.6889e+07
         124.98     1.6905e+07
            125      1.692e+07
         125.02     1.6935e+07
         125.04      1.695e+07
         125.06     1.6965e+07
         125.08      1.698e+07
          125.1     1.6993e+07
         125.12     1.7007e+07
         125.14     1.7019e+07
         125.16     1.7033e+07
         125.18     1.7043e+07
          125.2     1.7056e+07
         125.22     1.7065e+07
         125.24     1.7077e+07
         125.26     1.7088e+07
         125.28     1.7099e+07
          125.3      1.711e+07
         125.32     1.7122e+07
         125.34     1.7133e+07
         125.36     1.7147e+07
         125.38     1.7162e+07
          125.4      1.718e+07
         125.42     1.7201e+07
         125.44     1.7222e+07
         125.46     1.7249e+07
         125.48     1.7276e+07
          125.5     1.7307e+07
         125.52     1.7337e+07
         125.54     1.7369e+07
         125.56     1.7401e+07
         125.58     1.7434e+07
          125.6     1.7467e+07
         125.62       1.75e+07
         125.64     1.7533e+07
         125.66     1.7562e+07
         125.68     1.7592e+07
          125.7     1.7617e+07
         125.72     1.7644e+07
         125.74     1.7665e+07
         125.76     1.7686e+07
         125.78     1.7701e+07
          125.8     1.7715e+07
         125.82     1.7726e+07
         125.84     1.7732e+07
         125.86     1.7737e+07
         125.88     1.7737e+07
          125.9     1.7735e+07
         125.92     1.7729e+07
         125.94     1.7722e+07
         125.96      1.771e+07
         125.98     1.7699e+07
            126     1.7683e+07
         126.02      1.767e+07
         126.04     1.7652e+07
         126.06      1.764e+07
         126.08     1.7624e+07
          126.1     1.7611e+07
         126.12     1.7598e+07
         126.14     1.7587e+07
         126.16     1.7576e+07
         126.18     1.7567e+07
          126.2     1.7559e+07
         126.22     1.7551e+07
         126.24     1.7546e+07
         126.26      1.754e+07
         126.28     1.7537e+07
          126.3     1.7532e+07
         126.32     1.7531e+07
         126.34     1.7528e+07
         126.36     1.7527e+07
         126.38     1.7526e+07
          126.4     1.7523e+07
         126.42     1.7523e+07
         126.44     1.7522e+07
         126.46     1.7521e+07
         126.48     1.7521e+07
          126.5     1.7519e+07
         126.52     1.7519e+07
         126.54     1.7516e+07
         126.56     1.7515e+07
         126.58     1.7514e+07
          126.6     1.7511e+07
         126.62     1.7512e+07
         126.64      1.751e+07
         126.66     1.7511e+07
         126.68     1.7511e+07
          126.7     1.7512e+07
         126.72     1.7515e+07
         126.74     1.7519e+07
         126.76     1.7522e+07
         126.78     1.7526e+07
          126.8      1.753e+07
         126.82     1.7536e+07
         126.84     1.7543e+07
         126.86      1.755e+07
         126.88     1.7557e+07
          126.9     1.7564e+07
         126.92     1.7569e+07
         126.94     1.7574e+07
         126.96     1.7579e+07
         126.98     1.7582e+07
            127     1.7585e+07
         127.02     1.7584e+07
         127.04     1.7584e+07
         127.06      1.758e+07
         127.08     1.7576e+07
          127.1      1.757e+07
         127.12     1.7561e+07
         127.14      1.755e+07
         127.16     1.7536e+07
         127.18     1.7521e+07
          127.2     1.7503e+07
         127.22     1.7485e+07
         127.24     1.7464e+07
         127.26     1.7441e+07
         127.28     1.7418e+07
          127.3     1.7392e+07
         127.32     1.7369e+07
         127.34     1.7341e+07
         127.36     1.7317e+07
         127.38     1.7289e+07
          127.4     1.7262e+07
         127.42     1.7237e+07
         127.44      1.721e+07
         127.46     1.7186e+07
         127.48     1.7159e+07
          127.5     1.7135e+07
         127.52     1.7109e+07
         127.54     1.7087e+07
         127.56     1.7063e+07
         127.58     1.7041e+07
          127.6     1.7021e+07
         127.62     1.6998e+07
         127.64      1.698e+07
         127.66      1.696e+07
         127.68      1.694e+07
          127.7     1.6923e+07
         127.72     1.6903e+07
         127.74     1.6886e+07
         127.76     1.6869e+07
         127.78     1.6852e+07
          127.8     1.6835e+07
         127.82     1.6818e+07
         127.84     1.6799e+07
         127.86     1.6785e+07
         127.88     1.6768e+07
          127.9     1.6753e+07
         127.92     1.6737e+07
         127.94     1.6721e+07
         127.96     1.6706e+07
         127.98      1.669e+07
            128     1.6676e+07
         128.02     1.6661e+07
         128.04     1.6648e+07
         128.06     1.6632e+07
         128.08     1.6618e+07
          128.1     1.6604e+07
         128.12      1.659e+07
         128.14     1.6577e+07
         128.16     1.6562e+07
         128.18     1.6548e+07
          128.2     1.6532e+07
         128.22     1.6517e+07
         128.24     1.6501e+07
         128.26     1.6484e+07
         128.28     1.6466e+07
          128.3     1.6447e+07
         128.32     1.6426e+07
         128.34     1.6405e+07
         128.36     1.6383e+07
         128.38     1.6358e+07
          128.4     1.6335e+07
         128.42     1.6307e+07
         128.44      1.628e+07
         128.46     1.6252e+07
         128.48      1.622e+07
          128.5      1.619e+07
         128.52     1.6157e+07
         128.54     1.6125e+07
         128.56     1.6091e+07
         128.58     1.6054e+07
          128.6      1.602e+07
         128.62     1.5982e+07
         128.64     1.5946e+07
         128.66     1.5911e+07
         128.68     1.5872e+07
          128.7     1.5837e+07
         128.72       1.58e+07
         128.74     1.5763e+07
         128.76     1.5729e+07
         128.78      1.569e+07
          128.8     1.5657e+07
         128.82     1.5621e+07
         128.84     1.5587e+07
         128.86     1.5554e+07
         128.88     1.5518e+07
          128.9     1.5487e+07
         128.92     1.5453e+07
         128.94     1.5422e+07
         128.96     1.5391e+07
         128.98     1.5357e+07
            129     1.5328e+07
         129.02     1.5297e+07
         129.04     1.5265e+07
         129.06     1.5237e+07
         129.08     1.5206e+07
          129.1     1.5178e+07
         129.12     1.5149e+07
         129.14      1.512e+07
         129.16     1.5092e+07
         129.18     1.5064e+07
          129.2     1.5037e+07
         129.22     1.5007e+07
         129.24     1.4981e+07
         129.26     1.4953e+07
         129.28     1.4927e+07
          129.3     1.4901e+07
         129.32     1.4873e+07
         129.34     1.4847e+07
         129.36      1.482e+07
         129.38     1.4794e+07
          129.4     1.4767e+07
         129.42      1.474e+07
         129.44     1.4713e+07
         129.46     1.4685e+07
         129.48     1.4657e+07
          129.5     1.4627e+07
         129.52     1.4596e+07
         129.54     1.4567e+07
         129.56     1.4535e+07
         129.58     1.4503e+07
          129.6      1.447e+07
         129.62     1.4436e+07
         129.64     1.4403e+07
         129.66     1.4367e+07
         129.68     1.4331e+07
          129.7     1.4294e+07
         129.72     1.4257e+07
         129.74     1.4219e+07
         129.76     1.4181e+07
         129.78     1.4142e+07
          129.8     1.4101e+07
         129.82     1.4063e+07
         129.84     1.4021e+07
         129.86      1.398e+07
         129.88      1.394e+07
          129.9     1.3897e+07
         129.92     1.3857e+07
         129.94     1.3816e+07
         129.96     1.3773e+07
         129.98     1.3733e+07
            130     1.3692e+07
         130.02     1.3651e+07
         130.04     1.3611e+07
         130.06     1.3569e+07
         130.08     1.3529e+07
          130.1      1.349e+07
         130.12     1.3448e+07
         130.14     1.3409e+07
         130.16     1.3371e+07
         130.18      1.333e+07
          130.2     1.3293e+07
         130.22     1.3254e+07
         130.24     1.3215e+07
         130.26     1.3178e+07
         130.28     1.3139e+07
          130.3     1.3104e+07
         130.32     1.3067e+07
         130.34      1.303e+07
         130.36     1.2996e+07
         130.38      1.296e+07
          130.4     1.2924e+07
         130.42     1.2892e+07
         130.44     1.2856e+07
         130.46     1.2822e+07
         130.48     1.2791e+07
          130.5     1.2755e+07
         130.52     1.2722e+07
         130.54      1.269e+07
         130.56     1.2656e+07
         130.58     1.2624e+07
          130.6      1.259e+07
         130.62     1.2557e+07
         130.64     1.2525e+07
         130.66     1.2489e+07
         130.68     1.2458e+07
          130.7     1.2423e+07
         130.72     1.2388e+07
         130.74     1.2355e+07
         130.76     1.2318e+07
         130.78     1.2283e+07
          130.8     1.2248e+07
         130.82      1.221e+07
         130.84     1.2172e+07
         130.86     1.2135e+07
         130.88     1.2097e+07
          130.9     1.2058e+07
         130.92     1.2019e+07
         130.94      1.198e+07
         130.96      1.194e+07
         130.98       1.19e+07
            131     1.1861e+07
         131.02     1.1819e+07
         131.04     1.1777e+07
         131.06     1.1738e+07
         131.08     1.1694e+07
          131.1     1.1652e+07
         131.12     1.1611e+07
         131.14     1.1568e+07
         131.16     1.1527e+07
         131.18     1.1484e+07
          131.2     1.1442e+07
         131.22     1.1399e+07
         131.24     1.1357e+07
         131.26     1.1315e+07
         131.28     1.1273e+07
          131.3     1.1232e+07
         131.32      1.119e+07
         131.34     1.1148e+07
         131.36     1.1109e+07
         131.38     1.1068e+07
          131.4     1.1027e+07
         131.42     1.0988e+07
         131.44     1.0947e+07
         131.46     1.0906e+07
         131.48     1.0869e+07
          131.5     1.0829e+07
         131.52      1.079e+07
         131.54     1.0753e+07
         131.56     1.0715e+07
         131.58     1.0678e+07
          131.6      1.064e+07
         131.62     1.0605e+07
         131.64     1.0568e+07
         131.66     1.0533e+07
         131.68     1.0498e+07
          131.7     1.0461e+07
         131.72     1.0427e+07
         131.74     1.0393e+07
         131.76     1.0357e+07
         131.78     1.0323e+07
          131.8     1.0289e+07
         131.82     1.0253e+07
         131.84     1.0219e+07
         131.86     1.0185e+07
         131.88     1.0149e+07
          131.9     1.0116e+07
         131.92      1.008e+07
         131.94     1.0045e+07
         131.96     1.0011e+07
         131.98     9.9761e+06
            132     9.9399e+06
         132.02     9.9054e+06
         132.04     9.8703e+06
         132.06     9.8326e+06
         132.08     9.7974e+06
          132.1     9.7612e+06
         132.12     9.7232e+06
         132.14     9.6868e+06
         132.16     9.6488e+06
         132.18     9.6114e+06
          132.2     9.5749e+06
         132.22     9.5352e+06
         132.24     9.4974e+06
         132.26     9.4602e+06
         132.28     9.4196e+06
          132.3     9.3805e+06
         132.32     9.3429e+06
         132.34     9.3021e+06
         132.36     9.2625e+06
         132.38     9.2246e+06
          132.4     9.1842e+06
         132.42      9.144e+06
         132.44     9.1056e+06
         132.46     9.0656e+06
         132.48     9.0264e+06
          132.5      8.988e+06
         132.52     8.9483e+06
         132.54     8.9107e+06
         132.56     8.8722e+06
         132.58     8.8325e+06
          132.6     8.7963e+06
         132.62     8.7583e+06
         132.64     8.7202e+06
         132.66     8.6847e+06
         132.68      8.648e+06
          132.7     8.6113e+06
         132.72     8.5764e+06
         132.74     8.5409e+06
         132.76     8.5054e+06
         132.78     8.4706e+06
          132.8     8.4357e+06
         132.82     8.4015e+06
         132.84     8.3678e+06
         132.86     8.3336e+06
         132.88     8.3008e+06
          132.9     8.2674e+06
         132.92      8.234e+06
         132.94      8.202e+06
         132.96     8.1699e+06
         132.98     8.1363e+06
            133     8.1047e+06
         133.02     8.0732e+06
         133.04     8.0396e+06
         133.06     8.0084e+06
         133.08     7.9768e+06
          133.1     7.9442e+06
         133.12     7.9125e+06
         133.14     7.8805e+06
         133.16     7.8488e+06
         133.18     7.8164e+06
          133.2     7.7842e+06
         133.22     7.7531e+06
         133.24     7.7207e+06
         133.26     7.6881e+06
         133.28     7.6569e+06
          133.3     7.6246e+06
         133.32     7.5915e+06
         133.34     7.5595e+06
         133.36     7.5275e+06
         133.38     7.4936e+06
          133.4     7.4615e+06
         133.42     7.4288e+06
         133.44     7.3945e+06
         133.46     7.3617e+06
         133.48     7.3284e+06
          133.5      7.294e+06
         133.52     7.2603e+06
         133.54     7.2266e+06
         133.56      7.193e+06
         133.58     7.1586e+06
          133.6     7.1241e+06
         133.62     7.0913e+06
         133.64     7.0559e+06
         133.66     7.0214e+06
         133.68      6.989e+06
          133.7     6.9548e+06
         133.72     6.9206e+06
         133.74     6.8879e+06
         133.76     6.8547e+06
         133.78     6.8209e+06
          133.8     6.7892e+06
         133.82     6.7562e+06
         133.84     6.7226e+06
         133.86     6.6918e+06
         133.88     6.6601e+06
          133.9     6.6273e+06
         133.92     6.5967e+06
         133.94     6.5664e+06
         133.96     6.5352e+06
         133.98     6.5043e+06
            134     6.4747e+06
         134.02     6.4456e+06
         134.04     6.4153e+06
         134.06     6.3857e+06
         134.08     6.3576e+06
          134.1     6.3276e+06
         134.12     6.2993e+06
         134.14     6.2713e+06
         134.16     6.2417e+06
         134.18     6.2144e+06
          134.2      6.187e+06
         134.22     6.1578e+06
         134.24       6.13e+06
         134.26     6.1037e+06
         134.28     6.0757e+06
          134.3     6.0476e+06
         134.32      6.021e+06
         134.34     5.9941e+06
         134.36     5.9659e+06
         134.38     5.9387e+06
          134.4     5.9122e+06
         134.42     5.8843e+06
         134.44     5.8565e+06
         134.46     5.8301e+06
         134.48     5.8022e+06
          134.5     5.7748e+06
         134.52     5.7482e+06
         134.54     5.7204e+06
         134.56     5.6929e+06
         134.58     5.6666e+06
          134.6     5.6384e+06
         134.62     5.6102e+06
         134.64     5.5841e+06
         134.66     5.5562e+06
         134.68     5.5279e+06
          134.7     5.5013e+06
         134.72     5.4745e+06
         134.74      5.446e+06
         134.76     5.4183e+06
         134.78     5.3916e+06
          134.8     5.3631e+06
         134.82     5.3355e+06
         134.84     5.3084e+06
         134.86     5.2806e+06
         134.88     5.2534e+06
          134.9     5.2262e+06
         134.92     5.1986e+06
         134.94     5.1712e+06
         134.96      5.145e+06
         134.98     5.1176e+06
            135     5.0898e+06
         135.02     5.0643e+06
         135.04     5.0377e+06
         135.06     5.0105e+06
         135.08     4.9853e+06
          135.1     4.9597e+06
         135.12      4.933e+06
         135.14     4.9077e+06
         135.16      4.883e+06
         135.18     4.8572e+06
          135.2     4.8323e+06
         135.22     4.8079e+06
         135.24     4.7831e+06
         135.26     4.7593e+06
         135.28     4.7353e+06
          135.3      4.711e+06
         135.32     4.6879e+06
         135.34     4.6649e+06
         135.36      4.641e+06
         135.38     4.6177e+06
          135.4     4.5956e+06
         135.42      4.572e+06
         135.44     4.5487e+06
         135.46     4.5273e+06
         135.48      4.505e+06
          135.5     4.4818e+06
         135.52     4.4603e+06
         135.54     4.4385e+06
         135.56     4.4157e+06
         135.58     4.3936e+06
          135.6     4.3719e+06
         135.62     4.3498e+06
         135.64     4.3276e+06
         135.66     4.3058e+06
         135.68     4.2836e+06
          135.7     4.2624e+06
         135.72     4.2403e+06
         135.74     4.2182e+06
         135.76     4.1971e+06
         135.78     4.1757e+06
          135.8     4.1534e+06
         135.82     4.1318e+06
         135.84     4.1109e+06
         135.86     4.0885e+06
         135.88     4.0666e+06
          135.9      4.046e+06
         135.92     4.0241e+06
         135.94     4.0021e+06
         135.96     3.9815e+06
         135.98     3.9605e+06
            136     3.9386e+06
         136.02     3.9173e+06
         136.04     3.8963e+06
         136.06     3.8755e+06
         136.08      3.854e+06
          136.1     3.8325e+06
         136.12     3.8117e+06
         136.14     3.7913e+06
         136.16     3.7699e+06
         136.18     3.7486e+06
          136.2     3.7283e+06
         136.22     3.7073e+06
         136.24     3.6863e+06
         136.26     3.6661e+06
         136.28     3.6457e+06
          136.3     3.6247e+06
         136.32     3.6049e+06
         136.34     3.5857e+06
         136.36      3.565e+06
         136.38     3.5446e+06
          136.4     3.5258e+06
         136.42     3.5066e+06
         136.44     3.4866e+06
         136.46     3.4674e+06
         136.48     3.4486e+06
          136.5     3.4303e+06
         136.52     3.4117e+06
         136.54     3.3927e+06
         136.56      3.375e+06
         136.58     3.3569e+06
          136.6     3.3387e+06
         136.62     3.3212e+06
         136.64     3.3037e+06
         136.66     3.2853e+06
         136.68     3.2682e+06
          136.7     3.2515e+06
         136.72     3.2336e+06
         136.74     3.2158e+06
         136.76     3.1995e+06
         136.78     3.1827e+06
          136.8      3.165e+06
         136.82     3.1482e+06
         136.84     3.1319e+06
         136.86      3.115e+06
         136.88      3.098e+06
          136.9     3.0814e+06
         136.92     3.0651e+06
         136.94      3.048e+06
         136.96     3.0313e+06
         136.98     3.0149e+06
            137     2.9986e+06
         137.02     2.9819e+06
         137.04     2.9656e+06
         137.06     2.9495e+06
         137.08     2.9327e+06
          137.1     2.9162e+06
         137.12     2.9007e+06
         137.14     2.8842e+06
         137.16     2.8675e+06
         137.18      2.852e+06
          137.2     2.8365e+06
         137.22     2.8197e+06
         137.24     2.8033e+06
         137.26     2.7879e+06
         137.28     2.7722e+06
          137.3     2.7558e+06
         137.32     2.7399e+06
         137.34     2.7244e+06
         137.36     2.7084e+06
         137.38     2.6928e+06
          137.4     2.6771e+06
         137.42     2.6617e+06
         137.44     2.6459e+06
         137.46     2.6305e+06
         137.48     2.6152e+06
          137.5     2.5996e+06
         137.52     2.5841e+06
         137.54     2.5696e+06
         137.56     2.5544e+06
         137.58     2.5389e+06
          137.6     2.5246e+06
         137.62     2.5104e+06
         137.64     2.4951e+06
         137.66     2.4804e+06
         137.68     2.4668e+06
          137.7     2.4529e+06
         137.72     2.4385e+06
         137.74     2.4246e+06
         137.76     2.4112e+06
         137.78     2.3974e+06
          137.8      2.384e+06
         137.82     2.3705e+06
         137.84     2.3573e+06
         137.86      2.344e+06
         137.88     2.3311e+06
          137.9     2.3181e+06
         137.92      2.305e+06
         137.94     2.2921e+06
         137.96     2.2798e+06
         137.98     2.2669e+06
            138     2.2538e+06
         138.02     2.2416e+06
         138.04     2.2294e+06
         138.06     2.2163e+06
         138.08     2.2036e+06
          138.1     2.1918e+06
         138.12     2.1795e+06
         138.14     2.1668e+06
         138.16     2.1546e+06
         138.18     2.1426e+06
          138.2       2.13e+06
         138.22     2.1177e+06
         138.24     2.1055e+06
         138.26     2.0934e+06
         138.28     2.0815e+06
          138.3     2.0695e+06
         138.32     2.0575e+06
         138.34     2.0454e+06
         138.36     2.0337e+06
         138.38      2.022e+06
          138.4     2.0098e+06
         138.42     1.9978e+06
         138.44     1.9864e+06
         138.46     1.9748e+06
         138.48     1.9627e+06
          138.5     1.9512e+06
         138.52     1.9401e+06
         138.54     1.9282e+06
         138.56     1.9165e+06
         138.58     1.9054e+06
          138.6     1.8943e+06
         138.62     1.8827e+06
         138.64     1.8713e+06
         138.66     1.8602e+06
         138.68     1.8489e+06
          138.7     1.8381e+06
         138.72     1.8268e+06
         138.74     1.8158e+06
         138.76     1.8049e+06
         138.78     1.7944e+06
          138.8     1.7835e+06
         138.82     1.7726e+06
         138.84     1.7622e+06
         138.86      1.752e+06
         138.88     1.7413e+06
          138.9     1.7307e+06
         138.92     1.7208e+06
         138.94     1.7107e+06
         138.96     1.7003e+06
         138.98     1.6902e+06
            139     1.6809e+06
         139.02      1.671e+06
         139.04     1.6609e+06
         139.06     1.6513e+06
         139.08     1.6419e+06
          139.1     1.6325e+06
         139.12     1.6229e+06
         139.14     1.6134e+06
         139.16     1.6038e+06
         139.18     1.5949e+06
          139.2     1.5857e+06
         139.22     1.5764e+06
         139.24     1.5671e+06
         139.26     1.5583e+06
         139.28     1.5492e+06
          139.3     1.5402e+06
         139.32     1.5314e+06
         139.34     1.5226e+06
         139.36     1.5133e+06
         139.38     1.5042e+06
          139.4     1.4958e+06
         139.42     1.4873e+06
         139.44     1.4781e+06
         139.46     1.4691e+06
         139.48     1.4609e+06
          139.5     1.4524e+06
         139.52     1.4436e+06
         139.54     1.4349e+06
         139.56     1.4264e+06
         139.58      1.418e+06
          139.6     1.4096e+06
         139.62     1.4012e+06
         139.64     1.3925e+06
         139.66     1.3844e+06
         139.68     1.3761e+06
          139.7     1.3677e+06
         139.72     1.3597e+06
         139.74     1.3516e+06
         139.76     1.3431e+06
         139.78     1.3348e+06
          139.8      1.327e+06
         139.82     1.3192e+06
         139.84     1.3108e+06
         139.86     1.3025e+06
         139.88     1.2949e+06
          139.9     1.2873e+06
         139.92     1.2792e+06
         139.94     1.2713e+06
         139.96     1.2638e+06
         139.98     1.2562e+06
            140     1.2484e+06
         140.02     1.2408e+06
         140.04     1.2332e+06
         140.06     1.2259e+06
         140.08     1.2184e+06
          140.1     1.2111e+06
         140.12     1.2037e+06
         140.14     1.1966e+06
         140.16     1.1892e+06
         140.18      1.182e+06
          140.2     1.1752e+06
         140.22     1.1682e+06
         140.24      1.161e+06
         140.26     1.1541e+06
         140.28     1.1478e+06
          140.3     1.1416e+06
         140.32     1.1352e+06
         140.34     1.1296e+06
         140.36     1.1248e+06
         140.38     1.1203e+06
          140.4     1.1161e+06
         140.42     1.1127e+06
         140.44     1.1101e+06
         140.46     1.1081e+06
         140.48     1.1063e+06
          140.5     1.1051e+06
         140.52     1.1043e+06
         140.54     1.1038e+06
         140.56     1.1031e+06
         140.58     1.1024e+06
          140.6     1.1014e+06
         140.62     1.1001e+06
         140.64     1.0981e+06
         140.66      1.096e+06
         140.68     1.0939e+06
          140.7     1.0911e+06
         140.72     1.0878e+06
         140.74     1.0847e+06
         140.76     1.0815e+06
         140.78     1.0777e+06
          140.8     1.0735e+06
         140.82     1.0695e+06
         140.84     1.0655e+06
         140.86     1.0612e+06
         140.88     1.0565e+06
          140.9     1.0519e+06
         140.92     1.0473e+06
         140.94     1.0425e+06
         140.96     1.0376e+06
         140.98     1.0326e+06
            141     1.0276e+06
         141.02     1.0225e+06
         141.04     1.0175e+06
         141.06     1.0128e+06
         141.08     1.0092e+06
          141.1      1.007e+06
         141.12     1.0072e+06
         141.14     1.0106e+06
         141.16     1.0174e+06
         141.18     1.0278e+06
          141.2     1.0427e+06
         141.22     1.0627e+06
         141.24     1.0874e+06
         141.26     1.1168e+06
         141.28     1.1513e+06
          141.3     1.1909e+06
         141.32      1.235e+06
         141.34     1.2828e+06
         141.36     1.3343e+06
         141.38     1.3889e+06
          141.4     1.4456e+06
         141.42     1.5033e+06
         141.44     1.5616e+06
         141.46     1.6191e+06
         141.48     1.6748e+06
          141.5     1.7274e+06
         141.52     1.7761e+06
         141.54     1.8209e+06
         141.56     1.8618e+06
         141.58     1.8992e+06
          141.6     1.9335e+06
         141.62     1.9647e+06
         141.64     1.9927e+06
         141.66      2.018e+06
         141.68     2.0412e+06
          141.7     2.0623e+06
         141.72     2.0811e+06
         141.74      2.098e+06
         141.76     2.1134e+06
         141.78     2.1273e+06
          141.8     2.1394e+06
         141.82       2.15e+06
         141.84     2.1594e+06
         141.86     2.1677e+06
         141.88     2.1746e+06
          141.9     2.1807e+06
         141.92     2.1858e+06
         141.94     2.1903e+06
         141.96     2.1941e+06
         141.98     2.1977e+06
            142     2.2009e+06
         142.02     2.2052e+06
         142.04      2.213e+06
         142.06     2.2267e+06
         142.08     2.2486e+06
          142.1     2.2803e+06
         142.12     2.3236e+06
         142.14     2.3802e+06
         142.16      2.451e+06
         142.18     2.5365e+06
          142.2     2.6373e+06
         142.22     2.7539e+06
         142.24     2.8862e+06
         142.26     3.0331e+06
         142.28     3.1938e+06
          142.3     3.3669e+06
         142.32     3.5507e+06
         142.34     3.7432e+06
         142.36     3.9422e+06
         142.38     4.1452e+06
          142.4     4.3499e+06
         142.42     4.5533e+06
         142.44     4.7528e+06
         142.46      4.945e+06
         142.48     5.1268e+06
          142.5     5.2957e+06
         142.52     5.4519e+06
         142.54     5.5963e+06
         142.56     5.7292e+06
         142.58     5.8517e+06
          142.6     5.9644e+06
         142.62      6.068e+06
         142.64     6.1631e+06
         142.66     6.2506e+06
         142.68     6.3314e+06
          142.7      6.406e+06
         142.72     6.4748e+06
         142.74     6.5388e+06
         142.76     6.5987e+06
         142.78      6.655e+06
          142.8     6.7078e+06
         142.82     6.7575e+06
         142.84      6.804e+06
         142.86     6.8481e+06
         142.88       6.89e+06
          142.9     6.9304e+06
         142.92     6.9692e+06
         142.94     7.0065e+06
         142.96     7.0422e+06
         142.98     7.0765e+06
            143     7.1111e+06
         143.02     7.1507e+06
         143.04     7.2009e+06
         143.06     7.2666e+06
         143.08     7.3521e+06
          143.1     7.4612e+06
         143.12     7.5972e+06
         143.14     7.7628e+06
         143.16     7.9593e+06
         143.18     8.1877e+06
          143.2      8.448e+06
         143.22     8.7397e+06
         143.24     9.0614e+06
         143.26     9.4111e+06
         143.28     9.7863e+06
          143.3     1.0183e+07
         143.32     1.0599e+07
         143.34     1.1027e+07
         143.36     1.1465e+07
         143.38     1.1907e+07
          143.4     1.2348e+07
         143.42     1.2783e+07
         143.44     1.3206e+07
         143.46     1.3611e+07
         143.48     1.3992e+07
          143.5     1.4348e+07
         143.52     1.4681e+07
         143.54     1.4993e+07
         143.56     1.5285e+07
         143.58     1.5559e+07
          143.6     1.5816e+07
         143.62     1.6058e+07
         143.64     1.6285e+07
         143.66     1.6497e+07
         143.68     1.6697e+07
          143.7     1.6884e+07
         143.72     1.7062e+07
         143.74     1.7229e+07
         143.76     1.7388e+07
         143.78      1.754e+07
          143.8     1.7686e+07
         143.82     1.7826e+07
         143.84      1.796e+07
         143.86     1.8089e+07
         143.88     1.8214e+07
          143.9     1.8334e+07
         143.92      1.845e+07
         143.94     1.8561e+07
         143.96     1.8668e+07
         143.98     1.8771e+07
            144     1.8877e+07
         144.02     1.8994e+07
         144.04     1.9132e+07
         144.06     1.9298e+07
         144.08       1.95e+07
          144.1     1.9742e+07
         144.12     2.0031e+07
         144.14      2.037e+07
         144.16     2.0762e+07
         144.18     2.1211e+07
          144.2     2.1715e+07
         144.22     2.2273e+07
         144.24     2.2884e+07
         144.26     2.3542e+07
         144.28     2.4242e+07
          144.3     2.4978e+07
         144.32     2.5744e+07
         144.34     2.6531e+07
         144.36     2.7331e+07
         144.38     2.8137e+07
          144.4     2.8939e+07
         144.42     2.9729e+07
         144.44     3.0497e+07
         144.46     3.1235e+07
         144.48     3.1932e+07
          144.5      3.259e+07
         144.52     3.3211e+07
         144.54     3.3796e+07
         144.56     3.4346e+07
         144.58     3.4864e+07
          144.6     3.5353e+07
         144.62     3.5815e+07
         144.64      3.625e+07
         144.66     3.6663e+07
         144.68     3.7053e+07
          144.7     3.7423e+07
         144.72     3.7774e+07
         144.74     3.8108e+07
         144.76     3.8427e+07
         144.78     3.8735e+07
          144.8     3.9033e+07
         144.82     3.9324e+07
         144.84      3.961e+07
         144.86     3.9892e+07
         144.88      4.017e+07
          144.9     4.0445e+07
         144.92     4.0717e+07
         144.94     4.0987e+07
         144.96     4.1255e+07
         144.98     4.1522e+07
            145       4.18e+07
         145.02     4.2103e+07
         145.04     4.2442e+07
         145.06      4.283e+07
         145.08     4.3277e+07
          145.1     4.3789e+07
         145.12     4.4374e+07
         145.14     4.5035e+07
         145.16     4.5772e+07
         145.18     4.6588e+07
          145.2     4.7479e+07
         145.22     4.8444e+07
         145.24     4.9478e+07
         145.26     5.0575e+07
         145.28     5.1727e+07
          145.3     5.2923e+07
         145.32     5.4156e+07
         145.34     5.5411e+07
         145.36     5.6679e+07
         145.38     5.7948e+07
          145.4     5.9208e+07
         145.42     6.0447e+07
         145.44     6.1652e+07
         145.46     6.2813e+07
         145.48     6.3919e+07
          145.5     6.4973e+07
         145.52     6.5976e+07
         145.54     6.6934e+07
         145.56      6.785e+07
         145.58     6.8727e+07
          145.6      6.957e+07
         145.62      7.038e+07
         145.64     7.1161e+07
         145.66     7.1917e+07
         145.68     7.2652e+07
          145.7     7.3368e+07
         145.72     7.4069e+07
         145.74     7.4753e+07
         145.76     7.5423e+07
         145.78     7.6078e+07
          145.8     7.6721e+07
         145.82     7.7351e+07
         145.84     7.7971e+07
         145.86      7.858e+07
         145.88      7.918e+07
          145.9     7.9769e+07
         145.92     8.0345e+07
         145.94     8.0914e+07
         145.96     8.1472e+07
         145.98     8.2026e+07
            146     8.2594e+07
         146.02     8.3193e+07
         146.04     8.3843e+07
         146.06      8.456e+07
         146.08     8.5355e+07
          146.1     8.6236e+07
         146.12     8.7215e+07
         146.14     8.8297e+07
         146.16     8.9484e+07
         146.18     9.0778e+07
          146.2     9.2177e+07
         146.22     9.3675e+07
         146.24     9.5268e+07
         146.26     9.6951e+07
         146.28     9.8715e+07
          146.3     1.0055e+08
         146.32     1.0243e+08
         146.34     1.0436e+08
         146.36     1.0631e+08
         146.38     1.0827e+08
          146.4     1.1022e+08
         146.42     1.1213e+08
         146.44     1.1401e+08
         146.46     1.1582e+08
         146.48     1.1756e+08
          146.5     1.1922e+08
         146.52     1.2081e+08
         146.54     1.2233e+08
         146.56     1.2379e+08
         146.58     1.2519e+08
          146.6     1.2654e+08
         146.62     1.2785e+08
         146.64     1.2911e+08
         146.66     1.3034e+08
         146.68     1.3154e+08
          146.7     1.3271e+08
         146.72     1.3386e+08
         146.74     1.3499e+08
         146.76      1.361e+08
         146.78      1.372e+08
          146.8     1.3829e+08
         146.82     1.3937e+08
         146.84     1.4044e+08
         146.86     1.4151e+08
         146.88     1.4258e+08
          146.9     1.4365e+08
         146.92     1.4472e+08
         146.94     1.4579e+08
         146.96     1.4687e+08
         146.98     1.4796e+08
            147     1.4907e+08
         147.02     1.5024e+08
         147.04     1.5148e+08
         147.06     1.5279e+08
         147.08      1.542e+08
          147.1     1.5572e+08
         147.12     1.5734e+08
         147.14     1.5907e+08
         147.16     1.6093e+08
         147.18     1.6291e+08
          147.2     1.6501e+08
         147.22     1.6723e+08
         147.24     1.6955e+08
         147.26     1.7198e+08
         147.28     1.7449e+08
          147.3     1.7708e+08
         147.32     1.7973e+08
         147.34     1.8243e+08
         147.36     1.8514e+08
         147.38     1.8787e+08
          147.4     1.9057e+08
         147.42     1.9325e+08
         147.44     1.9587e+08
         147.46     1.9843e+08
         147.48     2.0092e+08
          147.5     2.0333e+08
         147.52     2.0567e+08
         147.54     2.0795e+08
         147.56     2.1017e+08
         147.58     2.1233e+08
          147.6     2.1445e+08
         147.62     2.1651e+08
         147.64     2.1853e+08
         147.66     2.2051e+08
         147.68     2.2244e+08
          147.7     2.2432e+08
         147.72     2.2617e+08
         147.74     2.2798e+08
         147.76     2.2975e+08
         147.78      2.315e+08
          147.8     2.3323e+08
         147.82     2.3493e+08
         147.84     2.3662e+08
         147.86      2.383e+08
         147.88     2.3996e+08
          147.9     2.4162e+08
         147.92     2.4328e+08
         147.94     2.4494e+08
         147.96      2.466e+08
         147.98     2.4827e+08
            148     2.4997e+08
         148.02     2.5173e+08
         148.04     2.5357e+08
         148.06     2.5551e+08
         148.08     2.5758e+08
          148.1     2.5978e+08
         148.12     2.6211e+08
         148.14      2.646e+08
         148.16     2.6724e+08
         148.18     2.7002e+08
          148.2     2.7294e+08
         148.22       2.76e+08
         148.24     2.7918e+08
         148.26     2.8248e+08
         148.28     2.8587e+08
          148.3     2.8933e+08
         148.32     2.9285e+08
         148.34     2.9639e+08
         148.36     2.9994e+08
         148.38     3.0348e+08
          148.4     3.0699e+08
         148.42     3.1045e+08
         148.44     3.1383e+08
         148.46     3.1712e+08
         148.48      3.203e+08
          148.5     3.2338e+08
         148.52     3.2636e+08
         148.54     3.2926e+08
         148.56     3.3209e+08
         148.58     3.3485e+08
          148.6     3.3755e+08
         148.62     3.4019e+08
         148.64     3.4278e+08
         148.66     3.4533e+08
         148.68     3.4783e+08
          148.7      3.503e+08
         148.72     3.5272e+08
         148.74     3.5513e+08
         148.76     3.5751e+08
         148.78     3.5986e+08
          148.8     3.6219e+08
         148.82     3.6448e+08
         148.84     3.6673e+08
         148.86     3.6894e+08
         148.88     3.7111e+08
          148.9     3.7324e+08
         148.92     3.7536e+08
         148.94     3.7745e+08
         148.96     3.7952e+08
         148.98     3.8158e+08
            149     3.8364e+08
         149.02     3.8576e+08
         149.04     3.8796e+08
         149.06     3.9023e+08
         149.08     3.9261e+08
          149.1     3.9512e+08
         149.12     3.9777e+08
         149.14     4.0057e+08
         149.16     4.0353e+08
         149.18     4.0664e+08
          149.2      4.099e+08
         149.22      4.133e+08
         149.24     4.1683e+08
         149.26     4.2047e+08
         149.28     4.2423e+08
          149.3     4.2807e+08
         149.32     4.3198e+08
         149.34     4.3593e+08
         149.36     4.3988e+08
         149.38     4.4381e+08
          149.4     4.4768e+08
         149.42      4.515e+08
         149.44     4.5521e+08
         149.46     4.5878e+08
         149.48     4.6221e+08
          149.5     4.6551e+08
         149.52     4.6871e+08
         149.54     4.7181e+08
         149.56     4.7482e+08
         149.58     4.7774e+08
          149.6     4.8058e+08
         149.62     4.8335e+08
         149.64     4.8605e+08
         149.66     4.8868e+08
         149.68     4.9127e+08
          149.7     4.9381e+08
         149.72      4.963e+08
         149.74     4.9875e+08
         149.76     5.0114e+08
         149.78     5.0348e+08
          149.8      5.058e+08
         149.82     5.0808e+08
         149.84      5.103e+08
         149.86      5.125e+08
         149.88     5.1466e+08
          149.9     5.1677e+08
         149.92     5.1885e+08
         149.94     5.2092e+08
         149.96     5.2295e+08
         149.98     5.2496e+08
            150     5.2696e+08
         150.02       5.29e+08
         150.04     5.3112e+08
         150.06     5.3328e+08
         150.08     5.3554e+08
          150.1     5.3794e+08
         150.12     5.4046e+08
         150.14     5.4312e+08
         150.16     5.4592e+08
         150.18     5.4882e+08
          150.2     5.5184e+08
         150.22       5.55e+08
         150.24     5.5826e+08
         150.26     5.6162e+08
         150.28     5.6506e+08
          150.3     5.6854e+08
         150.32     5.7204e+08
         150.34     5.7559e+08
         150.36     5.7916e+08
         150.38     5.8271e+08
          150.4     5.8618e+08
         150.42     5.8959e+08
         150.44     5.9291e+08
         150.46     5.9611e+08
         150.48     5.9919e+08
          150.5     6.0213e+08
         150.52     6.0498e+08
         150.54     6.0774e+08
         150.56     6.1042e+08
         150.58     6.1298e+08
          150.6     6.1543e+08
         150.62      6.178e+08
         150.64     6.2007e+08
         150.66     6.2226e+08
         150.68     6.2437e+08
          150.7     6.2642e+08
         150.72     6.2841e+08
         150.74     6.3032e+08
         150.76     6.3215e+08
         150.78     6.3396e+08
          150.8     6.3573e+08
         150.82     6.3741e+08
         150.84     6.3905e+08
         150.86     6.4064e+08
         150.88     6.4218e+08
          150.9      6.437e+08
         150.92     6.4518e+08
         150.94     6.4664e+08
         150.96      6.481e+08
         150.98     6.4957e+08
            151     6.5108e+08
         151.02     6.5259e+08
         151.04     6.5417e+08
         151.06     6.5583e+08
         151.08     6.5757e+08
          151.1     6.5942e+08
         151.12     6.6138e+08
         151.14     6.6345e+08
         151.16     6.6562e+08
         151.18     6.6787e+08
          151.2     6.7026e+08
         151.22     6.7276e+08
         151.24     6.7533e+08
         151.26     6.7796e+08
         151.28     6.8066e+08
          151.3     6.8339e+08
         151.32     6.8616e+08
         151.34     6.8894e+08
         151.36     6.9174e+08
         151.38      6.945e+08
          151.4     6.9724e+08
         151.42     6.9993e+08
         151.44     7.0251e+08
         151.46     7.0493e+08
         151.48     7.0724e+08
          151.5     7.0946e+08
         151.52     7.1155e+08
         151.54     7.1355e+08
         151.56     7.1543e+08
         151.58      7.172e+08
          151.6     7.1887e+08
         151.62     7.2041e+08
         151.64     7.2189e+08
         151.66     7.2332e+08
         151.68     7.2464e+08
          151.7     7.2584e+08
         151.72     7.2698e+08
         151.74     7.2808e+08
         151.76     7.2912e+08
         151.78      7.301e+08
          151.8     7.3103e+08
         151.82      7.319e+08
         151.84     7.3274e+08
         151.86     7.3359e+08
         151.88     7.3438e+08
          151.9     7.3511e+08
         151.92     7.3586e+08
         151.94      7.366e+08
         151.96     7.3728e+08
         151.98     7.3796e+08
            152     7.3863e+08
         152.02     7.3933e+08
         152.04     7.4009e+08
         152.06      7.409e+08
         152.08     7.4182e+08
          152.1     7.4284e+08
         152.12     7.4395e+08
         152.14     7.4512e+08
         152.16     7.4643e+08
         152.18     7.4784e+08
          152.2     7.4937e+08
         152.22     7.5098e+08
         152.24     7.5268e+08
         152.26     7.5447e+08
         152.28     7.5633e+08
          152.3      7.583e+08
         152.32     7.6033e+08
         152.34     7.6232e+08
         152.36     7.6435e+08
         152.38     7.6635e+08
          152.4     7.6828e+08
         152.42     7.7011e+08
         152.44     7.7185e+08
         152.46      7.735e+08
         152.48     7.7504e+08
          152.5     7.7646e+08
         152.52     7.7775e+08
         152.54     7.7894e+08
         152.56     7.8001e+08
         152.58     7.8096e+08
          152.6     7.8186e+08
         152.62     7.8271e+08
         152.64     7.8345e+08
         152.66     7.8409e+08
         152.68     7.8469e+08
          152.7     7.8527e+08
         152.72      7.858e+08
         152.74     7.8626e+08
         152.76      7.867e+08
         152.78     7.8706e+08
          152.8     7.8739e+08
         152.82     7.8772e+08
         152.84       7.88e+08
         152.86      7.882e+08
         152.88      7.884e+08
          152.9      7.886e+08
         152.92     7.8872e+08
         152.94      7.888e+08
         152.96     7.8883e+08
         152.98     7.8881e+08
            153     7.8884e+08
         153.02     7.8886e+08
         153.04     7.8894e+08
         153.06     7.8911e+08
         153.08     7.8932e+08
          153.1     7.8959e+08
         153.12     7.9002e+08
         153.14     7.9058e+08
         153.16     7.9124e+08
         153.18     7.9202e+08
          153.2     7.9289e+08
         153.22     7.9388e+08
         153.24     7.9496e+08
         153.26     7.9614e+08
         153.28     7.9738e+08
          153.3     7.9859e+08
         153.32     7.9987e+08
         153.34     8.0115e+08
         153.36     8.0239e+08
         153.38     8.0359e+08
          153.4     8.0477e+08
         153.42     8.0589e+08
         153.44     8.0691e+08
         153.46     8.0778e+08
         153.48     8.0854e+08
          153.5     8.0919e+08
         153.52     8.0976e+08
         153.54     8.1023e+08
         153.56     8.1066e+08
         153.58     8.1106e+08
          153.6     8.1136e+08
         153.62     8.1159e+08
         153.64     8.1184e+08
         153.66     8.1207e+08
         153.68     8.1226e+08
          153.7     8.1243e+08
         153.72     8.1259e+08
         153.74     8.1275e+08
         153.76     8.1292e+08
         153.78     8.1309e+08
          153.8      8.132e+08
         153.82     8.1323e+08
         153.84     8.1331e+08
         153.86     8.1332e+08
         153.88     8.1325e+08
          153.9     8.1311e+08
         153.92     8.1297e+08
         153.94     8.1277e+08
         153.96     8.1252e+08
         153.98      8.122e+08
            154     8.1185e+08
         154.02     8.1154e+08
         154.04     8.1123e+08
         154.06     8.1094e+08
         154.08     8.1077e+08
          154.1     8.1064e+08
         154.12     8.1052e+08
         154.14     8.1051e+08
         154.16     8.1067e+08
         154.18     8.1098e+08
          154.2     8.1142e+08
         154.22     8.1198e+08
         154.24     8.1264e+08
         154.26     8.1337e+08
         154.28      8.142e+08
          154.3      8.151e+08
         154.32     8.1595e+08
         154.34     8.1684e+08
         154.36     8.1773e+08
         154.38     8.1853e+08
          154.4     8.1926e+08
         154.42     8.1989e+08
         154.44     8.2044e+08
         154.46     8.2093e+08
         154.48     8.2128e+08
          154.5     8.2152e+08
         154.52     8.2168e+08
         154.54     8.2174e+08
         154.56     8.2167e+08
         154.58     8.2157e+08
          154.6     8.2143e+08
         154.62     8.2119e+08
         154.64      8.209e+08
         154.66     8.2056e+08
         154.68     8.2025e+08
          154.7     8.1994e+08
         154.72     8.1963e+08
         154.74     8.1929e+08
         154.76     8.1892e+08
         154.78     8.1859e+08
          154.8     8.1829e+08
         154.82     8.1796e+08
         154.84     8.1754e+08
         154.86     8.1717e+08
         154.88     8.1673e+08
          154.9     8.1624e+08
         154.92      8.157e+08
         154.94     8.1509e+08
         154.96     8.1448e+08
         154.98     8.1385e+08
            155     8.1315e+08
         155.02     8.1248e+08
         155.04     8.1183e+08
         155.06     8.1114e+08
         155.08     8.1048e+08
          155.1     8.0993e+08
         155.12     8.0943e+08
         155.14     8.0895e+08
         155.16     8.0859e+08
         155.18     8.0828e+08
          155.2     8.0809e+08
         155.22     8.0797e+08
         155.24     8.0792e+08
         155.26     8.0791e+08
         155.28     8.0794e+08
          155.3     8.0805e+08
         155.32     8.0818e+08
         155.34     8.0825e+08
         155.36     8.0837e+08
         155.38     8.0847e+08
          155.4     8.0849e+08
         155.42     8.0845e+08
         155.44     8.0831e+08
         155.46     8.0806e+08
         155.48     8.0776e+08
          155.5     8.0735e+08
         155.52     8.0685e+08
         155.54     8.0634e+08
         155.56      8.057e+08
         155.58     8.0493e+08
          155.6     8.0421e+08
         155.62     8.0344e+08
         155.64     8.0264e+08
         155.66     8.0183e+08
         155.68     8.0096e+08
          155.7      8.001e+08
         155.72     7.9923e+08
         155.74     7.9837e+08
         155.76      7.975e+08
         155.78     7.9654e+08
          155.8     7.9563e+08
         155.82      7.947e+08
         155.84     7.9372e+08
         155.86     7.9275e+08
         155.88      7.918e+08
          155.9     7.9079e+08
         155.92     7.8978e+08
         155.94     7.8868e+08
         155.96     7.8755e+08
         155.98     7.8642e+08
            156     7.8527e+08
         156.02     7.8411e+08
         156.04       7.83e+08
         156.06     7.8189e+08
         156.08     7.8074e+08
          156.1     7.7966e+08
         156.12     7.7866e+08
         156.14     7.7768e+08
         156.16     7.7674e+08
         156.18     7.7584e+08
          156.2     7.7499e+08
         156.22     7.7419e+08
         156.24     7.7344e+08
         156.26     7.7272e+08
         156.28     7.7195e+08
          156.3     7.7127e+08
         156.32     7.7062e+08
         156.34     7.6991e+08
         156.36     7.6921e+08
         156.38     7.6854e+08
          156.4     7.6781e+08
         156.42     7.6708e+08
         156.44     7.6625e+08
         156.46     7.6535e+08
         156.48     7.6444e+08
          156.5     7.6344e+08
         156.52     7.6239e+08
         156.54     7.6136e+08
         156.56     7.6025e+08
         156.58     7.5904e+08
          156.6     7.5781e+08
         156.62     7.5656e+08
         156.64     7.5526e+08
         156.66     7.5396e+08
         156.68     7.5261e+08
          156.7     7.5125e+08
         156.72     7.4987e+08
         156.74     7.4848e+08
         156.76     7.4713e+08
         156.78     7.4569e+08
          156.8     7.4431e+08
         156.82     7.4296e+08
         156.84     7.4153e+08
         156.86     7.4011e+08
         156.88     7.3871e+08
          156.9     7.3729e+08
         156.92     7.3592e+08
         156.94      7.345e+08
         156.96     7.3307e+08
         156.98     7.3168e+08
            157     7.3022e+08
         157.02     7.2878e+08
         157.04     7.2738e+08
         157.06     7.2598e+08
         157.08     7.2454e+08
          157.1      7.231e+08
         157.12     7.2167e+08
         157.14     7.2026e+08
         157.16     7.1885e+08
         157.18     7.1744e+08
          157.2     7.1603e+08
         157.22     7.1466e+08
         157.24     7.1335e+08
         157.26     7.1207e+08
         157.28     7.1074e+08
          157.3     7.0947e+08
         157.32     7.0823e+08
         157.34     7.0693e+08
         157.36     7.0567e+08
         157.38      7.044e+08
          157.4     7.0312e+08
         157.42     7.0189e+08
         157.44     7.0057e+08
         157.46     6.9926e+08
         157.48     6.9795e+08
          157.5     6.9657e+08
         157.52     6.9514e+08
         157.54     6.9374e+08
         157.56     6.9231e+08
         157.58      6.908e+08
          157.6     6.8929e+08
         157.62     6.8773e+08
         157.64     6.8616e+08
         157.66     6.8456e+08
         157.68     6.8294e+08
          157.7     6.8129e+08
         157.72      6.796e+08
         157.74     6.7797e+08
         157.76     6.7633e+08
         157.78     6.7462e+08
          157.8     6.7301e+08
         157.82      6.714e+08
         157.84     6.6976e+08
         157.86     6.6815e+08
         157.88      6.665e+08
          157.9     6.6489e+08
         157.92      6.633e+08
         157.94     6.6168e+08
         157.96     6.6008e+08
         157.98      6.585e+08
            158     6.5688e+08
         158.02     6.5525e+08
         158.04     6.5367e+08
         158.06     6.5208e+08
         158.08     6.5046e+08
          158.1     6.4886e+08
         158.12     6.4722e+08
         158.14     6.4562e+08
         158.16     6.4401e+08
         158.18      6.424e+08
          158.2     6.4074e+08
         158.22     6.3905e+08
         158.24     6.3744e+08
         158.26      6.358e+08
         158.28     6.3416e+08
          158.3     6.3258e+08
         158.32       6.31e+08
         158.34     6.2944e+08
         158.36     6.2788e+08
         158.38      6.263e+08
          158.4     6.2474e+08
         158.42     6.2318e+08
         158.44      6.216e+08
         158.46     6.2007e+08
         158.48     6.1855e+08
          158.5     6.1696e+08
         158.52     6.1536e+08
         158.54      6.138e+08
         158.56      6.122e+08
         158.58     6.1059e+08
          158.6     6.0898e+08
         158.62     6.0731e+08
         158.64     6.0562e+08
         158.66     6.0393e+08
         158.68     6.0226e+08
          158.7     6.0051e+08
         158.72     5.9877e+08
         158.74     5.9706e+08
         158.76     5.9527e+08
         158.78      5.935e+08
          158.8     5.9176e+08
         158.82     5.9003e+08
         158.84     5.8836e+08
         158.86     5.8669e+08
         158.88     5.8504e+08
          158.9     5.8344e+08
         158.92     5.8183e+08
         158.94      5.802e+08
         158.96     5.7865e+08
         158.98     5.7714e+08
            159     5.7557e+08
         159.02     5.7404e+08
         159.04      5.725e+08
         159.06     5.7094e+08
         159.08     5.6939e+08
          159.1      5.678e+08
         159.12     5.6622e+08
         159.14     5.6462e+08
         159.16     5.6306e+08
         159.18     5.6148e+08
          159.2     5.5981e+08
         159.22     5.5818e+08
         159.24     5.5652e+08
         159.26     5.5479e+08
         159.28     5.5304e+08
          159.3     5.5124e+08
         159.32     5.4945e+08
         159.34     5.4769e+08
         159.36     5.4592e+08
         159.38     5.4419e+08
          159.4     5.4249e+08
         159.42     5.4081e+08
         159.44     5.3913e+08
         159.46     5.3753e+08
         159.48     5.3595e+08
          159.5     5.3437e+08
         159.52     5.3284e+08
         159.54     5.3127e+08
         159.56     5.2977e+08
         159.58     5.2825e+08
          159.6     5.2676e+08
         159.62     5.2524e+08
         159.64     5.2371e+08
         159.66     5.2223e+08
         159.68     5.2071e+08
          159.7     5.1913e+08
         159.72     5.1755e+08
         159.74     5.1592e+08
         159.76     5.1427e+08
         159.78     5.1257e+08
          159.8      5.108e+08
         159.82     5.0903e+08
         159.84      5.072e+08
         159.86     5.0534e+08
         159.88     5.0355e+08
          159.9     5.0179e+08
         159.92     5.0002e+08
         159.94      4.983e+08
         159.96     4.9666e+08
         159.98     4.9504e+08
            160      4.935e+08
