; fwdmsk22.txt
              0              0
           0.02              0
           0.04              0
           0.06              0
           0.08              0
            0.1              0
           0.12              0
           0.14              0
           0.16              0
           0.18              0
            0.2              0
           0.22              0
           0.24           1361
           0.26          10293
           0.28          34143
            0.3          80812
           0.32     1.5839e+05
           0.34     2.7475e+05
           0.36     4.3716e+05
           0.38     6.5189e+05
            0.4     9.2377e+05
           0.42     1.2557e+06
           0.44     1.6483e+06
           0.46     2.0995e+06
           0.48     2.6045e+06
            0.5     3.1554e+06
           0.52     3.7414e+06
           0.54     4.3488e+06
           0.56     4.9611e+06
           0.58     5.5593e+06
            0.6     6.1229e+06
           0.62     6.6468e+06
           0.64     7.1331e+06
           0.66     7.5838e+06
           0.68     8.0009e+06
            0.7     8.3865e+06
           0.72     8.7424e+06
           0.74     9.0707e+06
           0.76     9.3729e+06
           0.78     9.6511e+06
            0.8     9.9069e+06
           0.82     1.0142e+07
           0.84     1.0357e+07
           0.86     1.0555e+07
           0.88     1.0738e+07
            0.9     1.0904e+07
           0.92     1.1056e+07
           0.94     1.1195e+07
           0.96     1.1325e+07
           0.98     1.1446e+07
              1     1.1559e+07
           1.02     1.1665e+07
           1.04     1.1764e+07
           1.06     1.1895e+07
           1.08     1.2125e+07
            1.1     1.2526e+07
           1.12     1.3164e+07
           1.14     1.4103e+07
           1.16     1.5405e+07
           1.18     1.7122e+07
            1.2     1.9298e+07
           1.22     2.1969e+07
           1.24     2.5157e+07
           1.26     2.8874e+07
           1.28     3.3119e+07
            1.3     3.7879e+07
           1.32     4.3125e+07
           1.34     4.8818e+07
           1.36     5.4905e+07
           1.38     6.1318e+07
            1.4     6.7977e+07
           1.42     7.4796e+07
           1.44     8.1677e+07
           1.46     8.8511e+07
           1.48     9.5182e+07
            1.5     1.0157e+08
           1.52     1.0757e+08
           1.54     1.1318e+08
           1.56     1.1843e+08
           1.58     1.2332e+08
            1.6      1.279e+08
           1.62     1.3216e+08
           1.64     1.3613e+08
           1.66     1.3983e+08
           1.68     1.4329e+08
            1.7     1.4653e+08
           1.72     1.4958e+08
           1.74     1.5243e+08
           1.76     1.5511e+08
           1.78     1.5763e+08
            1.8     1.5999e+08
           1.82      1.622e+08
           1.84     1.6427e+08
           1.86     1.6622e+08
           1.88     1.6804e+08
            1.9     1.6976e+08
           1.92      1.714e+08
           1.94     1.7296e+08
           1.96     1.7447e+08
           1.98     1.7594e+08
              2     1.7738e+08
           2.02     1.7896e+08
           2.04     1.8091e+08
           2.06     1.8348e+08
           2.08     1.8689e+08
            2.1     1.9136e+08
           2.12     1.9706e+08
           2.14     2.0415e+08
           2.16     2.1273e+08
           2.18      2.229e+08
            2.2     2.3472e+08
           2.22     2.4822e+08
           2.24     2.6339e+08
           2.26     2.8017e+08
           2.28     2.9846e+08
            2.3     3.1812e+08
           2.32     3.3897e+08
           2.34     3.6082e+08
           2.36     3.8345e+08
           2.38     4.0661e+08
            2.4     4.3005e+08
           2.42     4.5348e+08
           2.44      4.766e+08
           2.46     4.9908e+08
           2.48     5.2061e+08
            2.5     5.4089e+08
           2.52     5.5995e+08
           2.54     5.7785e+08
           2.56     5.9467e+08
           2.58     6.1046e+08
            2.6     6.2528e+08
           2.62     6.3922e+08
           2.64     6.5233e+08
           2.66     6.6472e+08
           2.68     6.7644e+08
            2.7     6.8756e+08
           2.72     6.9814e+08
           2.74     7.0829e+08
           2.76     7.1806e+08
           2.78     7.2751e+08
            2.8     7.3665e+08
           2.82     7.4552e+08
           2.84     7.5413e+08
           2.86     7.6253e+08
           2.88     7.7077e+08
            2.9     7.7889e+08
           2.92     7.8692e+08
           2.94     7.9485e+08
           2.96     8.0268e+08
           2.98     8.1041e+08
              3      8.182e+08
           3.02     8.2658e+08
           3.04      8.361e+08
           3.06     8.4725e+08
           3.08     8.6053e+08
            3.1     8.7634e+08
           3.12     8.9505e+08
           3.14      9.169e+08
           3.16     9.4207e+08
           3.18     9.7068e+08
            3.2     1.0027e+09
           3.22     1.0382e+09
           3.24     1.0769e+09
           3.26     1.1187e+09
           3.28     1.1633e+09
            3.3     1.2103e+09
           3.32     1.2594e+09
           3.34     1.3101e+09
           3.36      1.362e+09
           3.38     1.4145e+09
            3.4     1.4671e+09
           3.42     1.5194e+09
           3.44     1.5706e+09
           3.46     1.6202e+09
           3.48     1.6677e+09
            3.5     1.7129e+09
           3.52     1.7559e+09
           3.54     1.7969e+09
           3.56     1.8362e+09
           3.58     1.8738e+09
            3.6     1.9099e+09
           3.62     1.9445e+09
           3.64     1.9777e+09
           3.66     2.0096e+09
           3.68     2.0402e+09
            3.7     2.0698e+09
           3.72     2.0984e+09
           3.74     2.1261e+09
           3.76      2.153e+09
           3.78     2.1793e+09
            3.8      2.205e+09
           3.82     2.2302e+09
           3.84     2.2549e+09
           3.86     2.2791e+09
           3.88     2.3028e+09
            3.9      2.326e+09
           3.92     2.3488e+09
           3.94     2.3711e+09
           3.96      2.393e+09
           3.98     2.4144e+09
              4     2.4361e+09
           4.02     2.4591e+09
           4.04     2.4842e+09
           4.06     2.5123e+09
           4.08      2.544e+09
            4.1       2.58e+09
           4.12     2.6207e+09
           4.14     2.6667e+09
           4.16     2.7184e+09
           4.18     2.7758e+09
            4.2     2.8389e+09
           4.22     2.9077e+09
           4.24     2.9819e+09
           4.26      3.061e+09
           4.28     3.1447e+09
            4.3     3.2322e+09
           4.32     3.3229e+09
           4.34      3.416e+09
           4.36     3.5107e+09
           4.38     3.6062e+09
            4.4     3.7015e+09
           4.42     3.7957e+09
           4.44     3.8879e+09
           4.46      3.977e+09
           4.48     4.0621e+09
            4.5     4.1432e+09
           4.52     4.2205e+09
           4.54     4.2941e+09
           4.56     4.3642e+09
           4.58     4.4306e+09
            4.6     4.4937e+09
           4.62     4.5537e+09
           4.64     4.6107e+09
           4.66      4.665e+09
           4.68      4.717e+09
            4.7      4.767e+09
           4.72     4.8151e+09
           4.74     4.8615e+09
           4.76     4.9063e+09
           4.78       4.95e+09
            4.8     4.9925e+09
           4.82     5.0342e+09
           4.84      5.075e+09
           4.86      5.115e+09
           4.88     5.1542e+09
            4.9     5.1924e+09
           4.92     5.2299e+09
           4.94     5.2665e+09
           4.96     5.3025e+09
           4.98     5.3377e+09
              5     5.3731e+09
           5.02     5.4099e+09
           5.04     5.4492e+09
           5.06     5.4921e+09
           5.08     5.5397e+09
            5.1     5.5933e+09
           5.12      5.654e+09
           5.14      5.722e+09
           5.16     5.7979e+09
           5.18     5.8815e+09
            5.2     5.9729e+09
           5.22      6.072e+09
           5.24      6.178e+09
           5.26     6.2904e+09
           5.28      6.408e+09
            5.3     6.5299e+09
           5.32     6.6551e+09
           5.34     6.7818e+09
           5.36     6.9088e+09
           5.38     7.0351e+09
            5.4     7.1597e+09
           5.42      7.281e+09
           5.44     7.3976e+09
           5.46     7.5081e+09
           5.48      7.611e+09
            5.5     7.7064e+09
           5.52     7.7948e+09
           5.54     7.8767e+09
           5.56     7.9541e+09
           5.58     8.0274e+09
            5.6     8.0969e+09
           5.62     8.1626e+09
           5.64     8.2254e+09
           5.66     8.2856e+09
           5.68     8.3432e+09
            5.7     8.3986e+09
           5.72     8.4518e+09
           5.74     8.5027e+09
           5.76     8.5516e+09
           5.78     8.5981e+09
            5.8     8.6423e+09
           5.82     8.6834e+09
           5.84     8.7216e+09
           5.86     8.7573e+09
           5.88     8.7904e+09
            5.9     8.8207e+09
           5.92     8.8483e+09
           5.94     8.8726e+09
           5.96     8.8934e+09
           5.98     8.9111e+09
              6     8.9279e+09
           6.02     8.9467e+09
           6.04     8.9705e+09
           6.06     9.0005e+09
           6.08     9.0373e+09
            6.1     9.0823e+09
           6.12     9.1361e+09
           6.14     9.1998e+09
           6.16     9.2734e+09
           6.18     9.3571e+09
            6.2     9.4504e+09
           6.22     9.5528e+09
           6.24     9.6639e+09
           6.26     9.7823e+09
           6.28     9.9064e+09
            6.3     1.0034e+10
           6.32     1.0165e+10
           6.34     1.0297e+10
           6.36     1.0428e+10
           6.38     1.0556e+10
            6.4      1.068e+10
           6.42     1.0796e+10
           6.44     1.0904e+10
           6.46     1.1001e+10
           6.48     1.1088e+10
            6.5     1.1166e+10
           6.52     1.1238e+10
           6.54     1.1303e+10
           6.56     1.1361e+10
           6.58     1.1413e+10
            6.6      1.146e+10
           6.62     1.1502e+10
           6.64     1.1539e+10
           6.66     1.1574e+10
           6.68     1.1604e+10
            6.7     1.1631e+10
           6.72     1.1656e+10
           6.74     1.1677e+10
           6.76     1.1694e+10
           6.78     1.1708e+10
            6.8     1.1719e+10
           6.82     1.1725e+10
           6.84     1.1728e+10
           6.86     1.1726e+10
           6.88      1.172e+10
            6.9     1.1708e+10
           6.92     1.1692e+10
           6.94     1.1671e+10
           6.96     1.1645e+10
           6.98     1.1618e+10
              7     1.1594e+10
           7.02     1.1575e+10
           7.04     1.1561e+10
           7.06     1.1555e+10
           7.08     1.1557e+10
            7.1      1.157e+10
           7.12     1.1594e+10
           7.14      1.163e+10
           7.16     1.1678e+10
           7.18     1.1738e+10
            7.2     1.1811e+10
           7.22     1.1894e+10
           7.24     1.1986e+10
           7.26     1.2086e+10
           7.28     1.2193e+10
            7.3     1.2304e+10
           7.32     1.2417e+10
           7.34     1.2531e+10
           7.36     1.2642e+10
           7.38     1.2748e+10
            7.4     1.2847e+10
           7.42     1.2936e+10
           7.44     1.3013e+10
           7.46      1.308e+10
           7.48     1.3136e+10
            7.5     1.3185e+10
           7.52     1.3225e+10
           7.54     1.3256e+10
           7.56     1.3281e+10
           7.58     1.3298e+10
            7.6      1.331e+10
           7.62     1.3317e+10
           7.64      1.332e+10
           7.66     1.3319e+10
           7.68     1.3313e+10
            7.7     1.3305e+10
           7.72     1.3293e+10
           7.74     1.3276e+10
           7.76     1.3255e+10
           7.78     1.3231e+10
            7.8     1.3203e+10
           7.82      1.317e+10
           7.84     1.3133e+10
           7.86      1.309e+10
           7.88     1.3042e+10
            7.9     1.2987e+10
           7.92     1.2926e+10
           7.94      1.286e+10
           7.96     1.2791e+10
           7.98     1.2722e+10
              8     1.2658e+10
           8.02     1.2598e+10
           8.04     1.2546e+10
           8.06     1.2503e+10
           8.08     1.2471e+10
            8.1     1.2452e+10
           8.12     1.2447e+10
           8.14     1.2456e+10
           8.16     1.2479e+10
           8.18     1.2517e+10
            8.2     1.2568e+10
           8.22      1.263e+10
           8.24     1.2702e+10
           8.26     1.2783e+10
           8.28     1.2871e+10
            8.3     1.2964e+10
           8.32      1.306e+10
           8.34     1.3155e+10
           8.36     1.3246e+10
           8.38     1.3332e+10
            8.4     1.3409e+10
           8.42     1.3475e+10
           8.44      1.353e+10
           8.46     1.3573e+10
           8.48     1.3605e+10
            8.5     1.3628e+10
           8.52      1.364e+10
           8.54     1.3645e+10
           8.56     1.3642e+10
           8.58     1.3632e+10
            8.6     1.3616e+10
           8.62     1.3596e+10
           8.64     1.3571e+10
           8.66     1.3542e+10
           8.68      1.351e+10
            8.7     1.3475e+10
           8.72     1.3435e+10
           8.74     1.3391e+10
           8.76     1.3343e+10
           8.78     1.3291e+10
            8.8     1.3236e+10
           8.82     1.3176e+10
           8.84     1.3111e+10
           8.86      1.304e+10
           8.88     1.2962e+10
            8.9     1.2879e+10
           8.92      1.279e+10
           8.94     1.2698e+10
           8.96     1.2604e+10
           8.98      1.251e+10
              9      1.242e+10
           9.02     1.2337e+10
           9.04     1.2263e+10
           9.06       1.22e+10
           9.08     1.2149e+10
            9.1     1.2113e+10
           9.12     1.2092e+10
           9.14     1.2086e+10
           9.16     1.2096e+10
           9.18     1.2121e+10
            9.2      1.216e+10
           9.22     1.2211e+10
           9.24     1.2273e+10
           9.26     1.2343e+10
           9.28     1.2422e+10
            9.3     1.2506e+10
           9.32     1.2591e+10
           9.34     1.2676e+10
           9.36     1.2757e+10
           9.38     1.2831e+10
            9.4     1.2896e+10
           9.42     1.2951e+10
           9.44     1.2995e+10
           9.46     1.3025e+10
           9.48     1.3043e+10
            9.5     1.3051e+10
           9.52      1.305e+10
           9.54      1.304e+10
           9.56     1.3022e+10
           9.58     1.2999e+10
            9.6      1.297e+10
           9.62     1.2936e+10
           9.64     1.2898e+10
           9.66     1.2857e+10
           9.68     1.2812e+10
            9.7     1.2763e+10
           9.72      1.271e+10
           9.74     1.2653e+10
           9.76     1.2593e+10
           9.78     1.2529e+10
            9.8     1.2462e+10
           9.82      1.239e+10
           9.84     1.2313e+10
           9.86      1.223e+10
           9.88     1.2142e+10
            9.9     1.2049e+10
           9.92     1.1952e+10
           9.94     1.1852e+10
           9.96      1.175e+10
           9.98     1.1648e+10
             10      1.155e+10
          10.02      1.146e+10
          10.04      1.138e+10
          10.06     1.1311e+10
          10.08     1.1257e+10
           10.1     1.1217e+10
          10.12     1.1192e+10
          10.14     1.1183e+10
          10.16     1.1189e+10
          10.18     1.1211e+10
           10.2     1.1247e+10
          10.22     1.1294e+10
          10.24     1.1351e+10
          10.26     1.1419e+10
          10.28     1.1495e+10
           10.3     1.1575e+10
          10.32     1.1657e+10
          10.34     1.1737e+10
          10.36     1.1814e+10
          10.38     1.1884e+10
           10.4     1.1946e+10
          10.42     1.1999e+10
          10.44     1.2039e+10
          10.46     1.2066e+10
          10.48      1.208e+10
           10.5     1.2084e+10
          10.52     1.2078e+10
          10.54     1.2064e+10
          10.56     1.2042e+10
          10.58     1.2014e+10
           10.6     1.1981e+10
          10.62     1.1944e+10
          10.64     1.1903e+10
          10.66     1.1858e+10
          10.68      1.181e+10
           10.7     1.1757e+10
          10.72     1.1701e+10
          10.74     1.1642e+10
          10.76      1.158e+10
          10.78     1.1515e+10
           10.8     1.1447e+10
          10.82     1.1375e+10
          10.84     1.1297e+10
          10.86     1.1215e+10
          10.88     1.1128e+10
           10.9     1.1038e+10
          10.92     1.0944e+10
          10.94     1.0847e+10
          10.96     1.0747e+10
          10.98     1.0648e+10
             11     1.0554e+10
          11.02     1.0467e+10
          11.04      1.039e+10
          11.06     1.0324e+10
          11.08     1.0272e+10
           11.1     1.0234e+10
          11.12     1.0212e+10
          11.14     1.0205e+10
          11.16     1.0213e+10
          11.18     1.0235e+10
           11.2      1.027e+10
          11.22     1.0317e+10
          11.24     1.0373e+10
          11.26     1.0438e+10
          11.28     1.0511e+10
           11.3     1.0588e+10
          11.32     1.0666e+10
          11.34     1.0743e+10
          11.36     1.0816e+10
          11.38     1.0882e+10
           11.4     1.0942e+10
          11.42     1.0991e+10
          11.44     1.1029e+10
          11.46     1.1053e+10
          11.48     1.1064e+10
           11.5     1.1064e+10
          11.52     1.1055e+10
          11.54     1.1038e+10
          11.56     1.1014e+10
          11.58     1.0983e+10
           11.6     1.0949e+10
          11.62      1.091e+10
          11.64     1.0866e+10
          11.66      1.082e+10
          11.68     1.0771e+10
           11.7     1.0718e+10
          11.72     1.0662e+10
          11.74     1.0602e+10
          11.76     1.0539e+10
          11.78     1.0474e+10
           11.8     1.0406e+10
          11.82     1.0334e+10
          11.84     1.0257e+10
          11.86     1.0176e+10
          11.88     1.0091e+10
           11.9     1.0003e+10
          11.92     9.9125e+09
          11.94     9.8191e+09
          11.96     9.7234e+09
          11.98     9.6275e+09
             12     9.5361e+09
          12.02     9.4523e+09
          12.04     9.3786e+09
          12.06     9.3167e+09
          12.08     9.2677e+09
           12.1     9.2332e+09
          12.12     9.2135e+09
          12.14     9.2083e+09
          12.16     9.2183e+09
          12.18     9.2423e+09
           12.2     9.2787e+09
          12.22     9.3259e+09
          12.24     9.3826e+09
          12.26      9.448e+09
          12.28     9.5199e+09
           12.3     9.5955e+09
          12.32     9.6721e+09
          12.34     9.7472e+09
          12.36     9.8186e+09
          12.38     9.8839e+09
           12.4     9.9417e+09
          12.42     9.9901e+09
          12.44     1.0027e+10
          12.46      1.005e+10
          12.48     1.0059e+10
           12.5     1.0058e+10
          12.52     1.0048e+10
          12.54      1.003e+10
          12.56     1.0005e+10
          12.58     9.9748e+09
           12.6     9.9395e+09
          12.62     9.9002e+09
          12.64      9.857e+09
          12.66      9.811e+09
          12.68     9.7621e+09
           12.7     9.7097e+09
          12.72     9.6541e+09
          12.74     9.5953e+09
          12.76     9.5344e+09
          12.78      9.471e+09
           12.8     9.4045e+09
          12.82     9.3343e+09
          12.84     9.2602e+09
          12.86     9.1824e+09
          12.88     9.1009e+09
           12.9     9.0167e+09
          12.92     8.9302e+09
          12.94     8.8415e+09
          12.96     8.7507e+09
          12.98     8.6602e+09
             13     8.5741e+09
          13.02     8.4955e+09
          13.04     8.4268e+09
          13.06     8.3698e+09
          13.08     8.3257e+09
           13.1     8.2958e+09
          13.12     8.2806e+09
          13.14     8.2798e+09
          13.16     8.2937e+09
          13.18     8.3213e+09
           13.2     8.3606e+09
          13.22     8.4108e+09
          13.24     8.4702e+09
          13.26     8.5378e+09
          13.28     8.6118e+09
           13.3     8.6893e+09
          13.32     8.7675e+09
          13.34     8.8444e+09
          13.36     8.9175e+09
          13.38     8.9845e+09
           13.4      9.044e+09
          13.42     9.0939e+09
          13.44     9.1322e+09
          13.46      9.157e+09
          13.48     9.1686e+09
           13.5     9.1695e+09
          13.52     9.1613e+09
          13.54     9.1452e+09
          13.56     9.1225e+09
          13.58     9.0942e+09
           13.6     9.0614e+09
          13.62     9.0249e+09
          13.64     8.9846e+09
          13.66     8.9418e+09
          13.68     8.8962e+09
           13.7      8.847e+09
          13.72      8.795e+09
          13.74       8.74e+09
          13.76     8.6826e+09
          13.78     8.6233e+09
           13.8     8.5608e+09
          13.82     8.4947e+09
          13.84     8.4251e+09
          13.86      8.352e+09
          13.88     8.2754e+09
           13.9     8.1963e+09
          13.92     8.1148e+09
          13.94     8.0314e+09
          13.96     7.9462e+09
          13.98     7.8614e+09
             14     7.7809e+09
          14.02     7.7076e+09
          14.04     7.6442e+09
          14.06     7.5923e+09
          14.08     7.5533e+09
           14.1     7.5282e+09
          14.12     7.5178e+09
          14.14     7.5214e+09
          14.16     7.5395e+09
          14.18     7.5709e+09
           14.2     7.6138e+09
          14.22     7.6671e+09
          14.24     7.7293e+09
          14.26     7.7994e+09
          14.28     7.8756e+09
           14.3     7.9551e+09
          14.32     8.0352e+09
          14.34     8.1137e+09
          14.36     8.1886e+09
          14.38     8.2575e+09
           14.4     8.3188e+09
          14.42     8.3706e+09
          14.44     8.4109e+09
          14.46     8.4382e+09
          14.48     8.4523e+09
           14.5     8.4557e+09
          14.52     8.4501e+09
          14.54     8.4367e+09
          14.56     8.4166e+09
          14.58     8.3908e+09
           14.6     8.3603e+09
          14.62     8.3259e+09
          14.64     8.2875e+09
          14.66     8.2464e+09
          14.68     8.2023e+09
           14.7     8.1549e+09
          14.72     8.1046e+09
          14.74     8.0512e+09
          14.76     7.9956e+09
          14.78     7.9381e+09
           14.8     7.8777e+09
          14.82     7.8137e+09
          14.84     7.7465e+09
          14.86      7.676e+09
          14.88     7.6023e+09
           14.9     7.5263e+09
          14.92     7.4482e+09
          14.94     7.3685e+09
          14.96     7.2873e+09
          14.98     7.2064e+09
             15     7.1299e+09
          15.02     7.0608e+09
          15.04     7.0014e+09
          15.06     6.9533e+09
          15.08     6.9176e+09
           15.1     6.8956e+09
          15.12     6.8879e+09
          15.14     6.8936e+09
          15.16     6.9132e+09
          15.18     6.9458e+09
           15.2     6.9899e+09
          15.22      7.044e+09
          15.24     7.1066e+09
          15.26     7.1769e+09
          15.28     7.2533e+09
           15.3     7.3328e+09
          15.32     7.4129e+09
          15.34     7.4915e+09
          15.36     7.5666e+09
          15.38     7.6358e+09
           15.4     7.6976e+09
          15.42     7.7502e+09
          15.44     7.7917e+09
          15.46     7.8203e+09
          15.48     7.8359e+09
           15.5     7.8411e+09
          15.52     7.8376e+09
          15.54     7.8263e+09
          15.56     7.8084e+09
          15.58     7.7846e+09
           15.6     7.7564e+09
          15.62     7.7242e+09
          15.64     7.6877e+09
          15.66     7.6485e+09
          15.68     7.6064e+09
           15.7      7.561e+09
          15.72     7.5126e+09
          15.74      7.461e+09
          15.76     7.4074e+09
          15.78     7.3518e+09
           15.8     7.2934e+09
          15.82     7.2316e+09
          15.84     7.1666e+09
          15.86     7.0985e+09
          15.88     7.0273e+09
           15.9     6.9539e+09
          15.92     6.8786e+09
          15.94     6.8019e+09
          15.96     6.7236e+09
          15.98     6.6458e+09
             16     6.5724e+09
          16.02     6.5063e+09
          16.04     6.4495e+09
          16.06     6.4039e+09
          16.08     6.3705e+09
           16.1     6.3506e+09
          16.12     6.3442e+09
          16.14      6.351e+09
          16.16     6.3715e+09
          16.18     6.4046e+09
           16.2     6.4488e+09
          16.22     6.5027e+09
          16.24     6.5648e+09
          16.26     6.6345e+09
          16.28       6.71e+09
           16.3     6.7885e+09
          16.32     6.8675e+09
          16.34     6.9452e+09
          16.36     7.0194e+09
          16.38     7.0876e+09
           16.4     7.1489e+09
          16.42     7.2012e+09
          16.44     7.2427e+09
          16.46     7.2714e+09
          16.48     7.2877e+09
           16.5      7.294e+09
          16.52     7.2916e+09
          16.54     7.2817e+09
          16.56     7.2654e+09
          16.58     7.2435e+09
           16.6     7.2171e+09
          16.62     7.1868e+09
          16.64     7.1523e+09
          16.66     7.1151e+09
          16.68     7.0752e+09
           16.7      7.032e+09
          16.72     6.9856e+09
          16.74     6.9364e+09
          16.76      6.885e+09
          16.78     6.8318e+09
           16.8     6.7756e+09
          16.82     6.7162e+09
          16.84     6.6537e+09
          16.86     6.5881e+09
          16.88     6.5194e+09
           16.9     6.4488e+09
          16.92     6.3764e+09
          16.94     6.3023e+09
          16.96     6.2269e+09
          16.98      6.152e+09
             17     6.0814e+09
          17.02     6.0178e+09
          17.04     5.9638e+09
          17.06     5.9206e+09
          17.08     5.8893e+09
           17.1     5.8713e+09
          17.12     5.8666e+09
          17.14     5.8747e+09
          17.16     5.8962e+09
          17.18     5.9301e+09
           17.2     5.9746e+09
          17.22     6.0285e+09
          17.24     6.0906e+09
          17.26     6.1598e+09
          17.28     6.2347e+09
           17.3     6.3124e+09
          17.32     6.3906e+09
          17.34     6.4674e+09
          17.36     6.5405e+09
          17.38      6.608e+09
           17.4     6.6685e+09
          17.42       6.72e+09
          17.44     6.7608e+09
          17.46     6.7891e+09
          17.48     6.8052e+09
           17.5     6.8112e+09
          17.52     6.8087e+09
          17.54     6.7988e+09
          17.56     6.7826e+09
          17.58     6.7609e+09
           17.6     6.7349e+09
          17.62     6.7051e+09
          17.64     6.6712e+09
          17.66     6.6347e+09
          17.68     6.5957e+09
           17.7     6.5535e+09
          17.72     6.5083e+09
          17.74     6.4605e+09
          17.76     6.4107e+09
          17.78      6.359e+09
           17.8     6.3048e+09
          17.82     6.2475e+09
          17.84     6.1873e+09
          17.86     6.1242e+09
          17.88     6.0583e+09
           17.9     5.9906e+09
          17.92     5.9212e+09
          17.94     5.8504e+09
          17.96     5.7783e+09
          17.98     5.7068e+09
             18     5.6395e+09
          18.02     5.5791e+09
          18.04     5.5279e+09
          18.06     5.4874e+09
          18.08     5.4585e+09
           18.1     5.4426e+09
          18.12     5.4399e+09
          18.14     5.4496e+09
          18.16     5.4726e+09
          18.18     5.5079e+09
           18.2     5.5538e+09
          18.22     5.6091e+09
          18.24     5.6726e+09
          18.26     5.7432e+09
          18.28     5.8193e+09
           18.3     5.8983e+09
          18.32     5.9779e+09
          18.34     6.0559e+09
          18.36     6.1304e+09
          18.38     6.1993e+09
           18.4     6.2614e+09
          18.42     6.3145e+09
          18.44     6.3571e+09
          18.46     6.3873e+09
          18.48     6.4055e+09
           18.5     6.4137e+09
          18.52     6.4134e+09
          18.54     6.4059e+09
          18.56     6.3921e+09
          18.58     6.3729e+09
           18.6     6.3494e+09
          18.62     6.3225e+09
          18.64     6.2918e+09
          18.66     6.2589e+09
          18.68     6.2235e+09
           18.7     6.1852e+09
          18.72     6.1441e+09
          18.74     6.1003e+09
          18.76     6.0547e+09
          18.78     6.0073e+09
           18.8     5.9573e+09
          18.82     5.9042e+09
          18.84     5.8483e+09
          18.86     5.7895e+09
          18.88     5.7279e+09
           18.9     5.6646e+09
          18.92     5.5996e+09
          18.94     5.5331e+09
          18.96     5.4654e+09
          18.98     5.3982e+09
             19     5.3351e+09
          19.02     5.2788e+09
          19.04     5.2314e+09
          19.06     5.1945e+09
          19.08      5.169e+09
           19.1     5.1561e+09
          19.12     5.1562e+09
          19.14     5.1686e+09
          19.16     5.1938e+09
          19.18      5.231e+09
           19.2     5.2783e+09
          19.22     5.3347e+09
          19.24     5.3987e+09
          19.26     5.4696e+09
          19.28     5.5456e+09
           19.3     5.6243e+09
          19.32     5.7034e+09
          19.34     5.7809e+09
          19.36     5.8549e+09
          19.38     5.9233e+09
           19.4     5.9848e+09
          19.42     6.0377e+09
          19.44     6.0802e+09
          19.46     6.1105e+09
          19.48      6.129e+09
           19.5     6.1378e+09
          19.52     6.1383e+09
          19.54     6.1317e+09
          19.56     6.1191e+09
          19.58     6.1013e+09
           19.6     6.0792e+09
          19.62     6.0535e+09
          19.64      6.024e+09
          19.66      5.992e+09
          19.68     5.9577e+09
           19.7     5.9204e+09
          19.72     5.8803e+09
          19.74     5.8375e+09
          19.76      5.793e+09
          19.78     5.7468e+09
           19.8      5.698e+09
          19.82     5.6463e+09
          19.84     5.5919e+09
          19.86     5.5348e+09
          19.88      5.475e+09
           19.9     5.4135e+09
          19.92     5.3505e+09
          19.94     5.2861e+09
          19.96     5.2204e+09
          19.98     5.1554e+09
             20     5.0944e+09
          20.02       5.04e+09
          20.04     4.9944e+09
          20.06     4.9591e+09
          20.08      4.935e+09
           20.1     4.9232e+09
          20.12      4.924e+09
          20.14     4.9366e+09
          20.16     4.9618e+09
          20.18     4.9986e+09
           20.2     5.0453e+09
          20.22     5.1007e+09
          20.24     5.1635e+09
          20.26      5.233e+09
          20.28     5.3076e+09
           20.3     5.3847e+09
          20.32     5.4621e+09
          20.34     5.5381e+09
          20.36     5.6105e+09
          20.38     5.6774e+09
           20.4     5.7377e+09
          20.42     5.7894e+09
          20.44     5.8309e+09
          20.46     5.8605e+09
          20.48     5.8785e+09
           20.5      5.887e+09
          20.52     5.8873e+09
          20.54     5.8807e+09
          20.56     5.8682e+09
          20.58     5.8505e+09
           20.6     5.8287e+09
          20.62     5.8033e+09
          20.64     5.7741e+09
          20.66     5.7425e+09
          20.68     5.7086e+09
           20.7     5.6717e+09
          20.72     5.6322e+09
          20.74     5.5901e+09
          20.76     5.5462e+09
          20.78     5.5008e+09
           20.8     5.4529e+09
          20.82     5.4022e+09
          20.84     5.3489e+09
          20.86      5.293e+09
          20.88     5.2347e+09
           20.9     5.1747e+09
          20.92     5.1134e+09
          20.94     5.0507e+09
          20.96     4.9869e+09
          20.98     4.9238e+09
             21     4.8646e+09
          21.02      4.812e+09
          21.04     4.7681e+09
          21.06     4.7343e+09
          21.08     4.7115e+09
           21.1     4.7007e+09
          21.12     4.7022e+09
          21.14     4.7155e+09
          21.16     4.7409e+09
          21.18     4.7777e+09
           21.2     4.8242e+09
          21.22     4.8793e+09
          21.24     4.9416e+09
          21.26     5.0104e+09
          21.28     5.0841e+09
           21.3     5.1603e+09
          21.32     5.2368e+09
          21.34     5.3119e+09
          21.36     5.3835e+09
          21.38     5.4498e+09
           21.4     5.5095e+09
          21.42     5.5609e+09
          21.44     5.6021e+09
          21.46     5.6318e+09
          21.48     5.6501e+09
           21.5     5.6589e+09
          21.52     5.6597e+09
          21.54     5.6537e+09
          21.56     5.6417e+09
          21.58     5.6247e+09
           21.6     5.6037e+09
          21.62      5.579e+09
          21.64     5.5506e+09
          21.66     5.5198e+09
          21.68     5.4867e+09
           21.7     5.4507e+09
          21.72     5.4121e+09
          21.74     5.3712e+09
          21.76     5.3287e+09
          21.78     5.2848e+09
           21.8     5.2388e+09
          21.82     5.1902e+09
          21.84     5.1391e+09
          21.86     5.0856e+09
          21.88     5.0297e+09
           21.9     4.9724e+09
          21.92     4.9136e+09
          21.94     4.8534e+09
          21.96     4.7923e+09
          21.98     4.7317e+09
             22      4.675e+09
          22.02     4.6246e+09
          22.04     4.5828e+09
          22.06     4.5508e+09
          22.08     4.5295e+09
           22.1     4.5201e+09
          22.12     4.5226e+09
          22.14     4.5366e+09
          22.16     4.5625e+09
          22.18     4.5995e+09
           22.2      4.646e+09
          22.22     4.7009e+09
          22.24      4.763e+09
          22.26     4.8316e+09
          22.28     4.9051e+09
           22.3     4.9809e+09
          22.32     5.0571e+09
          22.34     5.1317e+09
          22.36     5.2029e+09
          22.38     5.2687e+09
           22.4      5.328e+09
          22.42      5.379e+09
          22.44       5.42e+09
          22.46     5.4495e+09
          22.48     5.4677e+09
           22.5     5.4765e+09
          22.52     5.4775e+09
          22.54     5.4718e+09
          22.56     5.4602e+09
          22.58     5.4437e+09
           22.6     5.4232e+09
          22.62     5.3992e+09
          22.64     5.3716e+09
          22.66     5.3417e+09
          22.68     5.3096e+09
           22.7     5.2748e+09
          22.72     5.2375e+09
          22.74      5.198e+09
          22.76     5.1568e+09
          22.78     5.1143e+09
           22.8     5.0695e+09
          22.82     5.0221e+09
          22.84     4.9723e+09
          22.86     4.9201e+09
          22.88     4.8655e+09
           22.9     4.8095e+09
          22.92      4.752e+09
          22.94     4.6933e+09
          22.96     4.6336e+09
          22.98     4.5745e+09
             23     4.5191e+09
          23.02     4.4701e+09
          23.04     4.4294e+09
          23.06     4.3985e+09
          23.08     4.3781e+09
           23.1     4.3693e+09
          23.12     4.3724e+09
          23.14     4.3867e+09
          23.16     4.4128e+09
          23.18     4.4497e+09
           23.2     4.4961e+09
          23.22     4.5506e+09
          23.24      4.612e+09
          23.26     4.6797e+09
          23.28     4.7521e+09
           23.3     4.8267e+09
          23.32     4.9015e+09
          23.34     4.9748e+09
          23.36     5.0447e+09
          23.38     5.1092e+09
           23.4     5.1674e+09
          23.42     5.2172e+09
          23.44     5.2572e+09
          23.46      5.286e+09
          23.48     5.3037e+09
           23.5     5.3121e+09
          23.52     5.3129e+09
          23.54     5.3071e+09
          23.56     5.2956e+09
          23.58     5.2793e+09
           23.6     5.2591e+09
          23.62     5.2355e+09
          23.64     5.2085e+09
          23.66     5.1793e+09
          23.68     5.1478e+09
           23.7     5.1137e+09
          23.72     5.0772e+09
          23.74     5.0384e+09
          23.76     4.9981e+09
          23.78     4.9563e+09
           23.8     4.9124e+09
          23.82     4.8659e+09
          23.84      4.817e+09
          23.86     4.7658e+09
          23.88     4.7123e+09
           23.9     4.6574e+09
          23.92     4.6012e+09
          23.94     4.5437e+09
          23.96     4.4853e+09
          23.98     4.4275e+09
             24     4.3735e+09
          24.02     4.3257e+09
          24.04     4.2862e+09
          24.06     4.2562e+09
          24.08     4.2367e+09
           24.1     4.2286e+09
          24.12     4.2322e+09
          24.14     4.2468e+09
          24.16      4.273e+09
          24.18     4.3098e+09
           24.2     4.3558e+09
          24.22     4.4098e+09
          24.24     4.4706e+09
          24.26     4.5374e+09
          24.28     4.6088e+09
           24.3     4.6823e+09
          24.32      4.756e+09
          24.34     4.8282e+09
          24.36     4.8969e+09
          24.38     4.9604e+09
           24.4     5.0176e+09
          24.42     5.0667e+09
          24.44     5.1061e+09
          24.46     5.1344e+09
          24.48     5.1518e+09
           24.5     5.1603e+09
          24.52     5.1612e+09
          24.54     5.1557e+09
          24.56     5.1446e+09
          24.58     5.1288e+09
           24.6     5.1092e+09
          24.62     5.0862e+09
          24.64     5.0599e+09
          24.66     5.0313e+09
          24.68     5.0006e+09
           24.7     4.9673e+09
          24.72     4.9317e+09
          24.74     4.8937e+09
          24.76     4.8542e+09
          24.78     4.8133e+09
           24.8     4.7703e+09
          24.82     4.7248e+09
          24.84      4.677e+09
          24.86      4.627e+09
          24.88      4.575e+09
           24.9     4.5216e+09
          24.92     4.4669e+09
          24.94     4.4112e+09
          24.96     4.3545e+09
          24.98     4.2985e+09
             25     4.2461e+09
          25.02        4.2e+09
          25.04     4.1619e+09
          25.06     4.1333e+09
          25.08     4.1149e+09
           25.1     4.1077e+09
          25.12      4.112e+09
          25.14     4.1272e+09
          25.16     4.1536e+09
          25.18     4.1905e+09
           25.2     4.2363e+09
          25.22       4.29e+09
          25.24     4.3503e+09
          25.26     4.4164e+09
          25.28      4.487e+09
           25.3     4.5598e+09
          25.32     4.6326e+09
          25.34     4.7039e+09
          25.36     4.7719e+09
          25.38     4.8348e+09
           25.4     4.8914e+09
          25.42     4.9399e+09
          25.44     4.9789e+09
          25.46     5.0069e+09
          25.48     5.0242e+09
           25.5     5.0325e+09
          25.52     5.0334e+09
          25.54     5.0278e+09
          25.56     5.0168e+09
          25.58     5.0012e+09
           25.6     4.9817e+09
          25.62      4.959e+09
          25.64      4.933e+09
          25.66     4.9048e+09
          25.68     4.8745e+09
           25.7     4.8417e+09
          25.72     4.8066e+09
          25.74     4.7693e+09
          25.76     4.7305e+09
          25.78     4.6904e+09
           25.8     4.6483e+09
          25.82     4.6039e+09
          25.84     4.5572e+09
          25.86     4.5083e+09
          25.88     4.4574e+09
           25.9     4.4051e+09
          25.92     4.3516e+09
          25.94      4.297e+09
          25.96     4.2415e+09
          25.98     4.1866e+09
             26     4.1353e+09
          26.02     4.0902e+09
          26.04      4.053e+09
          26.06     4.0251e+09
          26.08     4.0073e+09
           26.1     4.0006e+09
          26.12     4.0052e+09
          26.14     4.0204e+09
          26.16     4.0467e+09
          26.18     4.0834e+09
           26.2     4.1289e+09
          26.22      4.182e+09
          26.24     4.2418e+09
          26.26     4.3073e+09
          26.28     4.3771e+09
           26.3      4.449e+09
          26.32      4.521e+09
          26.34     4.5915e+09
          26.36     4.6586e+09
          26.38     4.7206e+09
           26.4     4.7763e+09
          26.42     4.8241e+09
          26.44     4.8624e+09
          26.46     4.8898e+09
          26.48     4.9067e+09
           26.5     4.9147e+09
          26.52     4.9153e+09
          26.54     4.9097e+09
          26.56     4.8987e+09
          26.58     4.8831e+09
           26.6     4.8637e+09
          26.62     4.8413e+09
          26.64     4.8155e+09
          26.66     4.7876e+09
          26.68     4.7578e+09
           26.7     4.7255e+09
          26.72     4.6909e+09
          26.74     4.6542e+09
          26.76     4.6162e+09
          26.78     4.5768e+09
           26.8     4.5355e+09
          26.82     4.4919e+09
          26.84     4.4461e+09
          26.86     4.3981e+09
          26.88     4.3481e+09
           26.9     4.2968e+09
          26.92     4.2443e+09
          26.94     4.1907e+09
          26.96     4.1363e+09
          26.98     4.0824e+09
             27     4.0322e+09
          27.02      3.988e+09
          27.04     3.9517e+09
          27.06     3.9245e+09
          27.08     3.9074e+09
           27.1     3.9011e+09
          27.12      3.906e+09
          27.14     3.9214e+09
          27.16     3.9478e+09
          27.18     3.9843e+09
           27.2     4.0295e+09
          27.22     4.0823e+09
          27.24     4.1415e+09
          27.26     4.2064e+09
          27.28     4.2755e+09
           27.3     4.3466e+09
          27.32     4.4178e+09
          27.34     4.4873e+09
          27.36     4.5536e+09
          27.38     4.6147e+09
           27.4     4.6696e+09
          27.42     4.7167e+09
          27.44     4.7544e+09
          27.46     4.7814e+09
          27.48     4.7979e+09
           27.5     4.8058e+09
          27.52     4.8064e+09
          27.54     4.8009e+09
          27.56     4.7901e+09
          27.58     4.7748e+09
           27.6     4.7559e+09
          27.62     4.7338e+09
          27.64     4.7086e+09
          27.66     4.6813e+09
          27.68      4.652e+09
           27.7     4.6204e+09
          27.72     4.5865e+09
          27.74     4.5506e+09
          27.76     4.5133e+09
          27.78     4.4748e+09
           27.8     4.4342e+09
          27.82     4.3914e+09
          27.84     4.3465e+09
          27.86     4.2995e+09
          27.88     4.2504e+09
           27.9     4.2001e+09
          27.92     4.1486e+09
          27.94      4.096e+09
          27.96     4.0427e+09
          27.98       3.99e+09
             28     3.9409e+09
          28.02     3.8978e+09
          28.04     3.8624e+09
          28.06     3.8362e+09
          28.08     3.8198e+09
           28.1     3.8141e+09
          28.12     3.8194e+09
          28.14     3.8351e+09
          28.16     3.8616e+09
          28.18     3.8981e+09
           28.2      3.943e+09
          28.22     3.9955e+09
          28.24     4.0542e+09
          28.26     4.1185e+09
          28.28     4.1869e+09
           28.3     4.2572e+09
          28.32     4.3275e+09
          28.34     4.3963e+09
          28.36     4.4617e+09
          28.38      4.522e+09
           28.4     4.5762e+09
          28.42     4.6227e+09
          28.44     4.6599e+09
          28.46     4.6866e+09
          28.48     4.7029e+09
           28.5     4.7106e+09
          28.52     4.7112e+09
          28.54     4.7057e+09
          28.56     4.6949e+09
          28.58     4.6798e+09
           28.6      4.661e+09
          28.62     4.6392e+09
          28.64     4.6143e+09
          28.66     4.5874e+09
          28.68     4.5585e+09
           28.7     4.5273e+09
          28.72     4.4939e+09
          28.74     4.4585e+09
          28.76     4.4218e+09
          28.78     4.3838e+09
           28.8      4.344e+09
          28.82     4.3019e+09
          28.84     4.2578e+09
          28.86     4.2116e+09
          28.88     4.1635e+09
           28.9     4.1142e+09
          28.92     4.0637e+09
          28.94     4.0123e+09
          28.96       3.96e+09
          28.98     3.9083e+09
             29     3.8602e+09
          29.02     3.8179e+09
          29.04     3.7834e+09
          29.06     3.7578e+09
          29.08     3.7419e+09
           29.1     3.7366e+09
          29.12     3.7422e+09
          29.14     3.7579e+09
          29.16     3.7844e+09
          29.18     3.8206e+09
           29.2     3.8652e+09
          29.22     3.9172e+09
          29.24     3.9754e+09
          29.26      4.039e+09
          29.28     4.1066e+09
           29.3     4.1762e+09
          29.32     4.2457e+09
          29.34     4.3137e+09
          29.36     4.3784e+09
          29.38      4.438e+09
           29.4     4.4916e+09
          29.42     4.5374e+09
          29.44     4.5742e+09
          29.46     4.6004e+09
          29.48     4.6165e+09
           29.5      4.624e+09
          29.52     4.6244e+09
          29.54     4.6189e+09
          29.56     4.6082e+09
          29.58     4.5931e+09
           29.6     4.5745e+09
          29.62     4.5529e+09
          29.64     4.5283e+09
          29.66     4.5016e+09
          29.68     4.4731e+09
           29.7     4.4423e+09
          29.72     4.4094e+09
          29.74     4.3745e+09
          29.76     4.3383e+09
          29.78     4.3009e+09
           29.8     4.2617e+09
          29.82     4.2204e+09
          29.84      4.177e+09
          29.86     4.1316e+09
          29.88     4.0843e+09
           29.9     4.0359e+09
          29.92     3.9863e+09
          29.94     3.9357e+09
          29.96     3.8843e+09
          29.98     3.8336e+09
             30     3.7863e+09
          30.02     3.7449e+09
          30.04      3.711e+09
          30.06      3.686e+09
          30.08     3.6707e+09
           30.1     3.6658e+09
          30.12     3.6715e+09
          30.14     3.6874e+09
          30.16     3.7138e+09
          30.18       3.75e+09
           30.2     3.7944e+09
          30.22      3.846e+09
          30.24     3.9037e+09
          30.26     3.9668e+09
          30.28     4.0339e+09
           30.3     4.1028e+09
          30.32     4.1717e+09
          30.34      4.239e+09
          30.36      4.303e+09
          30.38      4.362e+09
           30.4     4.4149e+09
          30.42     4.4602e+09
          30.44     4.4965e+09
          30.46     4.5224e+09
          30.48     4.5381e+09
           30.5     4.5455e+09
          30.52     4.5459e+09
          30.54     4.5403e+09
          30.56     4.5297e+09
          30.58     4.5148e+09
           30.6     4.4964e+09
          30.62     4.4751e+09
          30.64     4.4508e+09
          30.66     4.4246e+09
          30.68     4.3965e+09
           30.7     4.3662e+09
          30.72     4.3338e+09
          30.74     4.2996e+09
          30.76      4.264e+09
          30.78     4.2273e+09
           30.8     4.1888e+09
          30.82     4.1481e+09
          30.84     4.1055e+09
          30.86     4.0609e+09
          30.88     4.0144e+09
           30.9     3.9668e+09
          30.92     3.9181e+09
          30.94     3.8683e+09
          30.96     3.8178e+09
          30.98     3.7679e+09
             31     3.7215e+09
          31.02     3.6808e+09
          31.04     3.6476e+09
          31.06     3.6232e+09
          31.08     3.6083e+09
           31.1     3.6037e+09
          31.12     3.6098e+09
          31.14     3.6257e+09
          31.16     3.6521e+09
          31.18      3.688e+09
           31.2     3.7321e+09
          31.22     3.7833e+09
          31.24     3.8405e+09
          31.26      3.903e+09
          31.28     3.9694e+09
           31.3     4.0376e+09
          31.32     4.1057e+09
          31.34     4.1722e+09
          31.36     4.2355e+09
          31.38     4.2937e+09
           31.4      4.346e+09
          31.42     4.3908e+09
          31.44     4.4265e+09
          31.46     4.4521e+09
          31.48     4.4676e+09
           31.5     4.4748e+09
          31.52     4.4751e+09
          31.54     4.4696e+09
          31.56     4.4591e+09
          31.58     4.4443e+09
           31.6     4.4261e+09
          31.62     4.4051e+09
          31.64      4.381e+09
          31.66     4.3551e+09
          31.68     4.3274e+09
           31.7     4.2974e+09
          31.72     4.2655e+09
          31.74     4.2317e+09
          31.76     4.1966e+09
          31.78     4.1604e+09
           31.8     4.1225e+09
          31.82     4.0824e+09
          31.84     4.0404e+09
          31.86     3.9966e+09
          31.88     3.9508e+09
           31.9      3.904e+09
          31.92      3.856e+09
          31.94     3.8071e+09
          31.96     3.7574e+09
          31.98     3.7084e+09
             32     3.6628e+09
          32.02     3.6229e+09
          32.04     3.5904e+09
          32.06     3.5666e+09
          32.08     3.5521e+09
           32.1     3.5479e+09
          32.12     3.5541e+09
          32.14     3.5702e+09
          32.16     3.5965e+09
          32.18     3.6322e+09
           32.2      3.676e+09
          32.22     3.7269e+09
          32.24     3.7836e+09
          32.26     3.8455e+09
          32.28     3.9113e+09
           32.3     3.9789e+09
          32.32     4.0463e+09
          32.34     4.1121e+09
          32.36     4.1747e+09
          32.38     4.2324e+09
           32.4     4.2841e+09
          32.42     4.3284e+09
          32.44     4.3637e+09
          32.46      4.389e+09
          32.48     4.4043e+09
           32.5     4.4114e+09
          32.52     4.4116e+09
          32.54     4.4061e+09
          32.56     4.3956e+09
          32.58     4.3809e+09
           32.6     4.3629e+09
          32.62      4.342e+09
          32.64     4.3182e+09
          32.66     4.2926e+09
          32.68     4.2651e+09
           32.7     4.2355e+09
          32.72     4.2039e+09
          32.74     4.1705e+09
          32.76     4.1359e+09
          32.78     4.1002e+09
           32.8     4.0628e+09
          32.82     4.0233e+09
          32.84     3.9819e+09
          32.86     3.9387e+09
          32.88     3.8937e+09
           32.9     3.8475e+09
          32.92     3.8003e+09
          32.94     3.7521e+09
          32.96     3.7032e+09
          32.98     3.6549e+09
             33       3.61e+09
          33.02     3.5707e+09
          33.04     3.5388e+09
          33.06     3.5154e+09
          33.08     3.5013e+09
           33.1     3.4974e+09
          33.12     3.5037e+09
          33.14     3.5198e+09
          33.16      3.546e+09
          33.18     3.5815e+09
           33.2     3.6251e+09
          33.22     3.6755e+09
          33.24     3.7318e+09
          33.26     3.7932e+09
          33.28     3.8584e+09
           33.3     3.9254e+09
          33.32     3.9922e+09
          33.34     4.0574e+09
          33.36     4.1193e+09
          33.38     4.1764e+09
           33.4     4.2276e+09
          33.42     4.2714e+09
          33.44     4.3063e+09
          33.46     4.3312e+09
          33.48     4.3463e+09
           33.5     4.3532e+09
          33.52     4.3534e+09
          33.54     4.3479e+09
          33.56     4.3375e+09
          33.58     4.3229e+09
           33.6      4.305e+09
          33.62     4.2843e+09
          33.64     4.2608e+09
          33.66     4.2354e+09
          33.68     4.2083e+09
           33.7     4.1791e+09
          33.72     4.1479e+09
          33.74     4.1149e+09
          33.76     4.0808e+09
          33.78     4.0456e+09
           33.8     4.0087e+09
          33.82     3.9697e+09
          33.84      3.929e+09
          33.86     3.8863e+09
          33.88     3.8419e+09
           33.9     3.7964e+09
          33.92     3.7499e+09
          33.94     3.7024e+09
          33.96     3.6542e+09
          33.98     3.6066e+09
             34     3.5623e+09
          34.02     3.5237e+09
          34.04     3.4923e+09
          34.06     3.4694e+09
          34.08     3.4557e+09
           34.1      3.452e+09
          34.12     3.4586e+09
          34.14     3.4747e+09
          34.16     3.5009e+09
          34.18     3.5363e+09
           34.2     3.5796e+09
          34.22     3.6297e+09
          34.24     3.6855e+09
          34.26     3.7465e+09
          34.28     3.8111e+09
           34.3     3.8774e+09
          34.32     3.9436e+09
          34.34     4.0082e+09
          34.36     4.0696e+09
          34.38     4.1261e+09
           34.4     4.1768e+09
          34.42     4.2201e+09
          34.44     4.2546e+09
          34.46     4.2793e+09
          34.48     4.2941e+09
           34.5      4.301e+09
          34.52     4.3011e+09
          34.54     4.2956e+09
          34.56     4.2853e+09
          34.58     4.2709e+09
           34.6     4.2532e+09
          34.62     4.2327e+09
          34.64     4.2094e+09
          34.66     4.1843e+09
          34.68     4.1575e+09
           34.7     4.1286e+09
          34.72     4.0979e+09
          34.74     4.0653e+09
          34.76     4.0316e+09
          34.78     3.9968e+09
           34.8     3.9604e+09
          34.82      3.922e+09
          34.84     3.8817e+09
          34.86     3.8397e+09
          34.88     3.7959e+09
           34.9      3.751e+09
          34.92     3.7051e+09
          34.94     3.6583e+09
          34.96     3.6108e+09
          34.98     3.5638e+09
             35     3.5203e+09
          35.02     3.4822e+09
          35.04     3.4513e+09
          35.06     3.4289e+09
          35.08     3.4156e+09
           35.1     3.4121e+09
          35.12     3.4188e+09
          35.14      3.435e+09
          35.16     3.4611e+09
          35.18     3.4963e+09
           35.2     3.5393e+09
          35.22      3.589e+09
          35.24     3.6445e+09
          35.26     3.7049e+09
          35.28      3.769e+09
           35.3     3.8347e+09
          35.32     3.9003e+09
          35.34     3.9643e+09
          35.36     4.0251e+09
          35.38      4.081e+09
           35.4     4.1312e+09
          35.42      4.174e+09
          35.44     4.2082e+09
          35.46     4.2325e+09
          35.48     4.2472e+09
           35.5     4.2539e+09
          35.52      4.254e+09
          35.54     4.2485e+09
          35.56     4.2382e+09
          35.58     4.2239e+09
           35.6     4.2063e+09
          35.62      4.186e+09
          35.64     4.1629e+09
          35.66      4.138e+09
          35.68     4.1115e+09
           35.7     4.0829e+09
          35.72     4.0524e+09
          35.74     4.0202e+09
          35.76     3.9869e+09
          35.78     3.9525e+09
           35.8     3.9165e+09
          35.82     3.8785e+09
          35.84     3.8388e+09
          35.86     3.7972e+09
          35.88      3.754e+09
           35.9     3.7097e+09
          35.92     3.6643e+09
          35.94     3.6181e+09
          35.96     3.5712e+09
          35.98     3.5249e+09
             36     3.4819e+09
          36.02     3.4443e+09
          36.04     3.4139e+09
          36.06     3.3919e+09
          36.08     3.3788e+09
           36.1     3.3756e+09
          36.12     3.3823e+09
          36.14     3.3985e+09
          36.16     3.4245e+09
          36.18     3.4595e+09
           36.2     3.5023e+09
          36.22     3.5517e+09
          36.24     3.6067e+09
          36.26     3.6667e+09
          36.28     3.7302e+09
           36.3     3.7954e+09
          36.32     3.8605e+09
          36.34     3.9239e+09
          36.36     3.9841e+09
          36.38     4.0396e+09
           36.4     4.0892e+09
          36.42     4.1317e+09
          36.44     4.1655e+09
          36.46     4.1896e+09
          36.48      4.204e+09
           36.5     4.2106e+09
          36.52     4.2106e+09
          36.54     4.2051e+09
          36.56     4.1949e+09
          36.58     4.1806e+09
           36.6     4.1632e+09
          36.62     4.1431e+09
          36.64     4.1202e+09
          36.66     4.0955e+09
          36.68     4.0692e+09
           36.7      4.041e+09
          36.72     4.0108e+09
          36.74      3.979e+09
          36.76      3.946e+09
          36.78     3.9121e+09
           36.8     3.8765e+09
          36.82      3.839e+09
          36.84     3.7997e+09
          36.86     3.7586e+09
          36.88     3.7159e+09
           36.9     3.6721e+09
          36.92     3.6274e+09
          36.94     3.5817e+09
          36.96     3.5353e+09
          36.98     3.4896e+09
             37     3.4471e+09
          37.02     3.4101e+09
          37.04     3.3801e+09
          37.06     3.3584e+09
          37.08     3.3457e+09
           37.1     3.3426e+09
          37.12     3.3495e+09
          37.14     3.3657e+09
          37.16     3.3916e+09
          37.18     3.4265e+09
           37.2      3.469e+09
          37.22     3.5181e+09
          37.24     3.5727e+09
          37.26     3.6322e+09
          37.28     3.6953e+09
           37.3       3.76e+09
          37.32     3.8245e+09
          37.34     3.8874e+09
          37.36     3.9471e+09
          37.38      4.002e+09
           37.4     4.0512e+09
          37.42     4.0933e+09
          37.44     4.1268e+09
          37.46     4.1506e+09
          37.48     4.1649e+09
           37.5     4.1714e+09
          37.52     4.1714e+09
          37.54     4.1659e+09
          37.56     4.1557e+09
          37.58     4.1416e+09
           37.6     4.1243e+09
          37.62     4.1043e+09
          37.64     4.0816e+09
          37.66     4.0573e+09
          37.68     4.0312e+09
           37.7     4.0032e+09
          37.72     3.9734e+09
          37.74     3.9419e+09
          37.76     3.9093e+09
          37.78     3.8757e+09
           37.8     3.8404e+09
          37.82     3.8034e+09
          37.84     3.7645e+09
          37.86      3.724e+09
          37.88     3.6817e+09
           37.9     3.6384e+09
          37.92     3.5942e+09
          37.94     3.5491e+09
          37.96     3.5032e+09
          37.98      3.458e+09
             38     3.4161e+09
          38.02     3.3795e+09
          38.04       3.35e+09
          38.06     3.3286e+09
          38.08     3.3161e+09
           38.1     3.3133e+09
          38.12     3.3202e+09
          38.14     3.3364e+09
          38.16     3.3623e+09
          38.18     3.3969e+09
           38.2     3.4392e+09
          38.22      3.488e+09
          38.24     3.5422e+09
          38.26     3.6013e+09
          38.28     3.6639e+09
           38.3     3.7281e+09
          38.32      3.792e+09
          38.34     3.8544e+09
          38.36     3.9136e+09
          38.38     3.9681e+09
           38.4     4.0169e+09
          38.42     4.0585e+09
          38.44     4.0917e+09
          38.46     4.1153e+09
          38.48     4.1294e+09
           38.5     4.1358e+09
          38.52     4.1357e+09
          38.54     4.1302e+09
          38.56     4.1201e+09
          38.58      4.106e+09
           38.6     4.0888e+09
          38.62      4.069e+09
          38.64     4.0465e+09
          38.66     4.0223e+09
          38.68     3.9965e+09
           38.7     3.9687e+09
          38.72     3.9392e+09
          38.74     3.9079e+09
          38.76     3.8757e+09
          38.78     3.8424e+09
           38.8     3.8075e+09
          38.82     3.7708e+09
          38.84     3.7324e+09
          38.86     3.6923e+09
          38.88     3.6505e+09
           38.9     3.6077e+09
          38.92     3.5639e+09
          38.94     3.5193e+09
          38.96     3.4739e+09
          38.98     3.4292e+09
             39     3.3877e+09
          39.02     3.3516e+09
          39.04     3.3224e+09
          39.06     3.3013e+09
          39.08     3.2891e+09
           39.1     3.2864e+09
          39.12     3.2934e+09
          39.14     3.3096e+09
          39.16     3.3353e+09
          39.18     3.3698e+09
           39.2     3.4118e+09
          39.22     3.4602e+09
          39.24     3.5141e+09
          39.26     3.5728e+09
          39.28     3.6349e+09
           39.3     3.6986e+09
          39.32     3.7621e+09
          39.34      3.824e+09
          39.36     3.8827e+09
          39.38     3.9367e+09
           39.4     3.9851e+09
          39.42     4.0263e+09
          39.44     4.0592e+09
          39.46     4.0825e+09
          39.48     4.0965e+09
           39.5     4.1028e+09
          39.52     4.1027e+09
          39.54     4.0972e+09
          39.56     4.0871e+09
          39.58     4.0731e+09
           39.6      4.056e+09
          39.62     4.0364e+09
          39.64      4.014e+09
          39.66       3.99e+09
          39.68     3.9644e+09
           39.7     3.9369e+09
          39.72     3.9076e+09
          39.74     3.8767e+09
          39.76     3.8447e+09
          39.78     3.8118e+09
           39.8     3.7773e+09
          39.82      3.741e+09
          39.84     3.7029e+09
          39.86     3.6632e+09
          39.88     3.6219e+09
           39.9     3.5795e+09
          39.92     3.5362e+09
          39.94      3.492e+09
          39.96     3.4472e+09
          39.98     3.4029e+09
             40     3.3619e+09
          40.02     3.3261e+09
          40.04     3.2973e+09
          40.06     3.2765e+09
          40.08     3.2645e+09
           40.1     3.2619e+09
          40.12      3.269e+09
          40.14     3.2852e+09
          40.16     3.3108e+09
          40.18     3.3452e+09
           40.2     3.3869e+09
          40.22     3.4351e+09
          40.24     3.4886e+09
          40.26     3.5469e+09
          40.28     3.6086e+09
           40.3     3.6718e+09
          40.32     3.7349e+09
          40.34     3.7963e+09
          40.36     3.8546e+09
          40.38     3.9082e+09
           40.4     3.9561e+09
          40.42      3.997e+09
          40.44     4.0296e+09
          40.46     4.0527e+09
          40.48     4.0665e+09
           40.5     4.0727e+09
          40.52     4.0725e+09
          40.54      4.067e+09
          40.56      4.057e+09
          40.58     4.0431e+09
           40.6     4.0262e+09
          40.62     4.0067e+09
          40.64     3.9845e+09
          40.66     3.9607e+09
          40.68     3.9353e+09
           40.7      3.908e+09
          40.72      3.879e+09
          40.74     3.8484e+09
          40.76     3.8167e+09
          40.78     3.7841e+09
           40.8     3.7499e+09
          40.82     3.7139e+09
          40.84     3.6762e+09
          40.86     3.6369e+09
          40.88     3.5959e+09
           40.9      3.554e+09
          40.92     3.5111e+09
          40.94     3.4674e+09
          40.96      3.423e+09
          40.98     3.3791e+09
             41     3.3385e+09
          41.02     3.3031e+09
          41.04     3.2746e+09
          41.06     3.2541e+09
          41.08     3.2423e+09
           41.1     3.2399e+09
          41.12      3.247e+09
          41.14     3.2632e+09
          41.16     3.2887e+09
          41.18     3.3229e+09
           41.2     3.3644e+09
          41.22     3.4123e+09
          41.24     3.4655e+09
          41.26     3.5234e+09
          41.28     3.5846e+09
           41.3     3.6474e+09
          41.32       3.71e+09
          41.34     3.7709e+09
          41.36     3.8288e+09
          41.38      3.882e+09
           41.4     3.9295e+09
          41.42     3.9701e+09
          41.44     4.0024e+09
          41.46     4.0253e+09
          41.48      4.039e+09
           41.5     4.0451e+09
          41.52     4.0449e+09
          41.54     4.0394e+09
          41.56     4.0294e+09
          41.58     4.0156e+09
           41.6     3.9987e+09
          41.62     3.9793e+09
          41.64     3.9573e+09
          41.66     3.9337e+09
          41.68     3.9085e+09
           41.7     3.8814e+09
          41.72     3.8526e+09
          41.74     3.8222e+09
          41.76     3.7908e+09
          41.78     3.7585e+09
           41.8     3.7246e+09
          41.82      3.689e+09
          41.84     3.6516e+09
          41.86     3.6127e+09
          41.88     3.5721e+09
           41.9     3.5305e+09
          41.92      3.488e+09
          41.94     3.4447e+09
          41.96     3.4007e+09
          41.98     3.3573e+09
             42     3.3171e+09
          42.02      3.282e+09
          42.04     3.2539e+09
          42.06     3.2336e+09
          42.08     3.2219e+09
           42.1     3.2196e+09
          42.12     3.2268e+09
          42.14     3.2429e+09
          42.16     3.2684e+09
          42.18     3.3024e+09
           42.2     3.3437e+09
          42.22     3.3913e+09
          42.24     3.4441e+09
          42.26     3.5017e+09
          42.28     3.5625e+09
           42.3     3.6249e+09
          42.32      3.687e+09
          42.34     3.7476e+09
          42.36      3.805e+09
          42.38     3.8578e+09
           42.4      3.905e+09
          42.42     3.9453e+09
          42.44     3.9774e+09
          42.46          4e+09
          42.48     4.0136e+09
           42.5     4.0196e+09
          42.52     4.0194e+09
          42.54     4.0139e+09
          42.56     4.0039e+09
          42.58     3.9902e+09
           42.6     3.9734e+09
          42.62     3.9542e+09
          42.64     3.9323e+09
          42.66     3.9089e+09
          42.68     3.8839e+09
           42.7      3.857e+09
          42.72     3.8284e+09
          42.74     3.7983e+09
          42.76     3.7672e+09
          42.78     3.7351e+09
           42.8     3.7015e+09
          42.82     3.6662e+09
          42.84     3.6292e+09
          42.86     3.5906e+09
          42.88     3.5503e+09
           42.9     3.5092e+09
          42.92      3.467e+09
          42.94     3.4241e+09
          42.96     3.3805e+09
          42.98     3.3375e+09
             43     3.2976e+09
          43.02     3.2629e+09
          43.04      3.235e+09
          43.06      3.215e+09
          43.08     3.2035e+09
           43.1     3.2013e+09
          43.12     3.2085e+09
          43.14     3.2246e+09
          43.16     3.2499e+09
          43.18     3.2838e+09
           43.2     3.3249e+09
          43.22     3.3722e+09
          43.24     3.4248e+09
          43.26     3.4819e+09
          43.28     3.5425e+09
           43.3     3.6044e+09
          43.32     3.6661e+09
          43.34     3.7263e+09
          43.36     3.7833e+09
          43.38     3.8357e+09
           43.4     3.8826e+09
          43.42     3.9226e+09
          43.44     3.9544e+09
          43.46     3.9769e+09
          43.48     3.9903e+09
           43.5     3.9962e+09
          43.52      3.996e+09
          43.54     3.9905e+09
          43.56     3.9805e+09
          43.58     3.9669e+09
           43.6     3.9502e+09
          43.62     3.9311e+09
          43.64     3.9094e+09
          43.66     3.8861e+09
          43.68     3.8613e+09
           43.7     3.8346e+09
          43.72     3.8063e+09
          43.74     3.7764e+09
          43.76     3.7455e+09
          43.78     3.7137e+09
           43.8     3.6804e+09
          43.82     3.6453e+09
          43.84     3.6086e+09
          43.86     3.5703e+09
          43.88     3.5304e+09
           43.9     3.4896e+09
          43.92     3.4478e+09
          43.94     3.4052e+09
          43.96      3.362e+09
          43.98     3.3193e+09
             44     3.2798e+09
          44.02     3.2454e+09
          44.04     3.2177e+09
          44.06     3.1979e+09
          44.08     3.1866e+09
           44.1     3.1845e+09
          44.12     3.1917e+09
          44.14     3.2078e+09
          44.16     3.2331e+09
          44.18     3.2668e+09
           44.2     3.3076e+09
          44.22     3.3547e+09
          44.24      3.407e+09
          44.26     3.4638e+09
          44.28     3.5239e+09
           44.3     3.5855e+09
          44.32     3.6468e+09
          44.34     3.7066e+09
          44.36     3.7632e+09
          44.38     3.8153e+09
           44.4     3.8619e+09
          44.42     3.9015e+09
          44.44     3.9331e+09
          44.46     3.9554e+09
          44.48     3.9687e+09
           44.5     3.9746e+09
          44.52     3.9742e+09
          44.54     3.9688e+09
          44.56     3.9589e+09
          44.58     3.9453e+09
           44.6     3.9288e+09
          44.62     3.9097e+09
          44.64     3.8882e+09
          44.66      3.865e+09
          44.68     3.8404e+09
           44.7     3.8139e+09
          44.72     3.7858e+09
          44.74     3.7561e+09
          44.76     3.7254e+09
          44.78     3.6938e+09
           44.8     3.6608e+09
          44.82      3.626e+09
          44.84     3.5896e+09
          44.86     3.5516e+09
          44.88      3.512e+09
           44.9     3.4715e+09
          44.92     3.4301e+09
          44.94     3.3878e+09
          44.96     3.3449e+09
          44.98     3.3026e+09
             45     3.2634e+09
          45.02     3.2293e+09
          45.04     3.2019e+09
          45.06     3.1823e+09
          45.08     3.1711e+09
           45.1     3.1691e+09
          45.12     3.1764e+09
          45.14     3.1924e+09
          45.16     3.2176e+09
          45.18     3.2511e+09
           45.2     3.2918e+09
          45.22     3.3386e+09
          45.24     3.3906e+09
          45.26     3.4471e+09
          45.28     3.5069e+09
           45.3      3.568e+09
          45.32      3.629e+09
          45.34     3.6884e+09
          45.36     3.7447e+09
          45.38     3.7964e+09
           45.4     3.8427e+09
          45.42     3.8821e+09
          45.44     3.9134e+09
          45.46     3.9356e+09
          45.48     3.9487e+09
           45.5     3.9545e+09
          45.52     3.9542e+09
          45.54     3.9487e+09
          45.56     3.9389e+09
          45.58     3.9253e+09
           45.6     3.9089e+09
          45.62       3.89e+09
          45.64     3.8685e+09
          45.66     3.8455e+09
          45.68      3.821e+09
           45.7     3.7948e+09
          45.72     3.7668e+09
          45.74     3.7373e+09
          45.76     3.7069e+09
          45.78     3.6756e+09
           45.8     3.6428e+09
          45.82     3.6083e+09
          45.84     3.5721e+09
          45.86     3.5344e+09
          45.88     3.4952e+09
           45.9     3.4549e+09
          45.92     3.4138e+09
          45.94     3.3719e+09
          45.96     3.3293e+09
          45.98     3.2873e+09
             46     3.2484e+09
          46.02     3.2146e+09
          46.04     3.1874e+09
          46.06      3.168e+09
          46.08      3.157e+09
           46.1      3.155e+09
          46.12     3.1623e+09
          46.14     3.1783e+09
          46.16     3.2034e+09
          46.18     3.2367e+09
           46.2     3.2772e+09
          46.22     3.3238e+09
          46.24     3.3755e+09
          46.26     3.4317e+09
          46.28     3.4911e+09
           46.3      3.552e+09
          46.32     3.6126e+09
          46.34     3.6716e+09
          46.36     3.7276e+09
          46.38      3.779e+09
           46.4      3.825e+09
          46.42     3.8641e+09
          46.44     3.8952e+09
          46.46     3.9172e+09
          46.48     3.9303e+09
           46.5      3.936e+09
          46.52     3.9356e+09
          46.54     3.9301e+09
          46.56     3.9203e+09
          46.58     3.9069e+09
           46.6     3.8905e+09
          46.62     3.8717e+09
          46.64     3.8504e+09
          46.66     3.8275e+09
          46.68     3.8032e+09
           46.7     3.7771e+09
          46.72     3.7493e+09
          46.74     3.7201e+09
          46.76     3.6898e+09
          46.78     3.6587e+09
           46.8     3.6262e+09
          46.82     3.5919e+09
          46.84      3.556e+09
          46.86     3.5186e+09
          46.88     3.4796e+09
           46.9     3.4397e+09
          46.92     3.3988e+09
          46.94     3.3572e+09
          46.96     3.3149e+09
          46.98     3.2732e+09
             47     3.2346e+09
          47.02      3.201e+09
          47.04     3.1741e+09
          47.06     3.1548e+09
          47.08     3.1439e+09
           47.1     3.1421e+09
          47.12     3.1494e+09
          47.14     3.1653e+09
          47.16     3.1903e+09
          47.18     3.2236e+09
           47.2     3.2638e+09
          47.22     3.3102e+09
          47.24     3.3616e+09
          47.26     3.4175e+09
          47.28     3.4767e+09
           47.3     3.5372e+09
          47.32     3.5974e+09
          47.34     3.6561e+09
          47.36     3.7117e+09
          47.38     3.7628e+09
           47.4     3.8085e+09
          47.42     3.8474e+09
          47.44     3.8783e+09
          47.46     3.9002e+09
          47.48     3.9131e+09
           47.5     3.9188e+09
          47.52     3.9184e+09
          47.54     3.9129e+09
          47.56     3.9032e+09
          47.58     3.8898e+09
           47.6     3.8735e+09
          47.62     3.8548e+09
          47.64     3.8336e+09
          47.66     3.8109e+09
          47.68     3.7867e+09
           47.7     3.7608e+09
          47.72     3.7332e+09
          47.74     3.7041e+09
          47.76     3.6741e+09
          47.78     3.6432e+09
           47.8     3.6108e+09
          47.82     3.5768e+09
          47.84     3.5412e+09
          47.86      3.504e+09
          47.88     3.4653e+09
           47.9     3.4256e+09
          47.92     3.3851e+09
          47.94     3.3437e+09
          47.96     3.3017e+09
          47.98     3.2603e+09
             48     3.2219e+09
          48.02     3.1886e+09
          48.04     3.1619e+09
          48.06     3.1428e+09
          48.08      3.132e+09
           48.1     3.1302e+09
          48.12     3.1375e+09
          48.14     3.1534e+09
          48.16     3.1783e+09
          48.18     3.2114e+09
           48.2     3.2515e+09
          48.22     3.2976e+09
          48.24     3.3488e+09
          48.26     3.4044e+09
          48.28     3.4632e+09
           48.3     3.5234e+09
          48.32     3.5834e+09
          48.34     3.6417e+09
          48.36      3.697e+09
          48.38     3.7479e+09
           48.4     3.7933e+09
          48.42      3.832e+09
          48.44     3.8627e+09
          48.46     3.8844e+09
          48.48     3.8972e+09
           48.5     3.9028e+09
          48.52     3.9024e+09
          48.54      3.897e+09
          48.56     3.8872e+09
          48.58     3.8739e+09
           48.6     3.8577e+09
          48.62     3.8391e+09
          48.64      3.818e+09
          48.66     3.7954e+09
          48.68     3.7714e+09
           48.7     3.7456e+09
          48.72     3.7182e+09
          48.74     3.6893e+09
          48.76     3.6594e+09
          48.78     3.6287e+09
           48.8     3.5966e+09
          48.82     3.5628e+09
          48.84     3.5274e+09
          48.86     3.4904e+09
          48.88      3.452e+09
           48.9     3.4126e+09
          48.92     3.3723e+09
          48.94     3.3312e+09
          48.96     3.2895e+09
          48.98     3.2483e+09
             49     3.2102e+09
          49.02     3.1771e+09
          49.04     3.1506e+09
          49.06     3.1316e+09
          49.08     3.1209e+09
           49.1     3.1192e+09
          49.12     3.1265e+09
          49.14     3.1424e+09
          49.16     3.1672e+09
          49.18     3.2002e+09
           49.2     3.2401e+09
          49.22      3.286e+09
          49.24     3.3369e+09
          49.26     3.3923e+09
          49.28     3.4508e+09
           49.3     3.5107e+09
          49.32     3.5703e+09
          49.34     3.6283e+09
          49.36     3.6834e+09
          49.38     3.7339e+09
           49.4     3.7791e+09
          49.42     3.8175e+09
          49.44     3.8481e+09
          49.46     3.8696e+09
          49.48     3.8824e+09
           49.5     3.8879e+09
          49.52     3.8875e+09
          49.54      3.882e+09
          49.56     3.8724e+09
          49.58     3.8591e+09
           49.6      3.843e+09
          49.62     3.8244e+09
          49.64     3.8035e+09
          49.66      3.781e+09
          49.68     3.7571e+09
           49.7     3.7315e+09
          49.72     3.7042e+09
          49.74     3.6755e+09
          49.76     3.6458e+09
          49.78     3.6153e+09
           49.8     3.5834e+09
          49.82     3.5498e+09
          49.84     3.5146e+09
          49.86     3.4779e+09
          49.88     3.4397e+09
           49.9     3.4005e+09
          49.92     3.3605e+09
          49.94     3.3197e+09
          49.96     3.2782e+09
          49.98     3.2373e+09
             50     3.1994e+09
          50.02     3.1665e+09
          50.04     3.1402e+09
          50.06     3.1214e+09
          50.08     3.1108e+09
           50.1     3.1091e+09
          50.12     3.1164e+09
          50.14     3.1323e+09
          50.16      3.157e+09
          50.18     3.1898e+09
           50.2     3.2295e+09
          50.22     3.2752e+09
          50.24     3.3259e+09
          50.26      3.381e+09
          50.28     3.4393e+09
           50.3     3.4988e+09
          50.32     3.5582e+09
          50.34     3.6159e+09
          50.36     3.6707e+09
          50.38     3.7209e+09
           50.4     3.7659e+09
          50.42     3.8041e+09
          50.44     3.8345e+09
          50.46     3.8559e+09
          50.48     3.8686e+09
           50.5     3.8741e+09
          50.52     3.8736e+09
          50.54     3.8682e+09
          50.56     3.8585e+09
          50.58     3.8453e+09
           50.6     3.8293e+09
          50.62     3.8108e+09
          50.64       3.79e+09
          50.66     3.7676e+09
          50.68     3.7439e+09
           50.7     3.7184e+09
          50.72     3.6913e+09
          50.74     3.6627e+09
          50.76     3.6332e+09
          50.78     3.6029e+09
           50.8     3.5711e+09
          50.82     3.5377e+09
          50.84     3.5028e+09
          50.86     3.4663e+09
          50.88     3.4283e+09
           50.9     3.3893e+09
          50.92     3.3495e+09
          50.94      3.309e+09
          50.96     3.2677e+09
          50.98     3.2271e+09
             51     3.1894e+09
          51.02     3.1567e+09
          51.04     3.1306e+09
          51.06     3.1119e+09
          51.08     3.1014e+09
           51.1     3.0997e+09
          51.12     3.1071e+09
          51.14     3.1229e+09
          51.16     3.1475e+09
          51.18     3.1802e+09
           51.2     3.2198e+09
          51.22     3.2653e+09
          51.24     3.3158e+09
          51.26     3.3706e+09
          51.28     3.4285e+09
           51.3     3.4878e+09
          51.32     3.5469e+09
          51.34     3.6044e+09
          51.36     3.6588e+09
          51.38     3.7089e+09
           51.4     3.7536e+09
          51.42     3.7916e+09
          51.44     3.8218e+09
          51.46     3.8431e+09
          51.48     3.8557e+09
           51.5     3.8611e+09
          51.52     3.8607e+09
          51.54     3.8553e+09
          51.56     3.8456e+09
          51.58     3.8325e+09
           51.6     3.8165e+09
          51.62     3.7982e+09
          51.64     3.7774e+09
          51.66     3.7552e+09
          51.68     3.7315e+09
           51.7     3.7062e+09
          51.72     3.6792e+09
          51.74     3.6508e+09
          51.76     3.6215e+09
          51.78     3.5913e+09
           51.8     3.5597e+09
          51.82     3.5265e+09
          51.84     3.4918e+09
          51.86     3.4555e+09
          51.88     3.4177e+09
           51.9      3.379e+09
          51.92     3.3394e+09
          51.94     3.2991e+09
          51.96      3.258e+09
          51.98     3.2176e+09
             52     3.1802e+09
          52.02     3.1477e+09
          52.04     3.1217e+09
          52.06     3.1031e+09
          52.08     3.0927e+09
           52.1     3.0911e+09
          52.12     3.0984e+09
          52.14     3.1142e+09
          52.16     3.1387e+09
          52.18     3.1713e+09
           52.2     3.2107e+09
          52.22      3.256e+09
          52.24     3.3063e+09
          52.26     3.3609e+09
          52.28     3.4186e+09
           52.3     3.4776e+09
          52.32     3.5364e+09
          52.34     3.5936e+09
          52.36     3.6478e+09
          52.38     3.6976e+09
           52.4     3.7421e+09
          52.42     3.7799e+09
          52.44       3.81e+09
          52.46     3.8311e+09
          52.48     3.8436e+09
           52.5     3.8491e+09
          52.52     3.8486e+09
          52.54     3.8432e+09
          52.56     3.8336e+09
          52.58     3.8205e+09
           52.6     3.8046e+09
          52.62     3.7863e+09
          52.64     3.7657e+09
          52.66     3.7435e+09
          52.68       3.72e+09
           52.7     3.6948e+09
          52.72      3.668e+09
          52.74     3.6397e+09
          52.76     3.6106e+09
          52.78     3.5805e+09
           52.8     3.5492e+09
          52.82     3.5161e+09
          52.84     3.4815e+09
          52.86     3.4454e+09
          52.88     3.4079e+09
           52.9     3.3694e+09
          52.92       3.33e+09
          52.94     3.2899e+09
          52.96     3.2491e+09
          52.98     3.2088e+09
             53     3.1716e+09
          53.02     3.1393e+09
          53.04     3.1134e+09
          53.06      3.095e+09
          53.08     3.0846e+09
           53.1     3.0831e+09
          53.12     3.0904e+09
          53.14     3.1062e+09
          53.16     3.1306e+09
          53.18      3.163e+09
           53.2     3.2023e+09
          53.22     3.2474e+09
          53.24     3.2975e+09
          53.26     3.3518e+09
          53.28     3.4093e+09
           53.3     3.4681e+09
          53.32     3.5266e+09
          53.34     3.5835e+09
          53.36     3.6375e+09
          53.38     3.6871e+09
           53.4     3.7313e+09
          53.42      3.769e+09
          53.44     3.7989e+09
          53.46       3.82e+09
          53.48     3.8324e+09
           53.5     3.8378e+09
          53.52     3.8373e+09
          53.54     3.8319e+09
          53.56     3.8223e+09
          53.58     3.8093e+09
           53.6     3.7935e+09
          53.62     3.7753e+09
          53.64     3.7547e+09
          53.66     3.7327e+09
          53.68     3.7093e+09
           53.7     3.6842e+09
          53.72     3.6575e+09
          53.74     3.6294e+09
          53.76     3.6004e+09
          53.78     3.5705e+09
           53.8     3.5393e+09
          53.82     3.5064e+09
          53.84      3.472e+09
          53.86     3.4361e+09
          53.88     3.3987e+09
           53.9     3.3604e+09
          53.92     3.3213e+09
          53.94     3.2813e+09
          53.96     3.2407e+09
          53.98     3.2007e+09
             54     3.1637e+09
          54.02     3.1315e+09
          54.04     3.1058e+09
          54.06     3.0875e+09
          54.08     3.0772e+09
           54.1     3.0757e+09
          54.12      3.083e+09
          54.14     3.0987e+09
          54.16     3.1231e+09
          54.18     3.1554e+09
           54.2     3.1945e+09
          54.22     3.2395e+09
          54.24     3.2893e+09
          54.26     3.3434e+09
          54.28     3.4007e+09
           54.3     3.4592e+09
          54.32     3.5175e+09
          54.34     3.5742e+09
          54.36     3.6279e+09
          54.38     3.6772e+09
           54.4     3.7213e+09
          54.42     3.7588e+09
          54.44     3.7886e+09
          54.46     3.8095e+09
          54.48     3.8219e+09
           54.5     3.8272e+09
          54.52     3.8267e+09
          54.54     3.8213e+09
          54.56     3.8118e+09
          54.58     3.7988e+09
           54.6     3.7831e+09
          54.62      3.765e+09
          54.64     3.7445e+09
          54.66     3.7226e+09
          54.68     3.6993e+09
           54.7     3.6743e+09
          54.72     3.6477e+09
          54.74     3.6198e+09
          54.76     3.5909e+09
          54.78     3.5612e+09
           54.8     3.5301e+09
          54.82     3.4974e+09
          54.84     3.4632e+09
          54.86     3.4274e+09
          54.88     3.3902e+09
           54.9     3.3521e+09
          54.92     3.3131e+09
          54.94     3.2734e+09
          54.96      3.233e+09
          54.98     3.1932e+09
             55     3.1563e+09
          55.02     3.1243e+09
          55.04     3.0987e+09
          55.06     3.0805e+09
          55.08     3.0703e+09
           55.1     3.0688e+09
          55.12     3.0761e+09
          55.14     3.0918e+09
          55.16     3.1161e+09
          55.18     3.1483e+09
           55.2     3.1872e+09
          55.22      3.232e+09
          55.24     3.2817e+09
          55.26     3.3356e+09
          55.28     3.3926e+09
           55.3     3.4509e+09
          55.32     3.5089e+09
          55.34     3.5654e+09
          55.36     3.6189e+09
          55.38      3.668e+09
           55.4     3.7119e+09
          55.42     3.7493e+09
          55.44     3.7789e+09
          55.46     3.7997e+09
          55.48      3.812e+09
           55.5     3.8174e+09
          55.52     3.8168e+09
          55.54     3.8115e+09
          55.56      3.802e+09
          55.58      3.789e+09
           55.6     3.7733e+09
          55.62     3.7553e+09
          55.64     3.7349e+09
          55.66     3.7131e+09
          55.68     3.6899e+09
           55.7      3.665e+09
          55.72     3.6386e+09
          55.74     3.6108e+09
          55.76      3.582e+09
          55.78     3.5525e+09
           55.8     3.5215e+09
          55.82      3.489e+09
          55.84     3.4549e+09
          55.86     3.4193e+09
          55.88     3.3823e+09
           55.9     3.3444e+09
          55.92     3.3056e+09
          55.94      3.266e+09
          55.96     3.2258e+09
          55.98     3.1861e+09
             56     3.1495e+09
          56.02     3.1176e+09
          56.04     3.0921e+09
          56.06      3.074e+09
          56.08     3.0639e+09
           56.1     3.0624e+09
          56.12     3.0697e+09
          56.14     3.0853e+09
          56.16     3.1095e+09
          56.18     3.1416e+09
           56.2     3.1805e+09
          56.22     3.2251e+09
          56.24     3.2746e+09
          56.26     3.3283e+09
          56.28     3.3851e+09
           56.3     3.4431e+09
          56.32     3.5009e+09
          56.34     3.5572e+09
          56.36     3.6105e+09
          56.38     3.6594e+09
           56.4     3.7031e+09
          56.42     3.7403e+09
          56.44     3.7698e+09
          56.46     3.7906e+09
          56.48     3.8028e+09
           56.5     3.8081e+09
          56.52     3.8076e+09
          56.54     3.8022e+09
          56.56     3.7928e+09
          56.58     3.7798e+09
           56.6     3.7642e+09
          56.62     3.7463e+09
          56.64      3.726e+09
          56.66     3.7042e+09
          56.68     3.6811e+09
           56.7     3.6564e+09
          56.72     3.6301e+09
          56.74     3.6023e+09
          56.76     3.5737e+09
          56.78     3.5443e+09
           56.8     3.5135e+09
          56.82     3.4811e+09
          56.84     3.4472e+09
          56.86     3.4118e+09
          56.88     3.3749e+09
           56.9     3.3372e+09
          56.92     3.2985e+09
          56.94     3.2591e+09
          56.96     3.2191e+09
          56.98     3.1796e+09
             57     3.1431e+09
          57.02     3.1114e+09
          57.04      3.086e+09
          57.06      3.068e+09
          57.08     3.0579e+09
           57.1     3.0565e+09
          57.12     3.0638e+09
          57.14     3.0794e+09
          57.16     3.1035e+09
          57.18     3.1355e+09
           57.2     3.1742e+09
          57.22     3.2187e+09
          57.24      3.268e+09
          57.26     3.3215e+09
          57.28      3.378e+09
           57.3     3.4359e+09
          57.32     3.4935e+09
          57.34     3.5495e+09
          57.36     3.6026e+09
          57.38     3.6513e+09
           57.4     3.6949e+09
          57.42     3.7319e+09
          57.44     3.7613e+09
          57.46      3.782e+09
          57.48     3.7942e+09
           57.5     3.7994e+09
          57.52     3.7989e+09
          57.54     3.7935e+09
          57.56     3.7841e+09
          57.58     3.7712e+09
           57.6     3.7557e+09
          57.62     3.7378e+09
          57.64     3.7176e+09
          57.66     3.6959e+09
          57.68     3.6729e+09
           57.7     3.6483e+09
          57.72     3.6221e+09
          57.74     3.5945e+09
          57.76      3.566e+09
          57.78     3.5367e+09
           57.8      3.506e+09
          57.82     3.4738e+09
          57.84       3.44e+09
          57.86     3.4048e+09
          57.88      3.368e+09
           57.9     3.3304e+09
          57.92      3.292e+09
          57.94     3.2527e+09
          57.96     3.2129e+09
          57.98     3.1735e+09
             58     3.1372e+09
          58.02     3.1056e+09
          58.04     3.0803e+09
          58.06     3.0624e+09
          58.08     3.0524e+09
           58.1     3.0509e+09
          58.12     3.0583e+09
          58.14     3.0738e+09
          58.16     3.0978e+09
          58.18     3.1297e+09
           58.2     3.1683e+09
          58.22     3.2126e+09
          58.24     3.2618e+09
          58.26     3.3151e+09
          58.28     3.3715e+09
           58.3     3.4291e+09
          58.32     3.4865e+09
          58.34     3.5423e+09
          58.36     3.5952e+09
          58.38     3.6438e+09
           58.4     3.6871e+09
          58.42      3.724e+09
          58.44     3.7533e+09
          58.46     3.7739e+09
          58.48      3.786e+09
           58.5     3.7912e+09
          58.52     3.7907e+09
          58.54     3.7854e+09
          58.56      3.776e+09
          58.58     3.7632e+09
           58.6     3.7477e+09
          58.62     3.7298e+09
          58.64     3.7097e+09
          58.66     3.6882e+09
          58.68     3.6653e+09
           58.7     3.6407e+09
          58.72     3.6146e+09
          58.74     3.5871e+09
          58.76     3.5588e+09
          58.78     3.5296e+09
           58.8      3.499e+09
          58.82     3.4669e+09
          58.84     3.4333e+09
          58.86     3.3982e+09
          58.88     3.3616e+09
           58.9     3.3241e+09
          58.92     3.2858e+09
          58.94     3.2468e+09
          58.96      3.207e+09
          58.98     3.1679e+09
             59     3.1316e+09
          59.02     3.1002e+09
          59.04     3.0751e+09
          59.06     3.0572e+09
          59.08     3.0472e+09
           59.1     3.0458e+09
          59.12     3.0531e+09
          59.14     3.0686e+09
          59.16     3.0926e+09
          59.18     3.1244e+09
           59.2     3.1628e+09
          59.22      3.207e+09
          59.24      3.256e+09
          59.26     3.3091e+09
          59.28     3.3653e+09
           59.3     3.4228e+09
          59.32     3.4799e+09
          59.34     3.5356e+09
          59.36     3.5883e+09
          59.38     3.6367e+09
           59.4     3.6799e+09
          59.42     3.7166e+09
          59.44     3.7458e+09
          59.46     3.7663e+09
          59.48     3.7784e+09
           59.5     3.7836e+09
          59.52     3.7831e+09
          59.54     3.7777e+09
          59.56     3.7684e+09
          59.58     3.7556e+09
           59.6     3.7401e+09
          59.62     3.7224e+09
          59.64     3.7023e+09
          59.66     3.6809e+09
          59.68     3.6581e+09
           59.7     3.6336e+09
          59.72     3.6076e+09
          59.74     3.5802e+09
          59.76      3.552e+09
          59.78     3.5229e+09
           59.8     3.4925e+09
          59.82     3.4605e+09
          59.84      3.427e+09
          59.86      3.392e+09
          59.88     3.3556e+09
           59.9     3.3183e+09
          59.92     3.2801e+09
          59.94     3.2412e+09
          59.96     3.2016e+09
          59.98     3.1626e+09
             60     3.1265e+09
          60.02     3.0952e+09
          60.04     3.0701e+09
          60.06     3.0523e+09
          60.08     3.0424e+09
           60.1      3.041e+09
          60.12     3.0483e+09
          60.14     3.0638e+09
          60.16     3.0877e+09
          60.18     3.1194e+09
           60.2     3.1577e+09
          60.22     3.2018e+09
          60.24     3.2506e+09
          60.26     3.3035e+09
          60.28     3.3595e+09
           60.3     3.4168e+09
          60.32     3.4738e+09
          60.34     3.5292e+09
          60.36     3.5818e+09
          60.38       3.63e+09
           60.4     3.6731e+09
          60.42     3.7097e+09
          60.44     3.7387e+09
          60.46     3.7592e+09
          60.48     3.7712e+09
           60.5     3.7764e+09
          60.52     3.7759e+09
          60.54     3.7706e+09
          60.56     3.7612e+09
          60.58     3.7485e+09
           60.6     3.7331e+09
          60.62     3.7154e+09
          60.64     3.6954e+09
          60.66      3.674e+09
          60.68     3.6513e+09
           60.7     3.6269e+09
          60.72      3.601e+09
          60.74     3.5738e+09
          60.76     3.5456e+09
          60.78     3.5167e+09
           60.8     3.4864e+09
          60.82     3.4545e+09
          60.84     3.4211e+09
          60.86     3.3863e+09
          60.88       3.35e+09
           60.9     3.3128e+09
          60.92     3.2748e+09
          60.94      3.236e+09
          60.96     3.1966e+09
          60.98     3.1577e+09
             61     3.1217e+09
          61.02     3.0905e+09
          61.04     3.0655e+09
          61.06     3.0478e+09
          61.08     3.0379e+09
           61.1     3.0366e+09
          61.12     3.0438e+09
          61.14     3.0593e+09
          61.16     3.0831e+09
          61.18     3.1147e+09
           61.2     3.1529e+09
          61.22     3.1968e+09
          61.24     3.2455e+09
          61.26     3.2983e+09
          61.28     3.3541e+09
           61.3     3.4112e+09
          61.32      3.468e+09
          61.34     3.5233e+09
          61.36     3.5757e+09
          61.38     3.6237e+09
           61.4     3.6666e+09
          61.42     3.7032e+09
          61.44     3.7321e+09
          61.46     3.7525e+09
          61.48     3.7645e+09
           61.5     3.7696e+09
          61.52     3.7691e+09
          61.54     3.7638e+09
          61.56     3.7545e+09
          61.58     3.7418e+09
           61.6     3.7265e+09
          61.62     3.7088e+09
          61.64     3.6889e+09
          61.66     3.6676e+09
          61.68      3.645e+09
           61.7     3.6207e+09
          61.72     3.5949e+09
          61.74     3.5677e+09
          61.76     3.5397e+09
          61.78     3.5108e+09
           61.8     3.4806e+09
          61.82     3.4489e+09
          61.84     3.4156e+09
          61.86     3.3809e+09
          61.88     3.3447e+09
           61.9     3.3077e+09
          61.92     3.2698e+09
          61.94     3.2311e+09
          61.96     3.1918e+09
          61.98     3.1531e+09
             62     3.1172e+09
          62.02     3.0861e+09
          62.04     3.0613e+09
          62.06     3.0436e+09
          62.08     3.0338e+09
           62.1     3.0324e+09
          62.12     3.0397e+09
          62.14      3.055e+09
          62.16     3.0788e+09
          62.18     3.1104e+09
           62.2     3.1484e+09
          62.22     3.1922e+09
          62.24     3.2407e+09
          62.26     3.2934e+09
          62.28      3.349e+09
           62.3      3.406e+09
          62.32     3.4626e+09
          62.34     3.5177e+09
          62.36     3.5699e+09
          62.38     3.6178e+09
           62.4     3.6606e+09
          62.42      3.697e+09
          62.44     3.7259e+09
          62.46     3.7462e+09
          62.48     3.7581e+09
           62.5     3.7632e+09
          62.52     3.7627e+09
          62.54     3.7574e+09
          62.56     3.7482e+09
          62.58     3.7355e+09
           62.6     3.7202e+09
          62.62     3.7027e+09
          62.64     3.6828e+09
          62.66     3.6616e+09
          62.68      3.639e+09
           62.7     3.6148e+09
          62.72     3.5891e+09
          62.74      3.562e+09
          62.76     3.5341e+09
          62.78     3.5053e+09
           62.8     3.4753e+09
          62.82     3.4436e+09
          62.84     3.4105e+09
          62.86     3.3759e+09
          62.88     3.3398e+09
           62.9     3.3029e+09
          62.92     3.2651e+09
          62.94     3.2266e+09
          62.96     3.1874e+09
          62.98     3.1488e+09
             63      3.113e+09
          63.02      3.082e+09
          63.04     3.0573e+09
          63.06     3.0397e+09
          63.08     3.0299e+09
           63.1     3.0285e+09
          63.12     3.0358e+09
          63.14     3.0511e+09
          63.16     3.0748e+09
          63.18     3.1063e+09
           63.2     3.1443e+09
          63.22     3.1879e+09
          63.24     3.2363e+09
          63.26     3.2888e+09
          63.28     3.3443e+09
           63.3      3.401e+09
          63.32     3.4575e+09
          63.34     3.5124e+09
          63.36     3.5645e+09
          63.38     3.6123e+09
           63.4     3.6549e+09
          63.42     3.6912e+09
          63.44       3.72e+09
          63.46     3.7402e+09
          63.48     3.7521e+09
           63.5     3.7572e+09
          63.52     3.7567e+09
          63.54     3.7515e+09
          63.56     3.7422e+09
          63.58     3.7296e+09
           63.6     3.7144e+09
          63.62     3.6968e+09
          63.64     3.6771e+09
          63.66     3.6559e+09
          63.68     3.6334e+09
           63.7     3.6093e+09
          63.72     3.5837e+09
          63.74     3.5567e+09
          63.76     3.5288e+09
          63.78     3.5002e+09
           63.8     3.4702e+09
          63.82     3.4387e+09
          63.84     3.4056e+09
          63.86     3.3712e+09
          63.88     3.3352e+09
           63.9     3.2984e+09
          63.92     3.2608e+09
          63.94     3.2223e+09
          63.96     3.1833e+09
          63.98     3.1448e+09
             64     3.1091e+09
          64.02     3.0782e+09
          64.04     3.0535e+09
          64.06      3.036e+09
          64.08     3.0262e+09
           64.1     3.0249e+09
          64.12     3.0321e+09
          64.14     3.0474e+09
          64.16     3.0711e+09
          64.18     3.1025e+09
           64.2     3.1403e+09
          64.22     3.1839e+09
          64.24     3.2321e+09
          64.26     3.2845e+09
          64.28     3.3398e+09
           64.3     3.3964e+09
          64.32     3.4527e+09
          64.34     3.5075e+09
          64.36     3.5594e+09
          64.38      3.607e+09
           64.4     3.6496e+09
          64.42     3.6858e+09
          64.44     3.7144e+09
          64.46     3.7346e+09
          64.48     3.7465e+09
           64.5     3.7516e+09
          64.52     3.7511e+09
          64.54     3.7458e+09
          64.56     3.7366e+09
          64.58      3.724e+09
           64.6     3.7088e+09
          64.62     3.6914e+09
          64.64     3.6717e+09
          64.66     3.6506e+09
          64.68     3.6281e+09
           64.7     3.6041e+09
          64.72     3.5786e+09
          64.74     3.5517e+09
          64.76     3.5239e+09
          64.78     3.4954e+09
           64.8     3.4655e+09
          64.82      3.434e+09
          64.84     3.4011e+09
          64.86     3.3667e+09
          64.88     3.3309e+09
           64.9     3.2942e+09
          64.92     3.2567e+09
          64.94     3.2184e+09
          64.96     3.1794e+09
          64.98      3.141e+09
             65     3.1055e+09
          65.02     3.0747e+09
          65.04       3.05e+09
          65.06     3.0326e+09
          65.08     3.0228e+09
           65.1     3.0215e+09
          65.12     3.0287e+09
          65.14      3.044e+09
          65.16     3.0676e+09
          65.18     3.0989e+09
           65.2     3.1367e+09
          65.22     3.1801e+09
          65.24     3.2282e+09
          65.26     3.2804e+09
          65.28     3.3356e+09
           65.3      3.392e+09
          65.32     3.4482e+09
          65.34     3.5028e+09
          65.36     3.5546e+09
          65.38     3.6021e+09
           65.4     3.6445e+09
          65.42     3.6806e+09
          65.44     3.7092e+09
          65.46     3.7293e+09
          65.48     3.7412e+09
           65.5     3.7463e+09
          65.52     3.7457e+09
          65.54     3.7405e+09
          65.56     3.7313e+09
          65.58     3.7188e+09
           65.6     3.7036e+09
          65.62     3.6862e+09
          65.64     3.6666e+09
          65.66     3.6456e+09
          65.68     3.6232e+09
           65.7     3.5992e+09
          65.72     3.5738e+09
          65.74      3.547e+09
          65.76     3.5193e+09
          65.78     3.4908e+09
           65.8      3.461e+09
          65.82     3.4297e+09
          65.84     3.3969e+09
          65.86     3.3626e+09
          65.88     3.3269e+09
           65.9     3.2903e+09
          65.92     3.2528e+09
          65.94     3.2146e+09
          65.96     3.1758e+09
          65.98     3.1375e+09
             66     3.1021e+09
          66.02     3.0714e+09
          66.04     3.0468e+09
          66.06     3.0294e+09
          66.08     3.0197e+09
           66.1     3.0184e+09
          66.12     3.0256e+09
          66.14     3.0408e+09
          66.16     3.0643e+09
          66.18     3.0955e+09
           66.2     3.1332e+09
          66.22     3.1765e+09
          66.24     3.2245e+09
          66.26     3.2766e+09
          66.28     3.3317e+09
           66.3     3.3879e+09
          66.32      3.444e+09
          66.34     3.4985e+09
          66.36     3.5501e+09
          66.38     3.5975e+09
           66.4     3.6398e+09
          66.42     3.6758e+09
          66.44     3.7043e+09
          66.46     3.7244e+09
          66.48     3.7362e+09
           66.5     3.7412e+09
          66.52     3.7407e+09
          66.54     3.7355e+09
          66.56     3.7263e+09
          66.58     3.7138e+09
           66.6     3.6987e+09
          66.62     3.6814e+09
          66.64     3.6618e+09
          66.66     3.6408e+09
          66.68     3.6185e+09
           66.7     3.5946e+09
          66.72     3.5693e+09
          66.74     3.5425e+09
          66.76      3.515e+09
          66.78     3.4866e+09
           66.8     3.4569e+09
          66.82     3.4256e+09
          66.84     3.3929e+09
          66.86     3.3587e+09
          66.88     3.3231e+09
           66.9     3.2866e+09
          66.92     3.2492e+09
          66.94     3.2112e+09
          66.96     3.1724e+09
          66.98     3.1342e+09
             67     3.0989e+09
          67.02     3.0683e+09
          67.04     3.0438e+09
          67.06     3.0264e+09
          67.08     3.0167e+09
           67.1     3.0154e+09
          67.12     3.0226e+09
          67.14     3.0378e+09
          67.16     3.0613e+09
          67.18     3.0924e+09
           67.2       3.13e+09
          67.22     3.1732e+09
          67.24     3.2211e+09
          67.26      3.273e+09
          67.28     3.3279e+09
           67.3     3.3841e+09
          67.32       3.44e+09
          67.34     3.4943e+09
          67.36     3.5458e+09
          67.38     3.5931e+09
           67.4     3.6353e+09
          67.42     3.6712e+09
          67.44     3.6996e+09
          67.46     3.7197e+09
          67.48     3.7314e+09
           67.5     3.7365e+09
          67.52      3.736e+09
          67.54     3.7308e+09
          67.56     3.7216e+09
          67.58     3.7092e+09
           67.6     3.6941e+09
          67.62     3.6768e+09
          67.64     3.6573e+09
          67.66     3.6364e+09
          67.68     3.6142e+09
           67.7     3.5903e+09
          67.72      3.565e+09
          67.74     3.5384e+09
          67.76     3.5109e+09
          67.78     3.4826e+09
           67.8      3.453e+09
          67.82     3.4218e+09
          67.84     3.3891e+09
          67.86      3.355e+09
          67.88     3.3195e+09
           67.9     3.2831e+09
          67.92     3.2459e+09
          67.94     3.2079e+09
          67.96     3.1693e+09
          67.98     3.1312e+09
             68     3.0959e+09
          68.02     3.0653e+09
          68.04     3.0409e+09
          68.06     3.0236e+09
          68.08     3.0139e+09
           68.1     3.0126e+09
          68.12     3.0198e+09
          68.14      3.035e+09
          68.16     3.0584e+09
          68.18     3.0894e+09
           68.2     3.1269e+09
          68.22     3.1701e+09
          68.24     3.2178e+09
          68.26     3.2696e+09
          68.28     3.3244e+09
           68.3     3.3804e+09
          68.32     3.4362e+09
          68.34     3.4904e+09
          68.36     3.5418e+09
          68.38      3.589e+09
           68.4     3.6311e+09
          68.42     3.6669e+09
          68.44     3.6953e+09
          68.46     3.7152e+09
          68.48      3.727e+09
           68.5      3.732e+09
          68.52     3.7315e+09
          68.54     3.7263e+09
          68.56     3.7172e+09
          68.58     3.7048e+09
           68.6     3.6898e+09
          68.62     3.6725e+09
          68.64      3.653e+09
          68.66     3.6322e+09
          68.68       3.61e+09
           68.7     3.5863e+09
          68.72     3.5611e+09
          68.74     3.5345e+09
          68.76      3.507e+09
          68.78     3.4788e+09
           68.8     3.4493e+09
          68.82     3.4182e+09
          68.84     3.3856e+09
          68.86     3.3516e+09
          68.88     3.3162e+09
           68.9     3.2799e+09
          68.92     3.2427e+09
          68.94     3.2048e+09
          68.96     3.1663e+09
          68.98     3.1283e+09
             69     3.0931e+09
          69.02     3.0626e+09
          69.04     3.0382e+09
          69.06     3.0209e+09
          69.08     3.0113e+09
           69.1       3.01e+09
          69.12     3.0172e+09
          69.14     3.0323e+09
          69.16     3.0557e+09
          69.18     3.0867e+09
           69.2     3.1241e+09
          69.22     3.1671e+09
          69.24     3.2148e+09
          69.26     3.2665e+09
          69.28     3.3211e+09
           69.3      3.377e+09
          69.32     3.4326e+09
          69.34     3.4868e+09
          69.36      3.538e+09
          69.38     3.5851e+09
           69.4     3.6271e+09
          69.42     3.6628e+09
          69.44     3.6911e+09
          69.46      3.711e+09
          69.48     3.7228e+09
           69.5     3.7278e+09
          69.52     3.7273e+09
          69.54     3.7221e+09
          69.56      3.713e+09
          69.58     3.7007e+09
           69.6     3.6857e+09
          69.62     3.6685e+09
          69.64      3.649e+09
          69.66     3.6283e+09
          69.68     3.6061e+09
           69.7     3.5825e+09
          69.72     3.5573e+09
          69.74     3.5308e+09
          69.76     3.5034e+09
          69.78     3.4753e+09
           69.8     3.4458e+09
          69.82     3.4148e+09
          69.84     3.3823e+09
          69.86     3.3484e+09
          69.88      3.313e+09
           69.9     3.2768e+09
          69.92     3.2398e+09
          69.94      3.202e+09
          69.96     3.1635e+09
          69.98     3.1256e+09
             70     3.0905e+09
          70.02     3.0601e+09
          70.04     3.0357e+09
          70.06     3.0185e+09
          70.08     3.0089e+09
           70.1     3.0076e+09
          70.12     3.0148e+09
          70.14     3.0298e+09
          70.16     3.0532e+09
          70.18     3.0841e+09
           70.2     3.1214e+09
          70.22     3.1643e+09
          70.24     3.2119e+09
          70.26     3.2635e+09
          70.28      3.318e+09
           70.3     3.3738e+09
          70.32     3.4293e+09
          70.34     3.4833e+09
          70.36     3.5344e+09
          70.38     3.5814e+09
           70.4     3.6233e+09
          70.42     3.6589e+09
          70.44     3.6872e+09
          70.46     3.7071e+09
          70.48     3.7188e+09
           70.5     3.7238e+09
          70.52     3.7233e+09
          70.54     3.7181e+09
          70.56     3.7091e+09
          70.58     3.6967e+09
           70.6     3.6818e+09
          70.62     3.6646e+09
          70.64     3.6453e+09
          70.66     3.6245e+09
          70.68     3.6025e+09
           70.7     3.5789e+09
          70.72     3.5538e+09
          70.74     3.5273e+09
          70.76        3.5e+09
          70.78     3.4719e+09
           70.8     3.4426e+09
          70.82     3.4116e+09
          70.84     3.3792e+09
          70.86     3.3454e+09
          70.88     3.3101e+09
           70.9      3.274e+09
          70.92      3.237e+09
          70.94     3.1993e+09
          70.96     3.1609e+09
          70.98     3.1231e+09
             71      3.088e+09
          71.02     3.0577e+09
          71.04     3.0334e+09
          71.06     3.0162e+09
          71.08     3.0066e+09
           71.1     3.0053e+09
          71.12     3.0125e+09
          71.14     3.0275e+09
          71.16     3.0508e+09
          71.18     3.0817e+09
           71.2     3.1189e+09
          71.22     3.1617e+09
          71.24     3.2092e+09
          71.26     3.2607e+09
          71.28     3.3151e+09
           71.3     3.3707e+09
          71.32     3.4261e+09
          71.34       3.48e+09
          71.36     3.5311e+09
          71.38     3.5779e+09
           71.4     3.6197e+09
          71.42     3.6553e+09
          71.44     3.6835e+09
          71.46     3.7033e+09
          71.48      3.715e+09
           71.5       3.72e+09
          71.52     3.7195e+09
          71.54     3.7144e+09
          71.56     3.7054e+09
          71.58      3.693e+09
           71.6     3.6781e+09
          71.62      3.661e+09
          71.64     3.6417e+09
          71.66      3.621e+09
          71.68      3.599e+09
           71.7     3.5755e+09
          71.72     3.5504e+09
          71.74      3.524e+09
          71.76     3.4968e+09
          71.78     3.4688e+09
           71.8     3.4395e+09
          71.82     3.4086e+09
          71.84     3.3763e+09
          71.86     3.3425e+09
          71.88     3.3073e+09
           71.9     3.2713e+09
          71.92     3.2344e+09
          71.94     3.1967e+09
          71.96     3.1585e+09
          71.98     3.1207e+09
             72     3.0858e+09
          72.02     3.0554e+09
          72.04     3.0312e+09
          72.06      3.014e+09
          72.08     3.0045e+09
           72.1     3.0032e+09
          72.12     3.0103e+09
          72.14     3.0254e+09
          72.16     3.0486e+09
          72.18     3.0794e+09
           72.2     3.1166e+09
          72.22     3.1593e+09
          72.24     3.2066e+09
          72.26      3.258e+09
          72.28     3.3123e+09
           72.3     3.3679e+09
          72.32     3.4231e+09
          72.34     3.4769e+09
          72.36     3.5279e+09
          72.38     3.5746e+09
           72.4     3.6164e+09
          72.42     3.6519e+09
          72.44       3.68e+09
          72.46     3.6998e+09
          72.48     3.7115e+09
           72.5     3.7165e+09
          72.52      3.716e+09
          72.54     3.7108e+09
          72.56     3.7018e+09
          72.58     3.6896e+09
           72.6     3.6747e+09
          72.62     3.6576e+09
          72.64     3.6383e+09
          72.66     3.6177e+09
          72.68     3.5958e+09
           72.7     3.5723e+09
          72.72     3.5473e+09
          72.74      3.521e+09
          72.76     3.4938e+09
          72.78     3.4659e+09
           72.8     3.4366e+09
          72.82     3.4058e+09
          72.84     3.3736e+09
          72.86     3.3399e+09
          72.88     3.3047e+09
           72.9     3.2688e+09
          72.92     3.2319e+09
          72.94     3.1944e+09
          72.96     3.1562e+09
          72.98     3.1185e+09
             73     3.0836e+09
          73.02     3.0534e+09
          73.04     3.0292e+09
          73.06      3.012e+09
          73.08     3.0025e+09
           73.1     3.0012e+09
          73.12     3.0083e+09
          73.14     3.0233e+09
          73.16     3.0465e+09
          73.18     3.0772e+09
           73.2     3.1143e+09
          73.22      3.157e+09
          73.24     3.2042e+09
          73.26     3.2555e+09
          73.28     3.3097e+09
           73.3     3.3652e+09
          73.32     3.4203e+09
          73.34      3.474e+09
          73.36     3.5248e+09
          73.38     3.5715e+09
           73.4     3.6132e+09
          73.42     3.6486e+09
          73.44     3.6767e+09
          73.46     3.6964e+09
          73.48     3.7081e+09
           73.5     3.7131e+09
          73.52     3.7126e+09
          73.54     3.7075e+09
          73.56     3.6985e+09
          73.58     3.6863e+09
           73.6     3.6714e+09
          73.62     3.6544e+09
          73.64     3.6352e+09
          73.66     3.6146e+09
          73.68     3.5927e+09
           73.7     3.5692e+09
          73.72     3.5443e+09
          73.74     3.5181e+09
          73.76      3.491e+09
          73.78     3.4631e+09
           73.8     3.4339e+09
          73.82     3.4032e+09
          73.84      3.371e+09
          73.86     3.3373e+09
          73.88     3.3023e+09
           73.9     3.2664e+09
          73.92     3.2296e+09
          73.94     3.1921e+09
          73.96      3.154e+09
          73.98     3.1164e+09
             74     3.0816e+09
          74.02     3.0514e+09
          74.04     3.0273e+09
          74.06     3.0101e+09
          74.08     3.0006e+09
           74.1     2.9993e+09
          74.12     3.0064e+09
          74.14     3.0214e+09
          74.16     3.0445e+09
          74.18     3.0752e+09
           74.2     3.1122e+09
          74.22     3.1548e+09
          74.24      3.202e+09
          74.26     3.2532e+09
          74.28     3.3073e+09
           74.3     3.3626e+09
          74.32     3.4177e+09
          74.34     3.4712e+09
          74.36      3.522e+09
          74.38     3.5685e+09
           74.4     3.6101e+09
          74.42     3.6455e+09
          74.44     3.6736e+09
          74.46     3.6933e+09
          74.48     3.7049e+09
           74.5     3.7099e+09
          74.52     3.7094e+09
          74.54     3.7043e+09
          74.56     3.6954e+09
          74.58     3.6831e+09
           74.6     3.6683e+09
          74.62     3.6514e+09
          74.64     3.6322e+09
          74.66     3.6116e+09
          74.68     3.5898e+09
           74.7     3.5664e+09
          74.72     3.5415e+09
          74.74     3.5153e+09
          74.76     3.4883e+09
          74.78     3.4604e+09
           74.8     3.4313e+09
          74.82     3.4007e+09
          74.84     3.3685e+09
          74.86      3.335e+09
          74.88        3.3e+09
           74.9     3.2642e+09
          74.92     3.2275e+09
          74.94       3.19e+09
          74.96      3.152e+09
          74.98     3.1144e+09
             75     3.0797e+09
          75.02     3.0495e+09
          75.04     3.0254e+09
          75.06     3.0084e+09
          75.08     2.9988e+09
           75.1     2.9976e+09
          75.12     3.0046e+09
          75.14     3.0196e+09
          75.16     3.0427e+09
          75.18     3.0733e+09
           75.2     3.1103e+09
          75.22     3.1528e+09
          75.24     3.1998e+09
          75.26     3.2509e+09
          75.28     3.3049e+09
           75.3     3.3602e+09
          75.32     3.4151e+09
          75.34     3.4686e+09
          75.36     3.5193e+09
          75.38     3.5658e+09
           75.4     3.6073e+09
          75.42     3.6426e+09
          75.44     3.6706e+09
          75.46     3.6903e+09
          75.48     3.7019e+09
           75.5     3.7069e+09
          75.52     3.7064e+09
          75.54     3.7013e+09
          75.56     3.6924e+09
          75.58     3.6802e+09
           75.6     3.6654e+09
          75.62     3.6485e+09
          75.64     3.6293e+09
          75.66     3.6088e+09
          75.68     3.5871e+09
           75.7     3.5637e+09
          75.72     3.5389e+09
          75.74     3.5127e+09
          75.76     3.4857e+09
          75.78      3.458e+09
           75.8     3.4289e+09
          75.82     3.3983e+09
          75.84     3.3663e+09
          75.86     3.3328e+09
          75.88     3.2978e+09
           75.9     3.2621e+09
          75.92     3.2254e+09
          75.94     3.1881e+09
          75.96     3.1501e+09
          75.98     3.1126e+09
             76     3.0779e+09
          76.02     3.0478e+09
          76.04     3.0238e+09
          76.06     3.0067e+09
          76.08     2.9972e+09
           76.1     2.9959e+09
          76.12      3.003e+09
          76.14     3.0179e+09
          76.16      3.041e+09
          76.18     3.0715e+09
           76.2     3.1084e+09
          76.22     3.1508e+09
          76.24     3.1978e+09
          76.26     3.2488e+09
          76.28     3.3028e+09
           76.3     3.3579e+09
          76.32     3.4128e+09
          76.34     3.4661e+09
          76.36     3.5167e+09
          76.38     3.5631e+09
           76.4     3.6046e+09
          76.42     3.6398e+09
          76.44     3.6678e+09
          76.46     3.6874e+09
          76.48      3.699e+09
           76.5      3.704e+09
          76.52     3.7035e+09
          76.54     3.6985e+09
          76.56     3.6896e+09
          76.58     3.6774e+09
           76.6     3.6627e+09
          76.62     3.6458e+09
          76.64     3.6267e+09
          76.66     3.6062e+09
          76.68     3.5845e+09
           76.7     3.5611e+09
          76.72     3.5364e+09
          76.74     3.5103e+09
          76.76     3.4834e+09
          76.78     3.4556e+09
           76.8     3.4266e+09
          76.82     3.3961e+09
          76.84     3.3641e+09
          76.86     3.3307e+09
          76.88     3.2958e+09
           76.9     3.2601e+09
          76.92     3.2235e+09
          76.94     3.1862e+09
          76.96     3.1483e+09
          76.98     3.1108e+09
             77     3.0762e+09
          77.02     3.0462e+09
          77.04     3.0222e+09
          77.06     3.0051e+09
          77.08     2.9956e+09
           77.1     2.9944e+09
          77.12     3.0014e+09
          77.14     3.0163e+09
          77.16     3.0393e+09
          77.18     3.0698e+09
           77.2     3.1067e+09
          77.22      3.149e+09
          77.24     3.1959e+09
          77.26     3.2468e+09
          77.28     3.3007e+09
           77.3     3.3557e+09
          77.32     3.4105e+09
          77.34     3.4638e+09
          77.36     3.5143e+09
          77.38     3.5606e+09
           77.4      3.602e+09
          77.42     3.6372e+09
          77.44     3.6651e+09
          77.46     3.6847e+09
          77.48     3.6963e+09
           77.5     3.7013e+09
          77.52     3.7008e+09
          77.54     3.6958e+09
          77.56     3.6869e+09
          77.58     3.6748e+09
           77.6     3.6601e+09
          77.62     3.6432e+09
          77.64     3.6241e+09
          77.66     3.6037e+09
          77.68      3.582e+09
           77.7     3.5587e+09
          77.72      3.534e+09
          77.74      3.508e+09
          77.76     3.4811e+09
          77.78     3.4534e+09
           77.8     3.4245e+09
          77.82      3.394e+09
          77.84     3.3621e+09
          77.86     3.3287e+09
          77.88     3.2939e+09
           77.9     3.2582e+09
          77.92     3.2217e+09
          77.94     3.1845e+09
          77.96     3.1466e+09
          77.98     3.1092e+09
             78     3.0746e+09
          78.02     3.0446e+09
          78.04     3.0207e+09
          78.06     3.0036e+09
          78.08     2.9942e+09
           78.1     2.9929e+09
          78.12     2.9999e+09
          78.14     3.0148e+09
          78.16     3.0378e+09
          78.18     3.0682e+09
           78.2      3.105e+09
          78.22     3.1473e+09
          78.24     3.1941e+09
          78.26      3.245e+09
          78.28     3.2987e+09
           78.3     3.3537e+09
          78.32     3.4084e+09
          78.34     3.4616e+09
          78.36      3.512e+09
          78.38     3.5583e+09
           78.4     3.5996e+09
          78.42     3.6347e+09
          78.44     3.6626e+09
          78.46     3.6822e+09
          78.48     3.6938e+09
           78.5     3.6987e+09
          78.52     3.6983e+09
          78.54     3.6932e+09
          78.56     3.6844e+09
          78.58     3.6723e+09
           78.6     3.6576e+09
          78.62     3.6408e+09
          78.64     3.6217e+09
          78.66     3.6014e+09
          78.68     3.5797e+09
           78.7     3.5565e+09
          78.72     3.5318e+09
          78.74     3.5058e+09
          78.76      3.479e+09
          78.78     3.4514e+09
           78.8     3.4225e+09
          78.82      3.392e+09
          78.84     3.3601e+09
          78.86     3.3268e+09
          78.88     3.2921e+09
           78.9     3.2565e+09
          78.92       3.22e+09
          78.94     3.1828e+09
          78.96      3.145e+09
          78.98     3.1077e+09
             79     3.0732e+09
          79.02     3.0432e+09
          79.04     3.0193e+09
          79.06     3.0023e+09
          79.08     2.9928e+09
           79.1     2.9915e+09
          79.12     2.9985e+09
          79.14     3.0134e+09
          79.16     3.0363e+09
          79.18     3.0667e+09
           79.2     3.1034e+09
          79.22     3.1457e+09
          79.24     3.1924e+09
          79.26     3.2432e+09
          79.28     3.2969e+09
           79.3     3.3517e+09
          79.32     3.4063e+09
          79.34     3.4595e+09
          79.36     3.5098e+09
          79.38      3.556e+09
           79.4     3.5973e+09
          79.42     3.6324e+09
          79.44     3.6602e+09
          79.46     3.6798e+09
          79.48     3.6913e+09
           79.5     3.6963e+09
          79.52     3.6958e+09
          79.54     3.6908e+09
          79.56      3.682e+09
          79.58     3.6699e+09
           79.6     3.6553e+09
          79.62     3.6385e+09
          79.64     3.6195e+09
          79.66     3.5991e+09
          79.68     3.5775e+09
           79.7     3.5543e+09
          79.72     3.5297e+09
          79.74     3.5038e+09
          79.76      3.477e+09
          79.78     3.4494e+09
           79.8     3.4206e+09
          79.82     3.3902e+09
          79.84     3.3583e+09
          79.86     3.3251e+09
          79.88     3.2904e+09
           79.9     3.2548e+09
          79.92     3.2184e+09
          79.94     3.1813e+09
          79.96     3.1435e+09
          79.98     3.1062e+09
             80     3.0718e+09
          80.02     3.0419e+09
          80.04     3.0179e+09
          80.06      3.001e+09
          80.08     2.9915e+09
           80.1     2.9902e+09
          80.12     2.9972e+09
          80.14     3.0121e+09
          80.16      3.035e+09
          80.18     3.0653e+09
           80.2      3.102e+09
          80.22     3.1441e+09
          80.24     3.1908e+09
          80.26     3.2415e+09
          80.28     3.2951e+09
           80.3     3.3499e+09
          80.32     3.4044e+09
          80.34     3.4575e+09
          80.36     3.5077e+09
          80.38     3.5539e+09
           80.4     3.5951e+09
          80.42     3.6301e+09
          80.44     3.6579e+09
          80.46     3.6775e+09
          80.48      3.689e+09
           80.5      3.694e+09
          80.52     3.6935e+09
          80.54     3.6885e+09
          80.56     3.6797e+09
          80.58     3.6676e+09
           80.6      3.653e+09
          80.62     3.6363e+09
          80.64     3.6173e+09
          80.66      3.597e+09
          80.68     3.5754e+09
           80.7     3.5523e+09
          80.72     3.5277e+09
          80.74     3.5018e+09
          80.76     3.4751e+09
          80.78     3.4476e+09
           80.8     3.4188e+09
          80.82     3.3884e+09
          80.84     3.3566e+09
          80.86     3.3234e+09
          80.88     3.2888e+09
           80.9     3.2533e+09
          80.92     3.2169e+09
          80.94     3.1798e+09
          80.96     3.1421e+09
          80.98     3.1049e+09
             81     3.0705e+09
          81.02     3.0406e+09
          81.04     3.0167e+09
          81.06     2.9998e+09
          81.08     2.9903e+09
           81.1      2.989e+09
          81.12      2.996e+09
          81.14     3.0108e+09
          81.16     3.0337e+09
          81.18      3.064e+09
           81.2     3.1006e+09
          81.22     3.1427e+09
          81.24     3.1893e+09
          81.26     3.2399e+09
          81.28     3.2934e+09
           81.3     3.3481e+09
          81.32     3.4026e+09
          81.34     3.4556e+09
          81.36     3.5058e+09
          81.38     3.5519e+09
           81.4      3.593e+09
          81.42      3.628e+09
          81.44     3.6558e+09
          81.46     3.6753e+09
          81.48     3.6868e+09
           81.5     3.6918e+09
          81.52     3.6914e+09
          81.54     3.6864e+09
          81.56     3.6776e+09
          81.58     3.6655e+09
           81.6     3.6509e+09
          81.62     3.6342e+09
          81.64     3.6153e+09
          81.66      3.595e+09
          81.68     3.5735e+09
           81.7     3.5504e+09
          81.72     3.5259e+09
          81.74        3.5e+09
          81.76     3.4733e+09
          81.78     3.4458e+09
           81.8     3.4171e+09
          81.82     3.3868e+09
          81.84      3.355e+09
          81.86     3.3218e+09
          81.88     3.2873e+09
           81.9     3.2518e+09
          81.92     3.2155e+09
          81.94     3.1785e+09
          81.96     3.1408e+09
          81.98     3.1036e+09
             82     3.0692e+09
          82.02     3.0394e+09
          82.04     3.0155e+09
          82.06     2.9986e+09
          82.08     2.9892e+09
           82.1     2.9879e+09
          82.12     2.9949e+09
          82.14     3.0096e+09
          82.16     3.0325e+09
          82.18     3.0627e+09
           82.2     3.0993e+09
          82.22     3.1413e+09
          82.24     3.1879e+09
          82.26     3.2384e+09
          82.28     3.2919e+09
           82.3     3.3465e+09
          82.32     3.4009e+09
          82.34     3.4538e+09
          82.36     3.5039e+09
          82.38       3.55e+09
           82.4     3.5911e+09
          82.42      3.626e+09
          82.44     3.6537e+09
          82.46     3.6732e+09
          82.48     3.6848e+09
           82.5     3.6897e+09
          82.52     3.6893e+09
          82.54     3.6843e+09
          82.56     3.6755e+09
          82.58     3.6635e+09
           82.6      3.649e+09
          82.62     3.6323e+09
          82.64     3.6134e+09
          82.66     3.5932e+09
          82.68     3.5717e+09
           82.7     3.5486e+09
          82.72     3.5241e+09
          82.74     3.4983e+09
          82.76     3.4716e+09
          82.78     3.4442e+09
           82.8     3.4155e+09
          82.82     3.3852e+09
          82.84     3.3535e+09
          82.86     3.3204e+09
          82.88     3.2858e+09
           82.9     3.2504e+09
          82.92     3.2142e+09
          82.94     3.1772e+09
          82.96     3.1396e+09
          82.98     3.1024e+09
             83     3.0681e+09
          83.02     3.0383e+09
          83.04     3.0145e+09
          83.06     2.9975e+09
          83.08     2.9881e+09
           83.1     2.9868e+09
          83.12     2.9938e+09
          83.14     3.0085e+09
          83.16     3.0313e+09
          83.18     3.0615e+09
           83.2     3.0981e+09
          83.22       3.14e+09
          83.24     3.1865e+09
          83.26      3.237e+09
          83.28     3.2904e+09
           83.3     3.3449e+09
          83.32     3.3993e+09
          83.34     3.4521e+09
          83.36     3.5022e+09
          83.38     3.5481e+09
           83.4     3.5892e+09
          83.42     3.6241e+09
          83.44     3.6518e+09
          83.46     3.6713e+09
          83.48     3.6828e+09
           83.5     3.6878e+09
          83.52     3.6873e+09
          83.54     3.6824e+09
          83.56     3.6736e+09
          83.58     3.6616e+09
           83.6     3.6471e+09
          83.62     3.6304e+09
          83.64     3.6116e+09
          83.66     3.5914e+09
          83.68     3.5699e+09
           83.7     3.5469e+09
          83.72     3.5224e+09
          83.74     3.4966e+09
          83.76       3.47e+09
          83.78     3.4426e+09
           83.8      3.414e+09
          83.82     3.3837e+09
          83.84     3.3521e+09
          83.86      3.319e+09
          83.88     3.2845e+09
           83.9     3.2491e+09
          83.92     3.2129e+09
          83.94      3.176e+09
          83.96     3.1384e+09
          83.98     3.1013e+09
             84      3.067e+09
          84.02     3.0372e+09
          84.04     3.0134e+09
          84.06     2.9965e+09
          84.08     2.9871e+09
           84.1     2.9858e+09
          84.12     2.9928e+09
          84.14     3.0075e+09
          84.16     3.0303e+09
          84.18     3.0604e+09
           84.2     3.0969e+09
          84.22     3.1388e+09
          84.24     3.1853e+09
          84.26     3.2357e+09
          84.28      3.289e+09
           84.3     3.3435e+09
          84.32     3.3977e+09
          84.34     3.4505e+09
          84.36     3.5005e+09
          84.38     3.5464e+09
           84.4     3.5874e+09
          84.42     3.6223e+09
          84.44       3.65e+09
          84.46     3.6694e+09
          84.48     3.6809e+09
           84.5     3.6859e+09
          84.52     3.6855e+09
          84.54     3.6805e+09
          84.56     3.6718e+09
          84.58     3.6598e+09
           84.6     3.6453e+09
          84.62     3.6287e+09
          84.64     3.6098e+09
          84.66     3.5897e+09
          84.68     3.5683e+09
           84.7     3.5453e+09
          84.72     3.5209e+09
          84.74     3.4951e+09
          84.76     3.4685e+09
          84.78     3.4412e+09
           84.8     3.4125e+09
          84.82     3.3824e+09
          84.84     3.3507e+09
          84.86     3.3177e+09
          84.88     3.2832e+09
           84.9     3.2479e+09
          84.92     3.2118e+09
          84.94     3.1748e+09
          84.96     3.1373e+09
          84.98     3.1003e+09
             85      3.066e+09
          85.02     3.0362e+09
          85.04     3.0125e+09
          85.06     2.9956e+09
          85.08     2.9862e+09
           85.1     2.9849e+09
          85.12     2.9918e+09
          85.14     3.0065e+09
          85.16     3.0292e+09
          85.18     3.0594e+09
           85.2     3.0958e+09
          85.22     3.1377e+09
          85.24      3.184e+09
          85.26     3.2344e+09
          85.28     3.2876e+09
           85.3     3.3421e+09
          85.32     3.3963e+09
          85.34      3.449e+09
          85.36     3.4989e+09
          85.38     3.5448e+09
           85.4     3.5857e+09
          85.42     3.6206e+09
          85.44     3.6482e+09
          85.46     3.6677e+09
          85.48     3.6792e+09
           85.5     3.6841e+09
          85.52     3.6837e+09
          85.54     3.6788e+09
          85.56     3.6701e+09
          85.58     3.6581e+09
           85.6     3.6436e+09
          85.62      3.627e+09
          85.64     3.6082e+09
          85.66     3.5881e+09
          85.68     3.5667e+09
           85.7     3.5437e+09
          85.72     3.5194e+09
          85.74     3.4936e+09
          85.76     3.4671e+09
          85.78     3.4398e+09
           85.8     3.4112e+09
          85.82     3.3811e+09
          85.84     3.3495e+09
          85.86     3.3165e+09
          85.88      3.282e+09
           85.9     3.2468e+09
          85.92     3.2106e+09
          85.94     3.1738e+09
          85.96     3.1363e+09
          85.98     3.0993e+09
             86      3.065e+09
          86.02     3.0353e+09
          86.04     3.0116e+09
          86.06     2.9947e+09
          86.08     2.9853e+09
           86.1      2.984e+09
          86.12     2.9909e+09
          86.14     3.0056e+09
          86.16     3.0283e+09
          86.18     3.0584e+09
           86.2     3.0948e+09
          86.22     3.1366e+09
          86.24     3.1829e+09
          86.26     3.2332e+09
          86.28     3.2864e+09
           86.3     3.3407e+09
          86.32     3.3949e+09
          86.34     3.4475e+09
          86.36     3.4974e+09
          86.38     3.5432e+09
           86.4     3.5842e+09
          86.42      3.619e+09
          86.44     3.6466e+09
          86.46      3.666e+09
          86.48     3.6775e+09
           86.5     3.6825e+09
          86.52      3.682e+09
          86.54     3.6771e+09
          86.56     3.6684e+09
          86.58     3.6565e+09
           86.6      3.642e+09
          86.62     3.6254e+09
          86.64     3.6067e+09
          86.66     3.5866e+09
          86.68     3.5652e+09
           86.7     3.5423e+09
          86.72     3.5179e+09
          86.74     3.4923e+09
          86.76     3.4658e+09
          86.78     3.4385e+09
           86.8     3.4099e+09
          86.82     3.3798e+09
          86.84     3.3483e+09
          86.86     3.3153e+09
          86.88     3.2809e+09
           86.9     3.2457e+09
          86.92     3.2096e+09
          86.94     3.1728e+09
          86.96     3.1353e+09
          86.98     3.0983e+09
             87     3.0641e+09
          87.02     3.0344e+09
          87.04     3.0107e+09
          87.06     2.9938e+09
          87.08     2.9844e+09
           87.1     2.9831e+09
          87.12     2.9901e+09
          87.14     3.0047e+09
          87.16     3.0274e+09
          87.18     3.0574e+09
           87.2     3.0938e+09
          87.22     3.1355e+09
          87.24     3.1818e+09
          87.26      3.232e+09
          87.28     3.2852e+09
           87.3     3.3395e+09
          87.32     3.3936e+09
          87.34     3.4462e+09
          87.36      3.496e+09
          87.38     3.5418e+09
           87.4     3.5826e+09
          87.42     3.6174e+09
          87.44      3.645e+09
          87.46     3.6644e+09
          87.48     3.6759e+09
           87.5     3.6809e+09
          87.52     3.6805e+09
          87.54     3.6755e+09
          87.56     3.6668e+09
          87.58     3.6549e+09
           87.6     3.6405e+09
          87.62     3.6239e+09
          87.64     3.6052e+09
          87.66     3.5851e+09
          87.68     3.5638e+09
           87.7     3.5409e+09
          87.72     3.5166e+09
          87.74      3.491e+09
          87.76     3.4645e+09
          87.78     3.4372e+09
           87.8     3.4087e+09
          87.82     3.3786e+09
          87.84     3.3471e+09
          87.86     3.3142e+09
          87.88     3.2799e+09
           87.9     3.2446e+09
          87.92     3.2086e+09
          87.94     3.1718e+09
          87.96     3.1344e+09
          87.98     3.0974e+09
             88     3.0633e+09
          88.02     3.0336e+09
          88.04     3.0099e+09
          88.06      2.993e+09
          88.08     2.9837e+09
           88.1     2.9823e+09
          88.12     2.9892e+09
          88.14     3.0039e+09
          88.16     3.0265e+09
          88.18     3.0566e+09
           88.2     3.0928e+09
          88.22     3.1346e+09
          88.24     3.1808e+09
          88.26      3.231e+09
          88.28      3.284e+09
           88.3     3.3383e+09
          88.32     3.3923e+09
          88.34     3.4449e+09
          88.36     3.4947e+09
          88.38     3.5404e+09
           88.4     3.5812e+09
          88.42     3.6159e+09
          88.44     3.6435e+09
          88.46     3.6629e+09
          88.48     3.6744e+09
           88.5     3.6793e+09
          88.52     3.6789e+09
          88.54      3.674e+09
          88.56     3.6654e+09
          88.58     3.6535e+09
           88.6     3.6391e+09
          88.62     3.6225e+09
          88.64     3.6038e+09
          88.66     3.5838e+09
          88.68     3.5625e+09
           88.7     3.5396e+09
          88.72     3.5153e+09
          88.74     3.4897e+09
          88.76     3.4633e+09
          88.78     3.4361e+09
           88.8     3.4076e+09
          88.82     3.3775e+09
          88.84     3.3461e+09
          88.86     3.3132e+09
          88.88     3.2789e+09
           88.9     3.2437e+09
          88.92     3.2077e+09
          88.94     3.1709e+09
          88.96     3.1335e+09
          88.98     3.0966e+09
             89     3.0625e+09
          89.02     3.0328e+09
          89.04     3.0091e+09
          89.06     2.9923e+09
          89.08     2.9829e+09
           89.1     2.9816e+09
          89.12     2.9885e+09
          89.14     3.0031e+09
          89.16     3.0257e+09
          89.18     3.0557e+09
           89.2      3.092e+09
          89.22     3.1336e+09
          89.24     3.1798e+09
          89.26     3.2299e+09
          89.28     3.2829e+09
           89.3     3.3371e+09
          89.32     3.3911e+09
          89.34     3.4436e+09
          89.36     3.4934e+09
          89.38      3.539e+09
           89.4     3.5798e+09
          89.42     3.6145e+09
          89.44     3.6421e+09
          89.46     3.6615e+09
          89.48     3.6729e+09
           89.5     3.6779e+09
          89.52     3.6775e+09
          89.54     3.6726e+09
          89.56      3.664e+09
          89.58     3.6521e+09
           89.6     3.6377e+09
          89.62     3.6212e+09
          89.64     3.6025e+09
          89.66     3.5825e+09
          89.68     3.5612e+09
           89.7     3.5384e+09
          89.72     3.5141e+09
          89.74     3.4885e+09
          89.76     3.4621e+09
          89.78     3.4349e+09
           89.8     3.4065e+09
          89.82     3.3765e+09
          89.84      3.345e+09
          89.86     3.3122e+09
          89.88     3.2779e+09
           89.9     3.2428e+09
          89.92     3.2068e+09
          89.94     3.1701e+09
          89.96     3.1327e+09
          89.98     3.0958e+09
             90     3.0617e+09
          90.02     3.0321e+09
          90.04     3.0084e+09
          90.06     2.9916e+09
          90.08     2.9822e+09
           90.1     2.9809e+09
          90.12     2.9878e+09
          90.14     3.0024e+09
          90.16      3.025e+09
          90.18      3.055e+09
           90.2     3.0912e+09
          90.22     3.1328e+09
          90.24      3.179e+09
          90.26     3.2291e+09
          90.28      3.282e+09
           90.3     3.3362e+09
          90.32       3.39e+09
          90.34     3.4424e+09
          90.36     3.4921e+09
          90.38     3.5376e+09
           90.4     3.5782e+09
          90.42     3.6128e+09
          90.44     3.6401e+09
          90.46     3.6593e+09
          90.48     3.6705e+09
           90.5     3.6754e+09
          90.52     3.6748e+09
          90.54     3.6698e+09
          90.56     3.6611e+09
          90.58     3.6492e+09
           90.6     3.6347e+09
          90.62     3.6182e+09
          90.64     3.5994e+09
          90.66     3.5794e+09
          90.68     3.5581e+09
           90.7     3.5353e+09
          90.72      3.511e+09
          90.74     3.4854e+09
          90.76     3.4591e+09
          90.78     3.4319e+09
           90.8     3.4035e+09
          90.82     3.3735e+09
          90.84     3.3421e+09
          90.86     3.3093e+09
          90.88      3.275e+09
           90.9     3.2399e+09
          90.92      3.204e+09
          90.94     3.1673e+09
          90.96       3.13e+09
          90.98     3.0933e+09
             91     3.0594e+09
          91.02       3.03e+09
          91.04     3.0066e+09
          91.06     2.9899e+09
          91.08     2.9807e+09
           91.1     2.9794e+09
          91.12     2.9861e+09
          91.14     3.0003e+09
          91.16     3.0224e+09
          91.18     3.0516e+09
           91.2     3.0868e+09
          91.22     3.1272e+09
          91.24     3.1719e+09
          91.26     3.2204e+09
          91.28     3.2715e+09
           91.3     3.3236e+09
          91.32     3.3752e+09
          91.34     3.4253e+09
          91.36     3.4726e+09
          91.38     3.5157e+09
           91.4     3.5539e+09
          91.42     3.5862e+09
          91.44     3.6113e+09
          91.46     3.6284e+09
          91.48      3.638e+09
           91.5     3.6414e+09
          91.52     3.6397e+09
          91.54     3.6338e+09
          91.56     3.6243e+09
          91.58     3.6118e+09
           91.6      3.597e+09
          91.62     3.5801e+09
          91.64     3.5612e+09
          91.66     3.5411e+09
          91.68     3.5197e+09
           91.7     3.4969e+09
          91.72     3.4727e+09
          91.74     3.4473e+09
          91.76     3.4211e+09
          91.78     3.3941e+09
           91.8     3.3659e+09
          91.82     3.3361e+09
          91.84     3.3051e+09
          91.86     3.2727e+09
          91.88     3.2389e+09
           91.9     3.2044e+09
          91.92      3.169e+09
          91.94     3.1329e+09
          91.96     3.0962e+09
          91.98     3.0602e+09
             92      3.027e+09
          92.02     2.9981e+09
          92.04     2.9748e+09
          92.06      2.958e+09
          92.08     2.9483e+09
           92.1     2.9461e+09
          92.12     2.9514e+09
          92.14     2.9639e+09
          92.16     2.9836e+09
          92.18     3.0098e+09
           92.2     3.0417e+09
          92.22     3.0783e+09
          92.24     3.1188e+09
          92.26     3.1626e+09
          92.28     3.2086e+09
           92.3     3.2555e+09
          92.32     3.3018e+09
          92.34     3.3467e+09
          92.36     3.3888e+09
          92.38      3.427e+09
           92.4     3.4606e+09
          92.42     3.4885e+09
          92.44     3.5097e+09
          92.46     3.5234e+09
          92.48     3.5301e+09
           92.5     3.5312e+09
          92.52     3.5276e+09
          92.54     3.5202e+09
          92.56     3.5096e+09
          92.58     3.4963e+09
           92.6      3.481e+09
          92.62     3.4639e+09
          92.64      3.445e+09
          92.66      3.425e+09
          92.68     3.4039e+09
           92.7     3.3816e+09
          92.72     3.3581e+09
          92.74     3.3336e+09
          92.76     3.3082e+09
          92.78     3.2822e+09
           92.8      3.255e+09
          92.82     3.2266e+09
          92.84      3.197e+09
          92.86     3.1662e+09
          92.88     3.1343e+09
           92.9     3.1015e+09
          92.92      3.068e+09
          92.94     3.0338e+09
          92.96     2.9988e+09
          92.98     2.9645e+09
             93     2.9328e+09
          93.02      2.905e+09
          93.04     2.8823e+09
          93.06     2.8654e+09
          93.08     2.8548e+09
           93.1      2.851e+09
          93.12     2.8541e+09
          93.14     2.8636e+09
          93.16     2.8794e+09
          93.18      2.901e+09
           93.2     2.9276e+09
          93.22     2.9584e+09
          93.24     2.9927e+09
          93.26     3.0297e+09
          93.28     3.0686e+09
           93.3      3.108e+09
          93.32     3.1471e+09
          93.34     3.1848e+09
          93.36     3.2199e+09
          93.38     3.2515e+09
           93.4      3.279e+09
          93.42     3.3013e+09
          93.44     3.3176e+09
          93.46     3.3271e+09
          93.48     3.3305e+09
           93.5     3.3287e+09
          93.52     3.3231e+09
          93.54     3.3142e+09
          93.56     3.3025e+09
          93.58     3.2887e+09
           93.6     3.2731e+09
          93.62     3.2561e+09
          93.64     3.2377e+09
          93.66     3.2184e+09
          93.68     3.1982e+09
           93.7     3.1771e+09
          93.72     3.1551e+09
          93.74     3.1325e+09
          93.76     3.1093e+09
          93.78     3.0853e+09
           93.8     3.0604e+09
          93.82     3.0345e+09
          93.84     3.0077e+09
          93.86     2.9798e+09
          93.88     2.9508e+09
           93.9     2.9212e+09
          93.92     2.8907e+09
          93.94     2.8595e+09
          93.96     2.8276e+09
          93.98     2.7961e+09
             94     2.7665e+09
          94.02     2.7405e+09
          94.04     2.7189e+09
          94.06     2.7022e+09
          94.08      2.691e+09
           94.1     2.6854e+09
          94.12     2.6856e+09
          94.14     2.6914e+09
          94.16     2.7025e+09
          94.18     2.7184e+09
           94.2     2.7387e+09
          94.22     2.7625e+09
          94.24     2.7894e+09
          94.26     2.8186e+09
          94.28      2.849e+09
           94.3     2.8798e+09
          94.32     2.9102e+09
          94.34     2.9394e+09
          94.36     2.9666e+09
          94.38     2.9907e+09
           94.4     3.0112e+09
          94.42     3.0273e+09
          94.44     3.0382e+09
          94.46     3.0435e+09
          94.48     3.0435e+09
           94.5      3.039e+09
          94.52     3.0313e+09
          94.54     3.0211e+09
          94.56     3.0087e+09
          94.58     2.9946e+09
           94.6     2.9792e+09
          94.62     2.9628e+09
          94.64     2.9457e+09
          94.66     2.9279e+09
          94.68     2.9095e+09
           94.7     2.8906e+09
          94.72     2.8712e+09
          94.74     2.8515e+09
          94.76     2.8313e+09
          94.78     2.8104e+09
           94.8     2.7886e+09
          94.82     2.7662e+09
          94.84      2.743e+09
          94.86     2.7191e+09
          94.88     2.6943e+09
           94.9     2.6687e+09
          94.92     2.6424e+09
          94.94     2.6153e+09
          94.96     2.5875e+09
          94.98     2.5599e+09
             95     2.5336e+09
          95.02     2.5098e+09
          95.04     2.4897e+09
          95.06     2.4735e+09
          95.08     2.4619e+09
           95.1     2.4549e+09
          95.12     2.4527e+09
          95.14     2.4551e+09
          95.16     2.4617e+09
          95.18      2.472e+09
           95.2     2.4858e+09
          95.22     2.5024e+09
          95.24     2.5214e+09
          95.26      2.542e+09
          95.28     2.5634e+09
           95.3      2.585e+09
          95.32     2.6063e+09
          95.34     2.6266e+09
          95.36     2.6454e+09
          95.38     2.6618e+09
           95.4     2.6752e+09
          95.42     2.6851e+09
          95.44     2.6909e+09
          95.46     2.6921e+09
          95.48     2.6891e+09
           95.5     2.6826e+09
          95.52     2.6731e+09
          95.54     2.6617e+09
          95.56     2.6487e+09
          95.58     2.6346e+09
           95.6     2.6199e+09
          95.62     2.6047e+09
          95.64     2.5892e+09
          95.66     2.5735e+09
          95.68     2.5574e+09
           95.7     2.5411e+09
          95.72     2.5246e+09
          95.74     2.5079e+09
          95.76     2.4909e+09
          95.78     2.4733e+09
           95.8     2.4551e+09
          95.82     2.4363e+09
          95.84     2.4171e+09
          95.86     2.3974e+09
          95.88     2.3771e+09
           95.9     2.3561e+09
          95.92     2.3344e+09
          95.94     2.3117e+09
          95.96     2.2884e+09
          95.98     2.2651e+09
             96     2.2424e+09
          96.02     2.2214e+09
          96.04     2.2026e+09
          96.06      2.187e+09
          96.08     2.1748e+09
           96.1     2.1663e+09
          96.12     2.1615e+09
          96.14     2.1601e+09
          96.16     2.1621e+09
          96.18      2.167e+09
           96.2     2.1744e+09
          96.22     2.1841e+09
          96.24     2.1954e+09
          96.26     2.2079e+09
          96.28     2.2209e+09
           96.3     2.2341e+09
          96.32      2.247e+09
          96.34     2.2592e+09
          96.36     2.2704e+09
          96.38     2.2801e+09
           96.4     2.2877e+09
          96.42     2.2927e+09
          96.44     2.2947e+09
          96.46     2.2934e+09
          96.48     2.2891e+09
           96.5      2.282e+09
          96.52     2.2729e+09
          96.54     2.2621e+09
          96.56     2.2503e+09
          96.58     2.2378e+09
           96.6      2.225e+09
          96.62     2.2121e+09
          96.64     2.1993e+09
          96.66     2.1868e+09
          96.68     2.1744e+09
           96.7     2.1621e+09
          96.72       2.15e+09
          96.74      2.138e+09
          96.76     2.1259e+09
          96.78     2.1136e+09
           96.8      2.101e+09
          96.82     2.0882e+09
          96.84     2.0749e+09
          96.86     2.0612e+09
          96.88     2.0471e+09
           96.9     2.0326e+09
          96.92     2.0174e+09
          96.94     2.0015e+09
          96.96     1.9849e+09
          96.98     1.9681e+09
             97     1.9515e+09
          97.02     1.9358e+09
          97.04     1.9215e+09
          97.06     1.9088e+09
          97.08     1.8981e+09
           97.1     1.8896e+09
          97.12     1.8835e+09
          97.14       1.88e+09
          97.16     1.8788e+09
          97.18     1.8796e+09
           97.2     1.8822e+09
          97.22     1.8862e+09
          97.24     1.8913e+09
          97.26     1.8971e+09
          97.28     1.9032e+09
           97.3     1.9094e+09
          97.32     1.9152e+09
          97.34     1.9205e+09
          97.36     1.9251e+09
          97.38     1.9287e+09
           97.4     1.9309e+09
          97.42     1.9313e+09
          97.44     1.9298e+09
          97.46     1.9264e+09
          97.48     1.9212e+09
           97.5     1.9144e+09
          97.52     1.9061e+09
          97.54     1.8969e+09
          97.56     1.8869e+09
          97.58     1.8764e+09
           97.6     1.8656e+09
          97.62     1.8547e+09
          97.64      1.844e+09
          97.66     1.8336e+09
          97.68     1.8236e+09
           97.7     1.8139e+09
          97.72     1.8046e+09
          97.74     1.7955e+09
          97.76     1.7865e+09
          97.78     1.7775e+09
           97.8     1.7683e+09
          97.82     1.7591e+09
          97.84     1.7497e+09
          97.86     1.7402e+09
          97.88     1.7305e+09
           97.9     1.7204e+09
          97.92     1.7098e+09
          97.94     1.6987e+09
          97.96     1.6872e+09
          97.98     1.6755e+09
             98     1.6637e+09
          98.02     1.6521e+09
          98.04      1.641e+09
          98.06     1.6309e+09
          98.08     1.6218e+09
           98.1     1.6139e+09
          98.12      1.607e+09
          98.14     1.6012e+09
          98.16     1.5967e+09
          98.18     1.5933e+09
           98.2     1.5909e+09
          98.22     1.5893e+09
          98.24     1.5883e+09
          98.26     1.5876e+09
          98.28     1.5871e+09
           98.3     1.5865e+09
          98.32     1.5858e+09
          98.34     1.5849e+09
          98.36     1.5837e+09
          98.38     1.5819e+09
           98.4     1.5794e+09
          98.42     1.5761e+09
          98.44     1.5717e+09
          98.46     1.5663e+09
          98.48     1.5601e+09
           98.5     1.5528e+09
          98.52     1.5448e+09
          98.54     1.5363e+09
          98.56     1.5275e+09
          98.58     1.5185e+09
           98.6     1.5096e+09
          98.62     1.5006e+09
          98.64     1.4919e+09
          98.66     1.4834e+09
          98.68     1.4751e+09
           98.7     1.4671e+09
          98.72     1.4593e+09
          98.74     1.4517e+09
          98.76     1.4442e+09
          98.78     1.4369e+09
           98.8     1.4296e+09
          98.82     1.4225e+09
          98.84     1.4153e+09
          98.86     1.4082e+09
          98.88      1.401e+09
           98.9     1.3936e+09
          98.92     1.3859e+09
          98.94     1.3778e+09
          98.96     1.3695e+09
          98.98      1.361e+09
             99     1.3522e+09
          99.02     1.3434e+09
          99.04     1.3347e+09
          99.06     1.3264e+09
          99.08     1.3185e+09
           99.1     1.3111e+09
          99.12     1.3042e+09
          99.14     1.2979e+09
          99.16      1.292e+09
          99.18     1.2865e+09
           99.2     1.2814e+09
          99.22     1.2766e+09
          99.24     1.2719e+09
          99.26     1.2673e+09
          99.28     1.2627e+09
           99.3     1.2581e+09
          99.32     1.2534e+09
          99.34     1.2487e+09
          99.36     1.2439e+09
          99.38     1.2388e+09
           99.4     1.2335e+09
          99.42     1.2279e+09
          99.44     1.2221e+09
          99.46     1.2161e+09
          99.48     1.2099e+09
           99.5     1.2035e+09
          99.52      1.197e+09
          99.54     1.1904e+09
          99.56     1.1838e+09
          99.58     1.1772e+09
           99.6     1.1708e+09
          99.62     1.1646e+09
          99.64     1.1584e+09
          99.66     1.1525e+09
          99.68     1.1468e+09
           99.7     1.1413e+09
          99.72     1.1358e+09
          99.74     1.1306e+09
          99.76     1.1254e+09
          99.78     1.1203e+09
           99.8     1.1154e+09
          99.82     1.1105e+09
          99.84     1.1056e+09
          99.86     1.1007e+09
          99.88     1.0958e+09
           99.9     1.0909e+09
          99.92     1.0858e+09
          99.94     1.0807e+09
          99.96     1.0756e+09
          99.98     1.0704e+09
            100     1.0651e+09
         100.02     1.0598e+09
         100.04     1.0546e+09
         100.06     1.0493e+09
         100.08     1.0441e+09
          100.1     1.0389e+09
         100.12     1.0338e+09
         100.14     1.0288e+09
         100.16     1.0238e+09
         100.18     1.0189e+09
          100.2     1.0141e+09
         100.22     1.0093e+09
         100.24     1.0044e+09
         100.26     9.9961e+08
         100.28     9.9475e+08
          100.3      9.898e+08
         100.32     9.8485e+08
         100.34     9.7993e+08
         100.36     9.7502e+08
         100.38     9.7012e+08
          100.4     9.6527e+08
         100.42     9.6056e+08
         100.44     9.5598e+08
         100.46     9.5159e+08
         100.48      9.474e+08
          100.5     9.4339e+08
         100.52     9.3951e+08
         100.54     9.3573e+08
         100.56     9.3198e+08
         100.58     9.2828e+08
          100.6     9.2464e+08
         100.62       9.21e+08
         100.64      9.174e+08
         100.66     9.1386e+08
         100.68     9.1031e+08
          100.7      9.068e+08
         100.72     9.0336e+08
         100.74      8.999e+08
         100.76     8.9642e+08
         100.78       8.93e+08
          100.8     8.8959e+08
         100.82     8.8617e+08
         100.84     8.8275e+08
         100.86     8.7931e+08
         100.88     8.7588e+08
          100.9     8.7239e+08
         100.92     8.6892e+08
         100.94      8.656e+08
         100.96     8.6234e+08
         100.98     8.5916e+08
            101     8.5602e+08
         101.02     8.5289e+08
         101.04      8.498e+08
         101.06     8.4673e+08
         101.08     8.4361e+08
          101.1     8.4048e+08
         101.12     8.3733e+08
         101.14     8.3409e+08
         101.16      8.308e+08
         101.18     8.2748e+08
          101.2     8.2403e+08
         101.22     8.2055e+08
         101.24     8.1709e+08
         101.26     8.1354e+08
         101.28     8.0997e+08
          101.3     8.0633e+08
         101.32     8.0262e+08
         101.34     7.9888e+08
         101.36     7.9509e+08
         101.38     7.9126e+08
          101.4     7.8746e+08
         101.42     7.8367e+08
         101.44     7.7992e+08
         101.46      7.762e+08
         101.48     7.7257e+08
          101.5     7.6907e+08
         101.52     7.6566e+08
         101.54     7.6229e+08
         101.56     7.5904e+08
         101.58     7.5588e+08
          101.6     7.5271e+08
         101.62     7.4965e+08
         101.64     7.4661e+08
         101.66     7.4352e+08
         101.68     7.4054e+08
          101.7     7.3761e+08
         101.72     7.3472e+08
         101.74     7.3185e+08
         101.76     7.2906e+08
         101.78      7.263e+08
          101.8     7.2355e+08
         101.82     7.2082e+08
         101.84     7.1812e+08
         101.86     7.1546e+08
         101.88     7.1276e+08
          101.9     7.1006e+08
         101.92      7.074e+08
         101.94     7.0474e+08
         101.96     7.0213e+08
         101.98     6.9949e+08
            102     6.9682e+08
         102.02     6.9422e+08
         102.04     6.9159e+08
         102.06     6.8892e+08
         102.08     6.8629e+08
          102.1      6.836e+08
         102.12     6.8094e+08
         102.14     6.7836e+08
         102.16     6.7575e+08
         102.18     6.7312e+08
          102.2     6.7047e+08
         102.22     6.6777e+08
         102.24     6.6504e+08
         102.26     6.6228e+08
         102.28      6.595e+08
          102.3      6.567e+08
         102.32     6.5381e+08
         102.34     6.5085e+08
         102.36     6.4786e+08
         102.38     6.4483e+08
          102.4     6.4181e+08
         102.42     6.3875e+08
         102.44     6.3564e+08
         102.46     6.3259e+08
         102.48     6.2953e+08
          102.5     6.2647e+08
         102.52     6.2351e+08
         102.54     6.2052e+08
         102.56     6.1758e+08
         102.58     6.1473e+08
          102.6     6.1192e+08
         102.62     6.0914e+08
         102.64     6.0641e+08
         102.66     6.0374e+08
         102.68     6.0111e+08
          102.7     5.9852e+08
         102.72     5.9598e+08
         102.74     5.9351e+08
         102.76     5.9106e+08
         102.78     5.8864e+08
          102.8     5.8624e+08
         102.82     5.8388e+08
         102.84     5.8154e+08
         102.86     5.7921e+08
         102.88     5.7688e+08
          102.9      5.746e+08
         102.92     5.7238e+08
         102.94     5.7014e+08
         102.96     5.6798e+08
         102.98      5.658e+08
            103      5.636e+08
         103.02     5.6146e+08
         103.04     5.5933e+08
         103.06     5.5719e+08
         103.08     5.5506e+08
          103.1     5.5294e+08
         103.12     5.5083e+08
         103.14     5.4868e+08
         103.16     5.4653e+08
         103.18     5.4437e+08
          103.2     5.4218e+08
         103.22     5.3997e+08
         103.24     5.3774e+08
         103.26     5.3546e+08
         103.28      5.332e+08
          103.3     5.3095e+08
         103.32     5.2864e+08
         103.34     5.2635e+08
         103.36     5.2404e+08
         103.38     5.2167e+08
          103.4     5.1932e+08
         103.42     5.1694e+08
         103.44     5.1454e+08
         103.46     5.1215e+08
         103.48     5.0972e+08
          103.5     5.0729e+08
         103.52     5.0481e+08
         103.54     5.0236e+08
         103.56     4.9991e+08
         103.58     4.9747e+08
          103.6     4.9503e+08
         103.62     4.9258e+08
         103.64     4.9019e+08
         103.66     4.8781e+08
         103.68     4.8549e+08
          103.7     4.8319e+08
         103.72     4.8093e+08
         103.74     4.7872e+08
         103.76     4.7654e+08
         103.78     4.7443e+08
          103.8     4.7235e+08
         103.82     4.7028e+08
         103.84      4.683e+08
         103.86     4.6631e+08
         103.88     4.6439e+08
          103.9     4.6249e+08
         103.92     4.6061e+08
         103.94     4.5878e+08
         103.96     4.5696e+08
         103.98     4.5516e+08
            104     4.5339e+08
         104.02     4.5165e+08
         104.04     4.4989e+08
         104.06     4.4815e+08
         104.08     4.4646e+08
          104.1     4.4476e+08
         104.12     4.4304e+08
         104.14     4.4133e+08
         104.16     4.3964e+08
         104.18     4.3791e+08
          104.2     4.3619e+08
         104.22     4.3449e+08
         104.24     4.3276e+08
         104.26     4.3104e+08
         104.28      4.293e+08
          104.3     4.2752e+08
         104.32     4.2576e+08
         104.34     4.2396e+08
         104.36     4.2218e+08
         104.38     4.2037e+08
          104.4     4.1856e+08
         104.42     4.1678e+08
         104.44     4.1494e+08
         104.46     4.1313e+08
         104.48      4.113e+08
          104.5     4.0946e+08
         104.52     4.0763e+08
         104.54     4.0576e+08
         104.56     4.0387e+08
         104.58     4.0197e+08
          104.6     4.0005e+08
         104.62     3.9811e+08
         104.64     3.9615e+08
         104.66     3.9419e+08
         104.68      3.922e+08
          104.7     3.9022e+08
         104.72     3.8821e+08
         104.74     3.8625e+08
         104.76     3.8428e+08
         104.78     3.8233e+08
          104.8     3.8048e+08
         104.82     3.7864e+08
         104.84     3.7691e+08
         104.86     3.7524e+08
         104.88     3.7368e+08
          104.9     3.7223e+08
         104.92     3.7084e+08
         104.94     3.6951e+08
         104.96     3.6823e+08
         104.98     3.6701e+08
            105     3.6583e+08
         105.02     3.6469e+08
         105.04     3.6356e+08
         105.06     3.6246e+08
         105.08     3.6139e+08
          105.1      3.603e+08
         105.12     3.5925e+08
         105.14     3.5818e+08
         105.16     3.5712e+08
         105.18     3.5608e+08
          105.2     3.5501e+08
         105.22     3.5394e+08
         105.24     3.5288e+08
         105.26     3.5182e+08
         105.28     3.5072e+08
          105.3     3.4969e+08
         105.32     3.4862e+08
         105.34     3.4757e+08
         105.36     3.4662e+08
         105.38     3.4571e+08
          105.4     3.4487e+08
         105.42     3.4404e+08
         105.44     3.4327e+08
         105.46     3.4249e+08
         105.48     3.4171e+08
          105.5     3.4092e+08
         105.52     3.4009e+08
         105.54     3.3924e+08
         105.56     3.3833e+08
         105.58     3.3739e+08
          105.6     3.3638e+08
         105.62     3.3532e+08
         105.64     3.3419e+08
         105.66     3.3301e+08
         105.68     3.3178e+08
          105.7     3.3048e+08
         105.72     3.2914e+08
         105.74      3.277e+08
         105.76     3.2625e+08
         105.78     3.2472e+08
          105.8     3.2321e+08
         105.82     3.2165e+08
         105.84     3.2007e+08
         105.86      3.185e+08
         105.88     3.1693e+08
          105.9     3.1541e+08
         105.92      3.139e+08
         105.94     3.1246e+08
         105.96     3.1106e+08
         105.98     3.0975e+08
            106     3.0849e+08
         106.02     3.0729e+08
         106.04     3.0615e+08
         106.06     3.0507e+08
         106.08     3.0404e+08
          106.1     3.0304e+08
         106.12     3.0212e+08
         106.14      3.012e+08
         106.16     3.0035e+08
         106.18     2.9951e+08
          106.2     2.9873e+08
         106.22     2.9798e+08
         106.24     2.9725e+08
         106.26     2.9656e+08
         106.28     2.9589e+08
          106.3     2.9526e+08
         106.32     2.9465e+08
         106.34     2.9407e+08
         106.36     2.9351e+08
         106.38     2.9301e+08
          106.4     2.9251e+08
         106.42     2.9208e+08
         106.44     2.9168e+08
         106.46     2.9133e+08
         106.48     2.9103e+08
          106.5     2.9079e+08
         106.52      2.906e+08
         106.54     2.9047e+08
         106.56     2.9041e+08
         106.58     2.9041e+08
          106.6     2.9045e+08
         106.62     2.9053e+08
         106.64     2.9066e+08
         106.66      2.908e+08
         106.68     2.9095e+08
          106.7     2.9111e+08
         106.72     2.9127e+08
         106.74     2.9141e+08
         106.76     2.9153e+08
         106.78     2.9162e+08
          106.8     2.9167e+08
         106.82     2.9165e+08
         106.84      2.916e+08
         106.86     2.9148e+08
         106.88     2.9131e+08
          106.9     2.9106e+08
         106.92     2.9076e+08
         106.94     2.9038e+08
         106.96     2.8993e+08
         106.98     2.8941e+08
            107      2.888e+08
         107.02     2.8817e+08
         107.04     2.8743e+08
         107.06     2.8667e+08
         107.08     2.8583e+08
          107.1     2.8495e+08
         107.12     2.8404e+08
         107.14     2.8309e+08
         107.16      2.821e+08
         107.18     2.8111e+08
          107.2     2.8007e+08
         107.22     2.7904e+08
         107.24     2.7801e+08
         107.26     2.7701e+08
         107.28     2.7606e+08
          107.3     2.7517e+08
         107.32     2.7433e+08
         107.34     2.7353e+08
         107.36     2.7279e+08
         107.38     2.7208e+08
          107.4     2.7141e+08
         107.42     2.7079e+08
         107.44     2.7021e+08
         107.46     2.6964e+08
         107.48     2.6912e+08
          107.5     2.6863e+08
         107.52     2.6816e+08
         107.54     2.6771e+08
         107.56     2.6729e+08
         107.58     2.6689e+08
          107.6     2.6649e+08
         107.62     2.6612e+08
         107.64     2.6577e+08
         107.66     2.6546e+08
         107.68     2.6516e+08
          107.7     2.6487e+08
         107.72     2.6462e+08
         107.74      2.644e+08
         107.76     2.6417e+08
         107.78     2.6397e+08
          107.8     2.6378e+08
         107.82     2.6363e+08
         107.84     2.6348e+08
         107.86     2.6336e+08
         107.88     2.6324e+08
          107.9     2.6315e+08
         107.92     2.6305e+08
         107.94     2.6297e+08
         107.96     2.6288e+08
         107.98     2.6281e+08
            108     2.6272e+08
         108.02     2.6266e+08
         108.04     2.6259e+08
         108.06     2.6253e+08
         108.08     2.6245e+08
          108.1     2.6238e+08
         108.12     2.6232e+08
         108.14     2.6223e+08
         108.16     2.6214e+08
         108.18     2.6202e+08
          108.2      2.619e+08
         108.22     2.6175e+08
         108.24     2.6158e+08
         108.26     2.6138e+08
         108.28     2.6117e+08
          108.3     2.6093e+08
         108.32     2.6065e+08
         108.34     2.6034e+08
         108.36     2.6001e+08
         108.38     2.5965e+08
          108.4     2.5926e+08
         108.42     2.5884e+08
         108.44      2.584e+08
         108.46     2.5793e+08
         108.48     2.5745e+08
          108.5     2.5692e+08
         108.52      2.564e+08
         108.54     2.5584e+08
         108.56     2.5526e+08
         108.58     2.5467e+08
          108.6     2.5405e+08
         108.62     2.5344e+08
         108.64      2.528e+08
         108.66     2.5218e+08
         108.68     2.5152e+08
          108.7      2.509e+08
         108.72     2.5025e+08
         108.74     2.4962e+08
         108.76     2.4898e+08
         108.78     2.4837e+08
          108.8     2.4777e+08
         108.82     2.4717e+08
         108.84     2.4659e+08
         108.86     2.4602e+08
         108.88     2.4548e+08
          108.9     2.4494e+08
         108.92     2.4443e+08
         108.94     2.4394e+08
         108.96     2.4347e+08
         108.98     2.4303e+08
            109     2.4259e+08
         109.02     2.4218e+08
         109.04      2.418e+08
         109.06     2.4144e+08
         109.08     2.4109e+08
          109.1     2.4075e+08
         109.12     2.4045e+08
         109.14     2.4013e+08
         109.16     2.3987e+08
         109.18     2.3959e+08
          109.2     2.3934e+08
         109.22     2.3909e+08
         109.24     2.3883e+08
         109.26      2.386e+08
         109.28     2.3836e+08
          109.3     2.3813e+08
         109.32     2.3791e+08
         109.34     2.3767e+08
         109.36     2.3744e+08
         109.38     2.3719e+08
          109.4     2.3695e+08
         109.42      2.367e+08
         109.44     2.3644e+08
         109.46     2.3618e+08
         109.48      2.359e+08
          109.5     2.3562e+08
         109.52     2.3533e+08
         109.54     2.3505e+08
         109.56     2.3474e+08
         109.58     2.3443e+08
          109.6     2.3412e+08
         109.62     2.3381e+08
         109.64     2.3352e+08
         109.66      2.332e+08
         109.68     2.3291e+08
          109.7     2.3263e+08
         109.72     2.3234e+08
         109.74     2.3205e+08
         109.76     2.3175e+08
         109.78     2.3144e+08
          109.8     2.3113e+08
         109.82      2.308e+08
         109.84     2.3047e+08
         109.86     2.3013e+08
         109.88     2.2977e+08
          109.9     2.2942e+08
         109.92     2.2904e+08
         109.94     2.2866e+08
         109.96     2.2827e+08
         109.98     2.2788e+08
            110     2.2749e+08
         110.02     2.2707e+08
         110.04     2.2666e+08
         110.06     2.2624e+08
         110.08     2.2583e+08
          110.1     2.2539e+08
         110.12     2.2495e+08
         110.14     2.2451e+08
         110.16     2.2407e+08
         110.18     2.2364e+08
          110.2     2.2318e+08
         110.22     2.2274e+08
         110.24     2.2229e+08
         110.26     2.2185e+08
         110.28     2.2142e+08
          110.3     2.2097e+08
         110.32     2.2053e+08
         110.34      2.201e+08
         110.36     2.1967e+08
         110.38     2.1924e+08
          110.4     2.1881e+08
         110.42     2.1839e+08
         110.44     2.1798e+08
         110.46     2.1757e+08
         110.48     2.1715e+08
          110.5     2.1676e+08
         110.52     2.1636e+08
         110.54     2.1598e+08
         110.56      2.156e+08
         110.58     2.1521e+08
          110.6     2.1486e+08
         110.62     2.1452e+08
         110.64     2.1418e+08
         110.66     2.1387e+08
         110.68     2.1356e+08
          110.7     2.1329e+08
         110.72     2.1302e+08
         110.74     2.1275e+08
         110.76     2.1251e+08
         110.78     2.1228e+08
          110.8     2.1203e+08
         110.82      2.118e+08
         110.84     2.1156e+08
         110.86     2.1133e+08
         110.88      2.111e+08
          110.9     2.1084e+08
         110.92      2.106e+08
         110.94     2.1035e+08
         110.96     2.1008e+08
         110.98     2.0981e+08
            111     2.0952e+08
         111.02     2.0922e+08
         111.04     2.0893e+08
         111.06      2.086e+08
         111.08     2.0827e+08
          111.1     2.0794e+08
         111.12     2.0758e+08
         111.14     2.0721e+08
         111.16     2.0683e+08
         111.18     2.0643e+08
          111.2     2.0602e+08
         111.22     2.0562e+08
         111.24     2.0519e+08
         111.26     2.0476e+08
         111.28     2.0433e+08
          111.3     2.0386e+08
         111.32     2.0341e+08
         111.34     2.0295e+08
         111.36     2.0246e+08
         111.38       2.02e+08
          111.4     2.0152e+08
         111.42     2.0101e+08
         111.44     2.0054e+08
         111.46     2.0004e+08
         111.48     1.9954e+08
          111.5     1.9907e+08
         111.52     1.9856e+08
         111.54     1.9808e+08
         111.56     1.9762e+08
         111.58     1.9712e+08
          111.6     1.9667e+08
         111.62     1.9622e+08
         111.64     1.9575e+08
         111.66     1.9533e+08
         111.68      1.949e+08
          111.7     1.9445e+08
         111.72     1.9407e+08
         111.74     1.9366e+08
         111.76     1.9326e+08
         111.78      1.929e+08
          111.8     1.9253e+08
         111.82     1.9217e+08
         111.84     1.9185e+08
         111.86      1.915e+08
         111.88     1.9118e+08
          111.9     1.9089e+08
         111.92     1.9058e+08
         111.94     1.9029e+08
         111.96     1.9003e+08
         111.98     1.8973e+08
            112     1.8948e+08
         112.02     1.8923e+08
         112.04     1.8896e+08
         112.06     1.8872e+08
         112.08     1.8848e+08
          112.1      1.882e+08
         112.12     1.8796e+08
         112.14     1.8771e+08
         112.16     1.8744e+08
         112.18     1.8718e+08
          112.2     1.8691e+08
         112.22     1.8663e+08
         112.24     1.8636e+08
         112.26     1.8607e+08
         112.28     1.8578e+08
          112.3     1.8548e+08
         112.32     1.8517e+08
         112.34     1.8485e+08
         112.36     1.8452e+08
         112.38     1.8419e+08
          112.4     1.8385e+08
         112.42     1.8348e+08
         112.44     1.8313e+08
         112.46     1.8276e+08
         112.48     1.8237e+08
          112.5     1.8199e+08
         112.52      1.816e+08
         112.54     1.8119e+08
         112.56     1.8079e+08
         112.58     1.8038e+08
          112.6     1.7994e+08
         112.62     1.7952e+08
         112.64     1.7909e+08
         112.66     1.7864e+08
         112.68     1.7821e+08
          112.7     1.7776e+08
         112.72      1.773e+08
         112.74     1.7686e+08
         112.76     1.7642e+08
         112.78     1.7595e+08
          112.8      1.755e+08
         112.82     1.7507e+08
         112.84     1.7462e+08
         112.86     1.7418e+08
         112.88     1.7377e+08
          112.9     1.7336e+08
         112.92     1.7296e+08
         112.94     1.7259e+08
         112.96     1.7221e+08
         112.98     1.7184e+08
            113     1.7149e+08
         113.02     1.7114e+08
         113.04     1.7079e+08
         113.06     1.7047e+08
         113.08     1.7014e+08
          113.1     1.6981e+08
         113.12     1.6949e+08
         113.14     1.6917e+08
         113.16     1.6884e+08
         113.18     1.6854e+08
          113.2     1.6822e+08
         113.22     1.6789e+08
         113.24     1.6758e+08
         113.26     1.6727e+08
         113.28     1.6694e+08
          113.3     1.6663e+08
         113.32     1.6631e+08
         113.34     1.6598e+08
         113.36     1.6566e+08
         113.38     1.6534e+08
          113.4     1.6501e+08
         113.42     1.6468e+08
         113.44     1.6436e+08
         113.46     1.6403e+08
         113.48     1.6369e+08
          113.5     1.6336e+08
         113.52     1.6302e+08
         113.54     1.6267e+08
         113.56     1.6234e+08
         113.58       1.62e+08
          113.6     1.6163e+08
         113.62     1.6128e+08
         113.64     1.6093e+08
         113.66     1.6056e+08
         113.68      1.602e+08
          113.7     1.5983e+08
         113.72     1.5945e+08
         113.74     1.5908e+08
         113.76     1.5868e+08
         113.78      1.583e+08
          113.8     1.5792e+08
         113.82     1.5752e+08
         113.84     1.5712e+08
         113.86     1.5672e+08
         113.88     1.5631e+08
          113.9      1.559e+08
         113.92     1.5549e+08
         113.94     1.5507e+08
         113.96     1.5465e+08
         113.98     1.5424e+08
            114     1.5381e+08
         114.02     1.5339e+08
         114.04     1.5297e+08
         114.06     1.5254e+08
         114.08     1.5211e+08
          114.1     1.5169e+08
         114.12     1.5127e+08
         114.14     1.5084e+08
         114.16     1.5042e+08
         114.18     1.5001e+08
          114.2      1.496e+08
         114.22     1.4919e+08
         114.24      1.488e+08
         114.26     1.4841e+08
         114.28     1.4802e+08
          114.3     1.4764e+08
         114.32     1.4727e+08
         114.34     1.4688e+08
         114.36     1.4651e+08
         114.38     1.4616e+08
          114.4     1.4579e+08
         114.42     1.4544e+08
         114.44     1.4509e+08
         114.46     1.4474e+08
         114.48     1.4438e+08
          114.5     1.4404e+08
         114.52      1.437e+08
         114.54     1.4336e+08
         114.56     1.4302e+08
         114.58     1.4269e+08
          114.6     1.4236e+08
         114.62     1.4202e+08
         114.64     1.4169e+08
         114.66     1.4135e+08
         114.68     1.4102e+08
          114.7     1.4069e+08
         114.72     1.4036e+08
         114.74     1.4003e+08
         114.76      1.397e+08
         114.78     1.3937e+08
          114.8     1.3905e+08
         114.82     1.3872e+08
         114.84     1.3839e+08
         114.86     1.3806e+08
         114.88     1.3774e+08
          114.9      1.374e+08
         114.92     1.3707e+08
         114.94     1.3675e+08
         114.96     1.3641e+08
         114.98     1.3608e+08
            115     1.3574e+08
         115.02     1.3541e+08
         115.04     1.3508e+08
         115.06     1.3473e+08
         115.08      1.344e+08
          115.1     1.3405e+08
         115.12      1.337e+08
         115.14     1.3335e+08
         115.16       1.33e+08
         115.18     1.3265e+08
          115.2      1.323e+08
         115.22     1.3193e+08
         115.24     1.3157e+08
         115.26     1.3121e+08
         115.28     1.3084e+08
          115.3     1.3047e+08
         115.32      1.301e+08
         115.34     1.2973e+08
         115.36     1.2935e+08
         115.38     1.2897e+08
          115.4      1.286e+08
         115.42     1.2822e+08
         115.44     1.2784e+08
         115.46     1.2746e+08
         115.48     1.2708e+08
          115.5     1.2669e+08
         115.52     1.2631e+08
         115.54     1.2593e+08
         115.56     1.2555e+08
         115.58     1.2516e+08
          115.6     1.2478e+08
         115.62     1.2441e+08
         115.64     1.2402e+08
         115.66     1.2364e+08
         115.68     1.2328e+08
          115.7     1.2291e+08
         115.72     1.2253e+08
         115.74     1.2215e+08
         115.76      1.218e+08
         115.78     1.2144e+08
          115.8     1.2106e+08
         115.82     1.2071e+08
         115.84     1.2036e+08
         115.86        1.2e+08
         115.88     1.1965e+08
          115.9     1.1932e+08
         115.92     1.1899e+08
         115.94     1.1864e+08
         115.96     1.1831e+08
         115.98     1.1801e+08
            116     1.1769e+08
         116.02     1.1737e+08
         116.04     1.1706e+08
         116.06     1.1676e+08
         116.08     1.1646e+08
          116.1     1.1615e+08
         116.12     1.1585e+08
         116.14     1.1556e+08
         116.16     1.1526e+08
         116.18     1.1496e+08
          116.2     1.1467e+08
         116.22     1.1438e+08
         116.24     1.1407e+08
         116.26     1.1377e+08
         116.28     1.1348e+08
          116.3     1.1319e+08
         116.32     1.1289e+08
         116.34      1.126e+08
         116.36     1.1231e+08
         116.38     1.1201e+08
          116.4     1.1172e+08
         116.42     1.1143e+08
         116.44     1.1114e+08
         116.46     1.1085e+08
         116.48     1.1055e+08
          116.5     1.1026e+08
         116.52     1.0996e+08
         116.54     1.0967e+08
         116.56     1.0938e+08
         116.58     1.0907e+08
          116.6     1.0878e+08
         116.62     1.0848e+08
         116.64     1.0819e+08
         116.66     1.0787e+08
         116.68     1.0757e+08
          116.7     1.0728e+08
         116.72     1.0697e+08
         116.74     1.0665e+08
         116.76     1.0635e+08
         116.78     1.0605e+08
          116.8     1.0574e+08
         116.82     1.0542e+08
         116.84     1.0511e+08
         116.86     1.0481e+08
         116.88     1.0449e+08
          116.9     1.0418e+08
         116.92     1.0386e+08
         116.94     1.0355e+08
         116.96     1.0324e+08
         116.98     1.0292e+08
            117      1.026e+08
         117.02     1.0229e+08
         117.04     1.0198e+08
         117.06     1.0166e+08
         117.08     1.0135e+08
          117.1     1.0104e+08
         117.12     1.0073e+08
         117.14     1.0043e+08
         117.16     1.0012e+08
         117.18     9.9816e+07
          117.2     9.9518e+07
         117.22     9.9212e+07
         117.24     9.8908e+07
         117.26     9.8608e+07
         117.28     9.8312e+07
          117.3     9.8012e+07
         117.32     9.7706e+07
         117.34     9.7407e+07
         117.36     9.7115e+07
         117.38     9.6818e+07
          117.4     9.6516e+07
         117.42     9.6223e+07
         117.44      9.593e+07
         117.46     9.5636e+07
         117.48     9.5337e+07
          117.5     9.5051e+07
         117.52     9.4762e+07
         117.54     9.4469e+07
         117.56     9.4175e+07
         117.58     9.3892e+07
          117.6     9.3608e+07
         117.62      9.332e+07
         117.64      9.303e+07
         117.66      9.275e+07
         117.68     9.2469e+07
          117.7     9.2186e+07
         117.72     9.1904e+07
         117.74     9.1627e+07
         117.76     9.1351e+07
         117.78     9.1072e+07
          117.8     9.0797e+07
         117.82     9.0527e+07
         117.84      9.026e+07
         117.86     8.9985e+07
         117.88     8.9715e+07
          117.9     8.9453e+07
         117.92     8.9193e+07
         117.94     8.8926e+07
         117.96     8.8657e+07
         117.98     8.8397e+07
            118     8.8139e+07
         118.02     8.7879e+07
         118.04     8.7613e+07
         118.06     8.7356e+07
         118.08     8.7096e+07
          118.1     8.6838e+07
         118.12      8.657e+07
         118.14     8.6315e+07
         118.16     8.6056e+07
         118.18       8.58e+07
          118.2     8.5532e+07
         118.22     8.5275e+07
         118.24     8.5019e+07
         118.26     8.4766e+07
         118.28       8.45e+07
          118.3     8.4239e+07
         118.32     8.3986e+07
         118.34     8.3738e+07
         118.36     8.3481e+07
         118.38     8.3222e+07
          118.4     8.2967e+07
         118.42     8.2718e+07
         118.44     8.2468e+07
         118.46     8.2216e+07
         118.48     8.1965e+07
          118.5     8.1714e+07
         118.52     8.1467e+07
         118.54     8.1221e+07
         118.56     8.0978e+07
         118.58     8.0729e+07
          118.6     8.0485e+07
         118.62     8.0245e+07
         118.64     8.0009e+07
         118.66     7.9765e+07
         118.68     7.9524e+07
          118.7      7.929e+07
         118.72     7.9061e+07
         118.74     7.8821e+07
         118.76      7.858e+07
         118.78     7.8353e+07
          118.8     7.8129e+07
         118.82     7.7891e+07
         118.84      7.765e+07
         118.86     7.7426e+07
         118.88     7.7206e+07
          118.9     7.6978e+07
         118.92     7.6735e+07
         118.94     7.6507e+07
         118.96     7.6285e+07
         118.98     7.6062e+07
            119     7.5827e+07
         119.02     7.5594e+07
         119.04     7.5366e+07
         119.06     7.5141e+07
         119.08     7.4916e+07
          119.1     7.4682e+07
         119.12     7.4453e+07
         119.14     7.4223e+07
         119.16     7.4002e+07
         119.18     7.3772e+07
          119.2     7.3543e+07
         119.22     7.3312e+07
         119.24     7.3091e+07
         119.26     7.2866e+07
         119.28     7.2634e+07
          119.3     7.2403e+07
         119.32     7.2181e+07
         119.34     7.1959e+07
         119.36     7.1725e+07
         119.38     7.1493e+07
          119.4      7.127e+07
         119.42      7.105e+07
         119.44      7.082e+07
         119.46     7.0589e+07
         119.48     7.0364e+07
          119.5     7.0143e+07
         119.52     6.9922e+07
         119.54     6.9695e+07
         119.56     6.9469e+07
         119.58      6.925e+07
          119.6     6.9032e+07
         119.62     6.8812e+07
         119.64     6.8593e+07
         119.66     6.8377e+07
         119.68     6.8167e+07
          119.7     6.7957e+07
         119.72     6.7742e+07
         119.74     6.7533e+07
         119.76     6.7331e+07
         119.78     6.7127e+07
          119.8     6.6916e+07
         119.82     6.6712e+07
         119.84     6.6518e+07
         119.86     6.6328e+07
         119.88     6.6135e+07
          119.9     6.5939e+07
         119.92     6.5749e+07
         119.94     6.5566e+07
         119.96     6.5386e+07
         119.98     6.5202e+07
            120     6.5021e+07
         120.02     6.4845e+07
         120.04     6.4673e+07
         120.06       6.45e+07
         120.08     6.4325e+07
          120.1     6.4156e+07
         120.12      6.399e+07
         120.14     6.3827e+07
         120.16     6.3659e+07
         120.18      6.349e+07
          120.2     6.3323e+07
         120.22     6.3164e+07
         120.24     6.3003e+07
         120.26     6.2838e+07
         120.28     6.2673e+07
          120.3     6.2513e+07
         120.32     6.2352e+07
         120.34     6.2189e+07
         120.36     6.2027e+07
         120.38     6.1867e+07
          120.4     6.1708e+07
         120.42     6.1547e+07
         120.44     6.1384e+07
         120.46     6.1226e+07
         120.48     6.1068e+07
          120.5      6.091e+07
         120.52      6.075e+07
         120.54      6.059e+07
         120.56     6.0435e+07
         120.58     6.0279e+07
          120.6     6.0123e+07
         120.62     5.9968e+07
         120.64     5.9816e+07
         120.66     5.9666e+07
         120.68     5.9515e+07
          120.7     5.9367e+07
         120.72     5.9219e+07
         120.74     5.9077e+07
         120.76     5.8933e+07
         120.78     5.8784e+07
          120.8     5.8639e+07
         120.82     5.8494e+07
         120.84     5.8353e+07
         120.86     5.8211e+07
         120.88     5.8069e+07
          120.9     5.7921e+07
         120.92     5.7775e+07
         120.94     5.7633e+07
         120.96     5.7493e+07
         120.98     5.7347e+07
            121     5.7193e+07
         121.02     5.7044e+07
         121.04     5.6899e+07
         121.06     5.6754e+07
         121.08     5.6603e+07
          121.1     5.6444e+07
         121.12     5.6286e+07
         121.14     5.6134e+07
         121.16      5.598e+07
         121.18     5.5821e+07
          121.2     5.5662e+07
         121.22     5.5503e+07
         121.24     5.5347e+07
         121.26     5.5197e+07
         121.28     5.5045e+07
          121.3     5.4899e+07
         121.32     5.4757e+07
         121.34     5.4622e+07
         121.36     5.4492e+07
         121.38     5.4364e+07
          121.4     5.4247e+07
         121.42     5.4137e+07
         121.44     5.4026e+07
         121.46     5.3916e+07
         121.48     5.3812e+07
          121.5     5.3717e+07
         121.52     5.3623e+07
         121.54     5.3531e+07
         121.56     5.3441e+07
         121.58     5.3359e+07
          121.6     5.3289e+07
         121.62     5.3225e+07
         121.64     5.3161e+07
         121.66     5.3104e+07
         121.68     5.3051e+07
          121.7     5.2999e+07
         121.72     5.2947e+07
         121.74     5.2898e+07
         121.76     5.2848e+07
         121.78     5.2798e+07
          121.8     5.2742e+07
         121.82     5.2685e+07
         121.84     5.2629e+07
         121.86     5.2569e+07
         121.88     5.2503e+07
          121.9      5.243e+07
         121.92     5.2352e+07
         121.94     5.2269e+07
         121.96     5.2185e+07
         121.98     5.2089e+07
            122     5.1984e+07
         122.02     5.1875e+07
         122.04     5.1761e+07
         122.06     5.1648e+07
         122.08     5.1541e+07
          122.1     5.1443e+07
         122.12     5.1351e+07
         122.14     5.1264e+07
         122.16     5.1189e+07
         122.18     5.1121e+07
          122.2      5.106e+07
         122.22     5.1009e+07
         122.24     5.0971e+07
         122.26     5.0939e+07
         122.28     5.0917e+07
          122.3     5.0911e+07
         122.32     5.0927e+07
         122.34     5.0962e+07
         122.36     5.1002e+07
         122.38     5.1048e+07
          122.4     5.1097e+07
         122.42     5.1152e+07
         122.44     5.1211e+07
         122.46     5.1264e+07
         122.48     5.1305e+07
          122.5     5.1335e+07
         122.52      5.136e+07
         122.54     5.1378e+07
         122.56     5.1388e+07
         122.58     5.1388e+07
          122.6     5.1374e+07
         122.62     5.1354e+07
         122.64     5.1326e+07
         122.66      5.129e+07
         122.68     5.1248e+07
          122.7     5.1196e+07
         122.72     5.1136e+07
         122.74     5.1072e+07
         122.76     5.0997e+07
         122.78     5.0915e+07
          122.8     5.0829e+07
         122.82     5.0736e+07
         122.84     5.0636e+07
         122.86     5.0533e+07
         122.88     5.0428e+07
          122.9     5.0323e+07
         122.92     5.0216e+07
         122.94     5.0107e+07
         122.96     4.9997e+07
         122.98     4.9887e+07
            123     4.9777e+07
         123.02     4.9674e+07
         123.04     4.9583e+07
         123.06     4.9506e+07
         123.08     4.9451e+07
          123.1     4.9421e+07
         123.12     4.9415e+07
         123.14     4.9437e+07
         123.16     4.9482e+07
         123.18      4.956e+07
          123.2     4.9668e+07
         123.22     4.9796e+07
         123.24     4.9951e+07
         123.26     5.0127e+07
         123.28     5.0323e+07
          123.3     5.0542e+07
         123.32     5.0772e+07
         123.34     5.1009e+07
         123.36     5.1247e+07
         123.38     5.1485e+07
          123.4     5.1726e+07
         123.42     5.1961e+07
         123.44     5.2176e+07
         123.46     5.2373e+07
         123.48     5.2542e+07
          123.5      5.269e+07
         123.52     5.2819e+07
         123.54     5.2923e+07
         123.56     5.3002e+07
         123.58     5.3061e+07
          123.6     5.3103e+07
         123.62     5.3132e+07
         123.64     5.3147e+07
         123.66     5.3144e+07
         123.68     5.3129e+07
          123.7     5.3107e+07
         123.72     5.3077e+07
         123.74     5.3037e+07
         123.76     5.2992e+07
         123.78      5.294e+07
          123.8     5.2882e+07
         123.82     5.2824e+07
         123.84     5.2763e+07
         123.86     5.2696e+07
         123.88     5.2629e+07
          123.9      5.256e+07
         123.92     5.2491e+07
         123.94     5.2421e+07
         123.96     5.2347e+07
         123.98     5.2275e+07
            124     5.2208e+07
         124.02     5.2149e+07
         124.04     5.2108e+07
         124.06     5.2087e+07
         124.08     5.2095e+07
          124.1     5.2128e+07
         124.12     5.2193e+07
         124.14     5.2304e+07
         124.16     5.2456e+07
         124.18     5.2651e+07
          124.2     5.2885e+07
         124.22     5.3149e+07
         124.24      5.345e+07
         124.26     5.3782e+07
         124.28     5.4139e+07
          124.3     5.4517e+07
         124.32     5.4903e+07
         124.34     5.5297e+07
         124.36     5.5695e+07
         124.38     5.6085e+07
          124.4     5.6466e+07
         124.42     5.6829e+07
         124.44     5.7166e+07
         124.46     5.7472e+07
         124.48     5.7743e+07
          124.5     5.7983e+07
         124.52     5.8191e+07
         124.54     5.8372e+07
         124.56     5.8524e+07
         124.58     5.8657e+07
          124.6      5.877e+07
         124.62     5.8867e+07
         124.64     5.8951e+07
         124.66     5.9022e+07
         124.68     5.9082e+07
          124.7     5.9134e+07
         124.72     5.9178e+07
         124.74     5.9215e+07
         124.76     5.9246e+07
         124.78     5.9275e+07
          124.8     5.9301e+07
         124.82      5.932e+07
         124.84     5.9332e+07
         124.86     5.9342e+07
         124.88     5.9345e+07
          124.9      5.934e+07
         124.92     5.9332e+07
         124.94     5.9321e+07
         124.96     5.9304e+07
         124.98     5.9285e+07
            125     5.9269e+07
         125.02     5.9273e+07
         125.04     5.9303e+07
         125.06     5.9367e+07
         125.08     5.9473e+07
          125.1     5.9623e+07
         125.12     5.9818e+07
         125.14     6.0067e+07
         125.16     6.0366e+07
         125.18     6.0722e+07
          125.2     6.1127e+07
         125.22     6.1578e+07
         125.24     6.2073e+07
         125.26     6.2603e+07
         125.28     6.3166e+07
          125.3     6.3753e+07
         125.32     6.4361e+07
         125.34     6.4973e+07
         125.36     6.5588e+07
         125.38     6.6189e+07
          125.4     6.6767e+07
         125.42     6.7322e+07
         125.44     6.7841e+07
         125.46      6.832e+07
         125.48     6.8747e+07
          125.5     6.9129e+07
         125.52     6.9467e+07
         125.54     6.9762e+07
         125.56     7.0025e+07
         125.58     7.0257e+07
          125.6      7.046e+07
         125.62     7.0638e+07
         125.64     7.0789e+07
         125.66     7.0921e+07
         125.68     7.1039e+07
          125.7     7.1146e+07
         125.72     7.1244e+07
         125.74      7.133e+07
         125.76     7.1405e+07
         125.78     7.1471e+07
          125.8     7.1527e+07
         125.82     7.1578e+07
         125.84     7.1622e+07
         125.86     7.1661e+07
         125.88      7.169e+07
          125.9      7.171e+07
         125.92     7.1722e+07
         125.94      7.173e+07
         125.96     7.1736e+07
         125.98     7.1743e+07
            126     7.1756e+07
         126.02     7.1798e+07
         126.04     7.1879e+07
         126.06     7.2012e+07
         126.08     7.2203e+07
          126.1     7.2461e+07
         126.12      7.279e+07
         126.14      7.319e+07
         126.16     7.3666e+07
         126.18     7.4216e+07
          126.2     7.4839e+07
         126.22     7.5527e+07
         126.24     7.6279e+07
         126.26     7.7085e+07
         126.28     7.7935e+07
          126.3     7.8828e+07
         126.32     7.9744e+07
         126.34     8.0673e+07
         126.36     8.1604e+07
         126.38     8.2516e+07
          126.4     8.3407e+07
         126.42     8.4258e+07
         126.44     8.5065e+07
         126.46     8.5812e+07
         126.48     8.6484e+07
          126.5     8.7095e+07
         126.52     8.7645e+07
         126.54      8.814e+07
         126.56     8.8589e+07
         126.58     8.8995e+07
          126.6     8.9361e+07
         126.62     8.9693e+07
         126.64     8.9992e+07
         126.66     9.0268e+07
         126.68     9.0521e+07
          126.7     9.0752e+07
         126.72     9.0967e+07
         126.74     9.1168e+07
         126.76     9.1356e+07
         126.78     9.1532e+07
          126.8     9.1696e+07
         126.82      9.185e+07
         126.84     9.1998e+07
         126.86     9.2141e+07
         126.88     9.2279e+07
          126.9     9.2412e+07
         126.92     9.2536e+07
         126.94     9.2656e+07
         126.96     9.2779e+07
         126.98     9.2908e+07
            127     9.3056e+07
         127.02     9.3243e+07
         127.04     9.3475e+07
         127.06     9.3767e+07
         127.08     9.4131e+07
          127.1     9.4572e+07
         127.12     9.5099e+07
         127.14     9.5712e+07
         127.16     9.6412e+07
         127.18     9.7199e+07
          127.2     9.8067e+07
         127.22     9.9015e+07
         127.24     1.0004e+08
         127.26     1.0112e+08
         127.28     1.0227e+08
          127.3     1.0345e+08
         127.32     1.0466e+08
         127.34     1.0588e+08
         127.36      1.071e+08
         127.38     1.0831e+08
          127.4      1.095e+08
         127.42     1.1063e+08
         127.44     1.1172e+08
         127.46     1.1273e+08
         127.48     1.1367e+08
          127.5     1.1455e+08
         127.52     1.1537e+08
         127.54     1.1614e+08
         127.56     1.1685e+08
         127.58     1.1752e+08
          127.6     1.1816e+08
         127.62     1.1876e+08
         127.64     1.1932e+08
         127.66     1.1987e+08
         127.68     1.2038e+08
          127.7     1.2086e+08
         127.72     1.2133e+08
         127.74     1.2177e+08
         127.76     1.2219e+08
         127.78      1.226e+08
          127.8     1.2299e+08
         127.82     1.2337e+08
         127.84     1.2373e+08
         127.86     1.2409e+08
         127.88     1.2443e+08
          127.9     1.2476e+08
         127.92     1.2509e+08
         127.94      1.254e+08
         127.96     1.2572e+08
         127.98     1.2605e+08
            128     1.2639e+08
         128.02     1.2678e+08
         128.04     1.2722e+08
         128.06     1.2774e+08
         128.08     1.2834e+08
          128.1     1.2904e+08
         128.12     1.2984e+08
         128.14     1.3074e+08
         128.16     1.3175e+08
         128.18     1.3285e+08
          128.2     1.3406e+08
         128.22     1.3535e+08
         128.24     1.3672e+08
         128.26     1.3818e+08
         128.28      1.397e+08
          128.3     1.4126e+08
         128.32     1.4284e+08
         128.34     1.4444e+08
         128.36     1.4604e+08
         128.38     1.4761e+08
          128.4     1.4915e+08
         128.42     1.5063e+08
         128.44     1.5205e+08
         128.46     1.5338e+08
         128.48     1.5462e+08
          128.5     1.5579e+08
         128.52     1.5687e+08
         128.54      1.579e+08
         128.56     1.5886e+08
         128.58     1.5977e+08
          128.6     1.6063e+08
         128.62     1.6146e+08
         128.64     1.6225e+08
         128.66       1.63e+08
         128.68     1.6373e+08
          128.7     1.6443e+08
         128.72     1.6511e+08
         128.74     1.6577e+08
         128.76     1.6641e+08
         128.78     1.6703e+08
          128.8     1.6764e+08
         128.82     1.6823e+08
         128.84      1.688e+08
         128.86     1.6934e+08
         128.88     1.6986e+08
          128.9     1.7037e+08
         128.92     1.7086e+08
         128.94     1.7135e+08
         128.96     1.7182e+08
         128.98      1.723e+08
            129      1.728e+08
         129.02     1.7334e+08
         129.04     1.7395e+08
         129.06     1.7464e+08
         129.08     1.7541e+08
          129.1     1.7629e+08
         129.12     1.7728e+08
         129.14     1.7839e+08
         129.16     1.7961e+08
         129.18     1.8094e+08
          129.2     1.8239e+08
         129.22     1.8393e+08
         129.24     1.8556e+08
         129.26     1.8728e+08
         129.28     1.8906e+08
          129.3     1.9088e+08
         129.32     1.9274e+08
         129.34     1.9461e+08
         129.36     1.9647e+08
         129.38      1.983e+08
          129.4     2.0008e+08
         129.42     2.0179e+08
         129.44     2.0342e+08
         129.46     2.0493e+08
         129.48     2.0635e+08
          129.5     2.0766e+08
         129.52      2.089e+08
         129.54     2.1006e+08
         129.56     2.1115e+08
         129.58     2.1218e+08
          129.6     2.1315e+08
         129.62     2.1407e+08
         129.64     2.1495e+08
         129.66     2.1579e+08
         129.68     2.1659e+08
          129.7     2.1737e+08
         129.72     2.1812e+08
         129.74     2.1884e+08
         129.76     2.1954e+08
         129.78     2.2021e+08
          129.8     2.2087e+08
         129.82      2.215e+08
         129.84     2.2212e+08
         129.86     2.2272e+08
         129.88      2.233e+08
          129.9     2.2385e+08
         129.92      2.244e+08
         129.94     2.2493e+08
         129.96     2.2546e+08
         129.98     2.2598e+08
            130     2.2653e+08
         130.02     2.2712e+08
         130.04     2.2777e+08
         130.06      2.285e+08
         130.08     2.2931e+08
          130.1     2.3023e+08
         130.12     2.3126e+08
         130.14      2.324e+08
         130.16     2.3366e+08
         130.18     2.3502e+08
          130.2     2.3647e+08
         130.22     2.3803e+08
         130.24     2.3967e+08
         130.26     2.4138e+08
         130.28     2.4315e+08
          130.3     2.4496e+08
         130.32     2.4678e+08
         130.34     2.4862e+08
         130.36     2.5045e+08
         130.38     2.5225e+08
          130.4     2.5399e+08
         130.42     2.5567e+08
         130.44     2.5727e+08
         130.46     2.5876e+08
         130.48     2.6016e+08
          130.5     2.6146e+08
         130.52     2.6267e+08
         130.54     2.6382e+08
         130.56      2.649e+08
         130.58      2.659e+08
          130.6     2.6684e+08
         130.62     2.6773e+08
         130.64     2.6855e+08
         130.66     2.6933e+08
         130.68     2.7007e+08
          130.7     2.7076e+08
         130.72     2.7142e+08
         130.74     2.7204e+08
         130.76     2.7263e+08
         130.78     2.7319e+08
          130.8     2.7373e+08
         130.82     2.7423e+08
         130.84      2.747e+08
         130.86     2.7515e+08
         130.88     2.7557e+08
          130.9     2.7597e+08
         130.92     2.7636e+08
         130.94     2.7674e+08
         130.96     2.7712e+08
         130.98     2.7751e+08
            131     2.7793e+08
         131.02     2.7838e+08
         131.04      2.789e+08
         131.06      2.795e+08
         131.08     2.8018e+08
          131.1     2.8096e+08
         131.12     2.8184e+08
         131.14     2.8282e+08
         131.16     2.8391e+08
         131.18     2.8508e+08
          131.2     2.8636e+08
         131.22     2.8773e+08
         131.24     2.8918e+08
         131.26     2.9068e+08
         131.28     2.9223e+08
          131.3     2.9382e+08
         131.32     2.9542e+08
         131.34     2.9704e+08
         131.36     2.9865e+08
         131.38     3.0023e+08
          131.4     3.0177e+08
         131.42     3.0325e+08
         131.44     3.0466e+08
         131.46     3.0595e+08
         131.48     3.0715e+08
          131.5     3.0827e+08
         131.52     3.0932e+08
         131.54     3.1028e+08
         131.56     3.1117e+08
         131.58     3.1199e+08
          131.6     3.1276e+08
         131.62     3.1345e+08
         131.64      3.141e+08
         131.66     3.1471e+08
         131.68     3.1526e+08
          131.7     3.1576e+08
         131.72     3.1623e+08
         131.74     3.1666e+08
         131.76     3.1707e+08
         131.78     3.1745e+08
          131.8      3.178e+08
         131.82     3.1811e+08
         131.84     3.1841e+08
         131.86      3.187e+08
         131.88     3.1896e+08
          131.9      3.192e+08
         131.92     3.1943e+08
         131.94     3.1967e+08
         131.96     3.1987e+08
         131.98     3.2008e+08
            132     3.2031e+08
         132.02     3.2057e+08
         132.04     3.2089e+08
         132.06     3.2127e+08
         132.08     3.2173e+08
          132.1     3.2229e+08
         132.12     3.2293e+08
         132.14     3.2364e+08
         132.16     3.2447e+08
         132.18     3.2537e+08
          132.2     3.2638e+08
         132.22     3.2745e+08
         132.24     3.2859e+08
         132.26      3.298e+08
         132.28     3.3105e+08
          132.3     3.3237e+08
         132.32      3.337e+08
         132.34     3.3503e+08
         132.36     3.3635e+08
         132.38     3.3765e+08
          132.4     3.3888e+08
         132.42     3.4003e+08
         132.44     3.4111e+08
         132.46     3.4211e+08
         132.48     3.4303e+08
          132.5     3.4385e+08
         132.52     3.4458e+08
         132.54     3.4525e+08
         132.56     3.4583e+08
         132.58     3.4635e+08
          132.6     3.4682e+08
         132.62     3.4726e+08
         132.64     3.4763e+08
         132.66     3.4797e+08
         132.68     3.4827e+08
          132.7     3.4856e+08
         132.72     3.4882e+08
         132.74     3.4905e+08
         132.76     3.4926e+08
         132.78     3.4944e+08
          132.8     3.4961e+08
         132.82     3.4978e+08
         132.84     3.4992e+08
         132.86     3.5003e+08
         132.88     3.5014e+08
          132.9     3.5025e+08
         132.92     3.5033e+08
         132.94     3.5039e+08
         132.96     3.5044e+08
         132.98     3.5047e+08
            133     3.5056e+08
         133.02     3.5066e+08
         133.04     3.5082e+08
         133.06     3.5106e+08
         133.08     3.5136e+08
          133.1     3.5173e+08
         133.12     3.5222e+08
         133.14      3.528e+08
         133.16     3.5348e+08
         133.18     3.5424e+08
          133.2     3.5508e+08
         133.22     3.5601e+08
         133.24       3.57e+08
         133.26     3.5806e+08
         133.28     3.5915e+08
          133.3     3.6024e+08
         133.32     3.6135e+08
         133.34     3.6246e+08
         133.36     3.6354e+08
         133.38     3.6457e+08
          133.4     3.6556e+08
         133.42      3.665e+08
         133.44     3.6735e+08
         133.46     3.6809e+08
         133.48     3.6875e+08
          133.5     3.6931e+08
         133.52     3.6982e+08
         133.54     3.7025e+08
         133.56     3.7064e+08
         133.58       3.71e+08
          133.6     3.7129e+08
         133.62     3.7154e+08
         133.64     3.7178e+08
         133.66       3.72e+08
         133.68      3.722e+08
          133.7     3.7238e+08
         133.72     3.7254e+08
         133.74     3.7271e+08
         133.76     3.7287e+08
         133.78     3.7304e+08
          133.8     3.7318e+08
         133.82     3.7328e+08
         133.84     3.7341e+08
         133.86     3.7352e+08
         133.88     3.7359e+08
          133.9     3.7365e+08
         133.92      3.737e+08
         133.94     3.7373e+08
         133.96     3.7375e+08
         133.98     3.7376e+08
            134     3.7376e+08
         134.02     3.7381e+08
         134.04     3.7389e+08
         134.06     3.7401e+08
         134.08     3.7422e+08
          134.1     3.7448e+08
         134.12     3.7477e+08
         134.14     3.7515e+08
         134.16     3.7563e+08
         134.18      3.762e+08
          134.2     3.7686e+08
         134.22     3.7759e+08
         134.24     3.7838e+08
         134.26     3.7922e+08
         134.28     3.8011e+08
          134.3     3.8103e+08
         134.32     3.8193e+08
         134.34     3.8284e+08
         134.36     3.8374e+08
         134.38     3.8458e+08
          134.4     3.8537e+08
         134.42      3.861e+08
         134.44     3.8676e+08
         134.46     3.8736e+08
         134.48     3.8788e+08
          134.5     3.8832e+08
         134.52     3.8871e+08
         134.54     3.8903e+08
         134.56     3.8928e+08
         134.58      3.895e+08
          134.6      3.897e+08
         134.62     3.8984e+08
         134.64     3.8995e+08
         134.66     3.9004e+08
         134.68     3.9013e+08
          134.7      3.902e+08
         134.72     3.9028e+08
         134.74     3.9034e+08
         134.76     3.9038e+08
         134.78     3.9042e+08
          134.8     3.9048e+08
         134.82     3.9052e+08
         134.84     3.9051e+08
         134.86     3.9052e+08
         134.88      3.905e+08
          134.9     3.9045e+08
         134.92     3.9037e+08
         134.94     3.9026e+08
         134.96     3.9015e+08
         134.98     3.9004e+08
            135      3.899e+08
         135.02     3.8978e+08
         135.04      3.897e+08
         135.06     3.8961e+08
         135.08     3.8956e+08
          135.1     3.8959e+08
         135.12     3.8965e+08
         135.14     3.8976e+08
         135.16     3.8993e+08
         135.18     3.9015e+08
          135.2     3.9044e+08
         135.22     3.9078e+08
         135.24     3.9117e+08
         135.26      3.916e+08
         135.28     3.9204e+08
          135.3     3.9253e+08
         135.32     3.9303e+08
         135.34      3.935e+08
         135.36     3.9398e+08
         135.38     3.9445e+08
          135.4     3.9486e+08
         135.42     3.9524e+08
         135.44     3.9555e+08
         135.46     3.9579e+08
         135.48       3.96e+08
          135.5     3.9614e+08
         135.52     3.9622e+08
         135.54     3.9628e+08
         135.56     3.9627e+08
         135.58      3.962e+08
          135.6     3.9614e+08
         135.62     3.9604e+08
         135.64     3.9593e+08
         135.66      3.958e+08
         135.68     3.9564e+08
          135.7     3.9547e+08
         135.72      3.953e+08
         135.74     3.9513e+08
         135.76     3.9494e+08
         135.78     3.9471e+08
          135.8      3.945e+08
         135.82     3.9427e+08
         135.84     3.9401e+08
         135.86     3.9376e+08
         135.88     3.9351e+08
          135.9     3.9323e+08
         135.92     3.9295e+08
         135.94     3.9263e+08
         135.96     3.9229e+08
         135.98     3.9196e+08
            136     3.9162e+08
         136.02      3.913e+08
         136.04       3.91e+08
         136.06     3.9073e+08
         136.08     3.9045e+08
          136.1     3.9022e+08
         136.12     3.9005e+08
         136.14      3.899e+08
         136.16     3.8978e+08
         136.18      3.897e+08
          136.2     3.8965e+08
         136.22     3.8964e+08
         136.24     3.8966e+08
         136.26     3.8969e+08
         136.28      3.897e+08
          136.3     3.8976e+08
         136.32     3.8982e+08
         136.34     3.8985e+08
         136.36     3.8988e+08
         136.38     3.8991e+08
          136.4     3.8991e+08
         136.42     3.8988e+08
         136.44     3.8979e+08
         136.46     3.8966e+08
         136.48      3.895e+08
          136.5      3.893e+08
         136.52     3.8905e+08
         136.54     3.8881e+08
         136.56     3.8852e+08
         136.58     3.8818e+08
          136.6     3.8782e+08
         136.62     3.8743e+08
         136.64     3.8703e+08
         136.66     3.8661e+08
         136.68     3.8617e+08
          136.7     3.8572e+08
         136.72     3.8525e+08
         136.74     3.8478e+08
         136.76     3.8432e+08
         136.78     3.8382e+08
          136.8     3.8334e+08
         136.82     3.8287e+08
         136.84     3.8237e+08
         136.86     3.8186e+08
         136.88     3.8136e+08
          136.9     3.8086e+08
         136.92     3.8038e+08
         136.94     3.7988e+08
         136.96     3.7938e+08
         136.98      3.789e+08
            137      3.784e+08
         137.02     3.7791e+08
         137.04     3.7746e+08
         137.06     3.7701e+08
         137.08     3.7656e+08
          137.1     3.7611e+08
         137.12     3.7568e+08
         137.14     3.7527e+08
         137.16     3.7487e+08
         137.18     3.7448e+08
          137.2     3.7409e+08
         137.22     3.7372e+08
         137.24     3.7339e+08
         137.26     3.7308e+08
         137.28     3.7273e+08
          137.3     3.7243e+08
         137.32     3.7213e+08
         137.34     3.7179e+08
         137.36     3.7146e+08
         137.38     3.7112e+08
          137.4     3.7077e+08
         137.42     3.7043e+08
         137.44     3.7004e+08
         137.46     3.6965e+08
         137.48     3.6924e+08
          137.5     3.6879e+08
         137.52     3.6831e+08
         137.54     3.6784e+08
         137.56     3.6734e+08
         137.58     3.6681e+08
          137.6     3.6626e+08
         137.62     3.6569e+08
         137.64      3.651e+08
         137.66      3.645e+08
         137.68     3.6389e+08
          137.7     3.6325e+08
         137.72     3.6259e+08
         137.74     3.6196e+08
         137.76     3.6133e+08
         137.78     3.6065e+08
          137.8     3.6001e+08
         137.82     3.5938e+08
         137.84     3.5874e+08
         137.86      3.581e+08
         137.88     3.5745e+08
          137.9     3.5681e+08
         137.92     3.5618e+08
         137.94     3.5554e+08
         137.96     3.5491e+08
         137.98      3.543e+08
            138     3.5367e+08
         138.02     3.5303e+08
         138.04     3.5244e+08
         138.06     3.5184e+08
         138.08     3.5123e+08
          138.1     3.5065e+08
         138.12     3.5004e+08
         138.14     3.4946e+08
         138.16     3.4888e+08
         138.18      3.483e+08
          138.2      3.477e+08
         138.22     3.4709e+08
         138.24     3.4651e+08
         138.26     3.4592e+08
         138.28     3.4532e+08
          138.3     3.4475e+08
         138.32     3.4418e+08
         138.34     3.4361e+08
         138.36     3.4303e+08
         138.38     3.4244e+08
          138.4     3.4186e+08
         138.42     3.4127e+08
         138.44     3.4065e+08
         138.46     3.4006e+08
         138.48     3.3948e+08
          138.5     3.3885e+08
         138.52     3.3821e+08
         138.54     3.3759e+08
         138.56     3.3695e+08
         138.58      3.363e+08
          138.6     3.3565e+08
         138.62     3.3496e+08
         138.64     3.3426e+08
         138.66     3.3356e+08
         138.68     3.3287e+08
          138.7     3.3213e+08
         138.72     3.3139e+08
         138.74     3.3067e+08
         138.76      3.299e+08
         138.78     3.2913e+08
          138.8     3.2838e+08
         138.82     3.2764e+08
         138.84     3.2692e+08
         138.86      3.262e+08
         138.88     3.2548e+08
          138.9     3.2479e+08
         138.92      3.241e+08
         138.94     3.2339e+08
         138.96     3.2273e+08
         138.98      3.221e+08
            139     3.2143e+08
         139.02     3.2078e+08
         139.04     3.2014e+08
         139.06     3.1949e+08
         139.08     3.1884e+08
          139.1     3.1818e+08
         139.12     3.1752e+08
         139.14     3.1684e+08
         139.16     3.1619e+08
         139.18     3.1554e+08
          139.2     3.1483e+08
         139.22     3.1414e+08
         139.24     3.1345e+08
         139.26      3.127e+08
         139.28     3.1195e+08
          139.3     3.1118e+08
         139.32      3.104e+08
         139.34     3.0964e+08
         139.36     3.0887e+08
         139.38     3.0811e+08
          139.4     3.0737e+08
         139.42     3.0663e+08
         139.44     3.0589e+08
         139.46      3.052e+08
         139.48     3.0451e+08
          139.5     3.0381e+08
         139.52     3.0315e+08
         139.54     3.0245e+08
         139.56      3.018e+08
         139.58     3.0114e+08
          139.6     3.0048e+08
         139.62     2.9981e+08
         139.64     2.9913e+08
         139.66     2.9848e+08
         139.68      2.978e+08
          139.7     2.9709e+08
         139.72     2.9638e+08
         139.74     2.9565e+08
         139.76      2.949e+08
         139.78     2.9412e+08
          139.8     2.9331e+08
         139.82     2.9249e+08
         139.84     2.9164e+08
         139.86     2.9078e+08
         139.88     2.8994e+08
          139.9     2.8913e+08
         139.92      2.883e+08
         139.94      2.875e+08
         139.96     2.8675e+08
         139.98       2.86e+08
            140     2.8528e+08
         140.02     2.8458e+08
         140.04      2.839e+08
         140.06     2.8323e+08
         140.08     2.8257e+08
          140.1     2.8196e+08
         140.12      2.813e+08
         140.14     2.8068e+08
         140.16     2.8007e+08
         140.18     2.7942e+08
          140.2     2.7877e+08
         140.22      2.781e+08
         140.24     2.7741e+08
         140.26     2.7671e+08
         140.28     2.7596e+08
          140.3      2.752e+08
         140.32     2.7441e+08
         140.34      2.736e+08
         140.36     2.7273e+08
         140.38     2.7189e+08
          140.4     2.7103e+08
         140.42     2.7014e+08
         140.44     2.6929e+08
         140.46     2.6843e+08
         140.48     2.6763e+08
          140.5     2.6685e+08
         140.52     2.6609e+08
         140.54     2.6536e+08
         140.56     2.6463e+08
         140.58     2.6396e+08
          140.6     2.6328e+08
         140.62     2.6259e+08
         140.64     2.6193e+08
         140.66     2.6128e+08
         140.68     2.6064e+08
          140.7        2.6e+08
         140.72     2.5933e+08
         140.74     2.5867e+08
         140.76     2.5799e+08
         140.78     2.5728e+08
          140.8     2.5656e+08
         140.82     2.5583e+08
         140.84     2.5507e+08
         140.86     2.5427e+08
         140.88     2.5349e+08
          140.9     2.5267e+08
         140.92     2.5187e+08
         140.94     2.5107e+08
         140.96     2.5026e+08
         140.98     2.4945e+08
            141     2.4865e+08
         141.02     2.4788e+08
         141.04     2.4711e+08
         141.06     2.4637e+08
         141.08     2.4568e+08
          141.1       2.45e+08
         141.12     2.4434e+08
         141.14     2.4371e+08
         141.16     2.4306e+08
         141.18     2.4244e+08
          141.2      2.418e+08
         141.22     2.4117e+08
         141.24     2.4054e+08
         141.26     2.3991e+08
         141.28     2.3923e+08
          141.3     2.3854e+08
         141.32     2.3786e+08
         141.34     2.3713e+08
         141.36     2.3641e+08
         141.38     2.3566e+08
          141.4     2.3489e+08
         141.42     2.3412e+08
         141.44     2.3334e+08
         141.46     2.3257e+08
         141.48     2.3176e+08
          141.5     2.3099e+08
         141.52     2.3022e+08
         141.54     2.2943e+08
         141.56     2.2867e+08
         141.58     2.2793e+08
          141.6      2.272e+08
         141.62      2.265e+08
         141.64      2.258e+08
         141.66     2.2514e+08
         141.68     2.2449e+08
          141.7     2.2385e+08
         141.72     2.2319e+08
         141.74     2.2255e+08
         141.76      2.219e+08
         141.78     2.2123e+08
          141.8     2.2058e+08
         141.82     2.1989e+08
         141.84      2.192e+08
         141.86      2.185e+08
         141.88      2.178e+08
          141.9     2.1708e+08
         141.92     2.1633e+08
         141.94     2.1561e+08
         141.96     2.1489e+08
         141.98     2.1416e+08
            142     2.1344e+08
         142.02     2.1271e+08
         142.04       2.12e+08
         142.06     2.1129e+08
         142.08     2.1057e+08
          142.1     2.0989e+08
         142.12     2.0921e+08
         142.14     2.0854e+08
         142.16      2.079e+08
         142.18     2.0728e+08
          142.2     2.0666e+08
         142.22     2.0604e+08
         142.24     2.0545e+08
         142.26     2.0482e+08
         142.28      2.042e+08
          142.3     2.0357e+08
         142.32     2.0296e+08
         142.34     2.0232e+08
         142.36     2.0166e+08
         142.38     2.0102e+08
          142.4     2.0035e+08
         142.42     1.9969e+08
         142.44     1.9902e+08
         142.46     1.9833e+08
         142.48     1.9767e+08
          142.5       1.97e+08
         142.52      1.963e+08
         142.54     1.9564e+08
         142.56     1.9495e+08
         142.58     1.9426e+08
          142.6     1.9358e+08
         142.62     1.9292e+08
         142.64     1.9226e+08
         142.66      1.916e+08
         142.68     1.9097e+08
          142.7     1.9033e+08
         142.72      1.897e+08
         142.74     1.8906e+08
         142.76     1.8846e+08
         142.78     1.8784e+08
          142.8     1.8723e+08
         142.82     1.8662e+08
         142.84     1.8598e+08
         142.86     1.8538e+08
         142.88     1.8476e+08
          142.9     1.8412e+08
         142.92      1.835e+08
         142.94     1.8286e+08
         142.96     1.8221e+08
         142.98     1.8158e+08
            143     1.8095e+08
         143.02     1.8032e+08
         143.04     1.7966e+08
         143.06     1.7903e+08
         143.08     1.7838e+08
          143.1     1.7775e+08
         143.12     1.7712e+08
         143.14     1.7652e+08
         143.16     1.7592e+08
         143.18     1.7532e+08
          143.2     1.7476e+08
         143.22     1.7416e+08
         143.24      1.736e+08
         143.26     1.7304e+08
         143.28     1.7246e+08
          143.3      1.719e+08
         143.32     1.7134e+08
         143.34     1.7079e+08
         143.36     1.7022e+08
         143.38     1.6965e+08
          143.4     1.6908e+08
         143.42     1.6851e+08
         143.44     1.6794e+08
         143.46     1.6736e+08
         143.48     1.6678e+08
          143.5      1.662e+08
         143.52      1.656e+08
         143.54     1.6503e+08
         143.56     1.6441e+08
         143.58     1.6383e+08
          143.6     1.6325e+08
         143.62     1.6268e+08
         143.64     1.6213e+08
         143.66     1.6158e+08
         143.68     1.6104e+08
          143.7      1.605e+08
         143.72     1.5997e+08
         143.74     1.5944e+08
         143.76     1.5889e+08
         143.78     1.5836e+08
          143.8     1.5783e+08
         143.82      1.573e+08
         143.84     1.5675e+08
         143.86      1.562e+08
         143.88     1.5566e+08
          143.9     1.5509e+08
         143.92     1.5453e+08
         143.94     1.5397e+08
         143.96     1.5339e+08
         143.98     1.5283e+08
            144     1.5223e+08
         144.02     1.5166e+08
         144.04     1.5107e+08
         144.06      1.505e+08
         144.08     1.4992e+08
          144.1     1.4938e+08
         144.12     1.4884e+08
         144.14     1.4831e+08
         144.16      1.478e+08
         144.18     1.4729e+08
          144.2     1.4679e+08
         144.22      1.463e+08
         144.24      1.458e+08
         144.26     1.4531e+08
         144.28     1.4484e+08
          144.3     1.4433e+08
         144.32     1.4385e+08
         144.34     1.4335e+08
         144.36     1.4286e+08
         144.38     1.4235e+08
          144.4     1.4184e+08
         144.42     1.4133e+08
         144.44      1.408e+08
         144.46     1.4028e+08
         144.48     1.3975e+08
          144.5     1.3921e+08
         144.52     1.3869e+08
         144.54     1.3818e+08
         144.56     1.3767e+08
         144.58     1.3717e+08
          144.6     1.3666e+08
         144.62     1.3617e+08
         144.64     1.3569e+08
         144.66      1.352e+08
         144.68     1.3474e+08
          144.7     1.3426e+08
         144.72     1.3381e+08
         144.74     1.3333e+08
         144.76     1.3288e+08
         144.78      1.324e+08
          144.8     1.3194e+08
         144.82     1.3147e+08
         144.84     1.3102e+08
         144.86     1.3053e+08
         144.88     1.3007e+08
          144.9     1.2958e+08
         144.92     1.2909e+08
         144.94     1.2861e+08
         144.96      1.281e+08
         144.98     1.2762e+08
            145     1.2712e+08
         145.02     1.2662e+08
         145.04     1.2614e+08
         145.06     1.2565e+08
         145.08     1.2517e+08
          145.1     1.2469e+08
         145.12     1.2422e+08
         145.14     1.2374e+08
         145.16     1.2329e+08
         145.18     1.2282e+08
          145.2     1.2238e+08
         145.22     1.2192e+08
         145.24     1.2148e+08
         145.26     1.2105e+08
         145.28     1.2061e+08
          145.3     1.2018e+08
         145.32     1.1973e+08
         145.34      1.193e+08
         145.36     1.1886e+08
         145.38     1.1843e+08
          145.4       1.18e+08
         145.42     1.1756e+08
         145.44     1.1714e+08
         145.46      1.167e+08
         145.48     1.1627e+08
          145.5     1.1583e+08
         145.52      1.154e+08
         145.54     1.1496e+08
         145.56     1.1453e+08
         145.58     1.1409e+08
          145.6     1.1365e+08
         145.62     1.1322e+08
         145.64     1.1278e+08
         145.66     1.1237e+08
         145.68     1.1193e+08
          145.7     1.1152e+08
         145.72     1.1111e+08
         145.74      1.107e+08
         145.76      1.103e+08
         145.78     1.0989e+08
          145.8      1.095e+08
         145.82     1.0911e+08
         145.84     1.0872e+08
         145.86     1.0833e+08
         145.88     1.0793e+08
          145.9     1.0754e+08
         145.92     1.0715e+08
         145.94     1.0676e+08
         145.96     1.0636e+08
         145.98     1.0596e+08
            146     1.0555e+08
         146.02     1.0515e+08
         146.04     1.0474e+08
         146.06     1.0434e+08
         146.08     1.0393e+08
          146.1     1.0352e+08
         146.12     1.0311e+08
         146.14      1.027e+08
         146.16     1.0229e+08
         146.18     1.0187e+08
          146.2     1.0148e+08
         146.22     1.0107e+08
         146.24     1.0068e+08
         146.26     1.0028e+08
         146.28     9.9896e+07
          146.3     9.9507e+07
         146.32     9.9129e+07
         146.34      9.875e+07
         146.36     9.8376e+07
         146.38     9.8005e+07
          146.4     9.7634e+07
         146.42     9.7266e+07
         146.44     9.6909e+07
         146.46     9.6538e+07
         146.48     9.6186e+07
          146.5      9.581e+07
         146.52     9.5458e+07
         146.54     9.5083e+07
         146.56     9.4726e+07
         146.58     9.4357e+07
          146.6     9.3996e+07
         146.62     9.3633e+07
         146.64     9.3263e+07
         146.66      9.291e+07
         146.68     9.2537e+07
          146.7      9.219e+07
         146.72     9.1822e+07
         146.74     9.1478e+07
         146.76     9.1118e+07
         146.78     9.0779e+07
          146.8     9.0431e+07
         146.82     9.0098e+07
         146.84     8.9762e+07
         146.86     8.9431e+07
         146.88     8.9108e+07
          146.9     8.8777e+07
         146.92      8.846e+07
         146.94     8.8135e+07
         146.96      8.782e+07
         146.98     8.7496e+07
            147     8.7181e+07
         147.02     8.6855e+07
         147.04     8.6545e+07
         147.06     8.6219e+07
         147.08     8.5909e+07
          147.1     8.5575e+07
         147.12      8.526e+07
         147.14     8.4929e+07
         147.16     8.4609e+07
         147.18     8.4281e+07
          147.2     8.3958e+07
         147.22     8.3629e+07
         147.24     8.3301e+07
         147.26     8.2967e+07
         147.28     8.2637e+07
          147.3      8.231e+07
         147.32      8.198e+07
         147.34     8.1661e+07
         147.36     8.1333e+07
         147.38     8.1017e+07
          147.4     8.0697e+07
         147.42     8.0384e+07
         147.44     8.0073e+07
         147.46     7.9761e+07
         147.48     7.9459e+07
          147.5     7.9159e+07
         147.52     7.8862e+07
         147.54     7.8578e+07
         147.56     7.8279e+07
         147.58     7.8004e+07
          147.6     7.7711e+07
         147.62     7.7434e+07
         147.64     7.7156e+07
         147.66     7.6869e+07
         147.68     7.6597e+07
          147.7     7.6315e+07
         147.72     7.6043e+07
         147.74     7.5773e+07
         147.76     7.5493e+07
         147.78     7.5229e+07
          147.8     7.4947e+07
         147.82     7.4681e+07
         147.84     7.4414e+07
         147.86      7.414e+07
         147.88     7.3883e+07
          147.9     7.3603e+07
         147.92     7.3351e+07
         147.94     7.3081e+07
         147.96     7.2826e+07
         147.98      7.257e+07
            148     7.2315e+07
         148.02     7.2064e+07
         148.04     7.1811e+07
         148.06      7.156e+07
         148.08     7.1318e+07
          148.1     7.1076e+07
         148.12     7.0844e+07
         148.14     7.0602e+07
         148.16     7.0373e+07
         148.18     7.0134e+07
          148.2     6.9906e+07
         148.22     6.9664e+07
         148.24      6.943e+07
         148.26      6.919e+07
         148.28      6.895e+07
          148.3     6.8706e+07
         148.32     6.8451e+07
         148.34     6.8203e+07
         148.36     6.7946e+07
         148.38     6.7695e+07
          148.4     6.7438e+07
         148.42     6.7177e+07
         148.44     6.6926e+07
         148.46     6.6667e+07
         148.48     6.6422e+07
          148.5     6.6172e+07
         148.52     6.5922e+07
         148.54     6.5687e+07
         148.56     6.5444e+07
         148.58     6.5213e+07
          148.6      6.498e+07
         148.62     6.4747e+07
         148.64     6.4515e+07
         148.66     6.4292e+07
         148.68     6.4066e+07
          148.7     6.3846e+07
         148.72     6.3633e+07
         148.74     6.3408e+07
         148.76     6.3205e+07
         148.78      6.298e+07
          148.8     6.2778e+07
         148.82     6.2567e+07
         148.84     6.2352e+07
         148.86     6.2147e+07
         148.88     6.1935e+07
          148.9     6.1724e+07
         148.92     6.1513e+07
         148.94     6.1293e+07
         148.96     6.1069e+07
         148.98     6.0857e+07
            149      6.063e+07
         149.02     6.0417e+07
         149.04     6.0194e+07
         149.06     5.9967e+07
         149.08     5.9752e+07
          149.1     5.9522e+07
         149.12     5.9304e+07
         149.14     5.9079e+07
         149.16     5.8858e+07
         149.18     5.8642e+07
          149.2     5.8426e+07
         149.22     5.8218e+07
         149.24     5.8011e+07
         149.26     5.7807e+07
         149.28     5.7603e+07
          149.3     5.7403e+07
         149.32     5.7202e+07
         149.34     5.7002e+07
         149.36     5.6809e+07
         149.38     5.6609e+07
          149.4     5.6419e+07
         149.42     5.6224e+07
         149.44     5.6037e+07
         149.46      5.584e+07
         149.48     5.5649e+07
          149.5     5.5456e+07
         149.52     5.5253e+07
         149.54     5.5068e+07
         149.56     5.4863e+07
         149.58     5.4672e+07
          149.6     5.4477e+07
         149.62     5.4268e+07
         149.64     5.4072e+07
         149.66     5.3865e+07
         149.68     5.3659e+07
          149.7     5.3459e+07
         149.72     5.3253e+07
         149.74     5.3047e+07
         149.76     5.2845e+07
         149.78     5.2642e+07
          149.8     5.2437e+07
         149.82     5.2236e+07
         149.84     5.2035e+07
         149.86     5.1833e+07
         149.88     5.1633e+07
          149.9     5.1434e+07
         149.92     5.1229e+07
         149.94     5.1035e+07
         149.96     5.0839e+07
         149.98     5.0633e+07
            150     5.0442e+07
         150.02     5.0247e+07
         150.04     5.0044e+07
         150.06     4.9858e+07
         150.08     4.9659e+07
          150.1     4.9463e+07
         150.12     4.9276e+07
         150.14     4.9076e+07
         150.16     4.8885e+07
         150.18     4.8693e+07
          150.2     4.8501e+07
         150.22     4.8312e+07
         150.24      4.812e+07
         150.26     4.7936e+07
         150.28     4.7748e+07
          150.3     4.7563e+07
         150.32     4.7383e+07
         150.34     4.7193e+07
         150.36     4.7019e+07
         150.38     4.6835e+07
          150.4     4.6659e+07
         150.42     4.6484e+07
         150.44     4.6298e+07
         150.46     4.6124e+07
         150.48     4.5942e+07
          150.5     4.5764e+07
         150.52      4.559e+07
         150.54     4.5405e+07
         150.56      4.523e+07
         150.58     4.5049e+07
          150.6     4.4871e+07
         150.62     4.4694e+07
         150.64     4.4509e+07
         150.66     4.4329e+07
         150.68     4.4151e+07
          150.7     4.3973e+07
         150.72     4.3792e+07
         150.74     4.3611e+07
         150.76     4.3439e+07
         150.78     4.3256e+07
          150.8      4.308e+07
         150.82      4.291e+07
         150.84     4.2725e+07
         150.86     4.2555e+07
         150.88     4.2386e+07
          150.9      4.221e+07
         150.92      4.204e+07
         150.94     4.1866e+07
         150.96     4.1695e+07
         150.98     4.1521e+07
            151     4.1346e+07
         151.02     4.1177e+07
         151.04     4.0997e+07
         151.06     4.0824e+07
         151.08     4.0652e+07
          151.1     4.0472e+07
         151.12       4.03e+07
         151.14     4.0122e+07
         151.16     3.9949e+07
         151.18     3.9772e+07
          151.2     3.9595e+07
         151.22      3.943e+07
         151.24     3.9253e+07
         151.26     3.9079e+07
         151.28     3.8916e+07
          151.3     3.8741e+07
         151.32      3.857e+07
         151.34     3.8407e+07
         151.36     3.8236e+07
         151.38     3.8074e+07
          151.4     3.7907e+07
         151.42     3.7743e+07
         151.44     3.7584e+07
         151.46     3.7418e+07
         151.48     3.7256e+07
          151.5     3.7095e+07
         151.52     3.6938e+07
         151.54     3.6777e+07
         151.56     3.6611e+07
         151.58     3.6457e+07
          151.6     3.6299e+07
         151.62     3.6138e+07
         151.64     3.5981e+07
         151.66     3.5825e+07
         151.68     3.5671e+07
          151.7     3.5514e+07
         151.72     3.5359e+07
         151.74      3.521e+07
         151.76     3.5059e+07
         151.78     3.4905e+07
          151.8     3.4759e+07
         151.82     3.4613e+07
         151.84     3.4464e+07
         151.86     3.4319e+07
         151.88     3.4174e+07
          151.9     3.4027e+07
         151.92     3.3885e+07
         151.94     3.3742e+07
         151.96     3.3592e+07
         151.98     3.3452e+07
            152      3.331e+07
         152.02     3.3159e+07
         152.04     3.3015e+07
         152.06      3.287e+07
         152.08     3.2721e+07
          152.1     3.2578e+07
         152.12     3.2429e+07
         152.14     3.2281e+07
         152.16     3.2139e+07
         152.18     3.1991e+07
          152.2     3.1844e+07
         152.22     3.1702e+07
         152.24     3.1555e+07
         152.26     3.1412e+07
         152.28     3.1273e+07
          152.3     3.1127e+07
         152.32     3.0989e+07
         152.34     3.0856e+07
         152.36     3.0711e+07
         152.38      3.058e+07
          152.4     3.0445e+07
         152.42     3.0303e+07
         152.44     3.0175e+07
         152.46     3.0039e+07
         152.48     2.9901e+07
          152.5     2.9769e+07
         152.52     2.9629e+07
         152.54     2.9493e+07
         152.56     2.9358e+07
         152.58     2.9218e+07
          152.6     2.9079e+07
         152.62     2.8941e+07
         152.64     2.8804e+07
         152.66     2.8666e+07
         152.68     2.8527e+07
          152.7     2.8391e+07
         152.72     2.8259e+07
         152.74     2.8125e+07
         152.76     2.7992e+07
         152.78     2.7865e+07
          152.8     2.7738e+07
         152.82     2.7612e+07
         152.84     2.7495e+07
         152.86     2.7376e+07
         152.88     2.7257e+07
          152.9     2.7146e+07
         152.92     2.7033e+07
         152.94      2.692e+07
         152.96     2.6811e+07
         152.98       2.67e+07
            153     2.6589e+07
         153.02     2.6478e+07
         153.04     2.6366e+07
         153.06     2.6254e+07
         153.08     2.6142e+07
          153.1     2.6025e+07
         153.12     2.5907e+07
         153.14     2.5792e+07
         153.16     2.5669e+07
         153.18     2.5545e+07
          153.2      2.543e+07
         153.22     2.5302e+07
         153.24     2.5178e+07
         153.26     2.5061e+07
         153.28     2.4932e+07
          153.3     2.4814e+07
         153.32     2.4701e+07
         153.34     2.4577e+07
         153.36     2.4464e+07
         153.38     2.4357e+07
          153.4     2.4239e+07
         153.42     2.4133e+07
         153.44     2.4032e+07
         153.46     2.3924e+07
         153.48     2.3819e+07
          153.5     2.3722e+07
         153.52     2.3617e+07
         153.54     2.3513e+07
         153.56     2.3416e+07
         153.58     2.3311e+07
          153.6     2.3206e+07
         153.62     2.3106e+07
         153.64     2.2995e+07
         153.66     2.2889e+07
         153.68     2.2784e+07
          153.7     2.2671e+07
         153.72     2.2563e+07
         153.74     2.2453e+07
         153.76     2.2341e+07
         153.78     2.2229e+07
          153.8     2.2119e+07
         153.82     2.2009e+07
         153.84       2.19e+07
         153.86     2.1798e+07
         153.88     2.1697e+07
          153.9     2.1598e+07
         153.92     2.1506e+07
         153.94     2.1414e+07
         153.96     2.1326e+07
         153.98     2.1243e+07
            154     2.1156e+07
         154.02     2.1078e+07
         154.04     2.1001e+07
         154.06     2.0917e+07
         154.08     2.0842e+07
          154.1     2.0765e+07
         154.12      2.068e+07
         154.14     2.0601e+07
         154.16     2.0519e+07
         154.18     2.0429e+07
          154.2     2.0342e+07
         154.22     2.0253e+07
         154.24     2.0157e+07
         154.26     2.0061e+07
         154.28     1.9966e+07
          154.3     1.9867e+07
         154.32     1.9763e+07
         154.34     1.9665e+07
         154.36     1.9565e+07
         154.38     1.9464e+07
          154.4     1.9371e+07
         154.42      1.928e+07
         154.44      1.919e+07
         154.46      1.911e+07
         154.48     1.9033e+07
          154.5     1.8956e+07
         154.52     1.8887e+07
         154.54     1.8818e+07
         154.56     1.8751e+07
         154.58     1.8689e+07
          154.6     1.8626e+07
         154.62     1.8564e+07
         154.64     1.8502e+07
         154.66     1.8438e+07
         154.68     1.8374e+07
          154.7     1.8306e+07
         154.72     1.8235e+07
         154.74     1.8164e+07
         154.76     1.8084e+07
         154.78     1.8003e+07
          154.8      1.792e+07
         154.82     1.7828e+07
         154.84     1.7733e+07
         154.86     1.7639e+07
         154.88      1.754e+07
          154.9     1.7439e+07
         154.92     1.7345e+07
         154.94      1.725e+07
         154.96      1.716e+07
         154.98     1.7079e+07
            155     1.7004e+07
         155.02     1.6933e+07
         155.04     1.6865e+07
         155.06     1.6805e+07
         155.08     1.6748e+07
          155.1      1.669e+07
         155.12     1.6637e+07
         155.14     1.6589e+07
         155.16     1.6539e+07
         155.18      1.649e+07
          155.2     1.6444e+07
         155.22     1.6397e+07
         155.24     1.6349e+07
         155.26     1.6297e+07
         155.28     1.6246e+07
          155.3     1.6192e+07
         155.32     1.6131e+07
         155.34     1.6069e+07
         155.36     1.6004e+07
         155.38     1.5931e+07
          155.4     1.5858e+07
         155.42      1.578e+07
         155.44     1.5695e+07
         155.46     1.5611e+07
         155.48     1.5522e+07
          155.5     1.5429e+07
         155.52     1.5344e+07
         155.54     1.5265e+07
         155.56     1.5189e+07
         155.58      1.512e+07
          155.6     1.5053e+07
         155.62     1.4994e+07
         155.64     1.4938e+07
         155.66     1.4881e+07
         155.68     1.4831e+07
          155.7     1.4783e+07
         155.72     1.4733e+07
         155.74     1.4688e+07
         155.76     1.4644e+07
         155.78     1.4598e+07
          155.8     1.4554e+07
         155.82     1.4509e+07
         155.84     1.4461e+07
         155.86     1.4411e+07
         155.88     1.4361e+07
          155.9     1.4308e+07
         155.92     1.4249e+07
         155.94     1.4189e+07
         155.96     1.4127e+07
         155.98     1.4061e+07
            156      1.399e+07
         156.02     1.3919e+07
         156.04     1.3845e+07
         156.06     1.3768e+07
         156.08     1.3693e+07
          156.1     1.3617e+07
         156.12     1.3544e+07
         156.14     1.3478e+07
         156.16     1.3415e+07
         156.18     1.3355e+07
          156.2     1.3301e+07
         156.22     1.3251e+07
         156.24     1.3201e+07
         156.26     1.3155e+07
         156.28     1.3114e+07
          156.3     1.3073e+07
         156.32     1.3032e+07
         156.34     1.2995e+07
         156.36     1.2957e+07
         156.38     1.2921e+07
          156.4     1.2882e+07
         156.42     1.2841e+07
         156.44     1.2802e+07
         156.46     1.2759e+07
         156.48     1.2714e+07
          156.5     1.2667e+07
         156.52     1.2616e+07
         156.54     1.2563e+07
         156.56     1.2508e+07
         156.58      1.245e+07
          156.6     1.2388e+07
         156.62     1.2328e+07
         156.64     1.2266e+07
         156.66     1.2201e+07
         156.68     1.2137e+07
          156.7     1.2076e+07
         156.72     1.2016e+07
         156.74     1.1957e+07
         156.76     1.1903e+07
         156.78     1.1851e+07
          156.8     1.1799e+07
         156.82     1.1752e+07
         156.84     1.1707e+07
         156.86     1.1663e+07
         156.88     1.1621e+07
          156.9      1.158e+07
         156.92      1.154e+07
         156.94     1.1502e+07
         156.96     1.1461e+07
         156.98     1.1422e+07
            157     1.1384e+07
         157.02     1.1339e+07
         157.04     1.1298e+07
         157.06     1.1256e+07
         157.08     1.1208e+07
          157.1      1.116e+07
         157.12     1.1113e+07
         157.14     1.1063e+07
         157.16      1.101e+07
         157.18     1.0957e+07
          157.2     1.0904e+07
         157.22     1.0849e+07
         157.24     1.0794e+07
         157.26     1.0742e+07
         157.28     1.0689e+07
          157.3     1.0637e+07
         157.32     1.0588e+07
         157.34     1.0541e+07
         157.36     1.0495e+07
         157.38     1.0452e+07
          157.4      1.041e+07
         157.42     1.0371e+07
         157.44     1.0334e+07
         157.46     1.0299e+07
         157.48     1.0264e+07
          157.5     1.0232e+07
         157.52       1.02e+07
         157.54      1.017e+07
         157.56     1.0139e+07
         157.58     1.0107e+07
          157.6     1.0077e+07
         157.62     1.0045e+07
         157.64     1.0011e+07
         157.66     9.9771e+06
         157.68     9.9416e+06
          157.7     9.9051e+06
         157.72     9.8664e+06
         157.74     9.8262e+06
         157.76     9.7852e+06
         157.78     9.7415e+06
          157.8     9.6985e+06
         157.82     9.6539e+06
         157.84     9.6094e+06
         157.86     9.5641e+06
         157.88     9.5189e+06
          157.9     9.4752e+06
         157.92     9.4311e+06
         157.94     9.3875e+06
         157.96     9.3469e+06
         157.98     9.3053e+06
            158     9.2637e+06
         158.02     9.2276e+06
         158.04     9.1913e+06
         158.06     9.1541e+06
         158.08     9.1213e+06
          158.1     9.0891e+06
         158.12     9.0553e+06
         158.14     9.0239e+06
         158.16     8.9932e+06
         158.18     8.9632e+06
          158.2      8.932e+06
         158.22     8.9003e+06
         158.24     8.8704e+06
         158.26     8.8378e+06
         158.28     8.8043e+06
          158.3     8.7712e+06
         158.32     8.7357e+06
         158.34     8.7007e+06
         158.36     8.6639e+06
         158.38     8.6275e+06
          158.4     8.5902e+06
         158.42      8.553e+06
         158.44     8.5162e+06
         158.46     8.4796e+06
         158.48     8.4417e+06
          158.5     8.4064e+06
         158.52     8.3716e+06
         158.54     8.3377e+06
         158.56     8.3052e+06
         158.58     8.2737e+06
          158.6     8.2435e+06
         158.62     8.2162e+06
         158.64     8.1898e+06
         158.66      8.165e+06
         158.68     8.1418e+06
          158.7       8.12e+06
         158.72     8.0978e+06
         158.74     8.0753e+06
         158.76     8.0523e+06
         158.78     8.0302e+06
          158.8      8.007e+06
         158.82     7.9825e+06
         158.84     7.9589e+06
         158.86     7.9341e+06
         158.88     7.9085e+06
          158.9     7.8825e+06
         158.92     7.8545e+06
         158.94     7.8248e+06
         158.96     7.7965e+06
         158.98     7.7672e+06
            159     7.7363e+06
         159.02     7.7055e+06
         159.04      7.675e+06
         159.06     7.6446e+06
         159.08     7.6139e+06
          159.1     7.5848e+06
         159.12     7.5568e+06
         159.14     7.5309e+06
         159.16     7.5072e+06
         159.18      7.483e+06
          159.2     7.4607e+06
         159.22     7.4414e+06
         159.24     7.4217e+06
         159.26     7.4028e+06
         159.28     7.3855e+06
          159.3     7.3682e+06
         159.32     7.3492e+06
         159.34     7.3318e+06
         159.36     7.3118e+06
         159.38     7.2905e+06
          159.4     7.2695e+06
         159.42     7.2466e+06
         159.44     7.2236e+06
         159.46     7.1987e+06
         159.48     7.1725e+06
          159.5      7.147e+06
         159.52     7.1188e+06
         159.54      7.089e+06
         159.56     7.0602e+06
         159.58     7.0308e+06
          159.6     7.0024e+06
         159.62      6.974e+06
         159.64     6.9473e+06
         159.66     6.9226e+06
         159.68     6.8995e+06
          159.7     6.8792e+06
         159.72     6.8606e+06
         159.74      6.844e+06
         159.76     6.8306e+06
         159.78     6.8175e+06
          159.8     6.8063e+06
         159.82     6.7968e+06
         159.84     6.7868e+06
         159.86     6.7792e+06
         159.88     6.7707e+06
          159.9     6.7615e+06
         159.92     6.7525e+06
         159.94     6.7434e+06
         159.96     6.7326e+06
         159.98     6.7211e+06
            160     6.7094e+06
