; gme_cmp.txt
              0        -313.07              0
      0.0058594         -18.92        0.24801
       0.011719        -12.903        0.24602
       0.017578        -9.3864        0.24403
       0.023438        -6.8956        0.24205
       0.029297        -4.9676        0.24008
       0.035156        -3.3964        0.23813
       0.041016        -2.0719        0.23618
       0.046875       -0.92858        0.23425
       0.052734       0.075982        0.23234
       0.058594        0.97076        0.23045
       0.064453         1.7764        0.22858
       0.070313         2.5083        0.22673
       0.076172          3.178        0.22491
       0.082031         3.7947        0.22311
       0.087891         4.3655        0.22133
        0.09375         4.8963        0.21958
       0.099609         5.3918        0.21786
        0.10547         5.8561        0.21616
        0.11133         6.2926        0.21449
        0.11719          6.704        0.21285
        0.12305         7.0928        0.21124
        0.12891         7.4611        0.20965
        0.13477         7.8108        0.20809
        0.14063         8.1435        0.20656
        0.14648         8.4605        0.20505
        0.15234         8.7632        0.20357
         0.1582         9.0527        0.20212
        0.16406         9.3299        0.20069
        0.16992         9.5958        0.19928
        0.17578         9.8512         0.1979
        0.18164         10.097        0.19654
         0.1875         10.333        0.19521
        0.19336         10.561        0.19389
        0.19922         10.781         0.1926
        0.20508         10.993        0.19133
        0.21094         11.198        0.19007
         0.2168         11.397        0.18884
        0.22266          11.59        0.18762
        0.22852         11.776        0.18643
        0.23438         11.957        0.18525
        0.24023         12.133        0.18408
        0.24609         12.303        0.18293
        0.25195         12.469         0.1818
        0.25781         12.631        0.18068
        0.26367         12.788        0.17957
        0.26953         12.941        0.17848
        0.27539          13.09         0.1774
        0.28125         13.236        0.17633
        0.28711         13.378        0.17527
        0.29297         13.516        0.17423
        0.29883         13.652        0.17319
        0.30469         13.784        0.17217
        0.31055         13.913        0.17116
        0.31641         14.039        0.17015
        0.32227         14.163        0.16915
        0.32813         14.284        0.16817
        0.33398         14.402        0.16719
        0.33984         14.518        0.16622
         0.3457         14.632        0.16526
        0.35156         14.743         0.1643
        0.35742         14.852        0.16335
        0.36328         14.959        0.16241
        0.36914         15.064        0.16147
          0.375         15.167        0.16055
        0.38086         15.268        0.15962
        0.38672         15.367        0.15871
        0.39258         15.464         0.1578
        0.39844          15.56        0.15689
         0.4043         15.654        0.15599
        0.41016         15.746         0.1551
        0.41602         15.836        0.15421
        0.42188         15.925        0.15332
        0.42773         16.013        0.15244
        0.43359         16.098        0.15157
        0.43945         16.183         0.1507
        0.44531         16.266        0.14983
        0.45117         16.348        0.14897
        0.45703         16.428        0.14811
        0.46289         16.507        0.14726
        0.46875         16.585        0.14641
        0.47461         16.662        0.14556
        0.48047         16.737        0.14472
        0.48633         16.811        0.14388
        0.49219         16.884        0.14305
        0.49805         16.956        0.14221
        0.50391         17.027        0.14139
        0.50977         17.096        0.14056
        0.51563         17.165        0.13974
        0.52148         17.232        0.13892
        0.52734         17.299        0.13811
         0.5332         17.364         0.1373
        0.53906         17.429        0.13649
        0.54492         17.493        0.13568
        0.55078         17.555        0.13488
        0.55664         17.617        0.13408
         0.5625         17.678        0.13328
        0.56836         17.738        0.13249
        0.57422         17.797         0.1317
        0.58008         17.855        0.13091
        0.58594         17.913        0.13013
         0.5918         17.969        0.12934
        0.59766         18.025        0.12856
        0.60352          18.08        0.12779
        0.60938         18.134        0.12701
        0.61523         18.188        0.12624
        0.62109         18.241        0.12547
        0.62695         18.293        0.12471
        0.63281         18.344        0.12394
        0.63867         18.395        0.12318
        0.64453         18.444        0.12242
        0.65039         18.494        0.12167
        0.65625         18.542        0.12091
        0.66211          18.59        0.12016
        0.66797         18.637        0.11942
        0.67383         18.684        0.11867
        0.67969          18.73        0.11793
        0.68555         18.775        0.11719
        0.69141          18.82        0.11645
        0.69727         18.864        0.11571
        0.70313         18.907        0.11498
        0.70898          18.95        0.11425
        0.71484         18.993        0.11352
         0.7207         19.034        0.11279
        0.72656         19.076        0.11207
        0.73242         19.116        0.11135
        0.73828         19.156        0.11063
        0.74414         19.196        0.10991
           0.75         19.235        0.10919
        0.75586         19.274        0.10848
        0.76172         19.312        0.10777
        0.76758         19.349        0.10706
        0.77344         19.386        0.10636
         0.7793         19.423        0.10566
        0.78516         19.459        0.10496
        0.79102         19.495        0.10426
        0.79688          19.53        0.10356
        0.80273         19.564        0.10287
        0.80859         19.599        0.10218
        0.81445         19.633        0.10149
        0.82031         19.666         0.1008
        0.82617         19.699        0.10011
        0.83203         19.731       0.099432
        0.83789         19.763       0.098751
        0.84375         19.795       0.098073
        0.84961         19.826       0.097397
        0.85547         19.857       0.096723
        0.86133         19.888       0.096052
        0.86719         19.918       0.095382
        0.87305         19.947       0.094715
        0.87891         19.977        0.09405
        0.88477         20.005       0.093387
        0.89063         20.034       0.092726
        0.89648         20.062       0.092068
        0.90234          20.09       0.091411
         0.9082         20.117       0.090757
        0.91406         20.144       0.090105
        0.91992         20.171       0.089455
        0.92578         20.198       0.088807
        0.93164         20.224       0.088162
         0.9375         20.249       0.087518
        0.94336         20.275       0.086877
        0.94922           20.3       0.086237
        0.95508         20.324         0.0856
        0.96094         20.349       0.084965
         0.9668         20.373       0.084332
        0.97266         20.397       0.083701
        0.97852          20.42       0.083072
        0.98438         20.443       0.082445
        0.99023         20.466        0.08182
        0.99609         20.489       0.081198
          1.002         20.511       0.080577
         1.0078         20.533       0.079958
         1.0137         20.554       0.079342
         1.0195         20.576       0.078727
         1.0254         20.597       0.078115
         1.0313         20.618       0.077504
         1.0371         20.638       0.076896
          1.043         20.659       0.076289
         1.0488         20.679       0.075685
         1.0547         20.698       0.075082
         1.0605         20.718       0.074482
         1.0664         20.737       0.073883
         1.0723         20.756       0.073287
         1.0781         20.775       0.072692
          1.084         20.793       0.072099
         1.0898         20.812       0.071509
         1.0957          20.83        0.07092
         1.1016         20.847       0.070333
         1.1074         20.865       0.069748
         1.1133         20.882       0.069165
         1.1191         20.899       0.068584
          1.125         20.916       0.068005
         1.1309         20.933       0.067428
         1.1367         20.949       0.066852
         1.1426         20.965       0.066279
         1.1484         20.981       0.065707
         1.1543         20.997       0.065138
         1.1602         21.012        0.06457
          1.166         21.028       0.064004
         1.1719         21.043        0.06344
         1.1777         21.058       0.062878
         1.1836         21.072       0.062317
         1.1895         21.087       0.061759
         1.1953         21.101       0.061202
         1.2012         21.115       0.060647
          1.207         21.129       0.060094
         1.2129         21.143       0.059543
         1.2188         21.156       0.058994
         1.2246          21.17       0.058446
         1.2305         21.183         0.0579
         1.2363         21.196       0.057356
         1.2422         21.208       0.056814
          1.248         21.221       0.056273
         1.2539         21.233       0.055734
         1.2598         21.246       0.055197
         1.2656         21.258       0.054662
         1.2715         21.269       0.054128
         1.2773         21.281       0.053597
         1.2832         21.293       0.053067
         1.2891         21.304       0.052538
         1.2949         21.315       0.052012
         1.3008         21.326       0.051487
         1.3066         21.337       0.050963
         1.3125         21.348       0.050442
         1.3184         21.358       0.049922
         1.3242         21.369       0.049404
         1.3301         21.379       0.048887
         1.3359         21.389       0.048372
         1.3418         21.399       0.047859
         1.3477         21.409       0.047348
         1.3535         21.418       0.046838
         1.3594         21.428        0.04633
         1.3652         21.437       0.045823
         1.3711         21.446       0.045318
          1.377         21.455       0.044815
         1.3828         21.464       0.044313
         1.3887         21.473       0.043813
         1.3945         21.482       0.043314
         1.4004          21.49       0.042817
         1.4063         21.499       0.042322
         1.4121         21.507       0.041828
          1.418         21.515       0.041336
         1.4238         21.523       0.040845
         1.4297         21.531       0.040356
         1.4355         21.538       0.039869
         1.4414         21.546       0.039383
         1.4473         21.553       0.038898
         1.4531         21.561       0.038415
          1.459         21.568       0.037934
         1.4648         21.575       0.037454
         1.4707         21.582       0.036976
         1.4766         21.589       0.036499
         1.4824         21.595       0.036023
         1.4883         21.602       0.035549
         1.4941         21.608       0.035077
            1.5         21.615       0.034606
         1.5059         21.621       0.034137
         1.5117         21.627       0.033669
         1.5176         21.633       0.033202
         1.5234         21.639       0.032737
         1.5293         21.645       0.032274
         1.5352          21.65       0.031811
          1.541         21.656       0.031351
         1.5469         21.661       0.030891
         1.5527         21.667       0.030434
         1.5586         21.672       0.029977
         1.5645         21.677       0.029522
         1.5703         21.682       0.029068
         1.5762         21.687       0.028616
          1.582         21.692       0.028165
         1.5879         21.697       0.027716
         1.5938         21.701       0.027268
         1.5996         21.706       0.026821
         1.6055          21.71       0.026376
         1.6113         21.714       0.025932
         1.6172         21.719       0.025489
          1.623         21.723       0.025048
         1.6289         21.727       0.024608
         1.6348         21.731       0.024169
         1.6406         21.735       0.023732
         1.6465         21.738       0.023296
         1.6523         21.742       0.022862
         1.6582         21.746       0.022428
         1.6641         21.749       0.021997
         1.6699         21.753       0.021566
         1.6758         21.756       0.021137
         1.6816         21.759       0.020708
         1.6875         21.762       0.020282
         1.6934         21.765       0.019856
         1.6992         21.768       0.019432
         1.7051         21.771       0.019009
         1.7109         21.774       0.018587
         1.7168         21.777       0.018167
         1.7227         21.779       0.017748
         1.7285         21.782        0.01733
         1.7344         21.785       0.016913
         1.7402         21.787       0.016498
         1.7461         21.789       0.016084
          1.752         21.791       0.015671
         1.7578         21.794       0.015259
         1.7637         21.796       0.014848
         1.7695         21.798       0.014439
         1.7754           21.8       0.014031
         1.7813         21.802       0.013624
         1.7871         21.803       0.013218
          1.793         21.805       0.012814
         1.7988         21.807       0.012411
         1.8047         21.808       0.012008
         1.8105          21.81       0.011607
         1.8164         21.811       0.011208
         1.8223         21.813       0.010809
         1.8281         21.814       0.010412
          1.834         21.815       0.010015
         1.8398         21.816      0.0096201
         1.8457         21.817       0.009226
         1.8516         21.818      0.0088332
         1.8574         21.819      0.0084414
         1.8633          21.82      0.0080508
         1.8691         21.821      0.0076613
          1.875         21.822      0.0072729
         1.8809         21.823      0.0068857
         1.8867         21.823      0.0064995
         1.8926         21.824      0.0061145
         1.8984         21.824      0.0057306
         1.9043         21.825      0.0053477
         1.9102         21.825       0.004966
          1.916         21.825      0.0045854
         1.9219         21.826      0.0042058
         1.9277         21.826      0.0038273
         1.9336         21.826      0.0034499
         1.9395         21.826      0.0030735
         1.9453         21.826      0.0026982
         1.9512         21.826       0.002324
          1.957         21.826      0.0019509
         1.9629         21.826      0.0015787
         1.9688         21.826      0.0012077
         1.9746         21.825     0.00083765
         1.9805         21.825     0.00046866
         1.9863         21.825     0.00010071
         1.9922         21.824    -0.00026621
          1.998         21.824    -0.00063211
         2.0039         21.823    -0.00099699
         2.0098         21.823     -0.0013609
         2.0156         21.822     -0.0017237
         2.0215         21.821     -0.0020855
         2.0273          21.82     -0.0024464
         2.0332          21.82     -0.0028062
         2.0391         21.819     -0.0031651
         2.0449         21.818     -0.0035229
         2.0508         21.817     -0.0038798
         2.0566         21.816     -0.0042356
         2.0625         21.815     -0.0045906
         2.0684         21.814     -0.0049445
         2.0742         21.813     -0.0052974
         2.0801         21.811     -0.0056494
         2.0859          21.81     -0.0060005
         2.0918         21.809     -0.0063505
         2.0977         21.807     -0.0066996
         2.1035         21.806     -0.0070478
         2.1094         21.805      -0.007395
         2.1152         21.803     -0.0077413
         2.1211         21.801     -0.0080866
          2.127           21.8      -0.008431
         2.1328         21.798     -0.0087745
         2.1387         21.797      -0.009117
         2.1445         21.795     -0.0094586
         2.1504         21.793     -0.0097993
         2.1563         21.791      -0.010139
         2.1621         21.789      -0.010478
          2.168         21.787      -0.010816
         2.1738         21.786      -0.011153
         2.1797         21.784      -0.011489
         2.1855         21.781      -0.011824
         2.1914         21.779      -0.012159
         2.1973         21.777      -0.012492
         2.2031         21.775      -0.012825
          2.209         21.773      -0.013157
         2.2148         21.771      -0.013487
         2.2207         21.768      -0.013817
         2.2266         21.766      -0.014146
         2.2324         21.764      -0.014475
         2.2383         21.761      -0.014802
         2.2441         21.759      -0.015128
           2.25         21.756      -0.015454
         2.2559         21.754      -0.015779
         2.2617         21.751      -0.016103
         2.2676         21.749      -0.016426
         2.2734         21.746      -0.016748
         2.2793         21.743      -0.017069
         2.2852         21.741       -0.01739
          2.291         21.738       -0.01771
         2.2969         21.735      -0.018028
         2.3027         21.732      -0.018346
         2.3086         21.729      -0.018664
         2.3145         21.726       -0.01898
         2.3203         21.723      -0.019296
         2.3262          21.72       -0.01961
          2.332         21.717      -0.019924
         2.3379         21.714      -0.020237
         2.3438         21.711       -0.02055
         2.3496         21.708      -0.020861
         2.3555         21.705      -0.021172
         2.3613         21.702      -0.021482
         2.3672         21.699      -0.021791
          2.373         21.695      -0.022099
         2.3789         21.692      -0.022407
         2.3848         21.689      -0.022714
         2.3906         21.685       -0.02302
         2.3965         21.682      -0.023325
         2.4023         21.679      -0.023629
         2.4082         21.675      -0.023933
         2.4141         21.672      -0.024236
         2.4199         21.668      -0.024538
         2.4258         21.665       -0.02484
         2.4316         21.661       -0.02514
         2.4375         21.657       -0.02544
         2.4434         21.654      -0.025739
         2.4492          21.65      -0.026037
         2.4551         21.646      -0.026335
         2.4609         21.643      -0.026632
         2.4668         21.639      -0.026928
         2.4727         21.635      -0.027223
         2.4785         21.631      -0.027518
         2.4844         21.627      -0.027812
         2.4902         21.623      -0.028105
         2.4961         21.619      -0.028398
          2.502         21.615      -0.028689
         2.5078         21.611       -0.02898
         2.5137         21.607       -0.02927
         2.5195         21.603       -0.02956
         2.5254         21.599      -0.029849
         2.5313         21.595      -0.030137
         2.5371         21.591      -0.030424
          2.543         21.587      -0.030711
         2.5488         21.583      -0.030997
         2.5547         21.579      -0.031282
         2.5605         21.574      -0.031567
         2.5664          21.57      -0.031851
         2.5723         21.566      -0.032134
         2.5781         21.561      -0.032417
          2.584         21.557      -0.032698
         2.5898         21.553       -0.03298
         2.5957         21.548       -0.03326
         2.6016         21.544       -0.03354
         2.6074         21.539      -0.033819
         2.6133         21.535      -0.034097
         2.6191          21.53      -0.034375
          2.625         21.526      -0.034652
         2.6309         21.521      -0.034928
         2.6367         21.517      -0.035204
         2.6426         21.512      -0.035479
         2.6484         21.507      -0.035754
         2.6543         21.503      -0.036027
         2.6602         21.498      -0.036301
          2.666         21.493      -0.036573
         2.6719         21.489      -0.036845
         2.6777         21.484      -0.037116
         2.6836         21.479      -0.037386
         2.6895         21.474      -0.037656
         2.6953         21.469      -0.037925
         2.7012         21.465      -0.038194
          2.707          21.46      -0.038462
         2.7129         21.455      -0.038729
         2.7188          21.45      -0.038996
         2.7246         21.445      -0.039262
         2.7305          21.44      -0.039527
         2.7363         21.435      -0.039792
         2.7422          21.43      -0.040056
          2.748         21.425       -0.04032
         2.7539          21.42      -0.040582
         2.7598         21.415      -0.040845
         2.7656          21.41      -0.041106
         2.7715         21.404      -0.041367
         2.7773         21.399      -0.041628
         2.7832         21.394      -0.041888
         2.7891         21.389      -0.042147
         2.7949         21.384      -0.042405
         2.8008         21.378      -0.042663
         2.8066         21.373      -0.042921
         2.8125         21.368      -0.043178
         2.8184         21.362      -0.043434
         2.8242         21.357      -0.043689
         2.8301         21.352      -0.043944
         2.8359         21.346      -0.044199
         2.8418         21.341      -0.044453
         2.8477         21.336      -0.044706
         2.8535          21.33      -0.044959
         2.8594         21.325      -0.045211
         2.8652         21.319      -0.045462
         2.8711         21.314      -0.045713
          2.877         21.308      -0.045963
         2.8828         21.303      -0.046213
         2.8887         21.297      -0.046462
         2.8945         21.291      -0.046711
         2.9004         21.286      -0.046959
         2.9063          21.28      -0.047206
         2.9121         21.275      -0.047453
          2.918         21.269        -0.0477
         2.9238         21.263      -0.047945
         2.9297         21.257      -0.048191
         2.9355         21.252      -0.048435
         2.9414         21.246      -0.048679
         2.9473          21.24      -0.048923
         2.9531         21.234      -0.049166
          2.959         21.229      -0.049408
         2.9648         21.223       -0.04965
         2.9707         21.217      -0.049892
         2.9766         21.211      -0.050132
         2.9824         21.205      -0.050373
         2.9883         21.199      -0.050612
         2.9941         21.193      -0.050852
              3         21.187       -0.05109
         3.0059         21.181      -0.051328
         3.0117         21.175      -0.051566
         3.0176         21.169      -0.051803
         3.0234         21.163      -0.052039
         3.0293         21.157      -0.052275
         3.0352         21.151      -0.052511
          3.041         21.145      -0.052746
         3.0469         21.139       -0.05298
         3.0527         21.133      -0.053214
         3.0586         21.127      -0.053447
         3.0645         21.121       -0.05368
         3.0703         21.115      -0.053913
         3.0762         21.109      -0.054144
          3.082         21.102      -0.054376
         3.0879         21.096      -0.054606
         3.0938          21.09      -0.054837
         3.0996         21.084      -0.055066
         3.1055         21.077      -0.055296
         3.1113         21.071      -0.055524
         3.1172         21.065      -0.055753
          3.123         21.058       -0.05598
         3.1289         21.052      -0.056207
         3.1348         21.046      -0.056434
         3.1406         21.039       -0.05666
         3.1465         21.033      -0.056886
         3.1523         21.027      -0.057111
         3.1582          21.02      -0.057336
         3.1641         21.014       -0.05756
         3.1699         21.007      -0.057784
         3.1758         21.001      -0.058007
         3.1816         20.994       -0.05823
         3.1875         20.988      -0.058452
         3.1934         20.981      -0.058674
         3.1992         20.975      -0.058895
         3.2051         20.968      -0.059116
         3.2109         20.962      -0.059336
         3.2168         20.955      -0.059556
         3.2227         20.948      -0.059776
         3.2285         20.942      -0.059995
         3.2344         20.935      -0.060213
         3.2402         20.929      -0.060431
         3.2461         20.922      -0.060648
          3.252         20.915      -0.060865
         3.2578         20.909      -0.061082
         3.2637         20.902      -0.061298
         3.2695         20.895      -0.061514
         3.2754         20.888      -0.061729
         3.2813         20.882      -0.061943
         3.2871         20.875      -0.062158
          3.293         20.868      -0.062371
         3.2988         20.861      -0.062585
         3.3047         20.854      -0.062797
         3.3105         20.848       -0.06301
         3.3164         20.841      -0.063222
         3.3223         20.834      -0.063433
         3.3281         20.827      -0.063644
          3.334          20.82      -0.063854
         3.3398         20.813      -0.064065
         3.3457         20.806      -0.064274
         3.3516         20.799      -0.064483
         3.3574         20.792      -0.064692
         3.3633         20.785        -0.0649
         3.3691         20.778      -0.065108
          3.375         20.771      -0.065315
         3.3809         20.764      -0.065522
         3.3867         20.757      -0.065729
         3.3926          20.75      -0.065935
         3.3984         20.743      -0.066141
         3.4043         20.736      -0.066346
         3.4102         20.729       -0.06655
          3.416         20.722      -0.066755
         3.4219         20.715      -0.066959
         3.4277         20.708      -0.067162
         3.4336           20.7      -0.067365
         3.4395         20.693      -0.067567
         3.4453         20.686       -0.06777
         3.4512         20.679      -0.067971
          3.457         20.672      -0.068172
         3.4629         20.664      -0.068373
         3.4688         20.657      -0.068574
         3.4746          20.65      -0.068774
         3.4805         20.643      -0.068973
         3.4863         20.635      -0.069172
         3.4922         20.628      -0.069371
          3.498         20.621      -0.069569
         3.5039         20.613      -0.069767
         3.5098         20.606      -0.069965
         3.5156         20.599      -0.070162
         3.5215         20.591      -0.070358
         3.5273         20.584      -0.070554
         3.5332         20.576       -0.07075
         3.5391         20.569      -0.070945
         3.5449         20.562       -0.07114
         3.5508         20.554      -0.071335
         3.5566         20.547      -0.071529
         3.5625         20.539      -0.071722
         3.5684         20.532      -0.071916
         3.5742         20.524      -0.072109
         3.5801         20.517      -0.072301
         3.5859         20.509      -0.072493
         3.5918         20.501      -0.072685
         3.5977         20.494      -0.072876
         3.6035         20.486      -0.073067
         3.6094         20.479      -0.073257
         3.6152         20.471      -0.073447
         3.6211         20.464      -0.073637
          3.627         20.456      -0.073826
         3.6328         20.448      -0.074015
         3.6387         20.441      -0.074203
         3.6445         20.433      -0.074391
         3.6504         20.425      -0.074579
         3.6563         20.417      -0.074766
         3.6621          20.41      -0.074953
          3.668         20.402      -0.075139
         3.6738         20.394      -0.075325
         3.6797         20.386       -0.07551
         3.6855         20.379      -0.075696
         3.6914         20.371       -0.07588
         3.6973         20.363      -0.076065
         3.7031         20.355      -0.076249
          3.709         20.347      -0.076432
         3.7148          20.34      -0.076616
         3.7207         20.332      -0.076799
         3.7266         20.324      -0.076981
         3.7324         20.316      -0.077163
         3.7383         20.308      -0.077345
         3.7441           20.3      -0.077526
           3.75         20.292      -0.077707
         3.7559         20.284      -0.077887
         3.7617         20.276      -0.078067
         3.7676         20.268      -0.078247
         3.7734          20.26      -0.078426
         3.7793         20.252      -0.078605
         3.7852         20.244      -0.078784
          3.791         20.236      -0.078962
         3.7969         20.228       -0.07914
         3.8027          20.22      -0.079317
         3.8086         20.212      -0.079494
         3.8145         20.204      -0.079671
         3.8203         20.196      -0.079847
         3.8262         20.188      -0.080023
          3.832         20.179      -0.080198
         3.8379         20.171      -0.080374
         3.8438         20.163      -0.080548
         3.8496         20.155      -0.080723
         3.8555         20.147      -0.080897
         3.8613         20.138       -0.08107
         3.8672          20.13      -0.081243
          3.873         20.122      -0.081416
         3.8789         20.114      -0.081589
         3.8848         20.105      -0.081761
         3.8906         20.097      -0.081932
         3.8965         20.089      -0.082104
         3.9023          20.08      -0.082275
         3.9082         20.072      -0.082445
         3.9141         20.064      -0.082615
         3.9199         20.055      -0.082785
         3.9258         20.047      -0.082954
         3.9316         20.039      -0.083124
         3.9375          20.03      -0.083292
         3.9434         20.022       -0.08346
         3.9492         20.013      -0.083628
         3.9551         20.005      -0.083796
         3.9609         19.996      -0.083963
         3.9668         19.988       -0.08413
         3.9727          19.98      -0.084296
         3.9785         19.971      -0.084462
         3.9844         19.962      -0.084628
         3.9902         19.954      -0.084793
         3.9961         19.945      -0.084958
          4.002         19.937      -0.085123
         4.0078         19.928      -0.085287
         4.0137          19.92      -0.085451
         4.0195         19.911      -0.085614
         4.0254         19.902      -0.085777
         4.0313         19.894       -0.08594
         4.0371         19.885      -0.086102
          4.043         19.876      -0.086264
         4.0488         19.868      -0.086426
         4.0547         19.859      -0.086587
         4.0605          19.85      -0.086748
         4.0664         19.842      -0.086908
         4.0723         19.833      -0.087068
         4.0781         19.824      -0.087228
          4.084         19.815      -0.087387
         4.0898         19.806      -0.087546
         4.0957         19.798      -0.087704
         4.1016         19.789      -0.087863
         4.1074          19.78       -0.08802
         4.1133         19.771      -0.088178
         4.1191         19.762      -0.088335
          4.125         19.753      -0.088492
         4.1309         19.744      -0.088648
         4.1367         19.735      -0.088804
         4.1426         19.726      -0.088959
         4.1484         19.718      -0.089114
         4.1543         19.709      -0.089269
         4.1602           19.7      -0.089424
          4.166         19.691      -0.089578
         4.1719         19.682      -0.089731
         4.1777         19.673      -0.089885
         4.1836         19.663      -0.090037
         4.1895         19.654       -0.09019
         4.1953         19.645      -0.090342
         4.2012         19.636      -0.090494
          4.207         19.627      -0.090645
         4.2129         19.618      -0.090796
         4.2188         19.609      -0.090947
         4.2246           19.6      -0.091097
         4.2305          19.59      -0.091247
         4.2363         19.581      -0.091396
         4.2422         19.572      -0.091545
          4.248         19.563      -0.091694
         4.2539         19.554      -0.091842
         4.2598         19.544       -0.09199
         4.2656         19.535      -0.092138
         4.2715         19.526      -0.092285
         4.2773         19.516      -0.092431
         4.2832         19.507      -0.092578
         4.2891         19.498      -0.092724
         4.2949         19.488      -0.092869
         4.3008         19.479      -0.093014
         4.3066          19.47      -0.093159
         4.3125          19.46      -0.093303
         4.3184         19.451      -0.093447
         4.3242         19.441      -0.093591
         4.3301         19.432      -0.093734
         4.3359         19.422      -0.093877
         4.3418         19.413      -0.094019
         4.3477         19.403      -0.094161
         4.3535         19.394      -0.094303
         4.3594         19.384      -0.094444
         4.3652         19.375      -0.094585
         4.3711         19.365      -0.094725
          4.377         19.355      -0.094865
         4.3828         19.346      -0.095004
         4.3887         19.336      -0.095143
         4.3945         19.326      -0.095282
         4.4004         19.317       -0.09542
         4.4063         19.307      -0.095558
         4.4121         19.297      -0.095696
          4.418         19.288      -0.095833
         4.4238         19.278      -0.095969
         4.4297         19.268      -0.096105
         4.4355         19.258      -0.096241
         4.4414         19.248      -0.096376
         4.4473         19.239      -0.096511
         4.4531         19.229      -0.096646
          4.459         19.219       -0.09678
         4.4648         19.209      -0.096913
         4.4707         19.199      -0.097046
         4.4766         19.189      -0.097179
         4.4824         19.179      -0.097311
         4.4883         19.169      -0.097443
         4.4941         19.159      -0.097574
            4.5         19.149      -0.097705
         4.5059         19.139      -0.097836
         4.5117         19.129      -0.097966
         4.5176         19.119      -0.098095
         4.5234         19.109      -0.098224
         4.5293         19.099      -0.098353
         4.5352         19.089      -0.098481
          4.541         19.079      -0.098609
         4.5469         19.068      -0.098736
         4.5527         19.058      -0.098863
         4.5586         19.048      -0.098989
         4.5645         19.038      -0.099115
         4.5703         19.028       -0.09924
         4.5762         19.017      -0.099365
          4.582         19.007      -0.099489
         4.5879         18.997      -0.099613
         4.5938         18.987      -0.099736
         4.5996         18.976      -0.099859
         4.6055         18.966      -0.099981
         4.6113         18.955        -0.1001
         4.6172         18.945       -0.10022
          4.623         18.935       -0.10035
         4.6289         18.924       -0.10047
         4.6348         18.914       -0.10059
         4.6406         18.903        -0.1007
         4.6465         18.893       -0.10082
         4.6523         18.882       -0.10094
         4.6582         18.872       -0.10106
         4.6641         18.861       -0.10118
         4.6699         18.851       -0.10129
         4.6758          18.84       -0.10141
         4.6816         18.829       -0.10152
         4.6875         18.819       -0.10164
         4.6934         18.808       -0.10175
         4.6992         18.797       -0.10187
         4.7051         18.787       -0.10198
         4.7109         18.776       -0.10209
         4.7168         18.765        -0.1022
         4.7227         18.755       -0.10232
         4.7285         18.744       -0.10243
         4.7344         18.733       -0.10254
         4.7402         18.722       -0.10265
         4.7461         18.711       -0.10275
          4.752           18.7       -0.10286
         4.7578          18.69       -0.10297
         4.7637         18.679       -0.10308
         4.7695         18.668       -0.10318
         4.7754         18.657       -0.10329
         4.7813         18.646       -0.10339
         4.7871         18.635        -0.1035
          4.793         18.624        -0.1036
         4.7988         18.613        -0.1037
         4.8047         18.602       -0.10381
         4.8105         18.591       -0.10391
         4.8164          18.58       -0.10401
         4.8223         18.569       -0.10411
         4.8281         18.558       -0.10421
          4.834         18.547       -0.10431
         4.8398         18.535       -0.10441
         4.8457         18.524        -0.1045
         4.8516         18.513        -0.1046
         4.8574         18.502        -0.1047
         4.8633         18.491       -0.10479
         4.8691         18.479       -0.10488
          4.875         18.468       -0.10498
         4.8809         18.457       -0.10507
         4.8867         18.446       -0.10516
         4.8926         18.434       -0.10525
         4.8984         18.423       -0.10534
         4.9043         18.412       -0.10543
         4.9102         18.401       -0.10552
          4.916         18.389       -0.10561
         4.9219         18.378        -0.1057
         4.9277         18.366       -0.10578
         4.9336         18.355       -0.10587
         4.9395         18.344       -0.10595
         4.9453         18.332       -0.10604
         4.9512         18.321       -0.10612
          4.957          18.31        -0.1062
         4.9629         18.298       -0.10628
         4.9688         18.287       -0.10636
         4.9746         18.275       -0.10644
         4.9805         18.264       -0.10652
         4.9863         18.252        -0.1066
         4.9922         18.241       -0.10668
          4.998          18.23       -0.10675
         5.0039         18.218       -0.10683
         5.0098         18.207        -0.1069
         5.0156         18.195       -0.10697
         5.0215         18.184       -0.10705
         5.0273         18.172       -0.10712
         5.0332         18.161       -0.10719
         5.0391         18.149       -0.10726
         5.0449         18.138       -0.10732
         5.0508         18.127       -0.10739
         5.0566         18.115       -0.10746
         5.0625         18.104       -0.10752
         5.0684         18.092       -0.10759
         5.0742         18.081       -0.10765
         5.0801          18.07       -0.10772
         5.0859         18.058       -0.10778
         5.0918         18.047       -0.10784
         5.0977         18.035        -0.1079
         5.1035         18.024       -0.10796
         5.1094         18.013       -0.10802
         5.1152         18.002       -0.10808
         5.1211          17.99       -0.10814
          5.127         17.979       -0.10819
         5.1328         17.968       -0.10825
         5.1387         17.956        -0.1083
         5.1445         17.945       -0.10836
         5.1504         17.934       -0.10841
         5.1563         17.923       -0.10846
         5.1621         17.912       -0.10852
          5.168         17.901       -0.10857
         5.1738         17.889       -0.10862
         5.1797         17.878       -0.10867
         5.1855         17.867       -0.10872
         5.1914         17.856       -0.10877
         5.1973         17.845       -0.10882
         5.2031         17.834       -0.10887
          5.209         17.823       -0.10891
         5.2148         17.812       -0.10896
         5.2207         17.802       -0.10901
         5.2266         17.791       -0.10906
         5.2324          17.78        -0.1091
         5.2383         17.769       -0.10915
         5.2441         17.758       -0.10919
           5.25         17.747       -0.10924
         5.2559         17.737       -0.10928
         5.2617         17.726       -0.10933
         5.2676         17.715       -0.10937
         5.2734         17.705       -0.10942
         5.2793         17.694       -0.10946
         5.2852         17.683       -0.10951
          5.291         17.673       -0.10955
         5.2969         17.662        -0.1096
         5.3027         17.652       -0.10964
         5.3086         17.641       -0.10968
         5.3145         17.631       -0.10973
         5.3203          17.62       -0.10977
         5.3262         17.609       -0.10982
          5.332         17.599       -0.10986
         5.3379         17.589       -0.10991
         5.3438         17.578       -0.10995
         5.3496         17.568       -0.10999
         5.3555         17.557       -0.11004
         5.3613         17.547       -0.11008
         5.3672         17.536       -0.11013
          5.373         17.526       -0.11017
         5.3789         17.515       -0.11022
         5.3848         17.505       -0.11026
         5.3906         17.494       -0.11031
         5.3965         17.484       -0.11035
         5.4023         17.473        -0.1104
         5.4082         17.463       -0.11045
         5.4141         17.452       -0.11049
         5.4199         17.442       -0.11054
         5.4258         17.431       -0.11058
         5.4316         17.421       -0.11063
         5.4375          17.41       -0.11068
         5.4434           17.4       -0.11072
         5.4492         17.389       -0.11077
         5.4551         17.379       -0.11081
         5.4609         17.368       -0.11086
         5.4668         17.357       -0.11091
         5.4727         17.347       -0.11095
         5.4785         17.336         -0.111
         5.4844         17.325       -0.11105
         5.4902         17.315       -0.11109
         5.4961         17.304       -0.11114
          5.502         17.293       -0.11119
         5.5078         17.282       -0.11123
         5.5137         17.272       -0.11128
         5.5195         17.261       -0.11132
         5.5254          17.25       -0.11137
         5.5313         17.239       -0.11142
         5.5371         17.228       -0.11146
          5.543         17.217       -0.11151
         5.5488         17.206       -0.11155
         5.5547         17.195        -0.1116
         5.5605         17.184       -0.11164
         5.5664         17.173       -0.11169
         5.5723         17.162       -0.11173
         5.5781          17.15       -0.11177
          5.584         17.139       -0.11182
         5.5898         17.128       -0.11186
         5.5957         17.117        -0.1119
         5.6016         17.105       -0.11195
         5.6074         17.094       -0.11199
         5.6133         17.083       -0.11203
         5.6191         17.071       -0.11207
          5.625          17.06       -0.11211
         5.6309         17.048       -0.11215
         5.6367         17.037       -0.11219
         5.6426         17.025       -0.11223
         5.6484         17.014       -0.11227
         5.6543         17.002       -0.11231
         5.6602         16.991       -0.11235
          5.666         16.979       -0.11238
         5.6719         16.967       -0.11242
         5.6777         16.956       -0.11246
         5.6836         16.944       -0.11249
         5.6895         16.932       -0.11253
         5.6953          16.92       -0.11256
         5.7012         16.908        -0.1126
          5.707         16.896       -0.11263
         5.7129         16.885       -0.11266
         5.7188         16.873       -0.11269
         5.7246         16.861       -0.11273
         5.7305         16.849       -0.11276
         5.7363         16.837       -0.11279
         5.7422         16.825       -0.11282
          5.748         16.812       -0.11285
         5.7539           16.8       -0.11287
         5.7598         16.788        -0.1129
         5.7656         16.776       -0.11293
         5.7715         16.764       -0.11295
         5.7773         16.752       -0.11298
         5.7832         16.739         -0.113
         5.7891         16.727       -0.11303
         5.7949         16.715       -0.11305
         5.8008         16.702       -0.11307
         5.8066          16.69        -0.1131
         5.8125         16.678       -0.11312
         5.8184         16.665       -0.11314
         5.8242         16.653       -0.11316
         5.8301          16.64       -0.11317
         5.8359         16.628       -0.11319
         5.8418         16.615       -0.11321
         5.8477         16.603       -0.11323
         5.8535          16.59       -0.11324
         5.8594         16.577       -0.11326
         5.8652         16.565       -0.11327
         5.8711         16.552       -0.11328
          5.877         16.539        -0.1133
         5.8828         16.527       -0.11331
         5.8887         16.514       -0.11332
         5.8945         16.501       -0.11333
         5.9004         16.488       -0.11334
         5.9063         16.476       -0.11335
         5.9121         16.463       -0.11335
          5.918          16.45       -0.11336
         5.9238         16.437       -0.11337
         5.9297         16.424       -0.11337
         5.9355         16.411       -0.11337
         5.9414         16.398       -0.11338
         5.9473         16.385       -0.11338
         5.9531         16.372       -0.11338
          5.959         16.359       -0.11338
         5.9648         16.346       -0.11338
         5.9707         16.333       -0.11338
         5.9766          16.32       -0.11338
         5.9824         16.307       -0.11338
         5.9883         16.294       -0.11337
         5.9941          16.28       -0.11337
              6         16.267       -0.11336
         6.0059         16.254       -0.11335
         6.0117         16.241       -0.11335
         6.0176         16.228       -0.11334
         6.0234         16.214       -0.11333
         6.0293         16.201       -0.11332
         6.0352         16.188       -0.11331
          6.041         16.174       -0.11329
         6.0469         16.161       -0.11328
         6.0527         16.147       -0.11327
         6.0586         16.134       -0.11325
         6.0645          16.12       -0.11323
         6.0703         16.107       -0.11322
         6.0762         16.094        -0.1132
          6.082          16.08       -0.11318
         6.0879         16.066       -0.11316
         6.0938         16.053       -0.11314
         6.0996         16.039       -0.11311
         6.1055         16.026       -0.11309
         6.1113         16.012       -0.11307
         6.1172         15.998       -0.11304
          6.123         15.985       -0.11301
         6.1289         15.971       -0.11299
         6.1348         15.957       -0.11296
         6.1406         15.943       -0.11293
         6.1465          15.93        -0.1129
         6.1523         15.916       -0.11286
         6.1582         15.902       -0.11283
         6.1641         15.888       -0.11279
         6.1699         15.874       -0.11276
         6.1758          15.86       -0.11272
         6.1816         15.846       -0.11268
         6.1875         15.833       -0.11264
         6.1934         15.819        -0.1126
         6.1992         15.805       -0.11256
         6.2051         15.791       -0.11252
         6.2109         15.777       -0.11248
         6.2168         15.763       -0.11243
         6.2227         15.748       -0.11238
         6.2285         15.734       -0.11234
         6.2344          15.72       -0.11229
         6.2402         15.706       -0.11224
         6.2461         15.692       -0.11219
          6.252         15.678       -0.11213
         6.2578         15.664       -0.11208
         6.2637         15.649       -0.11202
         6.2695         15.635       -0.11197
         6.2754         15.621       -0.11191
         6.2813         15.607       -0.11185
         6.2871         15.592       -0.11179
          6.293         15.578       -0.11172
         6.2988         15.564       -0.11166
         6.3047         15.549        -0.1116
         6.3105         15.535       -0.11153
         6.3164         15.521       -0.11146
         6.3223         15.506       -0.11139
         6.3281         15.492       -0.11132
          6.334         15.477       -0.11125
         6.3398         15.463       -0.11118
         6.3457         15.449        -0.1111
         6.3516         15.434       -0.11102
         6.3574          15.42       -0.11094
         6.3633         15.405       -0.11086
         6.3691         15.391       -0.11078
          6.375         15.376        -0.1107
         6.3809         15.361       -0.11062
         6.3867         15.347       -0.11053
         6.3926         15.332       -0.11044
         6.3984         15.318       -0.11035
         6.4043         15.303       -0.11026
         6.4102         15.288       -0.11017
          6.416         15.274       -0.11008
         6.4219         15.259       -0.10998
         6.4277         15.245       -0.10988
         6.4336          15.23       -0.10978
         6.4395         15.215       -0.10968
         6.4453         15.201       -0.10958
         6.4512         15.186       -0.10948
          6.457         15.171       -0.10937
         6.4629         15.157       -0.10926
         6.4688         15.142       -0.10915
         6.4746         15.127       -0.10904
         6.4805         15.112       -0.10893
         6.4863         15.098       -0.10881
         6.4922         15.083        -0.1087
          6.498         15.068       -0.10858
         6.5039         15.054       -0.10846
         6.5098         15.039       -0.10833
         6.5156         15.024       -0.10821
         6.5215         15.009       -0.10808
         6.5273         14.995       -0.10796
         6.5332          14.98       -0.10783
         6.5391         14.965        -0.1077
         6.5449          14.95       -0.10756
         6.5508         14.936       -0.10743
         6.5566         14.921       -0.10729
         6.5625         14.906       -0.10715
         6.5684         14.892       -0.10701
         6.5742         14.877       -0.10686
         6.5801         14.862       -0.10672
         6.5859         14.847       -0.10657
         6.5918         14.833       -0.10642
         6.5977         14.818       -0.10627
         6.6035         14.803       -0.10612
         6.6094         14.789       -0.10596
         6.6152         14.774        -0.1058
         6.6211          14.76       -0.10564
          6.627         14.745       -0.10548
         6.6328          14.73       -0.10532
         6.6387         14.716       -0.10515
         6.6445         14.701       -0.10498
         6.6504         14.687       -0.10481
         6.6563         14.672       -0.10464
         6.6621         14.658       -0.10447
          6.668         14.643       -0.10429
         6.6738         14.629       -0.10411
         6.6797         14.614       -0.10393
         6.6855           14.6       -0.10375
         6.6914         14.585       -0.10356
         6.6973         14.571       -0.10337
         6.7031         14.557       -0.10318
          6.709         14.542       -0.10299
         6.7148         14.528       -0.10279
         6.7207         14.514        -0.1026
         6.7266         14.499        -0.1024
         6.7324         14.485        -0.1022
         6.7383         14.471       -0.10199
         6.7441         14.457       -0.10179
           6.75         14.443       -0.10158
         6.7559         14.429       -0.10136
         6.7617         14.415       -0.10115
         6.7676         14.401       -0.10093
         6.7734         14.387       -0.10072
         6.7793         14.373       -0.10049
         6.7852         14.359       -0.10027
          6.791         14.345       -0.10004
         6.7969         14.331      -0.099816
         6.8027         14.317      -0.099585
         6.8086         14.303      -0.099351
         6.8145          14.29      -0.099115
         6.8203         14.276      -0.098875
         6.8262         14.263      -0.098634
          6.832         14.249      -0.098389
         6.8379         14.236      -0.098142
         6.8438         14.222      -0.097893
         6.8496         14.209       -0.09764
         6.8555         14.195      -0.097385
         6.8613         14.182      -0.097127
         6.8672         14.169      -0.096866
          6.873         14.156      -0.096603
         6.8789         14.143      -0.096336
         6.8848          14.13      -0.096067
         6.8906         14.117      -0.095795
         6.8965         14.104       -0.09552
         6.9023         14.091      -0.095242
         6.9082         14.079      -0.094961
         6.9141         14.066      -0.094677
         6.9199         14.054       -0.09439
         6.9258         14.041      -0.094101
         6.9316         14.029      -0.093808
         6.9375         14.017      -0.093512
         6.9434         14.004      -0.093213
         6.9492         13.992      -0.092911
         6.9551          13.98      -0.092606
         6.9609         13.969      -0.092297
         6.9668         13.957      -0.091986
         6.9727         13.945      -0.091671
         6.9785         13.934      -0.091354
         6.9844         13.922      -0.091033
         6.9902         13.911      -0.090709
         6.9961           13.9      -0.090381
          7.002         13.889      -0.090051
         7.0078         13.878      -0.089717
         7.0137         13.868      -0.089381
         7.0195         13.857      -0.089041
         7.0254         13.847      -0.088698
         7.0313         13.837      -0.088351
         7.0371         13.827      -0.088002
          7.043         13.817       -0.08765
         7.0488         13.807      -0.087294
         7.0547         13.798      -0.086935
         7.0605         13.788      -0.086574
         7.0664         13.779      -0.086209
         7.0723          13.77      -0.085841
         7.0781         13.762      -0.085471
          7.084         13.753      -0.085097
         7.0898         13.745      -0.084721
         7.0957         13.737      -0.084342
         7.1016         13.729      -0.083961
         7.1074         13.721      -0.083577
         7.1133         13.714       -0.08319
         7.1191         13.707      -0.082801
          7.125           13.7       -0.08241
         7.1309         13.693      -0.082017
         7.1367         13.687      -0.081621
         7.1426         13.681      -0.081224
         7.1484         13.675      -0.080825
         7.1543          13.67      -0.080424
         7.1602         13.665      -0.080021
          7.166          13.66      -0.079617
         7.1719         13.655      -0.079211
         7.1777         13.651      -0.078805
         7.1836         13.647      -0.078397
         7.1895         13.643      -0.077988
         7.1953         13.639      -0.077579
         7.2012         13.636      -0.077169
          7.207         13.633      -0.076759
         7.2129         13.631      -0.076349
         7.2188         13.628      -0.075938
         7.2246         13.626      -0.075528
         7.2305         13.625      -0.075117
         7.2363         13.623      -0.074707
         7.2422         13.622      -0.074298
          7.248         13.621      -0.073889
         7.2539         13.621      -0.073482
         7.2598         13.621      -0.073075
         7.2656         13.621      -0.072669
         7.2715         13.621      -0.072265
         7.2773         13.622      -0.071862
         7.2832         13.622      -0.071461
         7.2891         13.624      -0.071061
         7.2949         13.625      -0.070663
         7.3008         13.627      -0.070268
         7.3066         13.629      -0.069874
         7.3125         13.631      -0.069482
         7.3184         13.633      -0.069093
         7.3242         13.636      -0.068706
         7.3301         13.639      -0.068321
         7.3359         13.642      -0.067939
         7.3418         13.645      -0.067559
         7.3477         13.648      -0.067182
         7.3535         13.652      -0.066808
         7.3594         13.656      -0.066436
         7.3652          13.66      -0.066067
         7.3711         13.664      -0.065701
          7.377         13.669      -0.065338
         7.3828         13.673      -0.064977
         7.3887         13.678      -0.064619
         7.3945         13.683      -0.064264
         7.4004         13.688      -0.063912
         7.4063         13.693      -0.063563
         7.4121         13.698      -0.063217
          7.418         13.704      -0.062873
         7.4238         13.709      -0.062532
         7.4297         13.715      -0.062194
         7.4355         13.721      -0.061859
         7.4414         13.726      -0.061526
         7.4473         13.732      -0.061197
         7.4531         13.739      -0.060869
          7.459         13.745      -0.060545
         7.4648         13.751      -0.060223
         7.4707         13.757      -0.059903
         7.4766         13.764      -0.059586
         7.4824          13.77      -0.059272
         7.4883         13.777       -0.05896
         7.4941         13.783       -0.05865
            7.5          13.79      -0.058343
         7.5059         13.797      -0.058038
         7.5117         13.804      -0.057736
         7.5176          13.81      -0.057435
         7.5234         13.817      -0.057137
         7.5293         13.824      -0.056841
         7.5352         13.831      -0.056547
          7.541         13.838      -0.056255
         7.5469         13.846      -0.055965
         7.5527         13.853      -0.055676
         7.5586          13.86       -0.05539
         7.5645         13.867      -0.055106
         7.5703         13.875      -0.054823
         7.5762         13.882      -0.054543
          7.582         13.889      -0.054264
         7.5879         13.897      -0.053986
         7.5938         13.904      -0.053711
         7.5996         13.912      -0.053437
         7.6055         13.919      -0.053164
         7.6113         13.927      -0.052893
         7.6172         13.934      -0.052624
          7.623         13.942      -0.052356
         7.6289         13.949      -0.052089
         7.6348         13.957      -0.051824
         7.6406         13.965       -0.05156
         7.6465         13.972      -0.051298
         7.6523          13.98      -0.051037
         7.6582         13.988      -0.050776
         7.6641         13.996      -0.050518
         7.6699         14.004       -0.05026
         7.6758         14.011      -0.050003
         7.6816         14.019      -0.049748
         7.6875         14.027      -0.049493
         7.6934         14.035       -0.04924
         7.6992         14.043      -0.048987
         7.7051         14.051      -0.048736
         7.7109         14.059      -0.048485
         7.7168         14.067      -0.048235
         7.7227         14.075      -0.047986
         7.7285         14.083      -0.047738
         7.7344         14.091      -0.047491
         7.7402         14.099      -0.047244
         7.7461         14.107      -0.046998
          7.752         14.116      -0.046752
         7.7578         14.124      -0.046507
         7.7637         14.132      -0.046263
         7.7695          14.14      -0.046019
         7.7754         14.148      -0.045776
         7.7813         14.157      -0.045533
         7.7871         14.165      -0.045291
          7.793         14.173      -0.045049
         7.7988         14.182      -0.044807
         7.8047          14.19      -0.044566
         7.8105         14.198      -0.044324
         7.8164         14.207      -0.044083
         7.8223         14.215      -0.043843
         7.8281         14.224      -0.043602
          7.834         14.232      -0.043361
         7.8398         14.241      -0.043121
         7.8457          14.25      -0.042881
         7.8516         14.258       -0.04264
         7.8574         14.267        -0.0424
         7.8633         14.276       -0.04216
         7.8691         14.285      -0.041919
          7.875         14.294      -0.041679
         7.8809         14.303      -0.041438
         7.8867         14.312      -0.041197
         7.8926         14.321      -0.040956
         7.8984          14.33      -0.040715
         7.9043         14.339      -0.040474
         7.9102         14.348      -0.040232
          7.916         14.357       -0.03999
         7.9219         14.367      -0.039748
         7.9277         14.376      -0.039505
         7.9336         14.386      -0.039263
         7.9395         14.395       -0.03902
         7.9453         14.405      -0.038777
         7.9512         14.415      -0.038533
          7.957         14.425      -0.038289
         7.9629         14.435      -0.038045
         7.9688         14.445      -0.037801
         7.9746         14.455      -0.037556
         7.9805         14.465      -0.037312
         7.9863         14.475      -0.037067
         7.9922         14.486      -0.036821
          7.998         14.497      -0.036576
         8.0039         14.507       -0.03633
         8.0098         14.518      -0.036085
         8.0156         14.529      -0.035839
         8.0215          14.54      -0.035594
         8.0273         14.551      -0.035348
         8.0332         14.563      -0.035102
         8.0391         14.574      -0.034857
         8.0449         14.586      -0.034611
         8.0508         14.598      -0.034366
         8.0566          14.61      -0.034122
         8.0625         14.622      -0.033877
         8.0684         14.634      -0.033633
         8.0742         14.646       -0.03339
         8.0801         14.659      -0.033147
         8.0859         14.672      -0.032904
         8.0918         14.684      -0.032662
         8.0977         14.697      -0.032422
         8.1035         14.711      -0.032181
         8.1094         14.724      -0.031942
         8.1152         14.737      -0.031704
         8.1211         14.751      -0.031467
          8.127         14.765      -0.031231
         8.1328         14.779      -0.030997
         8.1387         14.793      -0.030763
         8.1445         14.807      -0.030531
         8.1504         14.822      -0.030301
         8.1563         14.837      -0.030072
         8.1621         14.851      -0.029845
          8.168         14.866       -0.02962
         8.1738         14.881      -0.029396
         8.1797         14.897      -0.029174
         8.1855         14.912      -0.028955
         8.1914         14.928      -0.028737
         8.1973         14.944      -0.028521
         8.2031          14.96      -0.028308
          8.209         14.976      -0.028096
         8.2148         14.992      -0.027888
         8.2207         15.008      -0.027681
         8.2266         15.025      -0.027477
         8.2324         15.041      -0.027275
         8.2383         15.058      -0.027076
         8.2441         15.075       -0.02688
           8.25         15.092      -0.026686
         8.2559         15.109      -0.026494
         8.2617         15.127      -0.026306
         8.2676         15.144       -0.02612
         8.2734         15.162      -0.025937
         8.2793         15.179      -0.025757
         8.2852         15.197       -0.02558
          8.291         15.215      -0.025405
         8.2969         15.233      -0.025234
         8.3027         15.251      -0.025065
         8.3086         15.269      -0.024899
         8.3145         15.287      -0.024737
         8.3203         15.306      -0.024577
         8.3262         15.324       -0.02442
          8.332         15.343      -0.024266
         8.3379         15.361      -0.024116
         8.3438          15.38      -0.023968
         8.3496         15.399      -0.023823
         8.3555         15.418      -0.023681
         8.3613         15.437      -0.023543
         8.3672         15.456      -0.023407
          8.373         15.475      -0.023274
         8.3789         15.494      -0.023144
         8.3848         15.513      -0.023018
         8.3906         15.533      -0.022894
         8.3965         15.552      -0.022774
         8.4023         15.572      -0.022656
         8.4082         15.591      -0.022541
         8.4141         15.611       -0.02243
         8.4199          15.63      -0.022321
         8.4258          15.65      -0.022215
         8.4316          15.67      -0.022113
         8.4375         15.689      -0.022013
         8.4434         15.709      -0.021916
         8.4492         15.729      -0.021823
         8.4551         15.749      -0.021732
         8.4609         15.769      -0.021644
         8.4668         15.789      -0.021559
         8.4727         15.809      -0.021478
         8.4785         15.829      -0.021399
         8.4844         15.849      -0.021323
         8.4902         15.869       -0.02125
         8.4961         15.889       -0.02118
          8.502         15.909      -0.021113
         8.5078          15.93      -0.021049
         8.5137          15.95      -0.020988
         8.5195          15.97       -0.02093
         8.5254         15.991      -0.020875
         8.5313         16.011      -0.020823
         8.5371         16.032      -0.020774
          8.543         16.052      -0.020728
         8.5488         16.072      -0.020685
         8.5547         16.093      -0.020646
         8.5605         16.113      -0.020609
         8.5664         16.134      -0.020575
         8.5723         16.155      -0.020544
         8.5781         16.175      -0.020516
          8.584         16.196      -0.020492
         8.5898         16.216       -0.02047
         8.5957         16.237      -0.020452
         8.6016         16.258      -0.020437
         8.6074         16.278      -0.020425
         8.6133         16.299      -0.020416
         8.6191          16.32       -0.02041
          8.625          16.34      -0.020407
         8.6309         16.361      -0.020407
         8.6367         16.382      -0.020411
         8.6426         16.403      -0.020418
         8.6484         16.423      -0.020428
         8.6543         16.444      -0.020441
         8.6602         16.465      -0.020458
          8.666         16.486      -0.020477
         8.6719         16.506        -0.0205
         8.6777         16.527      -0.020526
         8.6836         16.548      -0.020556
         8.6895         16.568      -0.020588
         8.6953         16.589      -0.020624
         8.7012          16.61      -0.020663
          8.707          16.63      -0.020706
         8.7129         16.651      -0.020751
         8.7188         16.671        -0.0208
         8.7246         16.692      -0.020852
         8.7305         16.713      -0.020908
         8.7363         16.733      -0.020966
         8.7422         16.754      -0.021028
          8.748         16.774      -0.021093
         8.7539         16.794      -0.021162
         8.7598         16.815      -0.021233
         8.7656         16.835      -0.021308
         8.7715         16.855      -0.021386
         8.7773         16.875      -0.021467
         8.7832         16.896      -0.021551
         8.7891         16.916      -0.021639
         8.7949         16.936       -0.02173
         8.8008         16.956      -0.021823
         8.8066         16.976       -0.02192
         8.8125         16.996       -0.02202
         8.8184         17.016      -0.022123
         8.8242         17.035       -0.02223
         8.8301         17.055      -0.022339
         8.8359         17.075      -0.022451
         8.8418         17.094      -0.022566
         8.8477         17.114      -0.022684
         8.8535         17.133      -0.022806
         8.8594         17.152       -0.02293
         8.8652         17.172      -0.023057
         8.8711         17.191      -0.023187
          8.877          17.21      -0.023319
         8.8828         17.229      -0.023455
         8.8887         17.248      -0.023593
         8.8945         17.266      -0.023734
         8.9004         17.285      -0.023878
         8.9063         17.304      -0.024024
         8.9121         17.322      -0.024173
          8.918         17.341      -0.024325
         8.9238         17.359      -0.024479
         8.9297         17.377      -0.024636
         8.9355         17.395      -0.024796
         8.9414         17.413      -0.024958
         8.9473         17.431      -0.025122
         8.9531         17.449      -0.025289
          8.959         17.467      -0.025458
         8.9648         17.484      -0.025629
         8.9707         17.502      -0.025803
         8.9766         17.519      -0.025979
         8.9824         17.537      -0.026158
         8.9883         17.554      -0.026338
         8.9941         17.571      -0.026521
              9         17.588      -0.026706
         9.0059         17.604      -0.026893
         9.0117         17.621      -0.027082
         9.0176         17.638      -0.027273
         9.0234         17.654      -0.027466
         9.0293          17.67      -0.027661
         9.0352         17.687      -0.027858
          9.041         17.703      -0.028056
         9.0469         17.719      -0.028257
         9.0527         17.735      -0.028459
         9.0586          17.75      -0.028663
         9.0645         17.766      -0.028869
         9.0703         17.781      -0.029077
         9.0762         17.797      -0.029286
          9.082         17.812      -0.029497
         9.0879         17.827      -0.029709
         9.0938         17.842      -0.029923
         9.0996         17.857      -0.030138
         9.1055         17.872      -0.030355
         9.1113         17.886      -0.030574
         9.1172         17.901      -0.030793
          9.123         17.915      -0.031015
         9.1289         17.929      -0.031237
         9.1348         17.943      -0.031461
         9.1406         17.957      -0.031686
         9.1465         17.971      -0.031912
         9.1523         17.985       -0.03214
         9.1582         17.999      -0.032368
         9.1641         18.012      -0.032598
         9.1699         18.026      -0.032829
         9.1758         18.039      -0.033061
         9.1816         18.052      -0.033294
         9.1875         18.065      -0.033528
         9.1934         18.078      -0.033763
         9.1992         18.091      -0.033999
         9.2051         18.103      -0.034236
         9.2109         18.116      -0.034474
         9.2168         18.128      -0.034713
         9.2227          18.14      -0.034952
         9.2285         18.152      -0.035192
         9.2344         18.164      -0.035434
         9.2402         18.176      -0.035676
         9.2461         18.188      -0.035918
          9.252           18.2      -0.036162
         9.2578         18.211      -0.036406
         9.2637         18.223       -0.03665
         9.2695         18.234      -0.036896
         9.2754         18.245      -0.037142
         9.2813         18.256      -0.037388
         9.2871         18.267      -0.037635
          9.293         18.278      -0.037883
         9.2988         18.289      -0.038131
         9.3047         18.299       -0.03838
         9.3105          18.31      -0.038629
         9.3164          18.32      -0.038879
         9.3223         18.331      -0.039129
         9.3281         18.341      -0.039379
          9.334         18.351       -0.03963
         9.3398         18.361      -0.039881
         9.3457          18.37      -0.040132
         9.3516          18.38      -0.040384
         9.3574          18.39      -0.040636
         9.3633         18.399      -0.040889
         9.3691         18.409      -0.041141
          9.375         18.418      -0.041394
         9.3809         18.427      -0.041648
         9.3867         18.436      -0.041901
         9.3926         18.445      -0.042155
         9.3984         18.454      -0.042408
         9.4043         18.463      -0.042662
         9.4102         18.471      -0.042916
          9.416          18.48      -0.043171
         9.4219         18.488      -0.043425
         9.4277         18.496      -0.043679
         9.4336         18.505      -0.043934
         9.4395         18.513      -0.044188
         9.4453         18.521      -0.044443
         9.4512         18.529      -0.044698
          9.457         18.536      -0.044952
         9.4629         18.544      -0.045207
         9.4688         18.552      -0.045462
         9.4746         18.559      -0.045716
         9.4805         18.567      -0.045971
         9.4863         18.574      -0.046226
         9.4922         18.581       -0.04648
          9.498         18.589      -0.046735
         9.5039         18.596      -0.046989
         9.5098         18.603      -0.047244
         9.5156         18.609      -0.047498
         9.5215         18.616      -0.047752
         9.5273         18.623      -0.048006
         9.5332         18.629       -0.04826
         9.5391         18.636      -0.048514
         9.5449         18.642      -0.048767
         9.5508         18.649      -0.049021
         9.5566         18.655      -0.049274
         9.5625         18.661      -0.049527
         9.5684         18.667       -0.04978
         9.5742         18.673      -0.050033
         9.5801         18.679      -0.050285
         9.5859         18.685      -0.050537
         9.5918         18.691      -0.050789
         9.5977         18.696      -0.051041
         9.6035         18.702      -0.051293
         9.6094         18.707      -0.051544
         9.6152         18.713      -0.051795
         9.6211         18.718      -0.052046
          9.627         18.723      -0.052296
         9.6328         18.729      -0.052547
         9.6387         18.734      -0.052797
         9.6445         18.739      -0.053046
         9.6504         18.744      -0.053296
         9.6563         18.749      -0.053545
         9.6621         18.753      -0.053793
          9.668         18.758      -0.054042
         9.6738         18.763       -0.05429
         9.6797         18.767      -0.054538
         9.6855         18.772      -0.054785
         9.6914         18.776      -0.055032
         9.6973         18.781      -0.055279
         9.7031         18.785      -0.055525
          9.709         18.789      -0.055771
         9.7148         18.793      -0.056017
         9.7207         18.797      -0.056262
         9.7266         18.801      -0.056507
         9.7324         18.805      -0.056752
         9.7383         18.809      -0.056996
         9.7441         18.813       -0.05724
           9.75         18.817      -0.057483
         9.7559          18.82      -0.057726
         9.7617         18.824      -0.057968
         9.7676         18.827      -0.058211
         9.7734         18.831      -0.058452
         9.7793         18.834      -0.058694
         9.7852         18.838      -0.058935
          9.791         18.841      -0.059175
         9.7969         18.844      -0.059415
         9.8027         18.847      -0.059655
         9.8086          18.85      -0.059894
         9.8145         18.853      -0.060133
         9.8203         18.856      -0.060371
         9.8262         18.859      -0.060609
          9.832         18.862      -0.060847
         9.8379         18.865      -0.061084
         9.8438         18.868       -0.06132
         9.8496          18.87      -0.061557
         9.8555         18.873      -0.061792
         9.8613         18.876      -0.062028
         9.8672         18.878      -0.062262
          9.873         18.881      -0.062497
         9.8789         18.883      -0.062731
         9.8848         18.885      -0.062964
         9.8906         18.888      -0.063197
         9.8965          18.89      -0.063429
         9.9023         18.892      -0.063661
         9.9082         18.894      -0.063893
         9.9141         18.896      -0.064124
         9.9199         18.898      -0.064355
         9.9258           18.9      -0.064585
         9.9316         18.902      -0.064814
         9.9375         18.904      -0.065044
         9.9434         18.906      -0.065272
         9.9492         18.908      -0.065501
         9.9551         18.909      -0.065728
         9.9609         18.911      -0.065956
         9.9668         18.913      -0.066182
         9.9727         18.914      -0.066409
         9.9785         18.916      -0.066634
         9.9844         18.917       -0.06686
         9.9902         18.919      -0.067085
         9.9961          18.92      -0.067309
         10.002         18.921      -0.067533
         10.008         18.923      -0.067756
         10.014         18.924      -0.067979
          10.02         18.925      -0.068201
         10.025         18.926      -0.068423
         10.031         18.928      -0.068645
         10.037         18.929      -0.068866
         10.043          18.93      -0.069086
         10.049         18.931      -0.069306
         10.055         18.932      -0.069525
         10.061         18.933      -0.069744
         10.066         18.933      -0.069963
         10.072         18.934      -0.070181
         10.078         18.935      -0.070398
         10.084         18.936      -0.070615
          10.09         18.936      -0.070831
         10.096         18.937      -0.071047
         10.102         18.938      -0.071263
         10.107         18.938      -0.071478
         10.113         18.939      -0.071692
         10.119         18.939      -0.071906
         10.125          18.94       -0.07212
         10.131          18.94      -0.072333
         10.137         18.941      -0.072545
         10.143         18.941      -0.072757
         10.148         18.941      -0.072969
         10.154         18.942       -0.07318
          10.16         18.942       -0.07339
         10.166         18.942        -0.0736
         10.172         18.942       -0.07381
         10.178         18.943      -0.074019
         10.184         18.943      -0.074227
         10.189         18.943      -0.074435
         10.195         18.943      -0.074643
         10.201         18.943       -0.07485
         10.207         18.943      -0.075057
         10.213         18.943      -0.075263
         10.219         18.943      -0.075468
         10.225         18.942      -0.075673
          10.23         18.942      -0.075878
         10.236         18.942      -0.076082
         10.242         18.942      -0.076286
         10.248         18.942      -0.076489
         10.254         18.941      -0.076691
          10.26         18.941      -0.076894
         10.266         18.941      -0.077095
         10.271          18.94      -0.077296
         10.277          18.94      -0.077497
         10.283          18.94      -0.077697
         10.289         18.939      -0.077897
         10.295         18.939      -0.078096
         10.301         18.938      -0.078295
         10.307         18.937      -0.078493
         10.313         18.937      -0.078691
         10.318         18.936      -0.078888
         10.324         18.936      -0.079085
          10.33         18.935      -0.079282
         10.336         18.934      -0.079478
         10.342         18.934      -0.079673
         10.348         18.933      -0.079868
         10.354         18.932      -0.080062
         10.359         18.931      -0.080256
         10.365          18.93       -0.08045
         10.371          18.93      -0.080643
         10.377         18.929      -0.080836
         10.383         18.928      -0.081028
         10.389         18.927      -0.081219
         10.395         18.926       -0.08141
           10.4         18.925      -0.081601
         10.406         18.924      -0.081791
         10.412         18.923      -0.081981
         10.418         18.922      -0.082171
         10.424         18.921      -0.082359
          10.43          18.92      -0.082548
         10.436         18.919      -0.082736
         10.441         18.917      -0.082923
         10.447         18.916       -0.08311
         10.453         18.915      -0.083297
         10.459         18.914      -0.083483
         10.465         18.913      -0.083668
         10.471         18.911      -0.083854
         10.477          18.91      -0.084038
         10.482         18.909      -0.084223
         10.488         18.907      -0.084406
         10.494         18.906       -0.08459
           10.5         18.905      -0.084773
         10.506         18.903      -0.084955
         10.512         18.902      -0.085137
         10.518           18.9      -0.085319
         10.523         18.899        -0.0855
         10.529         18.897      -0.085681
         10.535         18.896      -0.085861
         10.541         18.894      -0.086041
         10.547         18.893       -0.08622
         10.553         18.891      -0.086399
         10.559          18.89      -0.086578
         10.564         18.888      -0.086756
          10.57         18.886      -0.086933
         10.576         18.885       -0.08711
         10.582         18.883      -0.087287
         10.588         18.881      -0.087464
         10.594          18.88      -0.087639
           10.6         18.878      -0.087815
         10.605         18.876       -0.08799
         10.611         18.875      -0.088165
         10.617         18.873      -0.088339
         10.623         18.871      -0.088513
         10.629         18.869      -0.088686
         10.635         18.867      -0.088859
         10.641         18.866      -0.089031
         10.646         18.864      -0.089203
         10.652         18.862      -0.089375
         10.658          18.86      -0.089546
         10.664         18.858      -0.089717
          10.67         18.856      -0.089888
         10.676         18.854      -0.090058
         10.682         18.852      -0.090227
         10.688          18.85      -0.090396
         10.693         18.848      -0.090565
         10.699         18.846      -0.090733
         10.705         18.844      -0.090901
         10.711         18.842      -0.091069
         10.717          18.84      -0.091236
         10.723         18.838      -0.091403
         10.729         18.836      -0.091569
         10.734         18.834      -0.091735
          10.74         18.832      -0.091901
         10.746          18.83      -0.092066
         10.752         18.827       -0.09223
         10.758         18.825      -0.092395
         10.764         18.823      -0.092559
          10.77         18.821      -0.092722
         10.775         18.819      -0.092885
         10.781         18.817      -0.093048
         10.787         18.814       -0.09321
         10.793         18.812      -0.093372
         10.799          18.81      -0.093534
         10.805         18.808      -0.093695
         10.811         18.805      -0.093856
         10.816         18.803      -0.094016
         10.822         18.801      -0.094176
         10.828         18.798      -0.094336
         10.834         18.796      -0.094495
          10.84         18.794      -0.094654
         10.846         18.791      -0.094813
         10.852         18.789      -0.094971
         10.857         18.786      -0.095129
         10.863         18.784      -0.095286
         10.869         18.782      -0.095443
         10.875         18.779        -0.0956
         10.881         18.777      -0.095756
         10.887         18.774      -0.095912
         10.893         18.772      -0.096067
         10.898         18.769      -0.096222
         10.904         18.767      -0.096377
          10.91         18.764      -0.096532
         10.916         18.762      -0.096686
         10.922         18.759      -0.096839
         10.928         18.757      -0.096993
         10.934         18.754      -0.097146
         10.939         18.752      -0.097298
         10.945         18.749      -0.097451
         10.951         18.747      -0.097602
         10.957         18.744      -0.097754
         10.963         18.741      -0.097905
         10.969         18.739      -0.098056
         10.975         18.736      -0.098206
          10.98         18.734      -0.098357
         10.986         18.731      -0.098506
         10.992         18.728      -0.098656
         10.998         18.726      -0.098805
         11.004         18.723      -0.098954
          11.01          18.72      -0.099102
         11.016         18.718       -0.09925
         11.021         18.715      -0.099398
         11.027         18.712      -0.099545
         11.033         18.709      -0.099692
         11.039         18.707      -0.099839
         11.045         18.704      -0.099985
         11.051         18.701       -0.10013
         11.057         18.698       -0.10028
         11.063         18.696       -0.10042
         11.068         18.693       -0.10057
         11.074          18.69       -0.10071
          11.08         18.687       -0.10086
         11.086         18.685         -0.101
         11.092         18.682       -0.10114
         11.098         18.679       -0.10129
         11.104         18.676       -0.10143
         11.109         18.673       -0.10157
         11.115          18.67       -0.10171
         11.121         18.668       -0.10186
         11.127         18.665         -0.102
         11.133         18.662       -0.10214
         11.139         18.659       -0.10228
         11.145         18.656       -0.10242
          11.15         18.653       -0.10256
         11.156          18.65        -0.1027
         11.162         18.647       -0.10284
         11.168         18.644       -0.10298
         11.174         18.642       -0.10312
          11.18         18.639       -0.10326
         11.186         18.636        -0.1034
         11.191         18.633       -0.10354
         11.197          18.63       -0.10367
         11.203         18.627       -0.10381
         11.209         18.624       -0.10395
         11.215         18.621       -0.10409
         11.221         18.618       -0.10422
         11.227         18.615       -0.10436
         11.232         18.612       -0.10449
         11.238         18.609       -0.10463
         11.244         18.606       -0.10477
          11.25         18.603        -0.1049
         11.256           18.6       -0.10503
         11.262         18.597       -0.10517
         11.268         18.594        -0.1053
         11.273         18.591       -0.10544
         11.279         18.588       -0.10557
         11.285         18.585        -0.1057
         11.291         18.582       -0.10584
         11.297         18.578       -0.10597
         11.303         18.575        -0.1061
         11.309         18.572       -0.10623
         11.314         18.569       -0.10637
          11.32         18.566        -0.1065
         11.326         18.563       -0.10663
         11.332          18.56       -0.10676
         11.338         18.557       -0.10689
         11.344         18.554       -0.10702
          11.35         18.551       -0.10715
         11.355         18.547       -0.10728
         11.361         18.544       -0.10741
         11.367         18.541       -0.10754
         11.373         18.538       -0.10767
         11.379         18.535        -0.1078
         11.385         18.532       -0.10793
         11.391         18.528       -0.10805
         11.396         18.525       -0.10818
         11.402         18.522       -0.10831
         11.408         18.519       -0.10844
         11.414         18.516       -0.10856
          11.42         18.513       -0.10869
         11.426         18.509       -0.10882
         11.432         18.506       -0.10894
         11.438         18.503       -0.10907
         11.443           18.5       -0.10919
         11.449         18.496       -0.10932
         11.455         18.493       -0.10945
         11.461          18.49       -0.10957
         11.467         18.487       -0.10969
         11.473         18.484       -0.10982
         11.479          18.48       -0.10994
         11.484         18.477       -0.11007
          11.49         18.474       -0.11019
         11.496         18.471       -0.11031
         11.502         18.467       -0.11044
         11.508         18.464       -0.11056
         11.514         18.461       -0.11068
          11.52         18.457        -0.1108
         11.525         18.454       -0.11093
         11.531         18.451       -0.11105
         11.537         18.448       -0.11117
         11.543         18.444       -0.11129
         11.549         18.441       -0.11141
         11.555         18.438       -0.11153
         11.561         18.434       -0.11165
         11.566         18.431       -0.11177
         11.572         18.428       -0.11189
         11.578         18.424       -0.11201
         11.584         18.421       -0.11213
          11.59         18.418       -0.11225
         11.596         18.415       -0.11237
         11.602         18.411       -0.11249
         11.607         18.408       -0.11261
         11.613         18.405       -0.11272
         11.619         18.401       -0.11284
         11.625         18.398       -0.11296
         11.631         18.394       -0.11308
         11.637         18.391       -0.11319
         11.643         18.388       -0.11331
         11.648         18.384       -0.11343
         11.654         18.381       -0.11354
          11.66         18.378       -0.11366
         11.666         18.374       -0.11378
         11.672         18.371       -0.11389
         11.678         18.368       -0.11401
         11.684         18.364       -0.11412
         11.689         18.361       -0.11424
         11.695         18.357       -0.11435
         11.701         18.354       -0.11447
         11.707         18.351       -0.11458
         11.713         18.347        -0.1147
         11.719         18.344       -0.11481
         11.725          18.34       -0.11492
          11.73         18.337       -0.11504
         11.736         18.334       -0.11515
         11.742          18.33       -0.11526
         11.748         18.327       -0.11537
         11.754         18.323       -0.11549
          11.76          18.32        -0.1156
         11.766         18.316       -0.11571
         11.771         18.313       -0.11582
         11.777          18.31       -0.11593
         11.783         18.306       -0.11605
         11.789         18.303       -0.11616
         11.795         18.299       -0.11627
         11.801         18.296       -0.11638
         11.807         18.292       -0.11649
         11.813         18.289        -0.1166
         11.818         18.285       -0.11671
         11.824         18.282       -0.11682
          11.83         18.279       -0.11693
         11.836         18.275       -0.11704
         11.842         18.272       -0.11715
         11.848         18.268       -0.11726
         11.854         18.265       -0.11736
         11.859         18.261       -0.11747
         11.865         18.258       -0.11758
         11.871         18.254       -0.11769
         11.877         18.251        -0.1178
         11.883         18.247       -0.11791
         11.889         18.244       -0.11801
         11.895          18.24       -0.11812
           11.9         18.237       -0.11823
         11.906         18.233       -0.11833
         11.912          18.23       -0.11844
         11.918         18.226       -0.11855
         11.924         18.223       -0.11865
          11.93         18.219       -0.11876
         11.936         18.216       -0.11886
         11.941         18.212       -0.11897
         11.947         18.209       -0.11907
         11.953         18.205       -0.11918
         11.959         18.202       -0.11928
         11.965         18.198       -0.11939
         11.971         18.195       -0.11949
         11.977         18.191        -0.1196
         11.982         18.188        -0.1197
         11.988         18.184       -0.11981
         11.994         18.181       -0.11991
             12         18.177       -0.12001
         12.006         18.174       -0.12012
         12.012          18.17       -0.12022
         12.018         18.167       -0.12032
         12.023         18.163       -0.12043
         12.029          18.16       -0.12053
         12.035         18.156       -0.12063
         12.041         18.153       -0.12073
         12.047         18.149       -0.12083
         12.053         18.145       -0.12094
         12.059         18.142       -0.12104
         12.064         18.138       -0.12114
          12.07         18.135       -0.12124
         12.076         18.131       -0.12134
         12.082         18.128       -0.12144
         12.088         18.124       -0.12154
         12.094         18.121       -0.12164
           12.1         18.117       -0.12174
         12.105         18.114       -0.12184
         12.111          18.11       -0.12194
         12.117         18.106       -0.12204
         12.123         18.103       -0.12214
         12.129         18.099       -0.12224
         12.135         18.096       -0.12234
         12.141         18.092       -0.12244
         12.146         18.089       -0.12254
         12.152         18.085       -0.12264
         12.158         18.081       -0.12273
         12.164         18.078       -0.12283
          12.17         18.074       -0.12293
         12.176         18.071       -0.12303
         12.182         18.067       -0.12313
         12.188         18.064       -0.12322
         12.193          18.06       -0.12332
         12.199         18.056       -0.12342
         12.205         18.053       -0.12351
         12.211         18.049       -0.12361
         12.217         18.046       -0.12371
         12.223         18.042        -0.1238
         12.229         18.039        -0.1239
         12.234         18.035         -0.124
          12.24         18.031       -0.12409
         12.246         18.028       -0.12419
         12.252         18.024       -0.12428
         12.258         18.021       -0.12438
         12.264         18.017       -0.12447
          12.27         18.014       -0.12457
         12.275          18.01       -0.12466
         12.281         18.006       -0.12476
         12.287         18.003       -0.12485
         12.293         17.999       -0.12495
         12.299         17.996       -0.12504
         12.305         17.992       -0.12513
         12.311         17.988       -0.12523
         12.316         17.985       -0.12532
         12.322         17.981       -0.12542
         12.328         17.978       -0.12551
         12.334         17.974        -0.1256
          12.34          17.97       -0.12569
         12.346         17.967       -0.12579
         12.352         17.963       -0.12588
         12.357          17.96       -0.12597
         12.363         17.956       -0.12606
         12.369         17.952       -0.12616
         12.375         17.949       -0.12625
         12.381         17.945       -0.12634
         12.387         17.942       -0.12643
         12.393         17.938       -0.12652
         12.398         17.934       -0.12661
         12.404         17.931       -0.12671
          12.41         17.927        -0.1268
         12.416         17.924       -0.12689
         12.422          17.92       -0.12698
         12.428         17.916       -0.12707
         12.434         17.913       -0.12716
         12.439         17.909       -0.12725
         12.445         17.906       -0.12734
         12.451         17.902       -0.12743
         12.457         17.898       -0.12752
         12.463         17.895       -0.12761
         12.469         17.891        -0.1277
         12.475         17.888       -0.12779
          12.48         17.884       -0.12788
         12.486          17.88       -0.12796
         12.492         17.877       -0.12805
         12.498         17.873       -0.12814
         12.504         17.869       -0.12823
          12.51         17.866       -0.12832
         12.516         17.862       -0.12841
         12.521         17.859       -0.12849
         12.527         17.855       -0.12858
         12.533         17.851       -0.12867
         12.539         17.848       -0.12876
         12.545         17.844       -0.12884
         12.551         17.841       -0.12893
         12.557         17.837       -0.12902
         12.563         17.833       -0.12911
         12.568          17.83       -0.12919
         12.574         17.826       -0.12928
          12.58         17.822       -0.12937
         12.586         17.819       -0.12945
         12.592         17.815       -0.12954
         12.598         17.812       -0.12962
         12.604         17.808       -0.12971
         12.609         17.804        -0.1298
         12.615         17.801       -0.12988
         12.621         17.797       -0.12997
         12.627         17.793       -0.13005
         12.633          17.79       -0.13014
         12.639         17.786       -0.13022
         12.645         17.783       -0.13031
          12.65         17.779       -0.13039
         12.656         17.775       -0.13048
         12.662         17.772       -0.13056
         12.668         17.768       -0.13064
         12.674         17.764       -0.13073
          12.68         17.761       -0.13081
         12.686         17.757        -0.1309
         12.691         17.754       -0.13098
         12.697          17.75       -0.13106
         12.703         17.746       -0.13115
         12.709         17.743       -0.13123
         12.715         17.739       -0.13131
         12.721         17.736        -0.1314
         12.727         17.732       -0.13148
         12.732         17.728       -0.13156
         12.738         17.725       -0.13164
         12.744         17.721       -0.13173
          12.75         17.717       -0.13181
         12.756         17.714       -0.13189
         12.762          17.71       -0.13197
         12.768         17.707       -0.13206
         12.773         17.703       -0.13214
         12.779         17.699       -0.13222
         12.785         17.696        -0.1323
         12.791         17.692       -0.13238
         12.797         17.688       -0.13246
         12.803         17.685       -0.13254
         12.809         17.681       -0.13262
         12.814         17.678       -0.13271
          12.82         17.674       -0.13279
         12.826          17.67       -0.13287
         12.832         17.667       -0.13295
         12.838         17.663       -0.13303
         12.844         17.659       -0.13311
          12.85         17.656       -0.13319
         12.855         17.652       -0.13327
         12.861         17.649       -0.13335
         12.867         17.645       -0.13343
         12.873         17.641       -0.13351
         12.879         17.638       -0.13359
         12.885         17.634       -0.13367
         12.891          17.63       -0.13374
         12.896         17.627       -0.13382
         12.902         17.623        -0.1339
         12.908          17.62       -0.13398
         12.914         17.616       -0.13406
          12.92         17.612       -0.13414
         12.926         17.609       -0.13422
         12.932         17.605       -0.13429
         12.938         17.602       -0.13437
         12.943         17.598       -0.13445
         12.949         17.594       -0.13453
         12.955         17.591       -0.13461
         12.961         17.587       -0.13468
         12.967         17.583       -0.13476
         12.973          17.58       -0.13484
         12.979         17.576       -0.13492
         12.984         17.573       -0.13499
          12.99         17.569       -0.13507
         12.996         17.565       -0.13515
         13.002         17.562       -0.13522
         13.008         17.558        -0.1353
         13.014         17.554       -0.13538
          13.02         17.551       -0.13545
         13.025         17.547       -0.13553
         13.031         17.544       -0.13561
         13.037          17.54       -0.13568
         13.043         17.536       -0.13576
         13.049         17.533       -0.13583
         13.055         17.529       -0.13591
         13.061         17.526       -0.13599
         13.066         17.522       -0.13606
         13.072         17.518       -0.13614
         13.078         17.515       -0.13621
         13.084         17.511       -0.13629
          13.09         17.507       -0.13636
         13.096         17.504       -0.13644
         13.102           17.5       -0.13651
         13.107         17.497       -0.13659
         13.113         17.493       -0.13666
         13.119         17.489       -0.13673
         13.125         17.486       -0.13681
         13.131         17.482       -0.13688
         13.137         17.479       -0.13696
         13.143         17.475       -0.13703
         13.148         17.471        -0.1371
         13.154         17.468       -0.13718
          13.16         17.464       -0.13725
         13.166         17.461       -0.13733
         13.172         17.457        -0.1374
         13.178         17.453       -0.13747
         13.184          17.45       -0.13755
         13.189         17.446       -0.13762
         13.195         17.443       -0.13769
         13.201         17.439       -0.13776
         13.207         17.435       -0.13784
         13.213         17.432       -0.13791
         13.219         17.428       -0.13798
         13.225         17.425       -0.13805
          13.23         17.421       -0.13813
         13.236         17.417        -0.1382
         13.242         17.414       -0.13827
         13.248          17.41       -0.13834
         13.254         17.407       -0.13841
          13.26         17.403       -0.13849
         13.266         17.399       -0.13856
         13.271         17.396       -0.13863
         13.277         17.392        -0.1387
         13.283         17.389       -0.13877
         13.289         17.385       -0.13884
         13.295         17.381       -0.13891
         13.301         17.378       -0.13899
         13.307         17.374       -0.13906
         13.313         17.371       -0.13913
         13.318         17.367        -0.1392
         13.324         17.363       -0.13927
          13.33          17.36       -0.13934
         13.336         17.356       -0.13941
         13.342         17.353       -0.13948
         13.348         17.349       -0.13955
         13.354         17.345       -0.13962
         13.359         17.342       -0.13969
         13.365         17.338       -0.13976
         13.371         17.335       -0.13983
         13.377         17.331        -0.1399
         13.383         17.328       -0.13997
         13.389         17.324       -0.14004
         13.395          17.32       -0.14011
           13.4         17.317       -0.14018
         13.406         17.313       -0.14024
         13.412          17.31       -0.14031
         13.418         17.306       -0.14038
         13.424         17.302       -0.14045
          13.43         17.299       -0.14052
         13.436         17.295       -0.14059
         13.441         17.292       -0.14066
         13.447         17.288       -0.14073
         13.453         17.285       -0.14079
         13.459         17.281       -0.14086
         13.465         17.277       -0.14093
         13.471         17.274         -0.141
         13.477          17.27       -0.14107
         13.482         17.267       -0.14113
         13.488         17.263        -0.1412
         13.494         17.259       -0.14127
           13.5         17.256       -0.14134
         13.506         17.252        -0.1414
         13.512         17.249       -0.14147
         13.518         17.245       -0.14154
         13.523         17.242       -0.14161
         13.529         17.238       -0.14167
         13.535         17.234       -0.14174
         13.541         17.231       -0.14181
         13.547         17.227       -0.14187
         13.553         17.224       -0.14194
         13.559          17.22       -0.14201
         13.564         17.217       -0.14207
          13.57         17.213       -0.14214
         13.576          17.21       -0.14221
         13.582         17.206       -0.14227
         13.588         17.202       -0.14234
         13.594         17.199        -0.1424
           13.6         17.195       -0.14247
         13.605         17.192       -0.14254
         13.611         17.188        -0.1426
         13.617         17.185       -0.14267
         13.623         17.181       -0.14273
         13.629         17.177        -0.1428
         13.635         17.174       -0.14286
         13.641          17.17       -0.14293
         13.646         17.167       -0.14299
         13.652         17.163       -0.14306
         13.658          17.16       -0.14312
         13.664         17.156       -0.14319
          13.67         17.153       -0.14325
         13.676         17.149       -0.14332
         13.682         17.145       -0.14338
         13.688         17.142       -0.14345
         13.693         17.138       -0.14351
         13.699         17.135       -0.14357
         13.705         17.131       -0.14364
         13.711         17.128        -0.1437
         13.717         17.124       -0.14377
         13.723         17.121       -0.14383
         13.729         17.117       -0.14389
         13.734         17.114       -0.14396
          13.74          17.11       -0.14402
         13.746         17.106       -0.14409
         13.752         17.103       -0.14415
         13.758         17.099       -0.14421
         13.764         17.096       -0.14428
          13.77         17.092       -0.14434
         13.775         17.089        -0.1444
         13.781         17.085       -0.14447
         13.787         17.082       -0.14453
         13.793         17.078       -0.14459
         13.799         17.075       -0.14465
         13.805         17.071       -0.14472
         13.811         17.068       -0.14478
         13.816         17.064       -0.14484
         13.822         17.061        -0.1449
         13.828         17.057       -0.14497
         13.834         17.053       -0.14503
          13.84          17.05       -0.14509
         13.846         17.046       -0.14515
         13.852         17.043       -0.14522
         13.857         17.039       -0.14528
         13.863         17.036       -0.14534
         13.869         17.032        -0.1454
         13.875         17.029       -0.14546
         13.881         17.025       -0.14552
         13.887         17.022       -0.14559
         13.893         17.018       -0.14565
         13.898         17.015       -0.14571
         13.904         17.011       -0.14577
          13.91         17.008       -0.14583
         13.916         17.004       -0.14589
         13.922         17.001       -0.14595
         13.928         16.997       -0.14601
         13.934         16.994       -0.14608
         13.939          16.99       -0.14614
         13.945         16.987        -0.1462
         13.951         16.983       -0.14626
         13.957          16.98       -0.14632
         13.963         16.976       -0.14638
         13.969         16.972       -0.14644
         13.975         16.969        -0.1465
          13.98         16.965       -0.14656
         13.986         16.962       -0.14662
         13.992         16.958       -0.14668
         13.998         16.955       -0.14674
         14.004         16.951        -0.1468
          14.01         16.948       -0.14686
         14.016         16.944       -0.14692
         14.021         16.941       -0.14698
         14.027         16.937       -0.14704
         14.033         16.934        -0.1471
         14.039          16.93       -0.14716
         14.045         16.927       -0.14722
         14.051         16.923       -0.14728
         14.057          16.92       -0.14733
         14.063         16.916       -0.14739
         14.068         16.913       -0.14745
         14.074         16.909       -0.14751
          14.08         16.906       -0.14757
         14.086         16.902       -0.14763
         14.092         16.899       -0.14769
         14.098         16.895       -0.14775
         14.104         16.892       -0.14781
         14.109         16.889       -0.14786
         14.115         16.885       -0.14792
         14.121         16.882       -0.14798
         14.127         16.878       -0.14804
         14.133         16.875        -0.1481
         14.139         16.871       -0.14815
         14.145         16.868       -0.14821
          14.15         16.864       -0.14827
         14.156         16.861       -0.14833
         14.162         16.857       -0.14839
         14.168         16.854       -0.14844
         14.174          16.85        -0.1485
          14.18         16.847       -0.14856
         14.186         16.843       -0.14862
         14.191          16.84       -0.14867
         14.197         16.836       -0.14873
         14.203         16.833       -0.14879
         14.209         16.829       -0.14885
         14.215         16.826        -0.1489
         14.221         16.822       -0.14896
         14.227         16.819       -0.14902
         14.232         16.815       -0.14907
         14.238         16.812       -0.14913
         14.244         16.809       -0.14919
          14.25         16.805       -0.14924
         14.256         16.802        -0.1493
         14.262         16.798       -0.14936
         14.268         16.795       -0.14941
         14.273         16.791       -0.14947
         14.279         16.788       -0.14953
         14.285         16.784       -0.14958
         14.291         16.781       -0.14964
         14.297         16.777        -0.1497
         14.303         16.774       -0.14975
         14.309          16.77       -0.14981
         14.314         16.767       -0.14986
          14.32         16.764       -0.14992
         14.326          16.76       -0.14997
         14.332         16.757       -0.15003
         14.338         16.753       -0.15009
         14.344          16.75       -0.15014
          14.35         16.746        -0.1502
         14.355         16.743       -0.15025
         14.361         16.739       -0.15031
         14.367         16.736       -0.15036
         14.373         16.732       -0.15042
         14.379         16.729       -0.15047
         14.385         16.726       -0.15053
         14.391         16.722       -0.15058
         14.396         16.719       -0.15064
         14.402         16.715       -0.15069
         14.408         16.712       -0.15075
         14.414         16.708        -0.1508
          14.42         16.705       -0.15086
         14.426         16.701       -0.15091
         14.432         16.698       -0.15097
         14.438         16.695       -0.15102
         14.443         16.691       -0.15107
         14.449         16.688       -0.15113
         14.455         16.684       -0.15118
         14.461         16.681       -0.15124
         14.467         16.677       -0.15129
         14.473         16.674       -0.15135
         14.479         16.671        -0.1514
         14.484         16.667       -0.15145
          14.49         16.664       -0.15151
         14.496          16.66       -0.15156
         14.502         16.657       -0.15161
         14.508         16.653       -0.15167
         14.514          16.65       -0.15172
          14.52         16.647       -0.15178
         14.525         16.643       -0.15183
         14.531          16.64       -0.15188
         14.537         16.636       -0.15194
         14.543         16.633       -0.15199
         14.549          16.63       -0.15204
         14.555         16.626       -0.15209
         14.561         16.623       -0.15215
         14.566         16.619        -0.1522
         14.572         16.616       -0.15225
         14.578         16.612       -0.15231
         14.584         16.609       -0.15236
          14.59         16.606       -0.15241
         14.596         16.602       -0.15246
         14.602         16.599       -0.15252
         14.607         16.595       -0.15257
         14.613         16.592       -0.15262
         14.619         16.589       -0.15267
         14.625         16.585       -0.15273
         14.631         16.582       -0.15278
         14.637         16.578       -0.15283
         14.643         16.575       -0.15288
         14.648         16.572       -0.15294
         14.654         16.568       -0.15299
          14.66         16.565       -0.15304
         14.666         16.561       -0.15309
         14.672         16.558       -0.15314
         14.678         16.555       -0.15319
         14.684         16.551       -0.15325
         14.689         16.548        -0.1533
         14.695         16.544       -0.15335
         14.701         16.541        -0.1534
         14.707         16.538       -0.15345
         14.713         16.534        -0.1535
         14.719         16.531       -0.15356
         14.725         16.527       -0.15361
          14.73         16.524       -0.15366
         14.736         16.521       -0.15371
         14.742         16.517       -0.15376
         14.748         16.514       -0.15381
         14.754         16.511       -0.15386
          14.76         16.507       -0.15391
         14.766         16.504       -0.15396
         14.771           16.5       -0.15401
         14.777         16.497       -0.15406
         14.783         16.494       -0.15412
         14.789          16.49       -0.15417
         14.795         16.487       -0.15422
         14.801         16.484       -0.15427
         14.807          16.48       -0.15432
         14.813         16.477       -0.15437
         14.818         16.473       -0.15442
         14.824          16.47       -0.15447
          14.83         16.467       -0.15452
         14.836         16.463       -0.15457
         14.842          16.46       -0.15462
         14.848         16.457       -0.15467
         14.854         16.453       -0.15472
         14.859          16.45       -0.15477
         14.865         16.446       -0.15482
         14.871         16.443       -0.15487
         14.877          16.44       -0.15492
         14.883         16.436       -0.15497
         14.889         16.433       -0.15502
         14.895          16.43       -0.15507
           14.9         16.426       -0.15512
         14.906         16.423       -0.15517
         14.912          16.42       -0.15521
         14.918         16.416       -0.15526
         14.924         16.413       -0.15531
          14.93          16.41       -0.15536
         14.936         16.406       -0.15541
         14.941         16.403       -0.15546
         14.947         16.399       -0.15551
         14.953         16.396       -0.15556
         14.959         16.393       -0.15561
         14.965         16.389       -0.15566
         14.971         16.386        -0.1557
         14.977         16.383       -0.15575
         14.982         16.379        -0.1558
         14.988         16.376       -0.15585
         14.994         16.373        -0.1559
             15         16.369       -0.15595
         15.006         16.366         -0.156
         15.012         16.363       -0.15604
         15.018         16.359       -0.15609
         15.023         16.356       -0.15614
         15.029         16.353       -0.15619
         15.035         16.349       -0.15624
         15.041         16.346       -0.15629
         15.047         16.343       -0.15633
         15.053         16.339       -0.15638
         15.059         16.336       -0.15643
         15.064         16.333       -0.15648
          15.07         16.329       -0.15653
         15.076         16.326       -0.15657
         15.082         16.323       -0.15662
         15.088         16.319       -0.15667
         15.094         16.316       -0.15672
           15.1         16.313       -0.15676
         15.105         16.309       -0.15681
         15.111         16.306       -0.15686
         15.117         16.303       -0.15691
         15.123         16.299       -0.15695
         15.129         16.296         -0.157
         15.135         16.293       -0.15705
         15.141          16.29       -0.15709
         15.146         16.286       -0.15714
         15.152         16.283       -0.15719
         15.158          16.28       -0.15724
         15.164         16.276       -0.15728
          15.17         16.273       -0.15733
         15.176          16.27       -0.15738
         15.182         16.266       -0.15742
         15.188         16.263       -0.15747
         15.193          16.26       -0.15752
         15.199         16.256       -0.15756
         15.205         16.253       -0.15761
         15.211          16.25       -0.15766
         15.217         16.247        -0.1577
         15.223         16.243       -0.15775
         15.229          16.24        -0.1578
         15.234         16.237       -0.15784
          15.24         16.233       -0.15789
         15.246          16.23       -0.15793
         15.252         16.227       -0.15798
         15.258         16.223       -0.15803
         15.264          16.22       -0.15807
          15.27         16.217       -0.15812
         15.275         16.214       -0.15817
         15.281          16.21       -0.15821
         15.287         16.207       -0.15826
         15.293         16.204        -0.1583
         15.299           16.2       -0.15835
         15.305         16.197       -0.15839
         15.311         16.194       -0.15844
         15.316         16.191       -0.15849
         15.322         16.187       -0.15853
         15.328         16.184       -0.15858
         15.334         16.181       -0.15862
          15.34         16.177       -0.15867
         15.346         16.174       -0.15871
         15.352         16.171       -0.15876
         15.357         16.168        -0.1588
         15.363         16.164       -0.15885
         15.369         16.161       -0.15889
         15.375         16.158       -0.15894
         15.381         16.154       -0.15898
         15.387         16.151       -0.15903
         15.393         16.148       -0.15907
         15.398         16.145       -0.15912
         15.404         16.141       -0.15916
          15.41         16.138       -0.15921
         15.416         16.135       -0.15925
         15.422         16.132        -0.1593
         15.428         16.128       -0.15934
         15.434         16.125       -0.15939
         15.439         16.122       -0.15943
         15.445         16.119       -0.15948
         15.451         16.115       -0.15952
         15.457         16.112       -0.15956
         15.463         16.109       -0.15961
         15.469         16.105       -0.15965
         15.475         16.102        -0.1597
          15.48         16.099       -0.15974
         15.486         16.096       -0.15979
         15.492         16.092       -0.15983
         15.498         16.089       -0.15987
         15.504         16.086       -0.15992
          15.51         16.083       -0.15996
         15.516         16.079       -0.16001
         15.521         16.076       -0.16005
         15.527         16.073       -0.16009
         15.533          16.07       -0.16014
         15.539         16.066       -0.16018
         15.545         16.063       -0.16023
         15.551          16.06       -0.16027
         15.557         16.057       -0.16031
         15.563         16.053       -0.16036
         15.568          16.05        -0.1604
         15.574         16.047       -0.16044
          15.58         16.044       -0.16049
         15.586         16.041       -0.16053
         15.592         16.037       -0.16057
         15.598         16.034       -0.16062
         15.604         16.031       -0.16066
         15.609         16.028        -0.1607
         15.615         16.024       -0.16075
         15.621         16.021       -0.16079
         15.627         16.018       -0.16083
         15.633         16.015       -0.16088
         15.639         16.011       -0.16092
         15.645         16.008       -0.16096
          15.65         16.005         -0.161
         15.656         16.002       -0.16105
         15.662         15.999       -0.16109
         15.668         15.995       -0.16113
         15.674         15.992       -0.16117
          15.68         15.989       -0.16122
         15.686         15.986       -0.16126
         15.691         15.982        -0.1613
         15.697         15.979       -0.16134
         15.703         15.976       -0.16139
         15.709         15.973       -0.16143
         15.715          15.97       -0.16147
         15.721         15.966       -0.16151
         15.727         15.963       -0.16156
         15.732          15.96        -0.1616
         15.738         15.957       -0.16164
         15.744         15.953       -0.16168
          15.75          15.95       -0.16173
         15.756         15.947       -0.16177
         15.762         15.944       -0.16181
         15.768         15.941       -0.16185
         15.773         15.937       -0.16189
         15.779         15.934       -0.16194
         15.785         15.931       -0.16198
         15.791         15.928       -0.16202
         15.797         15.925       -0.16206
         15.803         15.921        -0.1621
         15.809         15.918       -0.16214
         15.814         15.915       -0.16219
          15.82         15.912       -0.16223
         15.826         15.909       -0.16227
         15.832         15.905       -0.16231
         15.838         15.902       -0.16235
         15.844         15.899       -0.16239
          15.85         15.896       -0.16243
         15.855         15.893       -0.16248
         15.861         15.889       -0.16252
         15.867         15.886       -0.16256
         15.873         15.883        -0.1626
         15.879          15.88       -0.16264
         15.885         15.877       -0.16268
         15.891         15.874       -0.16272
         15.896          15.87       -0.16276
         15.902         15.867        -0.1628
         15.908         15.864       -0.16285
         15.914         15.861       -0.16289
          15.92         15.858       -0.16293
         15.926         15.854       -0.16297
         15.932         15.851       -0.16301
         15.938         15.848       -0.16305
         15.943         15.845       -0.16309
         15.949         15.842       -0.16313
         15.955         15.839       -0.16317
         15.961         15.835       -0.16321
         15.967         15.832       -0.16325
         15.973         15.829       -0.16329
         15.979         15.826       -0.16333
         15.984         15.823       -0.16337
          15.99          15.82       -0.16341
         15.996         15.816       -0.16345
         16.002         15.813       -0.16349
         16.008          15.81       -0.16353
         16.014         15.807       -0.16357
          16.02         15.804       -0.16361
         16.025         15.801       -0.16365
         16.031         15.797       -0.16369
         16.037         15.794       -0.16373
         16.043         15.791       -0.16377
         16.049         15.788       -0.16381
         16.055         15.785       -0.16385
         16.061         15.782       -0.16389
         16.066         15.778       -0.16393
         16.072         15.775       -0.16397
         16.078         15.772       -0.16401
         16.084         15.769       -0.16405
          16.09         15.766       -0.16409
         16.096         15.763       -0.16413
         16.102          15.76       -0.16417
         16.107         15.756       -0.16421
         16.113         15.753       -0.16425
         16.119          15.75       -0.16429
         16.125         15.747       -0.16433
         16.131         15.744       -0.16437
         16.137         15.741       -0.16441
         16.143         15.738       -0.16445
         16.148         15.734       -0.16449
         16.154         15.731       -0.16453
          16.16         15.728       -0.16457
         16.166         15.725        -0.1646
         16.172         15.722       -0.16464
         16.178         15.719       -0.16468
         16.184         15.716       -0.16472
         16.189         15.712       -0.16476
         16.195         15.709        -0.1648
         16.201         15.706       -0.16484
         16.207         15.703       -0.16488
         16.213           15.7       -0.16492
         16.219         15.697       -0.16496
         16.225         15.694       -0.16499
          16.23         15.691       -0.16503
         16.236         15.687       -0.16507
         16.242         15.684       -0.16511
         16.248         15.681       -0.16515
         16.254         15.678       -0.16519
          16.26         15.675       -0.16523
         16.266         15.672       -0.16526
         16.271         15.669        -0.1653
         16.277         15.666       -0.16534
         16.283         15.662       -0.16538
         16.289         15.659       -0.16542
         16.295         15.656       -0.16546
         16.301         15.653       -0.16549
         16.307          15.65       -0.16553
         16.313         15.647       -0.16557
         16.318         15.644       -0.16561
         16.324         15.641       -0.16565
          16.33         15.638       -0.16568
         16.336         15.634       -0.16572
         16.342         15.631       -0.16576
         16.348         15.628        -0.1658
         16.354         15.625       -0.16584
         16.359         15.622       -0.16587
         16.365         15.619       -0.16591
         16.371         15.616       -0.16595
         16.377         15.613       -0.16599
         16.383          15.61       -0.16603
         16.389         15.606       -0.16606
         16.395         15.603        -0.1661
           16.4           15.6       -0.16614
         16.406         15.597       -0.16618
         16.412         15.594       -0.16621
         16.418         15.591       -0.16625
         16.424         15.588       -0.16629
          16.43         15.585       -0.16633
         16.436         15.582       -0.16636
         16.441         15.579        -0.1664
         16.447         15.576       -0.16644
         16.453         15.572       -0.16647
         16.459         15.569       -0.16651
         16.465         15.566       -0.16655
         16.471         15.563       -0.16659
         16.477          15.56       -0.16662
         16.482         15.557       -0.16666
         16.488         15.554        -0.1667
         16.494         15.551       -0.16673
           16.5         15.548       -0.16677
         16.506         15.545       -0.16681
         16.512         15.542       -0.16685
         16.518         15.539       -0.16688
         16.523         15.535       -0.16692
         16.529         15.532       -0.16696
         16.535         15.529       -0.16699
         16.541         15.526       -0.16703
         16.547         15.523       -0.16707
         16.553          15.52        -0.1671
         16.559         15.517       -0.16714
         16.564         15.514       -0.16718
          16.57         15.511       -0.16721
         16.576         15.508       -0.16725
         16.582         15.505       -0.16729
         16.588         15.502       -0.16732
         16.594         15.499       -0.16736
           16.6         15.496       -0.16739
         16.605         15.492       -0.16743
         16.611         15.489       -0.16747
         16.617         15.486        -0.1675
         16.623         15.483       -0.16754
         16.629          15.48       -0.16758
         16.635         15.477       -0.16761
         16.641         15.474       -0.16765
         16.646         15.471       -0.16768
         16.652         15.468       -0.16772
         16.658         15.465       -0.16776
         16.664         15.462       -0.16779
          16.67         15.459       -0.16783
         16.676         15.456       -0.16786
         16.682         15.453        -0.1679
         16.688          15.45       -0.16794
         16.693         15.447       -0.16797
         16.699         15.444       -0.16801
         16.705         15.441       -0.16804
         16.711         15.437       -0.16808
         16.717         15.434       -0.16811
         16.723         15.431       -0.16815
         16.729         15.428       -0.16819
         16.734         15.425       -0.16822
          16.74         15.422       -0.16826
         16.746         15.419       -0.16829
         16.752         15.416       -0.16833
         16.758         15.413       -0.16836
         16.764          15.41        -0.1684
          16.77         15.407       -0.16843
         16.775         15.404       -0.16847
         16.781         15.401       -0.16851
         16.787         15.398       -0.16854
         16.793         15.395       -0.16858
         16.799         15.392       -0.16861
         16.805         15.389       -0.16865
         16.811         15.386       -0.16868
         16.816         15.383       -0.16872
         16.822          15.38       -0.16875
         16.828         15.377       -0.16879
         16.834         15.374       -0.16882
          16.84         15.371       -0.16886
         16.846         15.368       -0.16889
         16.852         15.365       -0.16893
         16.857         15.362       -0.16896
         16.863         15.359         -0.169
         16.869         15.356       -0.16903
         16.875         15.353       -0.16907
         16.881          15.35        -0.1691
         16.887         15.347       -0.16914
         16.893         15.343       -0.16917
         16.898          15.34        -0.1692
         16.904         15.337       -0.16924
          16.91         15.334       -0.16927
         16.916         15.331       -0.16931
         16.922         15.328       -0.16934
         16.928         15.325       -0.16938
         16.934         15.322       -0.16941
         16.939         15.319       -0.16945
         16.945         15.316       -0.16948
         16.951         15.313       -0.16952
         16.957          15.31       -0.16955
         16.963         15.307       -0.16958
         16.969         15.304       -0.16962
         16.975         15.301       -0.16965
          16.98         15.298       -0.16969
         16.986         15.295       -0.16972
         16.992         15.292       -0.16975
         16.998         15.289       -0.16979
         17.004         15.286       -0.16982
          17.01         15.283       -0.16986
         17.016          15.28       -0.16989
         17.021         15.277       -0.16993
         17.027         15.274       -0.16996
         17.033         15.271       -0.16999
         17.039         15.268       -0.17003
         17.045         15.265       -0.17006
         17.051         15.262       -0.17009
         17.057         15.259       -0.17013
         17.063         15.256       -0.17016
         17.068         15.253        -0.1702
         17.074          15.25       -0.17023
          17.08         15.247       -0.17026
         17.086         15.244        -0.1703
         17.092         15.241       -0.17033
         17.098         15.238       -0.17036
         17.104         15.236        -0.1704
         17.109         15.233       -0.17043
         17.115          15.23       -0.17046
         17.121         15.227        -0.1705
         17.127         15.224       -0.17053
         17.133         15.221       -0.17057
         17.139         15.218        -0.1706
         17.145         15.215       -0.17063
          17.15         15.212       -0.17067
         17.156         15.209        -0.1707
         17.162         15.206       -0.17073
         17.168         15.203       -0.17076
         17.174           15.2        -0.1708
          17.18         15.197       -0.17083
         17.186         15.194       -0.17086
         17.191         15.191        -0.1709
         17.197         15.188       -0.17093
         17.203         15.185       -0.17096
         17.209         15.182         -0.171
         17.215         15.179       -0.17103
         17.221         15.176       -0.17106
         17.227         15.173        -0.1711
         17.232          15.17       -0.17113
         17.238         15.167       -0.17116
         17.244         15.164       -0.17119
          17.25         15.161       -0.17123
         17.256         15.158       -0.17126
         17.262         15.155       -0.17129
         17.268         15.152       -0.17133
         17.273         15.149       -0.17136
         17.279         15.146       -0.17139
         17.285         15.144       -0.17142
         17.291         15.141       -0.17146
         17.297         15.138       -0.17149
         17.303         15.135       -0.17152
         17.309         15.132       -0.17155
         17.314         15.129       -0.17159
          17.32         15.126       -0.17162
         17.326         15.123       -0.17165
         17.332          15.12       -0.17168
         17.338         15.117       -0.17172
         17.344         15.114       -0.17175
          17.35         15.111       -0.17178
         17.355         15.108       -0.17181
         17.361         15.105       -0.17184
         17.367         15.102       -0.17188
         17.373         15.099       -0.17191
         17.379         15.096       -0.17194
         17.385         15.093       -0.17197
         17.391         15.091       -0.17201
         17.396         15.088       -0.17204
         17.402         15.085       -0.17207
         17.408         15.082        -0.1721
         17.414         15.079       -0.17213
          17.42         15.076       -0.17217
         17.426         15.073        -0.1722
         17.432          15.07       -0.17223
         17.438         15.067       -0.17226
         17.443         15.064       -0.17229
         17.449         15.061       -0.17232
         17.455         15.058       -0.17236
         17.461         15.055       -0.17239
         17.467         15.052       -0.17242
         17.473         15.049       -0.17245
         17.479         15.047       -0.17248
         17.484         15.044       -0.17252
          17.49         15.041       -0.17255
         17.496         15.038       -0.17258
         17.502         15.035       -0.17261
         17.508         15.032       -0.17264
         17.514         15.029       -0.17267
          17.52         15.026        -0.1727
         17.525         15.023       -0.17274
         17.531          15.02       -0.17277
         17.537         15.017        -0.1728
         17.543         15.014       -0.17283
         17.549         15.012       -0.17286
         17.555         15.009       -0.17289
         17.561         15.006       -0.17292
         17.566         15.003       -0.17296
         17.572             15       -0.17299
         17.578         14.997       -0.17302
         17.584         14.994       -0.17305
          17.59         14.991       -0.17308
         17.596         14.988       -0.17311
         17.602         14.985       -0.17314
         17.607         14.982       -0.17317
         17.613          14.98        -0.1732
         17.619         14.977       -0.17324
         17.625         14.974       -0.17327
         17.631         14.971        -0.1733
         17.637         14.968       -0.17333
         17.643         14.965       -0.17336
         17.648         14.962       -0.17339
         17.654         14.959       -0.17342
          17.66         14.956       -0.17345
         17.666         14.953       -0.17348
         17.672         14.951       -0.17351
         17.678         14.948       -0.17354
         17.684         14.945       -0.17358
         17.689         14.942       -0.17361
         17.695         14.939       -0.17364
         17.701         14.936       -0.17367
         17.707         14.933        -0.1737
         17.713          14.93       -0.17373
         17.719         14.927       -0.17376
         17.725         14.925       -0.17379
          17.73         14.922       -0.17382
         17.736         14.919       -0.17385
         17.742         14.916       -0.17388
         17.748         14.913       -0.17391
         17.754          14.91       -0.17394
          17.76         14.907       -0.17397
         17.766         14.904         -0.174
         17.771         14.902       -0.17403
         17.777         14.899       -0.17406
         17.783         14.896       -0.17409
         17.789         14.893       -0.17412
         17.795          14.89       -0.17415
         17.801         14.887       -0.17418
         17.807         14.884       -0.17421
         17.813         14.881       -0.17424
         17.818         14.879       -0.17427
         17.824         14.876        -0.1743
          17.83         14.873       -0.17433
         17.836          14.87       -0.17436
         17.842         14.867       -0.17439
         17.848         14.864       -0.17442
         17.854         14.861       -0.17445
         17.859         14.858       -0.17448
         17.865         14.856       -0.17451
         17.871         14.853       -0.17454
         17.877          14.85       -0.17457
         17.883         14.847        -0.1746
         17.889         14.844       -0.17463
         17.895         14.841       -0.17466
           17.9         14.838       -0.17469
         17.906         14.836       -0.17472
         17.912         14.833       -0.17475
         17.918          14.83       -0.17478
         17.924         14.827       -0.17481
          17.93         14.824       -0.17484
         17.936         14.821       -0.17487
         17.941         14.818        -0.1749
         17.947         14.816       -0.17493
         17.953         14.813       -0.17496
         17.959          14.81       -0.17499
         17.965         14.807       -0.17502
         17.971         14.804       -0.17505
         17.977         14.801       -0.17508
         17.982         14.799       -0.17511
         17.988         14.796       -0.17514
         17.994         14.793       -0.17517
             18          14.79        -0.1752
         18.006         14.787       -0.17523
         18.012         14.784       -0.17525
         18.018         14.781       -0.17528
         18.023         14.779       -0.17531
         18.029         14.776       -0.17534
         18.035         14.773       -0.17537
         18.041          14.77        -0.1754
         18.047         14.767       -0.17543
         18.053         14.764       -0.17546
         18.059         14.762       -0.17549
         18.064         14.759       -0.17552
          18.07         14.756       -0.17555
         18.076         14.753       -0.17558
         18.082          14.75        -0.1756
         18.088         14.747       -0.17563
         18.094         14.745       -0.17566
           18.1         14.742       -0.17569
         18.105         14.739       -0.17572
         18.111         14.736       -0.17575
         18.117         14.733       -0.17578
         18.123          14.73       -0.17581
         18.129         14.728       -0.17584
         18.135         14.725       -0.17586
         18.141         14.722       -0.17589
         18.146         14.719       -0.17592
         18.152         14.716       -0.17595
         18.158         14.714       -0.17598
         18.164         14.711       -0.17601
          18.17         14.708       -0.17604
         18.176         14.705       -0.17606
         18.182         14.702       -0.17609
         18.188         14.699       -0.17612
         18.193         14.697       -0.17615
         18.199         14.694       -0.17618
         18.205         14.691       -0.17621
         18.211         14.688       -0.17624
         18.217         14.685       -0.17626
         18.223         14.683       -0.17629
         18.229          14.68       -0.17632
         18.234         14.677       -0.17635
          18.24         14.674       -0.17638
         18.246         14.671       -0.17641
         18.252         14.668       -0.17643
         18.258         14.666       -0.17646
         18.264         14.663       -0.17649
          18.27          14.66       -0.17652
         18.275         14.657       -0.17655
         18.281         14.654       -0.17658
         18.287         14.652        -0.1766
         18.293         14.649       -0.17663
         18.299         14.646       -0.17666
         18.305         14.643       -0.17669
         18.311          14.64       -0.17672
         18.316         14.638       -0.17674
         18.322         14.635       -0.17677
         18.328         14.632        -0.1768
         18.334         14.629       -0.17683
          18.34         14.626       -0.17686
         18.346         14.624       -0.17688
         18.352         14.621       -0.17691
         18.357         14.618       -0.17694
         18.363         14.615       -0.17697
         18.369         14.613         -0.177
         18.375          14.61       -0.17702
         18.381         14.607       -0.17705
         18.387         14.604       -0.17708
         18.393         14.601       -0.17711
         18.398         14.599       -0.17713
         18.404         14.596       -0.17716
          18.41         14.593       -0.17719
         18.416          14.59       -0.17722
         18.422         14.587       -0.17725
         18.428         14.585       -0.17727
         18.434         14.582        -0.1773
         18.439         14.579       -0.17733
         18.445         14.576       -0.17736
         18.451         14.574       -0.17738
         18.457         14.571       -0.17741
         18.463         14.568       -0.17744
         18.469         14.565       -0.17747
         18.475         14.562       -0.17749
          18.48          14.56       -0.17752
         18.486         14.557       -0.17755
         18.492         14.554       -0.17758
         18.498         14.551        -0.1776
         18.504         14.549       -0.17763
          18.51         14.546       -0.17766
         18.516         14.543       -0.17768
         18.521          14.54       -0.17771
         18.527         14.538       -0.17774
         18.533         14.535       -0.17777
         18.539         14.532       -0.17779
         18.545         14.529       -0.17782
         18.551         14.526       -0.17785
         18.557         14.524       -0.17788
         18.563         14.521        -0.1779
         18.568         14.518       -0.17793
         18.574         14.515       -0.17796
          18.58         14.513       -0.17798
         18.586          14.51       -0.17801
         18.592         14.507       -0.17804
         18.598         14.504       -0.17806
         18.604         14.502       -0.17809
         18.609         14.499       -0.17812
         18.615         14.496       -0.17815
         18.621         14.493       -0.17817
         18.627         14.491        -0.1782
         18.633         14.488       -0.17823
         18.639         14.485       -0.17825
         18.645         14.482       -0.17828
          18.65          14.48       -0.17831
         18.656         14.477       -0.17833
         18.662         14.474       -0.17836
         18.668         14.471       -0.17839
         18.674         14.469       -0.17841
          18.68         14.466       -0.17844
         18.686         14.463       -0.17847
         18.691          14.46       -0.17849
         18.697         14.458       -0.17852
         18.703         14.455       -0.17855
         18.709         14.452       -0.17857
         18.715         14.449        -0.1786
         18.721         14.447       -0.17863
         18.727         14.444       -0.17865
         18.732         14.441       -0.17868
         18.738         14.438       -0.17871
         18.744         14.436       -0.17873
          18.75         14.433       -0.17876
         18.756          14.43       -0.17879
         18.762         14.428       -0.17881
         18.768         14.425       -0.17884
         18.773         14.422       -0.17886
         18.779         14.419       -0.17889
         18.785         14.417       -0.17892
         18.791         14.414       -0.17894
         18.797         14.411       -0.17897
         18.803         14.408         -0.179
         18.809         14.406       -0.17902
         18.814         14.403       -0.17905
          18.82           14.4       -0.17907
         18.826         14.398        -0.1791
         18.832         14.395       -0.17913
         18.838         14.392       -0.17915
         18.844         14.389       -0.17918
          18.85         14.387        -0.1792
         18.855         14.384       -0.17923
         18.861         14.381       -0.17926
         18.867         14.378       -0.17928
         18.873         14.376       -0.17931
         18.879         14.373       -0.17933
         18.885          14.37       -0.17936
         18.891         14.368       -0.17939
         18.896         14.365       -0.17941
         18.902         14.362       -0.17944
         18.908         14.359       -0.17946
         18.914         14.357       -0.17949
          18.92         14.354       -0.17952
         18.926         14.351       -0.17954
         18.932         14.349       -0.17957
         18.938         14.346       -0.17959
         18.943         14.343       -0.17962
         18.949          14.34       -0.17965
         18.955         14.338       -0.17967
         18.961         14.335        -0.1797
         18.967         14.332       -0.17972
         18.973          14.33       -0.17975
         18.979         14.327       -0.17977
         18.984         14.324        -0.1798
          18.99         14.322       -0.17982
         18.996         14.319       -0.17985
         19.002         14.316       -0.17988
         19.008         14.313        -0.1799
         19.014         14.311       -0.17993
          19.02         14.308       -0.17995
         19.025         14.305       -0.17998
         19.031         14.303          -0.18
         19.037           14.3       -0.18003
         19.043         14.297       -0.18005
         19.049         14.295       -0.18008
         19.055         14.292        -0.1801
         19.061         14.289       -0.18013
         19.066         14.287       -0.18016
         19.072         14.284       -0.18018
         19.078         14.281       -0.18021
         19.084         14.278       -0.18023
          19.09         14.276       -0.18026
         19.096         14.273       -0.18028
         19.102          14.27       -0.18031
         19.107         14.268       -0.18033
         19.113         14.265       -0.18036
         19.119         14.262       -0.18038
         19.125          14.26       -0.18041
         19.131         14.257       -0.18043
         19.137         14.254       -0.18046
         19.143         14.252       -0.18048
         19.148         14.249       -0.18051
         19.154         14.246       -0.18053
          19.16         14.244       -0.18056
         19.166         14.241       -0.18058
         19.172         14.238       -0.18061
         19.178         14.236       -0.18063
         19.184         14.233       -0.18066
         19.189          14.23       -0.18068
         19.195         14.227       -0.18071
         19.201         14.225       -0.18073
         19.207         14.222       -0.18076
         19.213         14.219       -0.18078
         19.219         14.217       -0.18081
         19.225         14.214       -0.18083
          19.23         14.211       -0.18086
         19.236         14.209       -0.18088
         19.242         14.206       -0.18091
         19.248         14.203       -0.18093
         19.254         14.201       -0.18096
          19.26         14.198       -0.18098
         19.266         14.195       -0.18101
         19.271         14.193       -0.18103
         19.277          14.19       -0.18105
         19.283         14.187       -0.18108
         19.289         14.185        -0.1811
         19.295         14.182       -0.18113
         19.301         14.179       -0.18115
         19.307         14.177       -0.18118
         19.313         14.174        -0.1812
         19.318         14.172       -0.18123
         19.324         14.169       -0.18125
          19.33         14.166       -0.18128
         19.336         14.164        -0.1813
         19.342         14.161       -0.18132
         19.348         14.158       -0.18135
         19.354         14.156       -0.18137
         19.359         14.153        -0.1814
         19.365          14.15       -0.18142
         19.371         14.148       -0.18145
         19.377         14.145       -0.18147
         19.383         14.142        -0.1815
         19.389          14.14       -0.18152
         19.395         14.137       -0.18154
           19.4         14.134       -0.18157
         19.406         14.132       -0.18159
         19.412         14.129       -0.18162
         19.418         14.126       -0.18164
         19.424         14.124       -0.18167
          19.43         14.121       -0.18169
         19.436         14.119       -0.18171
         19.441         14.116       -0.18174
         19.447         14.113       -0.18176
         19.453         14.111       -0.18179
         19.459         14.108       -0.18181
         19.465         14.105       -0.18183
         19.471         14.103       -0.18186
         19.477           14.1       -0.18188
         19.482         14.097       -0.18191
         19.488         14.095       -0.18193
         19.494         14.092       -0.18195
           19.5         14.089       -0.18198
         19.506         14.087         -0.182
         19.512         14.084       -0.18203
         19.518         14.082       -0.18205
         19.523         14.079       -0.18207
         19.529         14.076        -0.1821
         19.535         14.074       -0.18212
         19.541         14.071       -0.18215
         19.547         14.068       -0.18217
         19.553         14.066       -0.18219
         19.559         14.063       -0.18222
         19.564         14.061       -0.18224
          19.57         14.058       -0.18226
         19.576         14.055       -0.18229
         19.582         14.053       -0.18231
         19.588          14.05       -0.18234
         19.594         14.047       -0.18236
           19.6         14.045       -0.18238
         19.605         14.042       -0.18241
         19.611          14.04       -0.18243
         19.617         14.037       -0.18245
         19.623         14.034       -0.18248
         19.629         14.032        -0.1825
         19.635         14.029       -0.18252
         19.641         14.027       -0.18255
         19.646         14.024       -0.18257
         19.652         14.021       -0.18259
         19.658         14.019       -0.18262
         19.664         14.016       -0.18264
          19.67         14.013       -0.18266
         19.676         14.011       -0.18269
         19.682         14.008       -0.18271
         19.688         14.006       -0.18274
         19.693         14.003       -0.18276
         19.699             14       -0.18278
         19.705         13.998       -0.18281
         19.711         13.995       -0.18283
         19.717         13.993       -0.18285
         19.723          13.99       -0.18288
         19.729         13.987        -0.1829
         19.734         13.985       -0.18292
          19.74         13.982       -0.18294
         19.746          13.98       -0.18297
         19.752         13.977       -0.18299
         19.758         13.974       -0.18301
         19.764         13.972       -0.18304
          19.77         13.969       -0.18306
         19.775         13.967       -0.18308
         19.781         13.964       -0.18311
         19.787         13.961       -0.18313
         19.793         13.959       -0.18315
         19.799         13.956       -0.18318
         19.805         13.954        -0.1832
         19.811         13.951       -0.18322
         19.816         13.948       -0.18325
         19.822         13.946       -0.18327
         19.828         13.943       -0.18329
         19.834         13.941       -0.18331
          19.84         13.938       -0.18334
         19.846         13.935       -0.18336
         19.852         13.933       -0.18338
         19.857          13.93       -0.18341
         19.863         13.928       -0.18343
         19.869         13.925       -0.18345
         19.875         13.923       -0.18347
         19.881          13.92        -0.1835
         19.887         13.917       -0.18352
         19.893         13.915       -0.18354
         19.898         13.912       -0.18357
         19.904          13.91       -0.18359
          19.91         13.907       -0.18361
         19.916         13.904       -0.18363
         19.922         13.902       -0.18366
         19.928         13.899       -0.18368
         19.934         13.897        -0.1837
         19.939         13.894       -0.18372
         19.945         13.892       -0.18375
         19.951         13.889       -0.18377
         19.957         13.886       -0.18379
         19.963         13.884       -0.18382
         19.969         13.881       -0.18384
         19.975         13.879       -0.18386
          19.98         13.876       -0.18388
         19.986         13.874       -0.18391
         19.992         13.871       -0.18393
         19.998         13.868       -0.18395
