; moh24ep.txt
              0        -121.17        -115.38        -110.32        -107.37        -106.77        -107.63        -96.291        0.47564        0.45151        0.40665        0.34628        0.30536         0.3165        0.48312
     0.00071429        -121.13        -115.35        -110.31        -107.39        -106.86        -107.88        -96.894        0.47549        0.45129        0.40633        0.34578        0.30459        0.31579        0.48752
      0.0014286         -121.1        -115.33         -110.3        -107.41        -106.94        -108.13        -97.486        0.47534        0.45108        0.40601        0.34528         0.3038        0.31505        0.49161
      0.0021429        -121.07         -115.3        -110.29        -107.43        -107.03        -108.39        -98.068        0.47519        0.45087        0.40569        0.34478          0.303        0.31426        0.49536
      0.0028571        -121.03        -115.28        -110.29        -107.46        -107.12        -108.64        -98.639        0.47504        0.45065        0.40537        0.34427        0.30218        0.31345        0.49871
      0.0035714           -121        -115.25        -110.28        -107.48        -107.21         -108.9        -99.201        0.47489        0.45044        0.40504        0.34376        0.30134        0.31259        0.50161
      0.0042857        -120.97        -115.23        -110.27         -107.5        -107.29        -109.16        -99.755        0.47474        0.45022        0.40472        0.34324         0.3005         0.3117          0.504
          0.005        -120.94        -115.21        -110.26        -107.52        -107.38        -109.42         -100.3        0.47459           0.45        0.40439        0.34272        0.29963        0.31077        0.50584
      0.0057143         -120.9        -115.18        -110.25        -107.54        -107.47        -109.68        -100.84        0.47444        0.44979        0.40406         0.3422        0.29875         0.3098        0.50708
      0.0064286        -120.87        -115.16        -110.24        -107.57        -107.57        -109.95        -101.38        0.47429        0.44957        0.40373        0.34167        0.29785        0.30879        0.50766
      0.0071429        -120.84        -115.13        -110.23        -107.59        -107.66        -110.21        -101.91        0.47413        0.44935         0.4034        0.34113        0.29694        0.30774        0.50754
      0.0078571        -120.81        -115.11        -110.22        -107.62        -107.75        -110.48        -102.44        0.47398        0.44913        0.40307        0.34059        0.29601        0.30665        0.50667
      0.0085714        -120.77        -115.08        -110.22        -107.64        -107.84        -110.76        -102.97        0.47383        0.44891        0.40274        0.34005        0.29506        0.30551        0.50501
      0.0092857        -120.74        -115.06        -110.21        -107.67        -107.94        -111.03        -103.49        0.47368        0.44869         0.4024         0.3395        0.29409        0.30433        0.50251
           0.01        -120.71        -115.04         -110.2        -107.69        -108.03        -111.31        -104.01        0.47352        0.44847        0.40206        0.33894        0.29311        0.30311        0.49913
       0.010714        -120.68        -115.01         -110.2        -107.72        -108.13        -111.58        -104.52        0.47337        0.44825        0.40172        0.33838        0.29211        0.30183        0.49482
       0.011429        -120.64        -114.99        -110.19        -107.74        -108.23        -111.86        -105.02        0.47322        0.44802        0.40138        0.33782        0.29108        0.30051        0.48954
       0.012143        -120.61        -114.97        -110.18        -107.77        -108.33        -112.15        -105.51        0.47306         0.4478        0.40104        0.33725        0.29004        0.29915        0.48327
       0.012857        -120.58        -114.94        -110.18         -107.8        -108.42        -112.43        -105.98        0.47291        0.44758         0.4007        0.33668        0.28898        0.29773        0.47599
       0.013571        -120.55        -114.92        -110.17        -107.82        -108.52        -112.72        -106.44        0.47275        0.44735        0.40035         0.3361         0.2879        0.29626        0.46768
       0.014286        -120.52         -114.9        -110.16        -107.85        -108.63           -113        -106.86        0.47259        0.44713        0.40001        0.33551         0.2868        0.29474        0.45836
          0.015        -120.49        -114.87        -110.16        -107.88        -108.73        -113.29        -107.26        0.47244         0.4469        0.39966        0.33492        0.28568        0.29317        0.44808
       0.015714        -120.45        -114.85        -110.15        -107.91        -108.83        -113.59        -107.61        0.47228        0.44667        0.39931        0.33432        0.28454        0.29154        0.43691
       0.016429        -120.42        -114.83        -110.15        -107.94        -108.93        -113.88        -107.91        0.47213        0.44645        0.39896        0.33372        0.28338        0.28986        0.42494
       0.017143        -120.39        -114.81        -110.14        -107.97        -109.04        -114.17        -108.17        0.47197        0.44622         0.3986        0.33312         0.2822        0.28812        0.41233
       0.017857        -120.36        -114.79        -110.14           -108        -109.14        -114.47        -108.36        0.47181        0.44599        0.39825         0.3325        0.28099        0.28632        0.39924
       0.018571        -120.33        -114.76        -110.13        -108.03        -109.25        -114.77         -108.5        0.47165        0.44576        0.39789        0.33188        0.27976        0.28446        0.38585
       0.019286         -120.3        -114.74        -110.13        -108.06        -109.36        -115.07        -108.58        0.47149        0.44553        0.39753        0.33126        0.27851        0.28254        0.37235
           0.02        -120.27        -114.72        -110.13        -108.09        -109.46        -115.37         -108.6        0.47134         0.4453        0.39717        0.33063        0.27723        0.28055        0.35893
       0.020714        -120.24         -114.7        -110.12        -108.12        -109.57        -115.67        -108.57        0.47118        0.44507        0.39681        0.32999        0.27593         0.2785        0.34576
       0.021429         -120.2        -114.68        -110.12        -108.16        -109.68        -115.98        -108.49        0.47102        0.44484        0.39644        0.32935        0.27461        0.27638        0.33296
       0.022143        -120.17        -114.66        -110.11        -108.19        -109.79        -116.28        -108.36        0.47086         0.4446        0.39608         0.3287        0.27326        0.27419        0.32065
       0.022857        -120.14        -114.63        -110.11        -108.22        -109.91        -116.58        -108.19         0.4707        0.44437        0.39571        0.32805        0.27189        0.27194        0.30889
       0.023571        -120.11        -114.61        -110.11        -108.26        -110.02        -116.89        -107.98        0.47054        0.44413        0.39534        0.32739        0.27049        0.26961        0.29775
       0.024286        -120.08        -114.59        -110.11        -108.29        -110.13        -117.19        -107.74        0.47037         0.4439        0.39497        0.32672        0.26906         0.2672        0.28724
          0.025        -120.05        -114.57         -110.1        -108.33        -110.25        -117.49        -107.46        0.47021        0.44366         0.3946        0.32604        0.26761        0.26472        0.27736
       0.025714        -120.02        -114.55         -110.1        -108.36        -110.36         -117.8        -107.14        0.47005        0.44343        0.39422        0.32536        0.26613        0.26217        0.26813
       0.026429        -119.99        -114.53         -110.1         -108.4        -110.48         -118.1        -106.79        0.46989        0.44319        0.39384        0.32467        0.26462        0.25953        0.25951
       0.027143        -119.96        -114.51         -110.1        -108.43         -110.6         -118.4        -106.39        0.46972        0.44295        0.39347        0.32398        0.26308        0.25682        0.25146
       0.027857        -119.93        -114.49         -110.1        -108.47        -110.71         -118.7        -105.94        0.46956        0.44271        0.39308        0.32328        0.26152        0.25402        0.24395
       0.028571         -119.9        -114.47         -110.1        -108.51        -110.83           -119        -105.43         0.4694        0.44247         0.3927        0.32257        0.25992        0.25114        0.23689
       0.029286        -119.87        -114.45         -110.1        -108.54        -110.95        -119.29        -104.85        0.46923        0.44223        0.39232        0.32185        0.25829        0.24818        0.23018
           0.03        -119.84        -114.43         -110.1        -108.58        -111.07        -119.58        -104.19        0.46907        0.44199        0.39193        0.32113        0.25664        0.24513        0.22369
       0.030714        -119.81        -114.41         -110.1        -108.62         -111.2        -119.87        -103.44         0.4689        0.44175        0.39154         0.3204        0.25495          0.242        0.21726
       0.031429        -119.78        -114.39         -110.1        -108.66        -111.32        -120.16        -102.58        0.46874        0.44151        0.39115        0.31966        0.25323        0.23878        0.21067
       0.032143        -119.75        -114.37         -110.1         -108.7        -111.44        -120.43        -101.62        0.46857        0.44126        0.39075        0.31892        0.25147        0.23548        0.20373
       0.032857        -119.72        -114.35         -110.1        -108.74        -111.57        -120.71        -100.53        0.46841        0.44102        0.39036        0.31816        0.24969        0.23209        0.19617
       0.033571        -119.69        -114.33         -110.1        -108.78        -111.69        -120.98        -99.333        0.46824        0.44077        0.38996         0.3174        0.24787        0.22862        0.18779
       0.034286        -119.66        -114.31         -110.1        -108.82        -111.82        -121.24        -98.009        0.46807        0.44053        0.38956        0.31663        0.24601        0.22506        0.17836
          0.035        -119.63         -114.3         -110.1        -108.86        -111.95        -121.49        -96.563        0.46791        0.44028        0.38916        0.31586        0.24412        0.22143        0.16771
       0.035714        -119.61        -114.28         -110.1        -108.91        -112.07        -121.74        -94.998        0.46774        0.44003        0.38876        0.31507        0.24219        0.21771        0.15571
       0.036429        -119.58        -114.26        -110.11        -108.95         -112.2        -121.98        -93.315        0.46757        0.43978        0.38835        0.31428        0.24023        0.21393        0.14224
       0.037143        -119.55        -114.24        -110.11        -108.99        -112.33         -122.2        -91.517         0.4674        0.43953        0.38794        0.31348        0.23823        0.21007        0.12725
       0.037857        -119.52        -114.22        -110.11        -109.03        -112.46        -122.42        -89.607        0.46723        0.43928        0.38753        0.31267        0.23619        0.20614        0.11068
       0.038571        -119.49         -114.2        -110.11        -109.08        -112.59        -122.63        -87.585        0.46706        0.43903        0.38712        0.31185        0.23411        0.20215       0.092513
       0.039286        -119.46        -114.19        -110.12        -109.12        -112.73        -122.83        -85.451        0.46689        0.43878         0.3867        0.31102        0.23199         0.1981       0.072704
           0.04        -119.43        -114.17        -110.12        -109.17        -112.86        -123.01        -83.205        0.46672        0.43853        0.38628        0.31018        0.22983          0.194       0.051206
       0.040714         -119.4        -114.15        -110.12        -109.21        -112.99        -123.19        -80.845        0.46655        0.43827        0.38586        0.30934        0.22763        0.18986       0.027945
       0.041429        -119.38        -114.13        -110.13        -109.26        -113.13        -123.35        -78.366        0.46638        0.43802        0.38544        0.30848        0.22539        0.18568      0.0028058
       0.042143        -119.35        -114.12        -110.13        -109.31        -113.26        -123.49        -75.763         0.4662        0.43776        0.38501        0.30762        0.22311        0.18146      -0.024379
       0.042857        -119.32         -114.1        -110.14        -109.35         -113.4        -123.63        -73.029        0.46603        0.43751        0.38458        0.30674        0.22078        0.17722      -0.053849
       0.043571        -119.29        -114.08        -110.14         -109.4        -113.53        -123.75        -70.156        0.46586        0.43725        0.38415        0.30586        0.21841        0.17296      -0.085942
       0.044286        -119.26        -114.07        -110.15        -109.45        -113.67        -123.85        -67.131        0.46569        0.43699        0.38372        0.30497        0.21599         0.1687       -0.12113
          0.045        -119.24        -114.05        -110.15         -109.5         -113.8        -123.94        -63.945        0.46551        0.43673        0.38329        0.30407        0.21353        0.16442       -0.16005
       0.045714        -119.21        -114.03        -110.16        -109.55        -113.94        -124.02        -60.583        0.46534        0.43647        0.38285        0.30315        0.21102        0.16015       -0.20364
       0.046429        -119.18        -114.02        -110.16         -109.6        -114.08        -124.08        -57.039        0.46516        0.43621        0.38241        0.30223        0.20846        0.15588       -0.25319
       0.047143        -119.15           -114        -110.17        -109.65        -114.22        -124.13        -53.316        0.46499        0.43595        0.38196         0.3013        0.20586        0.15163       -0.31058
       0.047857        -119.13        -113.99        -110.18         -109.7        -114.35        -124.16        -49.452        0.46481        0.43569        0.38152        0.30035        0.20321        0.14739       -0.37845
       0.048571         -119.1        -113.97        -110.19        -109.75        -114.49        -124.18        -45.563        0.46463        0.43543        0.38107         0.2994        0.20051        0.14317       -0.46034
       0.049286        -119.07        -113.96        -110.19         -109.8        -114.63        -124.18        -41.928        0.46446        0.43516        0.38062        0.29843        0.19776        0.13898       -0.55994
           0.05        -119.04        -113.94         -110.2        -109.86        -114.77        -124.18        -39.051        0.46428        0.43489        0.38016        0.29745        0.19495        0.13481       -0.67804
       0.050714        -119.02        -113.93        -110.21        -109.91        -114.91        -124.16        -37.491         0.4641        0.43463        0.37971        0.29647         0.1921        0.13067       -0.80757
       0.051429        -118.99        -113.91        -110.22        -109.96        -115.05        -124.12        -37.378        0.46392        0.43436        0.37925        0.29547         0.1892        0.12655        -0.9348
       0.052143        -118.96         -113.9        -110.23        -110.02        -115.19        -124.08        -38.305        0.46374        0.43409        0.37878        0.29446        0.18625        0.12247        -1.0497
       0.052857        -118.94        -113.88        -110.23        -110.07        -115.32        -124.02        -39.789        0.46357        0.43382        0.37832        0.29343        0.18324        0.11841        -1.1503
       0.053571        -118.91        -113.87        -110.24        -110.13        -115.46        -123.95        -41.516        0.46339        0.43355        0.37785         0.2924        0.18018        0.11437        -1.2384
       0.054286        -118.88        -113.85        -110.25        -110.18         -115.6        -123.88        -43.326        0.46321        0.43328        0.37738        0.29135        0.17707        0.11035        -1.3165
          0.055        -118.86        -113.84        -110.26        -110.24        -115.74        -123.79        -45.143        0.46302        0.43301         0.3769        0.29029         0.1739        0.10636        -1.3868
       0.055714        -118.83        -113.82        -110.27         -110.3        -115.87        -123.69        -46.935        0.46284        0.43273        0.37643        0.28922        0.17068        0.10238         -1.451
       0.056429         -118.8        -113.81        -110.28        -110.36        -116.01        -123.59        -48.685        0.46266        0.43246        0.37594        0.28814        0.16741       0.098414        -1.5102
       0.057143        -118.78         -113.8        -110.29        -110.41        -116.14        -123.47        -50.391        0.46248        0.43218        0.37546        0.28704        0.16409       0.094456        -1.5652
       0.057857        -118.75        -113.78        -110.31        -110.47        -116.28        -123.35        -52.052         0.4623        0.43191        0.37497        0.28593        0.16071       0.090504        -1.6169
       0.058571        -118.73        -113.77        -110.32        -110.53        -116.41        -123.22        -53.669        0.46211        0.43163        0.37448        0.28481        0.15728       0.086552        -1.6657
       0.059286         -118.7        -113.76        -110.33        -110.59        -116.55        -123.09        -55.246        0.46193        0.43135        0.37399        0.28367        0.15379       0.082596         -1.712
           0.06        -118.67        -113.75        -110.34        -110.65        -116.68        -122.95        -56.785        0.46174        0.43107        0.37349        0.28252        0.15026       0.078633        -1.7561
       0.060714        -118.65        -113.73        -110.35        -110.71        -116.81        -122.81        -58.289        0.46156        0.43079        0.37299        0.28136        0.14667       0.074657        -1.7983
       0.061429        -118.62        -113.72        -110.37        -110.77        -116.94        -122.66        -59.762        0.46137        0.43051        0.37249        0.28018        0.14303       0.070666        -1.8388
       0.062143         -118.6        -113.71        -110.38        -110.84        -117.06        -122.51        -61.206        0.46119        0.43022        0.37199        0.27898        0.13934       0.066655        -1.8778
       0.062857        -118.57         -113.7        -110.39         -110.9        -117.19        -122.35        -62.623          0.461        0.42994        0.37148        0.27778         0.1356       0.062619        -1.9154
       0.063571        -118.55        -113.68        -110.41        -110.96        -117.31        -122.19        -64.016        0.46081        0.42965        0.37096        0.27655        0.13182       0.058557        -1.9518
       0.064286        -118.52        -113.67        -110.42        -111.02        -117.44        -122.03        -65.386        0.46063        0.42937        0.37045        0.27532        0.12798       0.054463         -1.987
          0.065         -118.5        -113.66        -110.44        -111.09        -117.56        -121.86        -66.736        0.46044        0.42908        0.36992        0.27406         0.1241       0.050335        -2.0212
       0.065714        -118.47        -113.65        -110.45        -111.15        -117.67        -121.69        -68.068        0.46025        0.42879         0.3694        0.27279        0.12018        0.04617        -2.0545
       0.066429        -118.45        -113.64        -110.47        -111.22        -117.79        -121.52        -69.382        0.46006         0.4285        0.36887        0.27151        0.11621       0.041965        -2.0869
       0.067143        -118.42        -113.63        -110.48        -111.28        -117.91        -121.35        -70.681        0.45987        0.42821        0.36834        0.27021        0.11221       0.037718        -2.1184
       0.067857         -118.4        -113.62         -110.5        -111.35        -118.02        -121.18        -71.965        0.45968        0.42792        0.36781        0.26889        0.10816       0.033426        -2.1493
       0.068571        -118.37        -113.61        -110.51        -111.42        -118.13        -121.01        -73.236        0.45949        0.42762        0.36727        0.26756        0.10408       0.029086        -2.1794
       0.069286        -118.35         -113.6        -110.53        -111.48        -118.23        -120.83        -74.494         0.4593        0.42733        0.36673        0.26621       0.099964       0.024697        -2.2088
           0.07        -118.33        -113.59        -110.55        -111.55        -118.34        -120.66        -75.741         0.4591        0.42703        0.36618        0.26484       0.095815       0.020258        -2.2376
       0.070714         -118.3        -113.58        -110.56        -111.62        -118.44        -120.49        -76.976        0.45891        0.42673        0.36563        0.26346       0.091637       0.015766        -2.2659
       0.071429        -118.28        -113.57        -110.58        -111.69        -118.54        -120.31        -78.201        0.45872        0.42644        0.36508        0.26205       0.087431        0.01122        -2.2936
       0.072143        -118.25        -113.56         -110.6        -111.76        -118.64        -120.14        -79.417        0.45852        0.42614        0.36452        0.26063       0.083201      0.0066186        -2.3208
       0.072857        -118.23        -113.55        -110.62        -111.83        -118.73        -119.97        -80.623        0.45833        0.42584        0.36396         0.2592       0.078949      0.0019611        -2.3475
       0.073571        -118.21        -113.54        -110.64         -111.9        -118.82        -119.79         -81.82        0.45813        0.42553        0.36339        0.25774       0.074678     -0.0027538        -2.3737
       0.074286        -118.18        -113.53        -110.66        -111.97        -118.91        -119.62        -83.009        0.45794        0.42523        0.36282        0.25626       0.070392     -0.0075268        -2.3995
          0.075        -118.16        -113.52        -110.68        -112.04           -119        -119.45         -84.19        0.45774        0.42493        0.36224        0.25477       0.066093      -0.012359        -2.4249
       0.075714        -118.14        -113.51         -110.7        -112.11        -119.08        -119.28        -85.363        0.45754        0.42462        0.36167        0.25326       0.061783       -0.01725        -2.4499
       0.076429        -118.11        -113.51        -110.72        -112.18        -119.16        -119.11        -86.529        0.45735        0.42431        0.36108        0.25172       0.057467      -0.022202        -2.4744
       0.077143        -118.09         -113.5        -110.74        -112.25        -119.23        -118.94        -87.689        0.45715          0.424        0.36049        0.25017       0.053148      -0.027213        -2.4986
       0.077857        -118.07        -113.49        -110.76        -112.33        -119.31        -118.78        -88.842        0.45695        0.42369         0.3599         0.2486       0.048828      -0.032286        -2.5224
       0.078571        -118.05        -113.48        -110.78         -112.4        -119.38        -118.61        -89.991        0.45675        0.42338        0.35931          0.247        0.04451       -0.03742        -2.5458
       0.079286        -118.02        -113.47         -110.8        -112.47        -119.45        -118.44        -91.135        0.45655        0.42307        0.35871        0.24539       0.040198      -0.042614        -2.5689
           0.08           -118        -113.47        -110.82        -112.55        -119.51        -118.28        -92.276        0.45635        0.42275         0.3581        0.24375       0.035894       -0.04787        -2.5916
       0.080714        -117.98        -113.46        -110.85        -112.62        -119.57        -118.12        -93.413        0.45615        0.42244        0.35749         0.2421       0.031602      -0.053187         -2.614
       0.081429        -117.96        -113.45        -110.87         -112.7        -119.63        -117.96        -94.549        0.45595        0.42212        0.35688        0.24042       0.027324      -0.058566        -2.6361
       0.082143        -117.93        -113.45        -110.89        -112.77        -119.69         -117.8        -95.683        0.45574         0.4218        0.35626        0.23872       0.023063      -0.064005        -2.6578
       0.082857        -117.91        -113.44        -110.92        -112.85        -119.75        -117.64        -96.817        0.45554        0.42148        0.35563          0.237       0.018823      -0.069506        -2.6793
       0.083571        -117.89        -113.43        -110.94        -112.92         -119.8        -117.48        -97.951        0.45534        0.42116          0.355        0.23525       0.014605      -0.075067        -2.7006
       0.084286        -117.87        -113.43        -110.97           -113        -119.85        -117.33        -99.085        0.45513        0.42084        0.35437        0.23349       0.010411      -0.080689        -2.7216
          0.085        -117.85        -113.42        -110.99        -113.08         -119.9        -117.17        -100.22        0.45493        0.42052        0.35373         0.2317      0.0062457      -0.086371        -2.7424
       0.085714        -117.83        -113.42        -111.02        -113.15        -119.94        -117.02        -101.36        0.45472        0.42019        0.35309        0.22988      0.0021098      -0.092114        -2.7631
       0.086429         -117.8        -113.41        -111.04        -113.23        -119.98        -116.87        -102.49        0.45451        0.41986        0.35244        0.22804     -0.0019942      -0.097916        -2.7836
       0.087143        -117.78        -113.41        -111.07        -113.31        -120.03        -116.72        -103.63        0.45431        0.41954        0.35178        0.22618     -0.0060642       -0.10378         -2.804
       0.087857        -117.76         -113.4         -111.1        -113.39        -120.06        -116.57        -104.76         0.4541        0.41921        0.35112         0.2243      -0.010098        -0.1097        -2.8242
       0.088571        -117.74         -113.4        -111.12        -113.46         -120.1        -116.43        -105.89        0.45389        0.41887        0.35046        0.22239      -0.014095       -0.11568        -2.8445
       0.089286        -117.72        -113.39        -111.15        -113.54        -120.14        -116.28        -107.01        0.45368        0.41854        0.34979        0.22045      -0.018052       -0.12172        -2.8646
           0.09         -117.7        -113.39        -111.18        -113.62        -120.17        -116.14        -108.13        0.45347        0.41821        0.34911        0.21849      -0.021968       -0.12781        -2.8847
       0.090714        -117.68        -113.39        -111.21         -113.7        -120.21           -116        -109.24        0.45326        0.41787        0.34843        0.21651      -0.025842       -0.13397        -2.9047
       0.091429        -117.66        -113.38        -111.23        -113.78        -120.24        -115.85        -110.34        0.45305        0.41753        0.34774         0.2145      -0.029672       -0.14018        -2.9247
       0.092143        -117.64        -113.38        -111.26        -113.85        -120.27        -115.71        -111.42        0.45284        0.41719        0.34705        0.21247      -0.033457       -0.14644        -2.9445
       0.092857        -117.62        -113.38        -111.29        -113.93         -120.3        -115.58        -112.48        0.45263        0.41685        0.34635         0.2104      -0.037196       -0.15277        -2.9642
       0.093571         -117.6        -113.37        -111.32        -114.01        -120.33        -115.44        -113.53        0.45241        0.41651        0.34564        0.20832      -0.040888       -0.15915        -2.9836
       0.094286        -117.58        -113.37        -111.35        -114.09        -120.35         -115.3        -114.56         0.4522        0.41617        0.34493         0.2062      -0.044532       -0.16558        -3.0028
          0.095        -117.56        -113.37        -111.38        -114.17        -120.38        -115.17        -115.58        0.45198        0.41582        0.34422        0.20406      -0.048128       -0.17207        -3.0215
       0.095714        -117.54        -113.37        -111.42        -114.25        -120.41        -115.04        -116.58        0.45177        0.41547         0.3435         0.2019      -0.051674       -0.17862        -3.0398
       0.096429        -117.52        -113.37        -111.45        -114.33        -120.43         -114.9        -117.56        0.45155        0.41512        0.34277         0.1997      -0.055169       -0.18521        -3.0576
       0.097143         -117.5        -113.36        -111.48        -114.41        -120.46        -114.77        -118.54        0.45133        0.41477        0.34203        0.19748      -0.058614       -0.19187        -3.0748
       0.097857        -117.48        -113.36        -111.51        -114.48        -120.48        -114.64        -119.52        0.45112        0.41442        0.34129        0.19523      -0.062008       -0.19857        -3.0913
       0.098571        -117.46        -113.36        -111.54        -114.56         -120.5        -114.52         -120.5         0.4509        0.41407        0.34054        0.19296      -0.065349       -0.20533        -3.1071
       0.099286        -117.44        -113.36        -111.58        -114.64        -120.53        -114.39        -121.48        0.45068        0.41371        0.33979        0.19066      -0.068639       -0.21214        -3.1222
            0.1        -117.43        -113.36        -111.61        -114.72        -120.55        -114.26        -122.48        0.45046        0.41335        0.33903        0.18833      -0.071876         -0.219        -3.1365
        0.10071        -117.41        -113.36        -111.65         -114.8        -120.57        -114.14        -123.51        0.45024        0.41299        0.33826        0.18597       -0.07506       -0.22591        -3.1502
        0.10143        -117.39        -113.36        -111.68        -114.87         -120.6        -114.01        -124.56        0.45002        0.41263        0.33748        0.18359       -0.07819       -0.23287        -3.1631
        0.10214        -117.37        -113.36        -111.72        -114.95        -120.62        -113.89        -125.65         0.4498        0.41227         0.3367        0.18118      -0.081267       -0.23988        -3.1754
        0.10286        -117.35        -113.36        -111.75        -115.03        -120.64        -113.77        -126.79        0.44957         0.4119        0.33591        0.17874      -0.084291       -0.24695        -3.1871
        0.10357        -117.33        -113.36        -111.79         -115.1        -120.66        -113.65        -127.99        0.44935        0.41154        0.33512        0.17627       -0.08726       -0.25406        -3.1983
        0.10429        -117.32        -113.36        -111.82        -115.18        -120.69        -113.53        -129.25        0.44912        0.41117        0.33431        0.17378      -0.090175       -0.26122        -3.2092
          0.105         -117.3        -113.36        -111.86        -115.26        -120.71        -113.41        -130.59         0.4489         0.4108         0.3335        0.17126      -0.093035       -0.26843        -3.2198
        0.10571        -117.28        -113.36         -111.9        -115.33        -120.73        -113.29        -132.03        0.44867        0.41042        0.33269        0.16871      -0.095841       -0.27569        -3.2303
        0.10643        -117.26        -113.37        -111.94         -115.4        -120.75        -113.18        -133.58        0.44845        0.41005        0.33186        0.16613      -0.098592         -0.283        -3.2411
        0.10714        -117.25        -113.37        -111.98        -115.48        -120.78        -113.06        -135.27        0.44822        0.40967        0.33103        0.16353       -0.10129       -0.29035        -3.2526
        0.10786        -117.23        -113.37        -112.01        -115.55         -120.8        -112.95        -137.13        0.44799         0.4093        0.33019        0.16091       -0.10393       -0.29775        -3.2654
        0.10857        -117.21        -113.37        -112.05        -115.62        -120.82        -112.84        -139.19        0.44776        0.40892        0.32934        0.15825       -0.10652        -0.3052        -3.2807
        0.10929         -117.2        -113.38        -112.09         -115.7        -120.84        -112.72         -141.5        0.44753        0.40853        0.32848        0.15557       -0.10905        -0.3127        -3.3005
           0.11        -117.18        -113.38        -112.13        -115.77        -120.87        -112.61        -144.05         0.4473        0.40815        0.32762        0.15287       -0.11152       -0.32024        -3.3285
        0.11071        -117.16        -113.38        -112.17        -115.84        -120.89         -112.5        -146.73        0.44707        0.40776        0.32675        0.15014       -0.11394       -0.32783        -3.3711
        0.11143        -117.15        -113.39        -112.22        -115.91        -120.91        -112.39        -148.89        0.44684        0.40737        0.32586        0.14738        -0.1163       -0.33546        -3.4346
        0.11214        -117.13        -113.39        -112.26        -115.98        -120.93        -112.28        -149.49         0.4466        0.40698        0.32498        0.14461       -0.11861       -0.34314        -3.5098
        0.11286        -117.11        -113.39         -112.3        -116.04        -120.96        -112.18        -148.57        0.44637        0.40659        0.32408         0.1418       -0.12086       -0.35087        -3.5706
        0.11357         -117.1         -113.4        -112.34        -116.11        -120.98        -112.07        -147.21        0.44613         0.4062        0.32317        0.13898       -0.12306       -0.35864        -3.6093
        0.11429        -117.08         -113.4        -112.38        -116.18           -121        -111.97        -145.98         0.4459         0.4058        0.32225        0.13613        -0.1252       -0.36645        -3.6327
          0.115        -117.07        -113.41        -112.43        -116.24        -121.02        -111.86        -145.01        0.44566         0.4054        0.32133        0.13326       -0.12728       -0.37431        -3.6469
        0.11571        -117.05        -113.41        -112.47         -116.3        -121.04        -111.76        -144.27        0.44542          0.405         0.3204        0.13037       -0.12931       -0.38221        -3.6555
        0.11643        -117.04        -113.42        -112.52        -116.37        -121.06        -111.65        -143.74        0.44518        0.40459        0.31945        0.12746       -0.13129       -0.39016        -3.6603
        0.11714        -117.02        -113.43        -112.56        -116.43        -121.08        -111.55        -143.38        0.44494        0.40419         0.3185        0.12453        -0.1332       -0.39815        -3.6624
        0.11786        -117.01        -113.43        -112.61        -116.49         -121.1        -111.45        -143.15         0.4447        0.40378        0.31754        0.12158       -0.13507       -0.40619        -3.6625
        0.11857        -116.99        -113.44        -112.65        -116.55        -121.12        -111.35        -143.04        0.44446        0.40337        0.31657        0.11861       -0.13688       -0.41427        -3.6608
        0.11929        -116.98        -113.45         -112.7        -116.61        -121.14        -111.25            NaN        0.44422        0.40296        0.31559        0.11562       -0.13863       -0.42239            NaN
           0.12        -116.96        -113.45        -112.75        -116.66        -121.15        -111.15            NaN        0.44398        0.40254         0.3146        0.11262       -0.14033       -0.43056            NaN
        0.12071        -116.95        -113.46        -112.79        -116.72        -121.17        -111.05            NaN        0.44373        0.40212         0.3136         0.1096       -0.14198       -0.43877            NaN
        0.12143        -116.94        -113.47        -112.84        -116.77        -121.18        -110.96            NaN        0.44349        0.40171        0.31259        0.10656       -0.14357       -0.44702            NaN
        0.12214        -116.92        -113.48        -112.89        -116.83        -121.19        -110.86            NaN        0.44324        0.40128        0.31157        0.10352       -0.14512       -0.45532            NaN
        0.12286        -116.91        -113.48        -112.94        -116.88         -121.2        -110.77            NaN          0.443        0.40086        0.31053        0.10046       -0.14661       -0.46366            NaN
        0.12357        -116.89        -113.49        -112.99        -116.93        -121.21        -110.67            NaN        0.44275        0.40043        0.30949       0.097385       -0.14806       -0.47204            NaN
        0.12429        -116.88         -113.5        -113.04        -116.98        -121.22        -110.58            NaN         0.4425            0.4        0.30844       0.094302       -0.14945       -0.48046            NaN
          0.125        -116.87        -113.51        -113.09        -117.03        -121.22        -110.48            NaN        0.44225        0.39957        0.30737       0.091209        -0.1508       -0.48893            NaN
        0.12571        -116.86        -113.52        -113.14        -117.07        -121.23        -110.39            NaN          0.442        0.39913         0.3063       0.088108       -0.15211       -0.49744            NaN
        0.12643        -116.84        -113.53        -113.19        -117.12        -121.23         -110.3            NaN        0.44175         0.3987        0.30521          0.085       -0.15337       -0.50599            NaN
        0.12714        -116.83        -113.54        -113.24        -117.16        -121.22        -110.21            NaN        0.44149        0.39826        0.30411       0.081884       -0.15459       -0.51459            NaN
        0.12786        -116.82        -113.55        -113.29        -117.21        -121.22        -110.12            NaN        0.44124        0.39782          0.303       0.078764       -0.15578       -0.52323            NaN
        0.12857        -116.81        -113.56        -113.35        -117.25        -121.21        -110.03            NaN        0.44099        0.39737        0.30188       0.075639       -0.15693       -0.53191            NaN
        0.12929        -116.79        -113.57         -113.4        -117.29         -121.2        -109.94            NaN        0.44073        0.39692        0.30075       0.072512       -0.15804       -0.54063            NaN
           0.13        -116.78        -113.59        -113.45        -117.32        -121.19        -109.86            NaN        0.44047        0.39647         0.2996       0.069382       -0.15912        -0.5494            NaN
        0.13071        -116.77         -113.6        -113.51        -117.36        -121.17        -109.77            NaN        0.44022        0.39602        0.29844       0.066251       -0.16018       -0.55821            NaN
        0.13143        -116.76        -113.61        -113.56         -117.4        -121.15        -109.68            NaN        0.43996        0.39556        0.29727       0.063121       -0.16121       -0.56706            NaN
        0.13214        -116.75        -113.62        -113.62        -117.43        -121.12         -109.6            NaN         0.4397         0.3951        0.29609       0.059992       -0.16222       -0.57596            NaN
        0.13286        -116.74        -113.64        -113.67        -117.46         -121.1        -109.52            NaN        0.43944        0.39464         0.2949       0.056865       -0.16322        -0.5849            NaN
        0.13357        -116.72        -113.65        -113.73         -117.5        -121.06        -109.43            NaN        0.43918        0.39418        0.29369       0.053742        -0.1642       -0.59388            NaN
        0.13429        -116.71        -113.66        -113.78        -117.53        -121.03        -109.35            NaN        0.43891        0.39371        0.29246       0.050624       -0.16517        -0.6029            NaN
          0.135         -116.7        -113.68        -113.84        -117.56        -120.99        -109.27            NaN        0.43865        0.39324        0.29123       0.047512       -0.16613       -0.61197            NaN
        0.13571        -116.69        -113.69         -113.9        -117.58        -120.95        -109.19            NaN        0.43839        0.39277        0.28998       0.044406        -0.1671       -0.62108            NaN
        0.13643        -116.68        -113.71        -113.96        -117.61         -120.9        -109.11            NaN        0.43812        0.39229        0.28871       0.041308       -0.16806       -0.63024            NaN
        0.13714        -116.67        -113.72        -114.01        -117.64        -120.85        -109.03            NaN        0.43785        0.39181        0.28744       0.038218       -0.16903       -0.63943            NaN
        0.13786        -116.66        -113.74        -114.07        -117.66        -120.79        -108.96            NaN        0.43758        0.39133        0.28615       0.035138       -0.17001       -0.64868            NaN
        0.13857        -116.65        -113.75        -114.13        -117.69        -120.73        -108.88            NaN        0.43731        0.39084        0.28484       0.032069       -0.17101       -0.65797            NaN
        0.13929        -116.64        -113.77        -114.19        -117.71        -120.67        -108.81            NaN        0.43704        0.39035        0.28352       0.029012       -0.17203        -0.6673            NaN
           0.14        -116.63        -113.79        -114.25        -117.73         -120.6        -108.73            NaN        0.43677        0.38986        0.28218       0.025967       -0.17307       -0.67668            NaN
        0.14071        -116.63         -113.8        -114.31        -117.75        -120.53        -108.66            NaN         0.4365        0.38936        0.28083       0.022935       -0.17414       -0.68611            NaN
        0.14143        -116.62        -113.82        -114.37        -117.77        -120.45        -108.59            NaN        0.43623        0.38887        0.27947       0.019917       -0.17524       -0.69558            NaN
        0.14214        -116.61        -113.84        -114.43        -117.79        -120.37        -108.52            NaN        0.43595        0.38836        0.27808       0.016915       -0.17638       -0.70511            NaN
        0.14286         -116.6        -113.86         -114.5        -117.81        -120.29        -108.46            NaN        0.43568        0.38786        0.27669       0.013927       -0.17755       -0.71468            NaN
        0.14357        -116.59        -113.87        -114.56        -117.82         -120.2        -108.39            NaN         0.4354        0.38735        0.27527       0.010957       -0.17877       -0.72431            NaN
        0.14429        -116.58        -113.89        -114.62        -117.84        -120.11        -108.33            NaN        0.43512        0.38684        0.27385      0.0080033       -0.18004       -0.73398            NaN
          0.145        -116.58        -113.91        -114.68        -117.86        -120.01        -108.28            NaN        0.43484        0.38632         0.2724      0.0050675       -0.18136       -0.74372            NaN
        0.14571        -116.57        -113.93        -114.75        -117.87        -119.91        -108.22            NaN        0.43456         0.3858        0.27094      0.0021502       -0.18273       -0.75351            NaN
        0.14643        -116.56        -113.95        -114.81        -117.89        -119.81        -108.17            NaN        0.43428        0.38528        0.26946    -0.00074814       -0.18416       -0.76336            NaN
        0.14714        -116.55        -113.97        -114.87         -117.9        -119.71        -108.13            NaN        0.43399        0.38475        0.26796     -0.0036269       -0.18564       -0.77328            NaN
        0.14786        -116.55        -113.99        -114.94        -117.91         -119.6        -108.09            NaN        0.43371        0.38422        0.26645     -0.0064854       -0.18719       -0.78326            NaN
        0.14857        -116.54        -114.01           -115        -117.93        -119.48        -108.06            NaN        0.43342        0.38369        0.26492     -0.0093234       -0.18881       -0.79331            NaN
        0.14929        -116.53        -114.03        -115.07        -117.94        -119.37        -108.04            NaN        0.43314        0.38315        0.26337       -0.01214       -0.19049       -0.80345            NaN
           0.15        -116.53        -114.06        -115.13        -117.95        -119.25        -108.03            NaN        0.43285        0.38261         0.2618      -0.014935       -0.19224       -0.81366            NaN
        0.15071        -116.52        -114.08         -115.2        -117.96        -119.13        -108.03            NaN        0.43256        0.38206        0.26022      -0.017708       -0.19406       -0.82397            NaN
        0.15143        -116.52         -114.1        -115.27        -117.97        -119.01        -108.05            NaN        0.43227        0.38152        0.25862      -0.020459       -0.19595       -0.83437            NaN
        0.15214        -116.51        -114.12        -115.33        -117.98        -118.88        -108.09            NaN        0.43198        0.38096          0.257      -0.023187       -0.19791       -0.84488            NaN
        0.15286         -116.5        -114.15         -115.4           -118        -118.76        -108.15            NaN        0.43168        0.38041        0.25536      -0.025891       -0.19995        -0.8555            NaN
        0.15357         -116.5        -114.17        -115.47        -118.01        -118.63        -108.24            NaN        0.43139        0.37984         0.2537      -0.028572       -0.20207       -0.86626            NaN
        0.15429        -116.49         -114.2        -115.53        -118.02         -118.5        -108.37            NaN        0.43109        0.37928        0.25202       -0.03123       -0.20425       -0.87716            NaN
          0.155        -116.49        -114.22         -115.6        -118.03        -118.36        -108.55            NaN        0.43079        0.37871        0.25032      -0.033863       -0.20652       -0.88822            NaN
        0.15571        -116.48        -114.25        -115.67        -118.04        -118.23         -108.8            NaN        0.43049        0.37814        0.24861      -0.036471       -0.20886       -0.89947            NaN
        0.15643        -116.48        -114.27        -115.74        -118.05        -118.09        -109.13            NaN        0.43019        0.37756        0.24687      -0.039055       -0.21128       -0.91092            NaN
        0.15714        -116.48         -114.3         -115.8        -118.06        -117.96        -109.59            NaN        0.42989        0.37698        0.24512      -0.041613       -0.21378        -0.9226            NaN
        0.15786        -116.47        -114.32        -115.87        -118.07        -117.82        -110.21            NaN        0.42959        0.37639        0.24334      -0.044147       -0.21635       -0.93455            NaN
        0.15857        -116.47        -114.35        -115.94        -118.08        -117.68        -111.07            NaN        0.42929         0.3758        0.24154      -0.046654         -0.219       -0.94682            NaN
        0.15929        -116.47        -114.38        -116.01        -118.09        -117.54        -112.31            NaN        0.42898         0.3752        0.23973      -0.049137       -0.22172       -0.95951            NaN
           0.16        -116.46        -114.41        -116.08         -118.1         -117.4        -114.21            NaN        0.42867         0.3746        0.23789      -0.051593       -0.22453       -0.97278            NaN
        0.16071        -116.46        -114.43        -116.15        -118.12        -117.25        -117.45            NaN        0.42836          0.374        0.23603      -0.054022        -0.2274        -0.9872            NaN
        0.16143        -116.46        -114.46        -116.22        -118.13        -117.11         -124.9            NaN        0.42805        0.37339        0.23415      -0.056426       -0.23036        -1.0068            NaN
        0.16214        -116.45        -114.49        -116.28        -118.14        -116.97        -127.48            NaN        0.42774        0.37277        0.23225      -0.058802       -0.23338        -1.4953            NaN
        0.16286        -116.45        -114.52        -116.35        -118.15        -116.83        -115.46            NaN        0.42743        0.37215        0.23033      -0.061152       -0.23649        -1.5204            NaN
        0.16357        -116.45        -114.55        -116.42        -118.16        -116.68         -109.6            NaN        0.42711        0.37153        0.22839      -0.063475       -0.23966        -1.5369            NaN
        0.16429        -116.45        -114.58        -116.49        -118.18        -116.54        -105.35            NaN         0.4268         0.3709        0.22642       -0.06577       -0.24291        -1.5529            NaN
          0.165        -116.45        -114.61        -116.56        -118.19        -116.39        -101.83            NaN        0.42648        0.37027        0.22444      -0.068038       -0.24623        -1.5692            NaN
        0.16571        -116.45        -114.65        -116.63         -118.2        -116.25        -98.707            NaN        0.42616        0.36963        0.22243      -0.070278       -0.24962        -1.5859            NaN
        0.16643        -116.44        -114.68         -116.7        -118.22         -116.1        -95.825            NaN        0.42584        0.36898         0.2204      -0.072489       -0.25308        -1.6033            NaN
        0.16714        -116.44        -114.71        -116.77        -118.23        -115.96        -93.092            NaN        0.42552        0.36834        0.21835      -0.074673       -0.25661        -1.6213            NaN
        0.16786        -116.44        -114.74        -116.84        -118.25        -115.81         -90.45            NaN        0.42519        0.36768        0.21627      -0.076828        -0.2602        -1.6401            NaN
        0.16857        -116.44        -114.78        -116.91        -118.27        -115.67        -87.861            NaN        0.42487        0.36702        0.21418      -0.078954       -0.26387        -1.6598            NaN
        0.16929        -116.44        -114.81        -116.98        -118.28        -115.52        -85.296            NaN        0.42454        0.36635        0.21206      -0.081052        -0.2676        -1.6805            NaN
           0.17        -116.44        -114.84        -117.04         -118.3        -115.38        -82.733            NaN        0.42421        0.36568        0.20992       -0.08312        -0.2714        -1.7022            NaN
        0.17071        -116.44        -114.88        -117.11        -118.32        -115.24        -80.157            NaN        0.42388        0.36501        0.20776      -0.085158       -0.27526         -1.725            NaN
        0.17143        -116.45        -114.91        -117.18        -118.33        -115.09        -77.551            NaN        0.42355        0.36432        0.20558      -0.087166       -0.27919         -1.749            NaN
        0.17214        -116.45        -114.95        -117.25        -118.35        -114.95        -74.905            NaN        0.42322        0.36364        0.20338      -0.089144       -0.28318        -1.7744            NaN
        0.17286        -116.45        -114.99        -117.32        -118.37        -114.81        -72.207            NaN        0.42288        0.36294        0.20115      -0.091091       -0.28723        -1.8013            NaN
        0.17357        -116.45        -115.02        -117.38        -118.39        -114.66        -69.448            NaN        0.42254        0.36224        0.19891      -0.093008       -0.29134        -1.8299            NaN
        0.17429        -116.45        -115.06        -117.45        -118.41        -114.52        -66.617            NaN         0.4222        0.36153        0.19664      -0.094893       -0.29551        -1.8604            NaN
          0.175        -116.45         -115.1        -117.52        -118.43        -114.38        -63.707            NaN        0.42186        0.36082        0.19435      -0.096746       -0.29974         -1.893            NaN
        0.17571        -116.46        -115.14        -117.58        -118.45        -114.24        -60.708            NaN        0.42152         0.3601        0.19204      -0.098567       -0.30403        -1.9281            NaN
        0.17643        -116.46        -115.18        -117.65        -118.48         -114.1        -57.612            NaN        0.42118        0.35938         0.1897       -0.10036       -0.30838         -1.966            NaN
        0.17714        -116.46        -115.22        -117.72         -118.5        -113.96        -54.413            NaN        0.42083        0.35865        0.18735       -0.10211       -0.31279        -2.0072            NaN
        0.17786        -116.47        -115.26        -117.78        -118.52        -113.82        -51.107            NaN        0.42048        0.35791        0.18498       -0.10383       -0.31725        -2.0523            NaN
        0.17857        -116.47         -115.3        -117.85        -118.55        -113.68        -47.692            NaN        0.42013        0.35716        0.18258       -0.10552       -0.32176        -2.1022            NaN
        0.17929        -116.47        -115.34        -117.91        -118.57        -113.54        -44.177            NaN        0.41978        0.35641        0.18017       -0.10718       -0.32634        -2.1579            NaN
           0.18        -116.48        -115.38        -117.97        -118.59         -113.4        -40.586            NaN        0.41943        0.35565        0.17773        -0.1088       -0.33096        -2.2205            NaN
        0.18071        -116.48        -115.42        -118.04        -118.62        -113.27        -36.968            NaN        0.41907        0.35489        0.17528       -0.11038       -0.33564        -2.2918            NaN
        0.18143        -116.49        -115.47         -118.1        -118.65        -113.13        -33.421            NaN        0.41872        0.35411        0.17281       -0.11193       -0.34037        -2.3733            NaN
        0.18214        -116.49        -115.51        -118.16        -118.67        -112.99        -30.106            NaN        0.41836        0.35333        0.17032       -0.11344       -0.34515        -2.4665            NaN
        0.18286         -116.5        -115.55        -118.22         -118.7        -112.86        -27.259            NaN          0.418        0.35255        0.16781       -0.11491       -0.34999        -2.5714            NaN
        0.18357         -116.5         -115.6        -118.28        -118.72        -112.72         -25.14            NaN        0.41763        0.35175        0.16528       -0.11635       -0.35487        -2.6855            NaN
        0.18429        -116.51        -115.64        -118.34        -118.75        -112.59        -23.917            NaN        0.41727        0.35095        0.16274       -0.11775       -0.35981        -2.8037            NaN
          0.185        -116.51        -115.69         -118.4        -118.78        -112.46         -23.57            NaN         0.4169        0.35014        0.16018       -0.11911       -0.36479        -2.9198            NaN
        0.18571        -116.52        -115.74        -118.46        -118.81        -112.32        -23.927            NaN        0.41653        0.34932         0.1576       -0.12043       -0.36982        -3.0294            NaN
        0.18643        -116.53        -115.78        -118.52        -118.83        -112.19         -24.77            NaN        0.41616         0.3485        0.15501       -0.12171       -0.37491        -3.1308            NaN
        0.18714        -116.54        -115.83        -118.57        -118.86        -112.06        -25.922            NaN        0.41579        0.34766         0.1524       -0.12295       -0.38003        -3.2238            NaN
        0.18786        -116.54        -115.88        -118.63        -118.89        -111.93        -27.256            NaN        0.41541        0.34682        0.14978       -0.12415       -0.38521        -3.3093            NaN
        0.18857        -116.55        -115.93        -118.68        -118.92         -111.8        -28.694            NaN        0.41503        0.34597        0.14714        -0.1253       -0.39043        -3.3882            NaN
        0.18929        -116.56        -115.98        -118.74        -118.95        -111.67        -30.187            NaN        0.41465        0.34511        0.14449       -0.12642        -0.3957        -3.4616            NaN
           0.19        -116.57        -116.03        -118.79        -118.97        -111.54        -31.703            NaN        0.41427        0.34425        0.14183       -0.12749       -0.40101        -3.5301            NaN
        0.19071        -116.58        -116.08        -118.84           -119        -111.42        -33.226            NaN        0.41389        0.34337        0.13916       -0.12852       -0.40637        -3.5946            NaN
        0.19143        -116.59        -116.13         -118.9        -119.03        -111.29        -34.744            NaN         0.4135        0.34248        0.13647        -0.1295       -0.41178        -3.6556            NaN
        0.19214        -116.59        -116.18        -118.95        -119.06        -111.16        -36.251            NaN        0.41311        0.34159        0.13377       -0.13045       -0.41723        -3.7135            NaN
        0.19286         -116.6        -116.23           -119        -119.08        -111.04        -37.743            NaN        0.41272        0.34069        0.13107       -0.13134       -0.42272        -3.7686            NaN
        0.19357        -116.61        -116.29        -119.04        -119.11        -110.91        -39.218            NaN        0.41233        0.33977        0.12836       -0.13219       -0.42825        -3.8214            NaN
        0.19429        -116.63        -116.34        -119.09        -119.13        -110.79        -40.675            NaN        0.41193        0.33885        0.12563         -0.133       -0.43383        -3.8721            NaN
          0.195        -116.64        -116.39        -119.14        -119.16        -110.67        -42.114            NaN        0.41153        0.33792        0.12291       -0.13376       -0.43945        -3.9208            NaN
        0.19571        -116.65        -116.45        -119.18        -119.18        -110.54        -43.535            NaN        0.41113        0.33698        0.12017       -0.13448       -0.44512        -3.9678            NaN
        0.19643        -116.66        -116.51        -119.23        -119.21        -110.42        -44.939            NaN        0.41073        0.33602        0.11743       -0.13515       -0.45082        -4.0133            NaN
        0.19714        -116.67        -116.56        -119.27        -119.23         -110.3        -46.327            NaN        0.41033        0.33506        0.11469       -0.13577       -0.45657        -4.0573            NaN
        0.19786        -116.68        -116.62        -119.32        -119.25        -110.18          -47.7            NaN        0.40992        0.33409        0.11194       -0.13635       -0.46236           -4.1            NaN
        0.19857         -116.7        -116.68        -119.36        -119.27        -110.06        -49.057            NaN        0.40951         0.3331        0.10918       -0.13689       -0.46819        -4.1415            NaN
        0.19929        -116.71        -116.74         -119.4        -119.28        -109.94          -50.4            NaN         0.4091        0.33211        0.10643       -0.13737       -0.47406        -4.1819            NaN
            0.2        -116.72        -116.79        -119.44         -119.3        -109.82        -51.731            NaN        0.40868         0.3311        0.10368       -0.13782       -0.47998        -4.2213            NaN
        0.20071        -116.74        -116.85        -119.48        -119.31        -109.71        -53.049            NaN        0.40826        0.33008        0.10092       -0.13822       -0.48593        -4.2597            NaN
        0.20143        -116.75        -116.91        -119.52        -119.33        -109.59        -54.355            NaN        0.40784        0.32905       0.098166       -0.13858       -0.49192        -4.2972            NaN
        0.20214        -116.76        -116.98        -119.56        -119.34        -109.47         -55.65            NaN        0.40742        0.32801       0.095413       -0.13889       -0.49795        -4.3338            NaN
        0.20286        -116.78        -117.04        -119.59        -119.34        -109.36        -56.936            NaN        0.40699        0.32696       0.092663       -0.13917       -0.50402        -4.3697            NaN
        0.20357        -116.79         -117.1        -119.63        -119.35        -109.24        -58.211            NaN        0.40656         0.3259       0.089916        -0.1394       -0.51014        -4.4048            NaN
        0.20429        -116.81        -117.16        -119.66        -119.35        -109.13        -59.478            NaN        0.40613        0.32482       0.087174        -0.1396       -0.51629        -4.4392            NaN
          0.205        -116.83        -117.23         -119.7        -119.35        -109.01        -60.736            NaN         0.4057        0.32373       0.084436       -0.13976       -0.52248         -4.473            NaN
        0.20571        -116.84        -117.29        -119.73        -119.35         -108.9        -61.986            NaN        0.40526        0.32263       0.081704       -0.13989        -0.5287        -4.5061            NaN
        0.20643        -116.86        -117.36        -119.76        -119.35        -108.79        -63.229            NaN        0.40482        0.32151       0.078979       -0.13998       -0.53497        -4.5387            NaN
        0.20714        -116.88        -117.42         -119.8        -119.34        -108.68        -64.465            NaN        0.40438        0.32038       0.076262       -0.14004       -0.54128        -4.5707            NaN
        0.20786        -116.89        -117.49        -119.83        -119.33        -108.57        -65.695            NaN        0.40393        0.31924       0.073554       -0.14007       -0.54762        -4.6021            NaN
        0.20857        -116.91        -117.56        -119.86        -119.31        -108.46        -66.918            NaN        0.40348        0.31808       0.070854       -0.14008         -0.554        -4.6331            NaN
        0.20929        -116.93        -117.63        -119.89        -119.29        -108.35        -68.136            NaN        0.40303        0.31691       0.068165       -0.14007       -0.56042        -4.6635            NaN
           0.21        -116.95         -117.7        -119.92        -119.27        -108.24        -69.349            NaN        0.40258        0.31572       0.065487       -0.14003       -0.56688        -4.6935            NaN
        0.21071        -116.97        -117.77        -119.94        -119.24        -108.13        -70.556            NaN        0.40212        0.31452        0.06282       -0.13998       -0.57337         -4.723            NaN
        0.21143        -116.99        -117.84        -119.97        -119.21        -108.02        -71.759            NaN        0.40166        0.31331       0.060166       -0.13991       -0.57991        -4.7522            NaN
        0.21214        -117.01        -117.91           -120        -119.18        -107.92        -72.958            NaN        0.40119        0.31207       0.057524       -0.13984       -0.58648        -4.7809            NaN
        0.21286        -117.03        -117.98        -120.03        -119.14        -107.81        -74.153            NaN        0.40073        0.31083       0.054897       -0.13975       -0.59309        -4.8092            NaN
        0.21357        -117.05        -118.06        -120.05         -119.1         -107.7        -75.344            NaN        0.40026        0.30956       0.052284       -0.13967       -0.59973        -4.8371            NaN
        0.21429        -117.07        -118.13        -120.08        -119.06         -107.6        -76.531            NaN        0.39978        0.30828       0.049687       -0.13958       -0.60641        -4.8647            NaN
          0.215        -117.09         -118.2        -120.11        -119.01         -107.5        -77.715            NaN         0.3993        0.30699       0.047105        -0.1395       -0.61313        -4.8919            NaN
        0.21571        -117.11        -118.28        -120.13        -118.95        -107.39        -78.896            NaN        0.39882        0.30567        0.04454       -0.13943       -0.61989        -4.9188            NaN
        0.21643        -117.14        -118.36        -120.16         -118.9        -107.29        -80.074            NaN        0.39834        0.30434       0.041992       -0.13936       -0.62668        -4.9454            NaN
        0.21714        -117.16        -118.43        -120.18        -118.83        -107.19         -81.25            NaN        0.39785        0.30299       0.039462       -0.13932       -0.63351        -4.9716            NaN
        0.21786        -117.18        -118.51        -120.21        -118.77        -107.08        -82.423            NaN        0.39736        0.30162        0.03695       -0.13929       -0.64038        -4.9976            NaN
        0.21857        -117.21        -118.59        -120.23         -118.7        -106.98        -83.594            NaN        0.39686        0.30024       0.034458       -0.13929       -0.64728        -5.0232            NaN
        0.21929        -117.23        -118.67        -120.26        -118.62        -106.88        -84.762            NaN        0.39637        0.29883       0.031984       -0.13931       -0.65422        -5.0486            NaN
           0.22        -117.25        -118.75        -120.28        -118.54        -106.78        -85.928            NaN        0.39586        0.29741       0.029531       -0.13937        -0.6612        -5.0737            NaN
        0.22071        -117.28        -118.83        -120.31        -118.46        -106.68        -87.093            NaN        0.39536        0.29596       0.027099       -0.13946       -0.66821        -5.0986            NaN
        0.22143        -117.31        -118.91        -120.33        -118.37        -106.58        -88.255            NaN        0.39485         0.2945       0.024687       -0.13959       -0.67527        -5.1231            NaN
        0.22214        -117.33        -118.99        -120.36        -118.28        -106.49        -89.416            NaN        0.39433        0.29301       0.022298       -0.13975       -0.68235        -5.1475            NaN
        0.22286        -117.36        -119.08        -120.38        -118.19        -106.39        -90.576            NaN        0.39382        0.29151        0.01993       -0.13997       -0.68948        -5.1716            NaN
        0.22357        -117.39        -119.16        -120.41        -118.09        -106.29        -91.734            NaN        0.39329        0.28998       0.017585       -0.14023       -0.69664        -5.1954            NaN
        0.22429        -117.41        -119.25        -120.43        -117.99         -106.2         -92.89            NaN        0.39277        0.28843       0.015263       -0.14053       -0.70383         -5.219            NaN
          0.225        -117.44        -119.33        -120.46        -117.89         -106.1        -94.046            NaN        0.39224        0.28685       0.012965        -0.1409       -0.71106        -5.2424            NaN
        0.22571        -117.47        -119.42        -120.49        -117.78           -106        -95.201            NaN         0.3917        0.28526        0.01069       -0.14131       -0.71833        -5.2656            NaN
        0.22643         -117.5        -119.51        -120.51        -117.67        -105.91        -96.355            NaN        0.39117        0.28364      0.0084406       -0.14179       -0.72564        -5.2885            NaN
        0.22714        -117.53        -119.59        -120.54        -117.55        -105.82        -97.508            NaN        0.39062        0.28199      0.0062158       -0.14232       -0.73298        -5.3113            NaN
        0.22786        -117.56        -119.68        -120.57        -117.44        -105.72        -98.661            NaN        0.39008        0.28032      0.0040165       -0.14291       -0.74036        -5.3338            NaN
        0.22857        -117.59        -119.77         -120.6        -117.32        -105.63        -99.813            NaN        0.38952        0.27863      0.0018431       -0.14357       -0.74777        -5.3561            NaN
        0.22929        -117.62        -119.86        -120.63        -117.19        -105.54        -100.97            NaN        0.38897        0.27691    -0.00030395       -0.14429       -0.75523        -5.3783            NaN
           0.23        -117.66        -119.95        -120.66        -117.07        -105.45        -102.12            NaN        0.38841        0.27516     -0.0024241       -0.14508       -0.76271        -5.4002            NaN
        0.23071        -117.69        -120.05        -120.69        -116.94        -105.35        -103.27            NaN        0.38784        0.27339     -0.0045169       -0.14593       -0.77024         -5.422            NaN
        0.23143        -117.72        -120.14        -120.72        -116.81        -105.26        -104.42            NaN        0.38727        0.27159     -0.0065819       -0.14685        -0.7778        -5.4436            NaN
        0.23214        -117.75        -120.23        -120.75        -116.68        -105.17        -105.58            NaN         0.3867        0.26976     -0.0086185       -0.14784       -0.78539        -5.4651            NaN
        0.23286        -117.79        -120.33        -120.78        -116.55        -105.08        -106.73            NaN        0.38612         0.2679      -0.010626        -0.1489       -0.79303        -5.4863            NaN
        0.23357        -117.82        -120.42        -120.82        -116.41           -105        -107.88            NaN        0.38553        0.26601      -0.012605       -0.15002        -0.8007        -5.5075            NaN
        0.23429        -117.86        -120.52        -120.85        -116.28        -104.91        -109.04            NaN        0.38494         0.2641      -0.014553       -0.15122        -0.8084        -5.5284            NaN
          0.235        -117.89        -120.61        -120.89        -116.14        -104.82        -110.19            NaN        0.38434        0.26215      -0.016471       -0.15249       -0.81614        -5.5493            NaN
        0.23571        -117.93        -120.71        -120.92           -116        -104.73        -111.34            NaN        0.38374        0.26017      -0.018358       -0.15382       -0.82392          -5.57            NaN
        0.23643        -117.97        -120.81        -120.96        -115.86        -104.64        -112.49            NaN        0.38314        0.25815      -0.020213       -0.15522       -0.83174        -5.5906            NaN
        0.23714        -118.01        -120.91           -121        -115.72        -104.56        -113.64            NaN        0.38253        0.25611      -0.022035        -0.1567       -0.83959         -5.611            NaN
        0.23786        -118.04        -121.01        -121.04        -115.58        -104.47        -114.79            NaN        0.38191        0.25403      -0.023825       -0.15824       -0.84748        -5.6313            NaN
        0.23857        -118.08        -121.11        -121.08        -115.43        -104.39        -115.94            NaN        0.38129        0.25192      -0.025581       -0.15985       -0.85541        -5.6515            NaN
        0.23929        -118.12        -121.21        -121.12        -115.29         -104.3        -117.09            NaN        0.38066        0.24977      -0.027302       -0.16153       -0.86337        -5.6715            NaN
           0.24        -118.16        -121.31        -121.17        -115.14        -104.22        -118.23            NaN        0.38002        0.24759      -0.028987       -0.16328       -0.87137        -5.6914            NaN
        0.24071         -118.2        -121.41        -121.21           -115        -104.13        -119.37            NaN        0.37938        0.24537      -0.030637       -0.16509        -0.8794        -5.7111            NaN
        0.24143        -118.25        -121.51        -121.26        -114.85        -104.05        -120.51            NaN        0.37874        0.24311      -0.032249       -0.16697       -0.88748        -5.7307            NaN
        0.24214        -118.29        -121.61        -121.31        -114.71        -103.97        -121.64            NaN        0.37808        0.24082      -0.033824       -0.16892       -0.89558          -5.75            NaN
        0.24286        -118.33        -121.72        -121.36        -114.56        -103.89        -122.78            NaN        0.37742        0.23848      -0.035359       -0.17093       -0.90373        -5.7692            NaN
        0.24357        -118.37        -121.82        -121.41        -114.41         -103.8        -123.91            NaN        0.37676        0.23611      -0.036854       -0.17301       -0.91191        -5.7882            NaN
        0.24429        -118.42        -121.92        -121.46        -114.27        -103.72        -125.05            NaN        0.37609         0.2337      -0.038308       -0.17514       -0.92013        -5.8069            NaN
          0.245        -118.46        -122.03        -121.51        -114.12        -103.64        -126.18            NaN        0.37541        0.23124      -0.039719       -0.17735       -0.92839        -5.8254            NaN
        0.24571        -118.51        -122.13        -121.57        -113.97        -103.56        -127.32            NaN        0.37472        0.22874      -0.041087       -0.17961       -0.93669        -5.8437            NaN
        0.24643        -118.56        -122.24        -121.63        -113.82        -103.48        -128.47            NaN        0.37403        0.22621      -0.042409       -0.18194       -0.94502        -5.8617            NaN
        0.24714         -118.6        -122.34        -121.69        -113.68         -103.4        -129.62            NaN        0.37333        0.22363      -0.043685       -0.18432       -0.95339        -5.8795            NaN
        0.24786        -118.65        -122.45        -121.75        -113.53        -103.32        -130.78            NaN        0.37262          0.221      -0.044913       -0.18676       -0.96179        -5.8972            NaN
        0.24857         -118.7        -122.55        -121.81        -113.38        -103.25        -131.94            NaN        0.37191        0.21833      -0.046092       -0.18927       -0.97024        -5.9146            NaN
        0.24929        -118.75        -122.66        -121.87        -113.23        -103.17        -133.13            NaN        0.37119        0.21561      -0.047219       -0.19183       -0.97872        -5.9319            NaN
           0.25         -118.8        -122.76        -121.94        -113.09        -103.09        -134.32            NaN        0.37046        0.21285      -0.048293       -0.19445       -0.98724        -5.9491            NaN
        0.25071        -118.85        -122.87        -122.01        -112.94        -103.01        -135.54            NaN        0.36972        0.21005      -0.049312       -0.19712       -0.99579        -5.9662            NaN
        0.25143         -118.9        -122.97        -122.08        -112.79        -102.94        -136.77            NaN        0.36897        0.20719      -0.050273       -0.19985        -1.0044        -5.9834            NaN
        0.25214        -118.95        -123.08        -122.15        -112.65        -102.86        -138.01            NaN        0.36822        0.20429      -0.051176       -0.20263         -1.013        -6.0007            NaN
        0.25286        -119.01        -123.18        -122.22         -112.5        -102.79        -139.27            NaN        0.36746        0.20134      -0.052017       -0.20547        -1.0217        -6.0183            NaN
        0.25357        -119.06        -123.29        -122.29        -112.36        -102.71        -140.55            NaN        0.36669        0.19834      -0.052794       -0.20836        -1.0304        -6.0362            NaN
        0.25429        -119.11        -123.39        -122.37        -112.21        -102.64        -141.83            NaN        0.36591        0.19529      -0.053505        -0.2113        -1.0391        -6.0546            NaN
          0.255        -119.17        -123.49        -122.45        -112.07        -102.56        -143.11            NaN        0.36512        0.19219      -0.054147       -0.21429        -1.0479        -6.0735            NaN
        0.25571        -119.23         -123.6        -122.53        -111.92        -102.49        -144.39            NaN        0.36432        0.18904      -0.054717       -0.21734        -1.0567        -6.0931            NaN
        0.25643        -119.28         -123.7        -122.61        -111.78        -102.41            NaN            NaN        0.36351        0.18584      -0.055211       -0.22043        -1.0656            NaN            NaN
        0.25714        -119.34         -123.8        -122.69        -111.64        -102.34            NaN            NaN         0.3627        0.18259      -0.055628       -0.22357        -1.0745            NaN            NaN
        0.25786         -119.4         -123.9        -122.78         -111.5        -102.27            NaN            NaN        0.36187        0.17929      -0.055963       -0.22676        -1.0834            NaN            NaN
        0.25857        -119.46           -124        -122.87        -111.35         -102.2            NaN            NaN        0.36103        0.17594      -0.056214          -0.23        -1.0924            NaN            NaN
        0.25929        -119.52         -124.1        -122.96        -111.21        -102.12            NaN            NaN        0.36019        0.17254      -0.056376       -0.23328        -1.1014            NaN            NaN
           0.26        -119.58         -124.2        -123.05        -111.07        -102.05            NaN            NaN        0.35933        0.16909      -0.056446       -0.23661        -1.1105            NaN            NaN
        0.26071        -119.65        -124.29        -123.14        -110.93        -101.98            NaN            NaN        0.35846        0.16559       -0.05642       -0.23999        -1.1196            NaN            NaN
        0.26143        -119.71        -124.39        -123.23        -110.79        -101.91            NaN            NaN        0.35758        0.16204      -0.056294       -0.24341        -1.1287            NaN            NaN
        0.26214        -119.78        -124.48        -123.32        -110.65        -101.84            NaN            NaN        0.35669        0.15844      -0.056063       -0.24688        -1.1379            NaN            NaN
        0.26286        -119.84        -124.57        -123.42        -110.51        -101.77            NaN            NaN        0.35579        0.15478      -0.055724       -0.25039        -1.1471            NaN            NaN
        0.26357        -119.91        -124.66        -123.51        -110.38         -101.7            NaN            NaN        0.35487        0.15109      -0.055272       -0.25394        -1.1563            NaN            NaN
        0.26429        -119.98        -124.75        -123.61        -110.24        -101.63            NaN            NaN        0.35394        0.14734      -0.054703       -0.25753        -1.1656            NaN            NaN
          0.265        -120.04        -124.84         -123.7         -110.1        -101.56            NaN            NaN          0.353        0.14355      -0.054012       -0.26117        -1.1749            NaN            NaN
        0.26571        -120.11        -124.92         -123.8        -109.96        -101.49            NaN            NaN        0.35205        0.13971      -0.053194       -0.26485        -1.1843            NaN            NaN
        0.26643        -120.18        -125.01        -123.89        -109.83        -101.43            NaN            NaN        0.35109        0.13582      -0.052245       -0.26857        -1.1937            NaN            NaN
        0.26714        -120.26        -125.09        -123.99        -109.69        -101.36            NaN            NaN        0.35011         0.1319      -0.051161       -0.27233        -1.2032            NaN            NaN
        0.26786        -120.33        -125.17        -124.08        -109.56        -101.29            NaN            NaN        0.34911        0.12793      -0.049938       -0.27613        -1.2126            NaN            NaN
        0.26857         -120.4        -125.24        -124.17        -109.43        -101.22            NaN            NaN         0.3481        0.12392      -0.048572       -0.27997        -1.2222            NaN            NaN
        0.26929        -120.48        -125.32        -124.26        -109.29        -101.15            NaN            NaN        0.34708        0.11987       -0.04706       -0.28384        -1.2317            NaN            NaN
           0.27        -120.55        -125.39        -124.35        -109.16        -101.09            NaN            NaN        0.34604        0.11578      -0.045397       -0.28776        -1.2414            NaN            NaN
        0.27071        -120.63        -125.46        -124.43        -109.03        -101.02            NaN            NaN        0.34499        0.11166      -0.043583       -0.29172         -1.251            NaN            NaN
        0.27143        -120.71        -125.53        -124.51         -108.9        -100.95            NaN            NaN        0.34392        0.10751      -0.041615       -0.29571        -1.2607            NaN            NaN
        0.27214        -120.79        -125.59        -124.59        -108.77        -100.88            NaN            NaN        0.34283        0.10332      -0.039492       -0.29974        -1.2704            NaN            NaN
        0.27286        -120.87        -125.65        -124.66        -108.64        -100.81            NaN            NaN        0.34173       0.099108      -0.037214       -0.30381        -1.2802            NaN            NaN
        0.27357        -120.95        -125.71        -124.73        -108.51        -100.74            NaN            NaN        0.34061       0.094867      -0.034783       -0.30791          -1.29            NaN            NaN
        0.27429        -121.04        -125.77        -124.79        -108.38        -100.67            NaN            NaN        0.33947       0.090601      -0.032201       -0.31205        -1.2999            NaN            NaN
          0.275        -121.12        -125.82        -124.84        -108.25         -100.6            NaN            NaN        0.33831       0.086313      -0.029472       -0.31623        -1.3098            NaN            NaN
        0.27571        -121.21        -125.87        -124.89        -108.12        -100.53            NaN            NaN        0.33713       0.082004      -0.026601       -0.32044        -1.3198            NaN            NaN
        0.27643        -121.29        -125.92        -124.92           -108        -100.45            NaN            NaN        0.33593       0.077679      -0.023596       -0.32469        -1.3298            NaN            NaN
        0.27714        -121.38        -125.96        -124.95        -107.87        -100.38            NaN            NaN        0.33471       0.073339      -0.020465       -0.32897        -1.3399            NaN            NaN
        0.27786        -121.47           -126        -124.96        -107.74         -100.3            NaN            NaN        0.33347       0.068986      -0.017219       -0.33329          -1.35            NaN            NaN
        0.27857        -121.56        -126.04        -124.97        -107.62        -100.22            NaN            NaN        0.33221       0.064623       -0.01387       -0.33764        -1.3602            NaN            NaN
        0.27929        -121.65        -126.08        -124.97        -107.49        -100.13            NaN            NaN        0.33093       0.060253      -0.010432       -0.34203        -1.3704            NaN            NaN
           0.28        -121.75        -126.11        -124.95        -107.37        -100.04            NaN            NaN        0.32962       0.055877     -0.0069194       -0.34645        -1.3807            NaN            NaN
        0.28071        -121.84        -126.14        -124.92        -107.25        -99.944            NaN            NaN        0.32829       0.051498     -0.0033498        -0.3509        -1.3911            NaN            NaN
        0.28143        -121.94        -126.17        -124.88        -107.12        -99.841            NaN            NaN        0.32693       0.047119     0.00025938       -0.35539        -1.4016            NaN            NaN
        0.28214        -122.04        -126.19        -124.82           -107         -99.73            NaN            NaN        0.32555       0.042742      0.0038896       -0.35991        -1.4122            NaN            NaN
        0.28286        -122.14        -126.22        -124.75        -106.88        -99.609            NaN            NaN        0.32414       0.038369      0.0075219       -0.36446         -1.423            NaN            NaN
        0.28357        -122.24        -126.24        -124.67        -106.76        -99.476            NaN            NaN         0.3227       0.034001       0.011137       -0.36905        -1.4338            NaN            NaN
        0.28429        -122.34        -126.25        -124.58        -106.64        -99.328            NaN            NaN        0.32123       0.029642       0.014716       -0.37367        -1.4448            NaN            NaN
          0.285        -122.45        -126.27        -124.47        -106.52        -99.162            NaN            NaN        0.31974       0.025291       0.018241       -0.37832        -1.4561            NaN            NaN
        0.28571        -122.55        -126.28        -124.36         -106.4        -98.974            NaN            NaN        0.31821       0.020953       0.021694         -0.383        -1.4676            NaN            NaN
        0.28643        -122.66        -126.29        -124.23        -106.28        -98.761            NaN            NaN        0.31665       0.016627       0.025059       -0.38772        -1.4793            NaN            NaN
        0.28714        -122.77         -126.3        -124.08        -106.16        -98.517            NaN            NaN        0.31506       0.012316        0.02832       -0.39247        -1.4915            NaN            NaN
        0.28786        -122.88        -126.31        -123.93        -106.05        -98.236            NaN            NaN        0.31343        0.00802       0.031464       -0.39724         -1.504            NaN            NaN
        0.28857        -122.99        -126.31        -123.77        -105.93        -97.911            NaN            NaN        0.31176      0.0037412       0.034479       -0.40206        -1.5171            NaN            NaN
        0.28929         -123.1        -126.32         -123.6        -105.81        -97.535            NaN            NaN        0.31006    -0.00051974       0.037355        -0.4069        -1.5308            NaN            NaN
           0.29        -123.22        -126.32        -123.42         -105.7        -97.097            NaN            NaN        0.30832     -0.0047619       0.040084       -0.41177        -1.5453            NaN            NaN
        0.29071        -123.34        -126.32        -123.23        -105.58        -96.589            NaN            NaN        0.30654     -0.0089844       0.042658       -0.41668        -1.5605            NaN            NaN
        0.29143        -123.46        -126.32        -123.04        -105.47        -95.998            NaN            NaN        0.30472      -0.013187       0.045073       -0.42161        -1.5767            NaN            NaN
        0.29214        -123.58        -126.31        -122.84        -105.35        -95.313            NaN            NaN        0.30286      -0.017369       0.047325       -0.42658         -1.594            NaN            NaN
        0.29286         -123.7        -126.31        -122.63        -105.24        -94.522            NaN            NaN        0.30094       -0.02153       0.049412       -0.43157        -1.6123            NaN            NaN
        0.29357        -123.82        -126.31        -122.42        -105.13        -93.612            NaN            NaN        0.29899       -0.02567       0.051332        -0.4366        -1.6318            NaN            NaN
        0.29429        -123.95         -126.3        -122.21        -105.01        -92.573            NaN            NaN        0.29698      -0.029788       0.053086       -0.44166        -1.6524            NaN            NaN
          0.295        -124.08        -126.29        -121.99         -104.9        -91.395            NaN            NaN        0.29492      -0.033886       0.054676       -0.44675        -1.6741            NaN            NaN
        0.29571        -124.21        -126.29        -121.77        -104.79        -90.074            NaN            NaN        0.29281      -0.037963       0.056102       -0.45187        -1.6968            NaN            NaN
        0.29643        -124.34        -126.28        -121.54        -104.68        -88.608            NaN            NaN        0.29064      -0.042019       0.057368       -0.45702        -1.7202            NaN            NaN
        0.29714        -124.47        -126.27        -121.32        -104.57        -86.999            NaN            NaN        0.28841      -0.046055       0.058476       -0.46219        -1.7443            NaN            NaN
        0.29786        -124.61        -126.26        -121.09        -104.46        -85.253            NaN            NaN        0.28612      -0.050071       0.059431        -0.4674         -1.769            NaN            NaN
        0.29857        -124.74        -126.25        -120.86        -104.35        -83.378            NaN            NaN        0.28377      -0.054069       0.060237       -0.47264        -1.7941            NaN            NaN
        0.29929        -124.88        -126.24        -120.63        -104.24        -81.386            NaN            NaN        0.28135      -0.058048       0.060897       -0.47791        -1.8195            NaN            NaN
            0.3        -125.02        -126.24         -120.4        -104.13        -79.287            NaN            NaN        0.27887       -0.06201       0.061416       -0.48321        -1.8453            NaN            NaN
        0.30071        -125.16        -126.23        -120.17        -104.02        -77.091            NaN            NaN        0.27631      -0.065956       0.061799       -0.48854        -1.8715            NaN            NaN
        0.30143        -125.31        -126.22        -119.94        -103.92        -74.808            NaN            NaN        0.27367      -0.069887       0.062051        -0.4939        -1.8981            NaN            NaN
        0.30214        -125.45        -126.21        -119.71        -103.81        -72.444            NaN            NaN        0.27096      -0.073803       0.062175       -0.49929        -1.9252            NaN            NaN
        0.30286         -125.6         -126.2        -119.49         -103.7        -70.006            NaN            NaN        0.26816      -0.077706       0.062177       -0.50471         -1.953            NaN            NaN
        0.30357        -125.74         -126.2        -119.26         -103.6        -67.498            NaN            NaN        0.26528      -0.081598        0.06206       -0.51015        -1.9816            NaN            NaN
        0.30429        -125.89        -126.19        -119.03        -103.49        -64.923            NaN            NaN        0.26231      -0.085479        0.06183       -0.51563        -2.0111            NaN            NaN
          0.305        -126.04        -126.18        -118.81        -103.38        -62.282            NaN            NaN        0.25925      -0.089351       0.061491       -0.52114        -2.0417            NaN            NaN
        0.30571        -126.19        -126.18        -118.58        -103.28        -59.577            NaN            NaN        0.25609      -0.093216       0.061046       -0.52667        -2.0736            NaN            NaN
        0.30643        -126.35        -126.17        -118.36        -103.18        -56.807            NaN            NaN        0.25283      -0.097074         0.0605       -0.53224        -2.1069            NaN            NaN
        0.30714         -126.5        -126.17        -118.14        -103.07        -53.973            NaN            NaN        0.24946       -0.10093       0.059857       -0.53784        -2.1419            NaN            NaN
        0.30786        -126.65        -126.16        -117.92        -102.97        -51.073            NaN            NaN        0.24598       -0.10478        0.05912       -0.54346        -2.1788            NaN            NaN
        0.30857        -126.81        -126.16         -117.7        -102.87        -48.107            NaN            NaN        0.24239       -0.10863       0.058294       -0.54911        -2.2178            NaN            NaN
        0.30929        -126.96        -126.16        -117.49        -102.76        -45.077            NaN            NaN        0.23868       -0.11248        0.05738        -0.5548        -2.2594            NaN            NaN
           0.31        -127.12        -126.16        -117.27        -102.66        -41.982            NaN            NaN        0.23485       -0.11634       0.056384       -0.56051        -2.3038            NaN            NaN
        0.31071        -127.27        -126.16        -117.06        -102.56        -38.828            NaN            NaN        0.23089        -0.1202       0.055307       -0.56625        -2.3514            NaN            NaN
        0.31143        -127.42        -126.16        -116.85        -102.46        -35.621            NaN            NaN        0.22679       -0.12406       0.054153       -0.57202        -2.4028            NaN            NaN
        0.31214        -127.58        -126.17        -116.64        -102.36        -32.374            NaN            NaN        0.22257       -0.12794       0.052925       -0.57783        -2.4584            NaN            NaN
        0.31286        -127.73        -126.17        -116.44        -102.26        -29.107            NaN            NaN         0.2182       -0.13182       0.051624       -0.58366         -2.519            NaN            NaN
        0.31357        -127.88        -126.18        -116.23        -102.16        -25.852            NaN            NaN        0.21368       -0.13572       0.050255       -0.58952         -2.585            NaN            NaN
        0.31429        -128.03        -126.18        -116.03        -102.06        -22.652            NaN            NaN        0.20903       -0.13964       0.048819       -0.59541        -2.6572            NaN            NaN
          0.315        -128.17        -126.19        -115.83        -101.96        -19.574            NaN            NaN        0.20422       -0.14357       0.047318       -0.60132        -2.7362            NaN            NaN
        0.31571        -128.31         -126.2        -115.63        -101.86        -16.698            NaN            NaN        0.19926       -0.14752       0.045755       -0.60727         -2.822            NaN            NaN
        0.31643        -128.45        -126.21        -115.43        -101.77        -14.123            NaN            NaN        0.19414       -0.15149       0.044132       -0.61325        -2.9145            NaN            NaN
        0.31714        -128.58        -126.22        -115.23        -101.67        -11.949            NaN            NaN        0.18887       -0.15549       0.042451       -0.61926        -3.0127            NaN            NaN
        0.31786        -128.71        -126.24        -115.04        -101.57        -10.253            NaN            NaN        0.18345       -0.15951       0.040713       -0.62529        -3.1147            NaN            NaN
        0.31857        -128.84        -126.25        -114.85        -101.48        -9.0749            NaN            NaN        0.17787       -0.16357       0.038921       -0.63136        -3.2184            NaN            NaN
        0.31929        -128.95        -126.26        -114.66        -101.38        -8.4011            NaN            NaN        0.17215       -0.16765       0.037076       -0.63746        -3.3215            NaN            NaN
           0.32        -129.06        -126.28        -114.47        -101.28        -8.1784            NaN            NaN        0.16627       -0.17177       0.035179       -0.64358        -3.4221            NaN            NaN
        0.32071        -129.16         -126.3        -114.28        -101.19        -8.3319            NaN            NaN        0.16026       -0.17593       0.033232       -0.64974        -3.5189            NaN            NaN
        0.32143        -129.26        -126.32         -114.1        -101.09        -8.7831            NaN            NaN        0.15411       -0.18013       0.031237       -0.65592        -3.6114            NaN            NaN
        0.32214        -129.34        -126.34        -113.91           -101         -9.462            NaN            NaN        0.14783       -0.18437       0.029195       -0.66213        -3.6993            NaN            NaN
        0.32286        -129.42        -126.36        -113.73        -100.91        -10.311            NaN            NaN        0.14144       -0.18866       0.027107       -0.66838        -3.7828            NaN            NaN
        0.32357        -129.48        -126.38        -113.55        -100.81        -11.286            NaN            NaN        0.13494       -0.19299       0.024975       -0.67465        -3.8621            NaN            NaN
        0.32429        -129.54        -126.41        -113.37        -100.72        -12.352            NaN            NaN        0.12835       -0.19738       0.022799       -0.68095        -3.9375            NaN            NaN
          0.325        -129.58        -126.43        -113.19        -100.63        -13.484            NaN            NaN        0.12168       -0.20182       0.020581       -0.68729        -4.0094            NaN            NaN
        0.32571        -129.61        -126.46        -113.02        -100.53        -14.665            NaN            NaN        0.11494       -0.20632       0.018321       -0.69365        -4.0781            NaN            NaN
        0.32643        -129.63        -126.48        -112.85        -100.44        -15.879            NaN            NaN        0.10816       -0.21088       0.016021       -0.70004        -4.1439            NaN            NaN
        0.32714        -129.64        -126.51        -112.67        -100.35        -17.116            NaN            NaN        0.10134        -0.2155       0.013682       -0.70646        -4.2071            NaN            NaN
        0.32786        -129.63        -126.54         -112.5        -100.26         -18.37            NaN            NaN       0.094511       -0.22019       0.011304       -0.71292        -4.2679            NaN            NaN
        0.32857        -129.61        -126.56        -112.33        -100.17        -19.635            NaN            NaN       0.087686       -0.22495      0.0088885        -0.7194        -4.3265            NaN            NaN
        0.32929        -129.58        -126.59        -112.16        -100.08        -20.905            NaN            NaN       0.080882       -0.22978      0.0064363       -0.72591        -4.3831            NaN            NaN
           0.33        -129.54        -126.62           -112        -99.988        -22.179            NaN            NaN       0.074115       -0.23468      0.0039479       -0.73245        -4.4379            NaN            NaN
        0.33071        -129.49        -126.64        -111.83        -99.898        -23.454            NaN            NaN       0.067403       -0.23967      0.0014241       -0.73902         -4.491            NaN            NaN
        0.33143        -129.42        -126.67        -111.67        -99.809        -24.729            NaN            NaN       0.060759       -0.24473     -0.0011343       -0.74563        -4.5426            NaN            NaN
        0.33214        -129.34         -126.7        -111.51        -99.721        -26.001            NaN            NaN       0.054198       -0.24988     -0.0037267       -0.75226        -4.5927            NaN            NaN
        0.33286        -129.26        -126.72        -111.35        -99.632        -27.271            NaN            NaN       0.047733       -0.25512     -0.0063526       -0.75892        -4.6415            NaN            NaN
        0.33357        -129.16        -126.74        -111.19        -99.544        -28.537            NaN            NaN       0.041374       -0.26044     -0.0090112       -0.76562        -4.6891            NaN            NaN
        0.33429        -129.06        -126.77        -111.03        -99.457          -29.8            NaN            NaN       0.035131       -0.26585      -0.011702       -0.77234        -4.7355            NaN            NaN
          0.335        -128.94        -126.79        -110.87         -99.37        -31.059            NaN            NaN       0.029013       -0.27135      -0.014425        -0.7791        -4.7808            NaN            NaN
        0.33571        -128.82        -126.81        -110.71        -99.283        -32.313            NaN            NaN       0.023025       -0.27695      -0.017178       -0.78588        -4.8251            NaN            NaN
        0.33643         -128.7        -126.82        -110.56        -99.197        -33.563            NaN            NaN       0.017173       -0.28263      -0.019963        -0.7927        -4.8684            NaN            NaN
        0.33714        -128.56        -126.84        -110.41        -99.111        -34.809            NaN            NaN        0.01146       -0.28842      -0.022778       -0.79954        -4.9109            NaN            NaN
        0.33786        -128.42        -126.85        -110.25        -99.025        -36.051            NaN            NaN      0.0058885       -0.29429      -0.025622       -0.80642        -4.9525            NaN            NaN
        0.33857        -128.28        -126.85         -110.1         -98.94        -37.289            NaN            NaN     0.00046004       -0.30026      -0.028496       -0.81333        -4.9933            NaN            NaN
        0.33929        -128.13        -126.86        -109.95        -98.855        -38.523            NaN            NaN     -0.0048255       -0.30632      -0.031399       -0.82027        -5.0333            NaN            NaN
           0.34        -127.98        -126.85         -109.8         -98.77        -39.753            NaN            NaN     -0.0099691       -0.31248       -0.03433       -0.82724        -5.0727            NaN            NaN
        0.34071        -127.82        -126.85        -109.65        -98.686        -40.979            NaN            NaN      -0.014972       -0.31872       -0.03729       -0.83424        -5.1113            NaN            NaN
        0.34143        -127.66        -126.84        -109.51        -98.602        -42.202            NaN            NaN      -0.019837       -0.32505      -0.040278       -0.84127        -5.1493            NaN            NaN
        0.34214         -127.5        -126.82        -109.36        -98.519        -43.422            NaN            NaN      -0.024567       -0.33146      -0.043293       -0.84834        -5.1866            NaN            NaN
        0.34286        -127.34         -126.8        -109.22        -98.436        -44.638            NaN            NaN      -0.029166       -0.33794      -0.046335       -0.85543        -5.2234            NaN            NaN
        0.34357        -127.18        -126.77        -109.07        -98.353        -45.852            NaN            NaN      -0.033636        -0.3445      -0.049404       -0.86256        -5.2596            NaN            NaN
        0.34429        -127.01        -126.74        -108.93        -98.271        -47.063            NaN            NaN      -0.037982       -0.35113        -0.0525       -0.86971        -5.2952            NaN            NaN
          0.345        -126.85         -126.7        -108.79        -98.189        -48.271            NaN            NaN      -0.042208       -0.35781      -0.055622        -0.8769        -5.3304            NaN            NaN
        0.34571        -126.69        -126.65        -108.65        -98.108        -49.477            NaN            NaN      -0.046319       -0.36455      -0.058771       -0.88412         -5.365            NaN            NaN
        0.34643        -126.52        -126.59        -108.51        -98.027         -50.68            NaN            NaN      -0.050319       -0.37133      -0.061945       -0.89138        -5.3992            NaN            NaN
        0.34714        -126.36        -126.53        -108.37        -97.946        -51.882            NaN            NaN      -0.054212       -0.37815      -0.065145       -0.89866        -5.4329            NaN            NaN
        0.34786        -126.19        -126.46        -108.23        -97.865        -53.081            NaN            NaN      -0.058003         -0.385       -0.06837       -0.90598        -5.4662            NaN            NaN
        0.34857        -126.03        -126.38        -108.09        -97.785        -54.279            NaN            NaN      -0.061696       -0.39187       -0.07162       -0.91332         -5.499            NaN            NaN
        0.34929        -125.87        -126.29        -107.95        -97.706        -55.475            NaN            NaN      -0.065295       -0.39874      -0.074896        -0.9207        -5.5314            NaN            NaN
           0.35        -125.71         -126.2        -107.82        -97.626         -56.67            NaN            NaN      -0.068806       -0.40562      -0.078196       -0.92811        -5.5635            NaN            NaN
        0.35071        -125.55         -126.1        -107.68        -97.547        -57.863            NaN            NaN      -0.072231       -0.41249      -0.081521       -0.93556        -5.5951            NaN            NaN
        0.35143        -125.39        -125.99        -107.55        -97.469        -59.055            NaN            NaN      -0.075576       -0.41933       -0.08487       -0.94303        -5.6264            NaN            NaN
        0.35214        -125.23        -125.87        -107.42         -97.39        -60.246            NaN            NaN      -0.078843       -0.42616      -0.088243       -0.95054        -5.6574            NaN            NaN
        0.35286        -125.07        -125.74        -107.29        -97.312        -61.436            NaN            NaN      -0.082037       -0.43294       -0.09164       -0.95808         -5.688            NaN            NaN
        0.35357        -124.92        -125.61        -107.15        -97.235        -62.626            NaN            NaN      -0.085162       -0.43968      -0.095061       -0.96566        -5.7182            NaN            NaN
        0.35429        -124.76        -125.47        -107.02        -97.158        -63.814            NaN            NaN       -0.08822       -0.44636      -0.098506       -0.97326        -5.7482            NaN            NaN
          0.355        -124.61        -125.32        -106.89        -97.081        -65.002            NaN            NaN      -0.091215       -0.45299       -0.10197        -0.9809        -5.7778            NaN            NaN
        0.35571        -124.46        -125.17        -106.76        -97.004        -66.189            NaN            NaN      -0.094151       -0.45955       -0.10547       -0.98857        -5.8071            NaN            NaN
        0.35643        -124.32        -125.01        -106.64        -96.928        -67.376            NaN            NaN       -0.09703       -0.46603       -0.10898       -0.99628        -5.8362            NaN            NaN
        0.35714        -124.17        -124.84        -106.51        -96.852        -68.562            NaN            NaN      -0.099856       -0.47244       -0.11252         -1.004        -5.8649            NaN            NaN
        0.35786        -124.02        -124.67        -106.38        -96.777        -69.748            NaN            NaN       -0.10263       -0.47876       -0.11608        -1.0118        -5.8934            NaN            NaN
        0.35857        -123.88         -124.5        -106.25        -96.702        -70.934            NaN            NaN       -0.10536         -0.485       -0.11967        -1.0196        -5.9216            NaN            NaN
        0.35929        -123.74        -124.31        -106.13        -96.627         -72.12            NaN            NaN       -0.10804       -0.49114       -0.12327        -1.0274        -5.9496            NaN            NaN
           0.36         -123.6        -124.13           -106        -96.552        -73.306            NaN            NaN       -0.11068       -0.49719        -0.1269        -1.0353        -5.9773            NaN            NaN
        0.36071        -123.46        -123.94        -105.88        -96.478        -74.492            NaN            NaN       -0.11328       -0.50314       -0.13056        -1.0432        -6.0047            NaN            NaN
        0.36143        -123.33        -123.74        -105.76        -96.405        -75.678            NaN            NaN       -0.11583         -0.509       -0.13423        -1.0511        -6.0319            NaN            NaN
        0.36214        -123.19        -123.55        -105.63        -96.331        -76.864            NaN            NaN       -0.11836       -0.51476       -0.13793        -1.0591        -6.0589            NaN            NaN
        0.36286        -123.06        -123.35        -105.51        -96.258        -78.051            NaN            NaN       -0.12085       -0.52042       -0.14165        -1.0671        -6.0856            NaN            NaN
        0.36357        -122.93        -123.15        -105.39        -96.185        -79.237            NaN            NaN        -0.1233       -0.52598       -0.14539        -1.0751        -6.1122            NaN            NaN
        0.36429         -122.8        -122.94        -105.27        -96.113        -80.424            NaN            NaN       -0.12573       -0.53145       -0.14916        -1.0832        -6.1385            NaN            NaN
          0.365        -122.68        -122.74        -105.15        -96.041        -81.612            NaN            NaN       -0.12813       -0.53682       -0.15295        -1.0913        -6.1646            NaN            NaN
        0.36571        -122.55        -122.53        -105.03        -95.969          -82.8            NaN            NaN        -0.1305       -0.54209       -0.15676        -1.0995        -6.1905            NaN            NaN
        0.36643        -122.43        -122.32        -104.91        -95.898        -83.989            NaN            NaN       -0.13284       -0.54727       -0.16059        -1.1076        -6.2161            NaN            NaN
        0.36714        -122.31        -122.11        -104.79        -95.827        -85.178            NaN            NaN       -0.13516       -0.55236       -0.16444        -1.1158        -6.2416            NaN            NaN
        0.36786        -122.18         -121.9        -104.67        -95.756        -86.368            NaN            NaN       -0.13746       -0.55736       -0.16832        -1.1241        -6.2669            NaN            NaN
        0.36857        -122.07        -121.68        -104.55        -95.686        -87.559            NaN            NaN       -0.13974       -0.56227       -0.17221        -1.1324         -6.292            NaN            NaN
        0.36929        -121.95        -121.47        -104.44        -95.616         -88.75            NaN            NaN         -0.142        -0.5671       -0.17613        -1.1407         -6.317            NaN            NaN
           0.37        -121.83        -121.26        -104.32        -95.546        -89.942            NaN            NaN       -0.14424       -0.57184       -0.18007         -1.149        -6.3417            NaN            NaN
        0.37071        -121.72        -121.05         -104.2        -95.477        -91.135            NaN            NaN       -0.14646        -0.5765       -0.18404        -1.1574        -6.3663            NaN            NaN
        0.37143        -121.61        -120.83        -104.09        -95.408        -92.329            NaN            NaN       -0.14866       -0.58108       -0.18802        -1.1658        -6.3906            NaN            NaN
        0.37214         -121.5        -120.62        -103.97        -95.339        -93.523            NaN            NaN       -0.15086       -0.58559       -0.19203        -1.1743        -6.4149            NaN            NaN
        0.37286        -121.39        -120.41        -103.86        -95.271        -94.719            NaN            NaN       -0.15303       -0.59003       -0.19605        -1.1828        -6.4389            NaN            NaN
        0.37357        -121.28         -120.2        -103.75        -95.202        -95.915            NaN            NaN        -0.1552       -0.59439        -0.2001        -1.1913        -6.4628            NaN            NaN
        0.37429        -121.17        -119.99        -103.63        -95.135        -97.113            NaN            NaN       -0.15735       -0.59869       -0.20417        -1.1999        -6.4865            NaN            NaN
          0.375        -121.07        -119.78        -103.52        -95.067        -98.311            NaN            NaN        -0.1595       -0.60293       -0.20827        -1.2084        -6.5101            NaN            NaN
        0.37571        -120.96        -119.57        -103.41            -95        -99.511            NaN            NaN       -0.16163        -0.6071       -0.21238        -1.2171        -6.5335            NaN            NaN
        0.37643        -120.86        -119.36        -103.29        -94.933        -100.71            NaN            NaN       -0.16376       -0.61121       -0.21652        -1.2257        -6.5568            NaN            NaN
        0.37714        -120.76        -119.15        -103.18        -94.867        -101.91            NaN            NaN       -0.16587       -0.61526       -0.22067        -1.2344        -6.5799            NaN            NaN
        0.37786        -120.66        -118.95        -103.07        -94.801        -103.12            NaN            NaN       -0.16798       -0.61926       -0.22485        -1.2432        -6.6029            NaN            NaN
        0.37857        -120.56        -118.74        -102.96        -94.735        -104.32            NaN            NaN       -0.17008        -0.6232       -0.22905        -1.2519        -6.6257            NaN            NaN
        0.37929        -120.47        -118.54        -102.85         -94.67        -105.53            NaN            NaN       -0.17218        -0.6271       -0.23328        -1.2608        -6.6484            NaN            NaN
           0.38        -120.37        -118.34        -102.74        -94.604        -106.73            NaN            NaN       -0.17427       -0.63094       -0.23752        -1.2696        -6.6709            NaN            NaN
        0.38071        -120.28        -118.14        -102.63         -94.54        -107.94            NaN            NaN       -0.17636       -0.63474       -0.24178        -1.2785        -6.6934            NaN            NaN
        0.38143        -120.18        -117.94        -102.53        -94.475        -109.15            NaN            NaN       -0.17845        -0.6385       -0.24607        -1.2874        -6.7156            NaN            NaN
        0.38214        -120.09        -117.74        -102.42        -94.411        -110.36            NaN            NaN       -0.18053       -0.64221       -0.25038        -1.2964        -6.7378            NaN            NaN
        0.38286           -120        -117.54        -102.31        -94.347        -111.57            NaN            NaN       -0.18261       -0.64588       -0.25471        -1.3054        -6.7598            NaN            NaN
        0.38357        -119.91        -117.34         -102.2        -94.283        -112.78            NaN            NaN       -0.18469       -0.64952       -0.25906        -1.3144        -6.7817            NaN            NaN
        0.38429        -119.82        -117.15         -102.1         -94.22           -114            NaN            NaN       -0.18676       -0.65311       -0.26343        -1.3234        -6.8034            NaN            NaN
          0.385        -119.73        -116.96        -101.99        -94.157        -115.21            NaN            NaN       -0.18884       -0.65668       -0.26782        -1.3326        -6.8251            NaN            NaN
        0.38571        -119.65        -116.76        -101.88        -94.094        -116.43            NaN            NaN       -0.19092       -0.66021       -0.27224        -1.3417        -6.8466            NaN            NaN
        0.38643        -119.56        -116.57        -101.78        -94.032        -117.65            NaN            NaN         -0.193        -0.6637       -0.27668        -1.3509         -6.868            NaN            NaN
        0.38714        -119.48        -116.38        -101.67         -93.97        -118.87            NaN            NaN       -0.19507       -0.66717       -0.28114        -1.3601        -6.8893            NaN            NaN
        0.38786        -119.39         -116.2        -101.57        -93.908        -120.09            NaN            NaN       -0.19716       -0.67061       -0.28562        -1.3693        -6.9104            NaN            NaN
        0.38857        -119.31        -116.01        -101.46        -93.847        -121.31            NaN            NaN       -0.19924       -0.67402       -0.29012        -1.3786        -6.9314            NaN            NaN
        0.38929        -119.23        -115.83        -101.36        -93.786        -122.53            NaN            NaN       -0.20132       -0.67741       -0.29464         -1.388        -6.9524            NaN            NaN
           0.39        -119.15        -115.64        -101.26        -93.725        -123.76            NaN            NaN       -0.20341       -0.68077       -0.29919        -1.3973        -6.9732            NaN            NaN
        0.39071        -119.07        -115.46        -101.15        -93.664        -124.98            NaN            NaN        -0.2055       -0.68411       -0.30375        -1.4067        -6.9939            NaN            NaN
        0.39143        -118.99        -115.28        -101.05        -93.604        -126.21            NaN            NaN        -0.2076       -0.68742       -0.30834        -1.4162        -7.0145            NaN            NaN
        0.39214        -118.91         -115.1        -100.95        -93.544        -127.44            NaN            NaN        -0.2097       -0.69072       -0.31295        -1.4256         -7.035            NaN            NaN
        0.39286        -118.84        -114.92        -100.85        -93.484        -128.67            NaN            NaN       -0.21181       -0.69399       -0.31758        -1.4352        -7.0554            NaN            NaN
        0.39357        -118.76        -114.75        -100.74        -93.425        -129.91            NaN            NaN       -0.21392       -0.69725       -0.32223        -1.4447        -7.0756            NaN            NaN
        0.39429        -118.68        -114.57        -100.64        -93.366        -131.14            NaN            NaN       -0.21603       -0.70049       -0.32691        -1.4543        -7.0958            NaN            NaN
          0.395        -118.61         -114.4        -100.54        -93.307        -132.37            NaN            NaN       -0.21816       -0.70371       -0.33161        -1.4639        -7.1159            NaN            NaN
        0.39571        -118.54        -114.22        -100.44        -93.249        -133.61            NaN            NaN       -0.22029       -0.70692       -0.33633        -1.4736        -7.1358            NaN            NaN
        0.39643        -118.46        -114.05        -100.34        -93.191        -134.85            NaN            NaN       -0.22242       -0.71012       -0.34107        -1.4833        -7.1557            NaN            NaN
        0.39714        -118.39        -113.88        -100.24        -93.133        -136.09            NaN            NaN       -0.22456        -0.7133       -0.34583        -1.4931        -7.1755            NaN            NaN
        0.39786        -118.32        -113.71        -100.14        -93.076            NaN            NaN            NaN       -0.22671       -0.71646       -0.35061        -1.5029            NaN            NaN            NaN
        0.39857        -118.25        -113.55        -100.04        -93.019            NaN            NaN            NaN       -0.22887       -0.71962       -0.35542        -1.5127            NaN            NaN            NaN
        0.39929        -118.18        -113.38        -99.943        -92.962            NaN            NaN            NaN       -0.23104       -0.72276       -0.36025        -1.5225            NaN            NaN            NaN
            0.4        -118.11        -113.22        -99.845        -92.906            NaN            NaN            NaN       -0.23321        -0.7259        -0.3651        -1.5324            NaN            NaN            NaN
        0.40071        -118.04        -113.05        -99.746         -92.85            NaN            NaN            NaN        -0.2354       -0.72902       -0.36997        -1.5424            NaN            NaN            NaN
        0.40143        -117.97        -112.89        -99.649        -92.794            NaN            NaN            NaN       -0.23759       -0.73214       -0.37487        -1.5524            NaN            NaN            NaN
        0.40214         -117.9        -112.73        -99.551        -92.739            NaN            NaN            NaN       -0.23979       -0.73524       -0.37978        -1.5624            NaN            NaN            NaN
        0.40286        -117.84        -112.57        -99.454        -92.684            NaN            NaN            NaN         -0.242       -0.73834       -0.38472        -1.5724            NaN            NaN            NaN
        0.40357        -117.77        -112.41        -99.357         -92.63            NaN            NaN            NaN       -0.24422       -0.74144       -0.38969        -1.5825            NaN            NaN            NaN
        0.40429         -117.7        -112.25        -99.261        -92.576            NaN            NaN            NaN       -0.24645       -0.74453       -0.39467        -1.5926            NaN            NaN            NaN
          0.405        -117.64         -112.1        -99.165        -92.523            NaN            NaN            NaN       -0.24869       -0.74761       -0.39968        -1.6028            NaN            NaN            NaN
        0.40571        -117.57        -111.94        -99.069         -92.47            NaN            NaN            NaN       -0.25094       -0.75068        -0.4047         -1.613            NaN            NaN            NaN
        0.40643        -117.51        -111.79        -98.974        -92.418            NaN            NaN            NaN       -0.25321       -0.75376       -0.40976        -1.6232            NaN            NaN            NaN
        0.40714        -117.44        -111.63        -98.878        -92.367            NaN            NaN            NaN       -0.25548       -0.75683       -0.41483        -1.6334            NaN            NaN            NaN
        0.40786        -117.38        -111.48        -98.784        -92.316            NaN            NaN            NaN       -0.25776       -0.75989       -0.41993        -1.6437            NaN            NaN            NaN
        0.40857        -117.32        -111.33        -98.689        -92.267            NaN            NaN            NaN       -0.26006       -0.76296       -0.42505         -1.654            NaN            NaN            NaN
        0.40929        -117.25        -111.18        -98.595        -92.218            NaN            NaN            NaN       -0.26237       -0.76602       -0.43019        -1.6643            NaN            NaN            NaN
           0.41        -117.19        -111.03        -98.501        -92.171            NaN            NaN            NaN       -0.26468       -0.76908       -0.43535        -1.6746            NaN            NaN            NaN
        0.41071        -117.13        -110.88        -98.407        -92.125            NaN            NaN            NaN       -0.26701       -0.77213       -0.44054         -1.685            NaN            NaN            NaN
        0.41143        -117.07        -110.73        -98.314        -92.081            NaN            NaN            NaN       -0.26936       -0.77519       -0.44575        -1.6953            NaN            NaN            NaN
        0.41214           -117        -110.59        -98.221        -92.039            NaN            NaN            NaN       -0.27171       -0.77825       -0.45098        -1.7056            NaN            NaN            NaN
        0.41286        -116.94        -110.44        -98.128        -91.999            NaN            NaN            NaN       -0.27408        -0.7813       -0.45624        -1.7159            NaN            NaN            NaN
        0.41357        -116.88         -110.3        -98.036        -91.961            NaN            NaN            NaN       -0.27646       -0.78436       -0.46152        -1.7262            NaN            NaN            NaN
        0.41429        -116.82        -110.16        -97.944        -91.926            NaN            NaN            NaN       -0.27885       -0.78742       -0.46682        -1.7364            NaN            NaN            NaN
          0.415        -116.76        -110.01        -97.852        -91.895            NaN            NaN            NaN       -0.28126       -0.79048       -0.47215        -1.7464            NaN            NaN            NaN
        0.41571         -116.7        -109.87        -97.761        -91.867            NaN            NaN            NaN       -0.28367       -0.79354        -0.4775        -1.7564            NaN            NaN            NaN
        0.41643        -116.64        -109.73         -97.67        -91.843            NaN            NaN            NaN       -0.28611        -0.7966       -0.48287        -1.7662            NaN            NaN            NaN
        0.41714        -116.58        -109.59        -97.579        -91.824            NaN            NaN            NaN       -0.28855       -0.79967       -0.48826        -1.7757            NaN            NaN            NaN
        0.41786        -116.52        -109.45        -97.488        -91.809            NaN            NaN            NaN       -0.29101       -0.80274       -0.49368        -1.7849            NaN            NaN            NaN
        0.41857        -116.46        -109.32        -97.398        -91.798            NaN            NaN            NaN       -0.29348       -0.80581       -0.49913        -1.7936            NaN            NaN            NaN
        0.41929         -116.4        -109.18        -97.308         -91.79            NaN            NaN            NaN       -0.29596       -0.80888       -0.50459        -1.8018            NaN            NaN            NaN
           0.42        -116.34        -109.04        -97.218        -91.783            NaN            NaN            NaN       -0.29845       -0.81196       -0.51008        -1.8093            NaN            NaN            NaN
        0.42071        -116.28        -108.91        -97.129        -91.771            NaN            NaN            NaN       -0.30096       -0.81504       -0.51559        -1.8158            NaN            NaN            NaN
        0.42143        -116.22        -108.77        -97.039        -91.746            NaN            NaN            NaN       -0.30349       -0.81813       -0.52113        -1.8211            NaN            NaN            NaN
        0.42214        -116.16        -108.64        -96.951        -91.695            NaN            NaN            NaN       -0.30602       -0.82122       -0.52669        -1.8248            NaN            NaN            NaN
        0.42286         -116.1        -108.51        -96.862        -91.595            NaN            NaN            NaN       -0.30857       -0.82431       -0.53228        -1.8267            NaN            NaN            NaN
        0.42357        -116.04        -108.38        -96.774         -91.41            NaN            NaN            NaN       -0.31114       -0.82741       -0.53789        -1.8264            NaN            NaN            NaN
        0.42429        -115.97        -108.24        -96.686        -91.093            NaN            NaN            NaN       -0.31371       -0.83052       -0.54352        -1.8238            NaN            NaN            NaN
          0.425        -115.91        -108.11        -96.598        -90.583            NaN            NaN            NaN        -0.3163       -0.83363       -0.54918        -1.8192            NaN            NaN            NaN
        0.42571        -115.85        -107.98         -96.51        -89.823            NaN            NaN            NaN        -0.3189       -0.83675       -0.55486        -1.8133            NaN            NaN            NaN
        0.42643        -115.79        -107.86        -96.423        -88.774            NaN            NaN            NaN       -0.32152       -0.83987       -0.56057        -1.8073            NaN            NaN            NaN
        0.42714        -115.73        -107.73        -96.336        -87.431            NaN            NaN            NaN       -0.32415         -0.843        -0.5663        -1.8028            NaN            NaN            NaN
        0.42786        -115.67         -107.6         -96.25        -85.826            NaN            NaN            NaN       -0.32679       -0.84614       -0.57205         -1.801            NaN            NaN            NaN
        0.42857        -115.61        -107.47        -96.163        -84.013            NaN            NaN            NaN       -0.32944       -0.84928       -0.57783        -1.8027            NaN            NaN            NaN
        0.42929        -115.55        -107.35        -96.077        -82.044            NaN            NaN            NaN       -0.33211       -0.85243       -0.58363         -1.808            NaN            NaN            NaN
           0.43        -115.49        -107.22        -95.991        -79.964            NaN            NaN            NaN       -0.33479       -0.85559       -0.58946         -1.817            NaN            NaN            NaN
        0.43071        -115.42         -107.1        -95.906        -77.802            NaN            NaN            NaN       -0.33748       -0.85875       -0.59532        -1.8292            NaN            NaN            NaN
        0.43143        -115.36        -106.97         -95.82        -75.578            NaN            NaN            NaN       -0.34019       -0.86192       -0.60119        -1.8443            NaN            NaN            NaN
        0.43214         -115.3        -106.85        -95.735        -73.301            NaN            NaN            NaN       -0.34291        -0.8651        -0.6071        -1.8621            NaN            NaN            NaN
        0.43286        -115.24        -106.73        -95.651        -70.978            NaN            NaN            NaN       -0.34564       -0.86829       -0.61303        -1.8821            NaN            NaN            NaN
        0.43357        -115.17        -106.61        -95.566         -68.61            NaN            NaN            NaN       -0.34838       -0.87149       -0.61898        -1.9042            NaN            NaN            NaN
        0.43429        -115.11        -106.48        -95.482        -66.197            NaN            NaN            NaN       -0.35113       -0.87469       -0.62496        -1.9282            NaN            NaN            NaN
          0.435        -115.05        -106.36        -95.398        -63.738            NaN            NaN            NaN        -0.3539        -0.8779       -0.63096        -1.9539            NaN            NaN            NaN
        0.43571        -114.98        -106.24        -95.314        -61.234            NaN            NaN            NaN       -0.35667       -0.88113       -0.63699        -1.9813            NaN            NaN            NaN
        0.43643        -114.92        -106.12        -95.231        -58.682            NaN            NaN            NaN       -0.35946       -0.88436       -0.64305        -2.0103            NaN            NaN            NaN
        0.43714        -114.85           -106        -95.147        -56.083            NaN            NaN            NaN       -0.36226        -0.8876       -0.64913         -2.041            NaN            NaN            NaN
        0.43786        -114.79        -105.89        -95.064        -53.436            NaN            NaN            NaN       -0.36507       -0.89085       -0.65523        -2.0732            NaN            NaN            NaN
        0.43857        -114.72        -105.77        -94.982        -50.742            NaN            NaN            NaN       -0.36789       -0.89411       -0.66136        -2.1071            NaN            NaN            NaN
        0.43929        -114.65        -105.65        -94.899            -48            NaN            NaN            NaN       -0.37072       -0.89737       -0.66752        -2.1428            NaN            NaN            NaN
           0.44        -114.59        -105.53        -94.817        -45.212            NaN            NaN            NaN       -0.37357       -0.90065        -0.6737        -2.1803            NaN            NaN            NaN
        0.44071        -114.52        -105.42        -94.735        -42.379            NaN            NaN            NaN       -0.37642       -0.90394       -0.67991        -2.2197            NaN            NaN            NaN
        0.44143        -114.45         -105.3        -94.654        -39.504            NaN            NaN            NaN       -0.37928       -0.90724       -0.68615        -2.2612            NaN            NaN            NaN
        0.44214        -114.38        -105.19        -94.572        -36.589            NaN            NaN            NaN       -0.38215       -0.91055       -0.69241         -2.305            NaN            NaN            NaN
        0.44286        -114.31        -105.07        -94.491         -33.64            NaN            NaN            NaN       -0.38503       -0.91386        -0.6987        -2.3513            NaN            NaN            NaN
        0.44357        -114.25        -104.96         -94.41        -30.663            NaN            NaN            NaN       -0.38792       -0.91719       -0.70501        -2.4003            NaN            NaN            NaN
        0.44429        -114.18        -104.84         -94.33        -27.666            NaN            NaN            NaN       -0.39081       -0.92053       -0.71135        -2.4523            NaN            NaN            NaN
          0.445         -114.1        -104.73        -94.249        -24.662            NaN            NaN            NaN       -0.39372       -0.92388       -0.71772        -2.5074            NaN            NaN            NaN
        0.44571        -114.03        -104.62        -94.169        -21.664            NaN            NaN            NaN       -0.39663       -0.92724       -0.72411        -2.5661            NaN            NaN            NaN
        0.44643        -113.96        -104.51        -94.089        -18.693            NaN            NaN            NaN       -0.39955       -0.93061       -0.73053        -2.6286            NaN            NaN            NaN
        0.44714        -113.89        -104.39         -94.01        -15.773            NaN            NaN            NaN       -0.40248         -0.934       -0.73698         -2.695            NaN            NaN            NaN
        0.44786        -113.82        -104.28         -93.93        -12.935            NaN            NaN            NaN       -0.40542       -0.93739       -0.74345        -2.7657            NaN            NaN            NaN
        0.44857        -113.74        -104.17        -93.851        -10.214            NaN            NaN            NaN       -0.40836        -0.9408       -0.74995        -2.8407            NaN            NaN            NaN
        0.44929        -113.67        -104.06        -93.772        -7.6507            NaN            NaN            NaN       -0.41131       -0.94421       -0.75648        -2.9199            NaN            NaN            NaN
           0.45        -113.59        -103.95        -93.694        -5.2877            NaN            NaN            NaN       -0.41426       -0.94764       -0.76304        -3.0032            NaN            NaN            NaN
        0.45071        -113.52        -103.84        -93.615        -3.1665            NaN            NaN            NaN       -0.41722       -0.95108       -0.76962          -3.09            NaN            NaN            NaN
        0.45143        -113.44        -103.73        -93.537        -1.3226            NaN            NaN            NaN       -0.42019       -0.95454       -0.77623        -3.1796            NaN            NaN            NaN
        0.45214        -113.37        -103.63        -93.459         0.2188            NaN            NaN            NaN       -0.42316         -0.958       -0.78287        -3.2712            NaN            NaN            NaN
        0.45286        -113.29        -103.52        -93.382         1.4463            NaN            NaN            NaN       -0.42614       -0.96148       -0.78953        -3.3639            NaN            NaN            NaN
        0.45357        -113.21        -103.41        -93.304         2.3629            NaN            NaN            NaN       -0.42912       -0.96496       -0.79622        -3.4567            NaN            NaN            NaN
        0.45429        -113.13         -103.3        -93.227         2.9843            NaN            NaN            NaN       -0.43211       -0.96846       -0.80294        -3.5487            NaN            NaN            NaN
          0.455        -113.05         -103.2         -93.15         3.3354            NaN            NaN            NaN        -0.4351       -0.97198       -0.80969        -3.6392            NaN            NaN            NaN
        0.45571        -112.98        -103.09        -93.073         3.4465            NaN            NaN            NaN       -0.43809        -0.9755       -0.81647        -3.7278            NaN            NaN            NaN
        0.45643         -112.9        -102.98        -92.997         3.3493            NaN            NaN            NaN       -0.44109       -0.97904       -0.82327         -3.814            NaN            NaN            NaN
        0.45714        -112.81        -102.88        -92.921         3.0747            NaN            NaN            NaN       -0.44409       -0.98259       -0.83011        -3.8977            NaN            NaN            NaN
        0.45786        -112.73        -102.77        -92.845         2.6508            NaN            NaN            NaN       -0.44709       -0.98615       -0.83697        -3.9787            NaN            NaN            NaN
        0.45857        -112.65        -102.67        -92.769         2.1022            NaN            NaN            NaN        -0.4501       -0.98973       -0.84385        -4.0572            NaN            NaN            NaN
        0.45929        -112.57        -102.56        -92.694         1.4503            NaN            NaN            NaN       -0.45311       -0.99332       -0.85077        -4.1331            NaN            NaN            NaN
           0.46        -112.49        -102.46        -92.619        0.71292            NaN            NaN            NaN       -0.45612       -0.99692       -0.85772        -4.2065            NaN            NaN            NaN
        0.46071         -112.4        -102.36        -92.544      -0.095134            NaN            NaN            NaN       -0.45913        -1.0005       -0.86469        -4.2776            NaN            NaN            NaN
        0.46143        -112.32        -102.25        -92.469       -0.96153            NaN            NaN            NaN       -0.46214        -1.0042        -0.8717        -4.3464            NaN            NaN            NaN
        0.46214        -112.23        -102.15        -92.395        -1.8762            NaN            NaN            NaN       -0.46516        -1.0078       -0.87873        -4.4132            NaN            NaN            NaN
        0.46286        -112.15        -102.05        -92.321        -2.8307            NaN            NaN            NaN       -0.46817        -1.0115       -0.88579         -4.478            NaN            NaN            NaN
        0.46357        -112.06        -101.95        -92.247        -3.8183            NaN            NaN            NaN       -0.47119        -1.0151       -0.89288         -4.541            NaN            NaN            NaN
        0.46429        -111.98        -101.84        -92.173        -4.8333            NaN            NaN            NaN       -0.47421        -1.0188           -0.9        -4.6022            NaN            NaN            NaN
          0.465        -111.89        -101.74          -92.1        -5.8713            NaN            NaN            NaN       -0.47722        -1.0225       -0.90715        -4.6618            NaN            NaN            NaN
        0.46571         -111.8        -101.64        -92.026        -6.9282            NaN            NaN            NaN       -0.48024        -1.0262       -0.91433        -4.7199            NaN            NaN            NaN
        0.46643        -111.71        -101.54        -91.953        -8.0011            NaN            NaN            NaN       -0.48326        -1.0299       -0.92154        -4.7766            NaN            NaN            NaN
        0.46714        -111.62        -101.44        -91.881        -9.0873            NaN            NaN            NaN       -0.48628        -1.0337       -0.92877        -4.8319            NaN            NaN            NaN
        0.46786        -111.54        -101.34        -91.808        -10.185            NaN            NaN            NaN       -0.48929        -1.0374       -0.93604        -4.8859            NaN            NaN            NaN
        0.46857        -111.45        -101.24        -91.736        -11.292            NaN            NaN            NaN       -0.49231        -1.0412       -0.94334        -4.9387            NaN            NaN            NaN
        0.46929        -111.36        -101.14        -91.664        -12.406            NaN            NaN            NaN       -0.49533         -1.045       -0.95067        -4.9904            NaN            NaN            NaN
           0.47        -111.26        -101.04        -91.592        -13.528            NaN            NaN            NaN       -0.49834        -1.0488       -0.95802        -5.0411            NaN            NaN            NaN
        0.47071        -111.17        -100.94        -91.521        -14.655            NaN            NaN            NaN       -0.50135        -1.0526       -0.96541        -5.0907            NaN            NaN            NaN
        0.47143        -111.08        -100.84        -91.449        -15.787            NaN            NaN            NaN       -0.50437        -1.0564       -0.97283        -5.1393            NaN            NaN            NaN
        0.47214        -110.99        -100.74        -91.378        -16.923            NaN            NaN            NaN       -0.50738        -1.0602       -0.98028        -5.1871            NaN            NaN            NaN
        0.47286         -110.9        -100.65        -91.308        -18.063            NaN            NaN            NaN       -0.51039        -1.0641       -0.98776        -5.2339            NaN            NaN            NaN
        0.47357        -110.81        -100.55        -91.237        -19.206            NaN            NaN            NaN       -0.51339         -1.068       -0.99527          -5.28            NaN            NaN            NaN
        0.47429        -110.71        -100.45        -91.167        -20.352            NaN            NaN            NaN        -0.5164        -1.0718        -1.0028        -5.3252            NaN            NaN            NaN
          0.475        -110.62        -100.35        -91.097          -21.5            NaN            NaN            NaN        -0.5194        -1.0757        -1.0104        -5.3697            NaN            NaN            NaN
        0.47571        -110.53        -100.26        -91.027         -22.65            NaN            NaN            NaN        -0.5224        -1.0796         -1.018        -5.4135            NaN            NaN            NaN
        0.47643        -110.43        -100.16        -90.957        -23.802            NaN            NaN            NaN        -0.5254        -1.0836        -1.0256        -5.4566            NaN            NaN            NaN
        0.47714        -110.34        -100.06        -90.888        -24.956            NaN            NaN            NaN        -0.5284        -1.0875        -1.0333         -5.499            NaN            NaN            NaN
        0.47786        -110.24        -99.967        -90.819        -26.111            NaN            NaN            NaN        -0.5314        -1.0915         -1.041        -5.5409            NaN            NaN            NaN
        0.47857        -110.15        -99.871         -90.75        -27.268            NaN            NaN            NaN       -0.53439        -1.0954        -1.0487        -5.5821            NaN            NaN            NaN
        0.47929        -110.05        -99.776        -90.681        -28.426            NaN            NaN            NaN       -0.53738        -1.0994        -1.0565        -5.6227            NaN            NaN            NaN
           0.48        -109.96         -99.68        -90.613        -29.586            NaN            NaN            NaN       -0.54037        -1.1034        -1.0643        -5.6628            NaN            NaN            NaN
        0.48071        -109.86        -99.585        -90.545        -30.747            NaN            NaN            NaN       -0.54335        -1.1074        -1.0721        -5.7023            NaN            NaN            NaN
        0.48143        -109.76         -99.49        -90.477        -31.909            NaN            NaN            NaN       -0.54634        -1.1115        -1.0799        -5.7413            NaN            NaN            NaN
        0.48214        -109.67        -99.396        -90.409        -33.072            NaN            NaN            NaN       -0.54932        -1.1155        -1.0878        -5.7798            NaN            NaN            NaN
        0.48286        -109.57        -99.302        -90.342        -34.236            NaN            NaN            NaN        -0.5523        -1.1196        -1.0957        -5.8179            NaN            NaN            NaN
        0.48357        -109.47        -99.207        -90.275        -35.402            NaN            NaN            NaN       -0.55528        -1.1237        -1.1037        -5.8555            NaN            NaN            NaN
        0.48429        -109.37        -99.114        -90.208        -36.569            NaN            NaN            NaN       -0.55825        -1.1278        -1.1117        -5.8926            NaN            NaN            NaN
          0.485        -109.28         -99.02        -90.141        -37.737            NaN            NaN            NaN       -0.56122        -1.1319        -1.1197        -5.9293            NaN            NaN            NaN
        0.48571        -109.18        -98.927        -90.075        -38.906            NaN            NaN            NaN       -0.56419         -1.136        -1.1277        -5.9656            NaN            NaN            NaN
        0.48643        -109.08        -98.833        -90.008        -40.076            NaN            NaN            NaN       -0.56716        -1.1401        -1.1358        -6.0015            NaN            NaN            NaN
        0.48714        -108.98        -98.741        -89.942        -41.248            NaN            NaN            NaN       -0.57012        -1.1443        -1.1439         -6.037            NaN            NaN            NaN
        0.48786        -108.89        -98.648        -89.877        -42.421            NaN            NaN            NaN       -0.57309        -1.1485        -1.1521        -6.0721            NaN            NaN            NaN
        0.48857        -108.79        -98.555        -89.811        -43.595            NaN            NaN            NaN       -0.57605        -1.1527        -1.1603        -6.1069            NaN            NaN            NaN
        0.48929        -108.69        -98.463        -89.746        -44.771            NaN            NaN            NaN       -0.57901        -1.1569        -1.1685        -6.1413            NaN            NaN            NaN
           0.49        -108.59        -98.371        -89.681        -45.948            NaN            NaN            NaN       -0.58196        -1.1611        -1.1767        -6.1754            NaN            NaN            NaN
        0.49071        -108.49         -98.28        -89.616        -47.126            NaN            NaN            NaN       -0.58492        -1.1653         -1.185        -6.2091            NaN            NaN            NaN
        0.49143        -108.39        -98.188        -89.552        -48.306            NaN            NaN            NaN       -0.58787        -1.1696        -1.1933        -6.2425            NaN            NaN            NaN
        0.49214        -108.29        -98.097        -89.487        -49.487            NaN            NaN            NaN       -0.59082        -1.1739        -1.2017        -6.2756            NaN            NaN            NaN
        0.49286        -108.19        -98.006        -89.423        -50.669            NaN            NaN            NaN       -0.59377        -1.1782        -1.2101        -6.3084            NaN            NaN            NaN
        0.49357        -108.09        -97.915        -89.359        -51.853            NaN            NaN            NaN       -0.59672        -1.1825        -1.2185        -6.3409            NaN            NaN            NaN
        0.49429           -108        -97.824        -89.296        -53.039            NaN            NaN            NaN       -0.59967        -1.1868        -1.2269        -6.3731            NaN            NaN            NaN
          0.495         -107.9        -97.734        -89.233        -54.226            NaN            NaN            NaN       -0.60261        -1.1911        -1.2354         -6.405            NaN            NaN            NaN
        0.49571         -107.8        -97.643        -89.169        -55.415            NaN            NaN            NaN       -0.60555        -1.1955        -1.2439        -6.4367            NaN            NaN            NaN
        0.49643         -107.7        -97.553        -89.107        -56.605            NaN            NaN            NaN        -0.6085        -1.1999        -1.2525        -6.4681            NaN            NaN            NaN
        0.49714         -107.6        -97.464        -89.044        -57.797            NaN            NaN            NaN       -0.61144        -1.2043        -1.2611        -6.4992            NaN            NaN            NaN
        0.49786         -107.5        -97.374        -88.982        -58.991            NaN            NaN            NaN       -0.61438        -1.2087        -1.2697        -6.5301            NaN            NaN            NaN
        0.49857         -107.4        -97.285        -88.919        -60.186            NaN            NaN            NaN       -0.61732        -1.2131        -1.2784        -6.5608            NaN            NaN            NaN
        0.49929         -107.3        -97.195        -88.857        -61.383            NaN            NaN            NaN       -0.62025        -1.2175        -1.2871        -6.5911            NaN            NaN            NaN
            0.5         -107.2        -97.106        -88.796        -62.582            NaN            NaN            NaN       -0.62319         -1.222        -1.2958        -6.6213            NaN            NaN            NaN
        0.50071         -107.1        -97.018        -88.734        -63.783            NaN            NaN            NaN       -0.62613        -1.2265        -1.3046        -6.6512            NaN            NaN            NaN
        0.50143           -107        -96.929        -88.673        -64.985            NaN            NaN            NaN       -0.62907         -1.231        -1.3134         -6.681            NaN            NaN            NaN
        0.50214         -106.9        -96.841        -88.612        -66.189            NaN            NaN            NaN         -0.632        -1.2355        -1.3222        -6.7104            NaN            NaN            NaN
        0.50286         -106.8        -96.752        -88.551        -67.395            NaN            NaN            NaN       -0.63494          -1.24        -1.3311        -6.7397            NaN            NaN            NaN
        0.50357         -106.7        -96.664        -88.491        -68.603            NaN            NaN            NaN       -0.63788        -1.2446          -1.34        -6.7688            NaN            NaN            NaN
        0.50429         -106.6        -96.577        -88.431        -69.813            NaN            NaN            NaN       -0.64081        -1.2491        -1.3489        -6.7977            NaN            NaN            NaN
          0.505        -106.51        -96.489        -88.371        -71.024            NaN            NaN            NaN       -0.64375        -1.2537        -1.3579        -6.8263            NaN            NaN            NaN
        0.50571        -106.41        -96.401        -88.311        -72.238            NaN            NaN            NaN       -0.64669        -1.2583        -1.3669        -6.8548            NaN            NaN            NaN
        0.50643        -106.31        -96.314        -88.251        -73.453            NaN            NaN            NaN       -0.64963        -1.2629         -1.376        -6.8831            NaN            NaN            NaN
        0.50714        -106.21        -96.227        -88.192        -74.671            NaN            NaN            NaN       -0.65257        -1.2676        -1.3851        -6.9112            NaN            NaN            NaN
        0.50786        -106.11         -96.14        -88.133         -75.89            NaN            NaN            NaN       -0.65551        -1.2722        -1.3942        -6.9391            NaN            NaN            NaN
        0.50857        -106.01        -96.054        -88.074        -77.111            NaN            NaN            NaN       -0.65845        -1.2769        -1.4033        -6.9668            NaN            NaN            NaN
        0.50929        -105.91        -95.967        -88.015        -78.335            NaN            NaN            NaN       -0.66139        -1.2816        -1.4125        -6.9944            NaN            NaN            NaN
           0.51        -105.81        -95.881        -87.957         -79.56            NaN            NaN            NaN       -0.66433        -1.2863        -1.4218        -7.0217            NaN            NaN            NaN
        0.51071        -105.71        -95.795        -87.899        -80.788            NaN            NaN            NaN       -0.66728        -1.2911        -1.4311         -7.049            NaN            NaN            NaN
        0.51143        -105.62        -95.709        -87.841        -82.017            NaN            NaN            NaN       -0.67022        -1.2958        -1.4404         -7.076            NaN            NaN            NaN
        0.51214        -105.52        -95.623        -87.783        -83.249            NaN            NaN            NaN       -0.67317        -1.3006        -1.4497        -7.1029            NaN            NaN            NaN
        0.51286        -105.42        -95.537        -87.725        -84.482            NaN            NaN            NaN       -0.67612        -1.3054        -1.4591        -7.1296            NaN            NaN            NaN
        0.51357        -105.32        -95.452        -87.668        -85.718            NaN            NaN            NaN       -0.67908        -1.3102        -1.4685        -7.1562            NaN            NaN            NaN
        0.51429        -105.22        -95.367        -87.611        -86.956            NaN            NaN            NaN       -0.68203         -1.315         -1.478        -7.1826            NaN            NaN            NaN
          0.515        -105.13        -95.281        -87.554        -88.196            NaN            NaN            NaN       -0.68499        -1.3198        -1.4875        -7.2088            NaN            NaN            NaN
        0.51571        -105.03        -95.197        -87.498        -89.438            NaN            NaN            NaN       -0.68795        -1.3247         -1.497         -7.235            NaN            NaN            NaN
        0.51643        -104.93        -95.112        -87.441        -90.682            NaN            NaN            NaN       -0.69091        -1.3296        -1.5066        -7.2609            NaN            NaN            NaN
        0.51714        -104.83        -95.027        -87.385        -91.928            NaN            NaN            NaN       -0.69387        -1.3345        -1.5162        -7.2867            NaN            NaN            NaN
        0.51786        -104.74        -94.943        -87.329        -93.177            NaN            NaN            NaN       -0.69684        -1.3394        -1.5259        -7.3124            NaN            NaN            NaN
        0.51857        -104.64        -94.859        -87.274        -94.427            NaN            NaN            NaN       -0.69981        -1.3444        -1.5356        -7.3379            NaN            NaN            NaN
        0.51929        -104.54        -94.775        -87.218         -95.68            NaN            NaN            NaN       -0.70279        -1.3493        -1.5453        -7.3633            NaN            NaN            NaN
           0.52        -104.45        -94.691        -87.163        -96.935            NaN            NaN            NaN       -0.70577        -1.3543        -1.5551        -7.3886            NaN            NaN            NaN
        0.52071        -104.35        -94.607        -87.108        -98.192            NaN            NaN            NaN       -0.70875        -1.3593        -1.5649        -7.4137            NaN            NaN            NaN
        0.52143        -104.25        -94.524        -87.053        -99.452            NaN            NaN            NaN       -0.71173        -1.3643        -1.5748        -7.4387            NaN            NaN            NaN
        0.52214        -104.16         -94.44        -86.998        -100.71            NaN            NaN            NaN       -0.71472        -1.3694        -1.5847        -7.4636            NaN            NaN            NaN
        0.52286        -104.06        -94.357        -86.944        -101.98            NaN            NaN            NaN       -0.71771        -1.3744        -1.5946        -7.4884            NaN            NaN            NaN
        0.52357        -103.96        -94.274         -86.89        -103.24            NaN            NaN            NaN       -0.72071        -1.3795        -1.6046         -7.513            NaN            NaN            NaN
        0.52429        -103.87        -94.191        -86.836        -104.51            NaN            NaN            NaN       -0.72371        -1.3846        -1.6146        -7.5375            NaN            NaN            NaN
          0.525        -103.77        -94.109        -86.782        -105.78            NaN            NaN            NaN       -0.72672        -1.3897        -1.6246        -7.5619            NaN            NaN            NaN
        0.52571        -103.68        -94.026        -86.729        -107.05            NaN            NaN            NaN       -0.72973        -1.3949        -1.6347        -7.5861            NaN            NaN            NaN
        0.52643        -103.58        -93.944        -86.675        -108.33            NaN            NaN            NaN       -0.73275           -1.4        -1.6449        -7.6102            NaN            NaN            NaN
        0.52714        -103.48        -93.861        -86.622        -109.61            NaN            NaN            NaN       -0.73577        -1.4052        -1.6551        -7.6343            NaN            NaN            NaN
        0.52786        -103.39        -93.779         -86.57        -110.89            NaN            NaN            NaN       -0.73879        -1.4104        -1.6653        -7.6582            NaN            NaN            NaN
        0.52857        -103.29        -93.698        -86.517        -112.17            NaN            NaN            NaN       -0.74182        -1.4156        -1.6755         -7.682            NaN            NaN            NaN
        0.52929         -103.2        -93.616        -86.464        -113.45            NaN            NaN            NaN       -0.74486        -1.4209        -1.6858        -7.7056            NaN            NaN            NaN
           0.53        -103.11        -93.534        -86.412        -114.74            NaN            NaN            NaN        -0.7479        -1.4261        -1.6962        -7.7292            NaN            NaN            NaN
        0.53071        -103.01        -93.453         -86.36        -116.03            NaN            NaN            NaN       -0.75095        -1.4314        -1.7066        -7.7527            NaN            NaN            NaN
        0.53143        -102.92        -93.372        -86.308        -117.32            NaN            NaN            NaN         -0.754        -1.4367         -1.717         -7.776            NaN            NaN            NaN
        0.53214        -102.82        -93.291        -86.257        -118.61            NaN            NaN            NaN       -0.75706        -1.4421        -1.7275        -7.7993            NaN            NaN            NaN
        0.53286        -102.73         -93.21        -86.206        -119.91            NaN            NaN            NaN       -0.76012        -1.4474         -1.738        -7.8224            NaN            NaN            NaN
        0.53357        -102.63        -93.129        -86.154         -121.2            NaN            NaN            NaN       -0.76319        -1.4528        -1.7485        -7.8455            NaN            NaN            NaN
        0.53429        -102.54        -93.049        -86.104         -122.5            NaN            NaN            NaN       -0.76627        -1.4582        -1.7591        -7.8684            NaN            NaN            NaN
          0.535        -102.45        -92.968        -86.053        -123.81            NaN            NaN            NaN       -0.76935        -1.4636        -1.7698        -7.8912            NaN            NaN            NaN
        0.53571        -102.35        -92.888        -86.003        -125.11            NaN            NaN            NaN       -0.77244         -1.469        -1.7805         -7.914            NaN            NaN            NaN
        0.53643        -102.26        -92.808        -85.953        -126.42            NaN            NaN            NaN       -0.77554        -1.4745        -1.7912        -7.9366            NaN            NaN            NaN
        0.53714        -102.17        -92.728        -85.903        -127.73            NaN            NaN            NaN       -0.77864          -1.48         -1.802        -7.9591            NaN            NaN            NaN
        0.53786        -102.08        -92.648        -85.854        -129.04            NaN            NaN            NaN       -0.78175        -1.4855        -1.8128        -7.9816            NaN            NaN            NaN
        0.53857        -101.98        -92.568        -85.805        -130.35            NaN            NaN            NaN       -0.78487         -1.491        -1.8237        -8.0039            NaN            NaN            NaN
        0.53929        -101.89        -92.489        -85.756            NaN            NaN            NaN            NaN         -0.788        -1.4965        -1.8346            NaN            NaN            NaN            NaN
           0.54         -101.8         -92.41        -85.708            NaN            NaN            NaN            NaN       -0.79113        -1.5021        -1.8456            NaN            NaN            NaN            NaN
        0.54071        -101.71        -92.331        -85.661            NaN            NaN            NaN            NaN       -0.79427        -1.5077        -1.8566            NaN            NaN            NaN            NaN
        0.54143        -101.61        -92.252        -85.614            NaN            NaN            NaN            NaN       -0.79741        -1.5133        -1.8677            NaN            NaN            NaN            NaN
        0.54214        -101.52        -92.173        -85.568            NaN            NaN            NaN            NaN       -0.80057        -1.5189        -1.8789            NaN            NaN            NaN            NaN
        0.54286        -101.43        -92.094        -85.524            NaN            NaN            NaN            NaN       -0.80373        -1.5246        -1.8901            NaN            NaN            NaN            NaN
        0.54357        -101.34        -92.016         -85.48            NaN            NaN            NaN            NaN        -0.8069        -1.5303        -1.9014            NaN            NaN            NaN            NaN
        0.54429        -101.25        -91.937        -85.438            NaN            NaN            NaN            NaN       -0.81008         -1.536        -1.9127            NaN            NaN            NaN            NaN
          0.545        -101.16        -91.859        -85.399            NaN            NaN            NaN            NaN       -0.81327        -1.5417        -1.9241            NaN            NaN            NaN            NaN
        0.54571        -101.07        -91.781        -85.362            NaN            NaN            NaN            NaN       -0.81646        -1.5475        -1.9357            NaN            NaN            NaN            NaN
        0.54643        -100.98        -91.703        -85.328            NaN            NaN            NaN            NaN       -0.81967        -1.5532        -1.9473            NaN            NaN            NaN            NaN
        0.54714        -100.89        -91.625        -85.299            NaN            NaN            NaN            NaN       -0.82288         -1.559         -1.959            NaN            NaN            NaN            NaN
        0.54786        -100.79        -91.548        -85.276            NaN            NaN            NaN            NaN        -0.8261        -1.5648        -1.9708            NaN            NaN            NaN            NaN
        0.54857         -100.7         -91.47        -85.259            NaN            NaN            NaN            NaN       -0.82933        -1.5707        -1.9827            NaN            NaN            NaN            NaN
        0.54929        -100.61        -91.393        -85.253            NaN            NaN            NaN            NaN       -0.83257        -1.5765        -1.9948            NaN            NaN            NaN            NaN
           0.55        -100.52        -91.316        -85.259            NaN            NaN            NaN            NaN       -0.83581        -1.5824        -2.0071            NaN            NaN            NaN            NaN
        0.55071        -100.43        -91.239        -85.282            NaN            NaN            NaN            NaN       -0.83907        -1.5883        -2.0196            NaN            NaN            NaN            NaN
        0.55143        -100.34        -91.162        -85.327            NaN            NaN            NaN            NaN       -0.84233        -1.5943        -2.0323            NaN            NaN            NaN            NaN
        0.55214        -100.26        -91.085        -85.401            NaN            NaN            NaN            NaN       -0.84561        -1.6002        -2.0452            NaN            NaN            NaN            NaN
        0.55286        -100.17        -91.009        -85.514            NaN            NaN            NaN            NaN       -0.84889        -1.6062        -2.0585            NaN            NaN            NaN            NaN
        0.55357        -100.08        -90.933        -85.681            NaN            NaN            NaN            NaN       -0.85219        -1.6122        -2.0721            NaN            NaN            NaN            NaN
        0.55429        -99.988        -90.856        -85.922            NaN            NaN            NaN            NaN       -0.85549        -1.6183        -2.0861            NaN            NaN            NaN            NaN
          0.555        -99.899         -90.78        -86.266            NaN            NaN            NaN            NaN        -0.8588        -1.6243        -2.1006            NaN            NaN            NaN            NaN
        0.55571         -99.81        -90.704        -86.758            NaN            NaN            NaN            NaN       -0.86212        -1.6304        -2.1157            NaN            NaN            NaN            NaN
        0.55643        -99.722        -90.629        -87.472            NaN            NaN            NaN            NaN       -0.86546        -1.6365        -2.1315            NaN            NaN            NaN            NaN
        0.55714        -99.633        -90.553        -88.535            NaN            NaN            NaN            NaN        -0.8688        -1.6426        -2.1483            NaN            NaN            NaN            NaN
        0.55786        -99.545        -90.478        -90.198            NaN            NaN            NaN            NaN       -0.87215        -1.6488        -2.1666            NaN            NaN            NaN            NaN
        0.55857        -99.457        -90.402         -93.07            NaN            NaN            NaN            NaN       -0.87552         -1.655        -2.1879            NaN            NaN            NaN            NaN
        0.55929        -99.369        -90.327        -99.433            NaN            NaN            NaN            NaN       -0.87889        -1.6612        -2.2222            NaN            NaN            NaN            NaN
           0.56        -99.281        -90.252        -105.24            NaN            NaN            NaN            NaN       -0.88227        -1.6674        -2.6465            NaN            NaN            NaN            NaN
        0.56071        -99.194        -90.178        -91.764            NaN            NaN            NaN            NaN       -0.88567        -1.6737        -2.7159            NaN            NaN            NaN            NaN
        0.56143        -99.106        -90.103         -85.46            NaN            NaN            NaN            NaN       -0.88907        -1.6799        -2.7432            NaN            NaN            NaN            NaN
        0.56214        -99.019        -90.028        -80.905            NaN            NaN            NaN            NaN       -0.89249        -1.6862        -2.7673            NaN            NaN            NaN            NaN
        0.56286        -98.931        -89.954        -77.123            NaN            NaN            NaN            NaN       -0.89591        -1.6926        -2.7912            NaN            NaN            NaN            NaN
        0.56357        -98.844         -89.88         -73.76            NaN            NaN            NaN            NaN       -0.89935        -1.6989        -2.8158            NaN            NaN            NaN            NaN
        0.56429        -98.757        -89.806        -70.647            NaN            NaN            NaN            NaN        -0.9028        -1.7053        -2.8413            NaN            NaN            NaN            NaN
          0.565         -98.67        -89.732        -67.693            NaN            NaN            NaN            NaN       -0.90626        -1.7117        -2.8678            NaN            NaN            NaN            NaN
        0.56571        -98.584        -89.658        -64.838            NaN            NaN            NaN            NaN       -0.90973        -1.7181        -2.8956            NaN            NaN            NaN            NaN
        0.56643        -98.497        -89.585        -62.047            NaN            NaN            NaN            NaN       -0.91321        -1.7246        -2.9247            NaN            NaN            NaN            NaN
        0.56714        -98.411        -89.511        -59.293            NaN            NaN            NaN            NaN       -0.91671        -1.7311        -2.9551            NaN            NaN            NaN            NaN
        0.56786        -98.324        -89.438        -56.559            NaN            NaN            NaN            NaN       -0.92021        -1.7376         -2.987            NaN            NaN            NaN            NaN
        0.56857        -98.238        -89.365        -53.833            NaN            NaN            NaN            NaN       -0.92373        -1.7441        -3.0203            NaN            NaN            NaN            NaN
        0.56929        -98.152        -89.292        -51.104            NaN            NaN            NaN            NaN       -0.92725        -1.7507        -3.0553            NaN            NaN            NaN            NaN
           0.57        -98.066        -89.219        -48.367            NaN            NaN            NaN            NaN       -0.93079        -1.7573        -3.0918            NaN            NaN            NaN            NaN
        0.57071         -97.98        -89.147        -45.617            NaN            NaN            NaN            NaN       -0.93435        -1.7639        -3.1301            NaN            NaN            NaN            NaN
        0.57143        -97.894        -89.074        -42.854            NaN            NaN            NaN            NaN       -0.93791        -1.7706        -3.1702            NaN            NaN            NaN            NaN
        0.57214        -97.809        -89.002        -40.075            NaN            NaN            NaN            NaN       -0.94148        -1.7772        -3.2122            NaN            NaN            NaN            NaN
        0.57286        -97.723         -88.93        -37.283            NaN            NaN            NaN            NaN       -0.94507        -1.7839        -3.2562            NaN            NaN            NaN            NaN
        0.57357        -97.638        -88.858         -34.48            NaN            NaN            NaN            NaN       -0.94867        -1.7907        -3.3022            NaN            NaN            NaN            NaN
        0.57429        -97.553        -88.786        -31.669            NaN            NaN            NaN            NaN       -0.95228        -1.7974        -3.3505            NaN            NaN            NaN            NaN
          0.575        -97.468        -88.714        -28.858            NaN            NaN            NaN            NaN       -0.95591        -1.8042        -3.4011            NaN            NaN            NaN            NaN
        0.57571        -97.383        -88.643        -26.052            NaN            NaN            NaN            NaN       -0.95954         -1.811        -3.4542            NaN            NaN            NaN            NaN
        0.57643        -97.298        -88.571        -23.263            NaN            NaN            NaN            NaN       -0.96319        -1.8178        -3.5098            NaN            NaN            NaN            NaN
        0.57714        -97.213          -88.5          -20.5            NaN            NaN            NaN            NaN       -0.96686        -1.8247        -3.5682            NaN            NaN            NaN            NaN
        0.57786        -97.128        -88.429        -17.778            NaN            NaN            NaN            NaN       -0.97053        -1.8316        -3.6293            NaN            NaN            NaN            NaN
        0.57857        -97.044        -88.358        -15.112            NaN            NaN            NaN            NaN       -0.97422        -1.8385        -3.6933            NaN            NaN            NaN            NaN
        0.57929        -96.959        -88.287         -12.52            NaN            NaN            NaN            NaN       -0.97792        -1.8454        -3.7602            NaN            NaN            NaN            NaN
           0.58        -96.875        -88.217        -10.021            NaN            NaN            NaN            NaN       -0.98163        -1.8524        -3.8301            NaN            NaN            NaN            NaN
        0.58071        -96.791        -88.146        -7.6353            NaN            NaN            NaN            NaN       -0.98536        -1.8594        -3.9027            NaN            NaN            NaN            NaN
        0.58143        -96.707        -88.076        -5.3841            NaN            NaN            NaN            NaN        -0.9891        -1.8665         -3.978            NaN            NaN            NaN            NaN
        0.58214        -96.623        -88.006        -3.2874            NaN            NaN            NaN            NaN       -0.99285        -1.8735        -4.0558            NaN            NaN            NaN            NaN
        0.58286        -96.539        -87.936        -1.3637            NaN            NaN            NaN            NaN       -0.99661        -1.8806        -4.1358            NaN            NaN            NaN            NaN
        0.58357        -96.455        -87.866         0.3718            NaN            NaN            NaN            NaN        -1.0004        -1.8877        -4.2175            NaN            NaN            NaN            NaN
        0.58429        -96.372        -87.797          1.908            NaN            NaN            NaN            NaN        -1.0042        -1.8949        -4.3006            NaN            NaN            NaN            NaN
          0.585        -96.288        -87.727         3.2386            NaN            NaN            NaN            NaN         -1.008         -1.902        -4.3846            NaN            NaN            NaN            NaN
        0.58571        -96.204        -87.658         4.3624            NaN            NaN            NaN            NaN        -1.0118        -1.9092        -4.4691            NaN            NaN            NaN            NaN
        0.58643        -96.121        -87.589         5.2828            NaN            NaN            NaN            NaN        -1.0156        -1.9165        -4.5536            NaN            NaN            NaN            NaN
        0.58714        -96.038         -87.52         6.0076            NaN            NaN            NaN            NaN        -1.0195        -1.9237        -4.6377            NaN            NaN            NaN            NaN
        0.58786        -95.955        -87.451         6.5476            NaN            NaN            NaN            NaN        -1.0234         -1.931        -4.7211            NaN            NaN            NaN            NaN
        0.58857        -95.872        -87.382         6.9161            NaN            NaN            NaN            NaN        -1.0272        -1.9384        -4.8034            NaN            NaN            NaN            NaN
        0.58929        -95.789        -87.314         7.1274            NaN            NaN            NaN            NaN        -1.0311        -1.9457        -4.8845            NaN            NaN            NaN            NaN
           0.59        -95.706        -87.245         7.1961            NaN            NaN            NaN            NaN         -1.035        -1.9531        -4.9642            NaN            NaN            NaN            NaN
        0.59071        -95.623        -87.177         7.1367            NaN            NaN            NaN            NaN        -1.0389        -1.9605        -5.0424            NaN            NaN            NaN            NaN
        0.59143         -95.54        -87.109         6.9631            NaN            NaN            NaN            NaN        -1.0429         -1.968        -5.1189            NaN            NaN            NaN            NaN
        0.59214        -95.458        -87.041          6.688            NaN            NaN            NaN            NaN        -1.0468        -1.9754        -5.1938            NaN            NaN            NaN            NaN
        0.59286        -95.375        -86.974         6.3232            NaN            NaN            NaN            NaN        -1.0508        -1.9829        -5.2671            NaN            NaN            NaN            NaN
        0.59357        -95.293        -86.906         5.8791            NaN            NaN            NaN            NaN        -1.0547        -1.9905        -5.3387            NaN            NaN            NaN            NaN
        0.59429         -95.21        -86.839         5.3652            NaN            NaN            NaN            NaN        -1.0587         -1.998        -5.4088            NaN            NaN            NaN            NaN
          0.595        -95.128        -86.772         4.7896            NaN            NaN            NaN            NaN        -1.0627        -2.0056        -5.4772            NaN            NaN            NaN            NaN
        0.59571        -95.046        -86.705         4.1597            NaN            NaN            NaN            NaN        -1.0668        -2.0133        -5.5442            NaN            NaN            NaN            NaN
        0.59643        -94.964        -86.638         3.4818            NaN            NaN            NaN            NaN        -1.0708        -2.0209        -5.6096            NaN            NaN            NaN            NaN
        0.59714        -94.882        -86.571         2.7616            NaN            NaN            NaN            NaN        -1.0748        -2.0286        -5.6737            NaN            NaN            NaN            NaN
        0.59786          -94.8        -86.505         2.0038            NaN            NaN            NaN            NaN        -1.0789        -2.0363        -5.7364            NaN            NaN            NaN            NaN
        0.59857        -94.718        -86.438         1.2127            NaN            NaN            NaN            NaN         -1.083        -2.0441        -5.7978            NaN            NaN            NaN            NaN
        0.59929        -94.637        -86.372        0.39191            NaN            NaN            NaN            NaN        -1.0871        -2.0519        -5.8579            NaN            NaN            NaN            NaN
            0.6        -94.555        -86.306       -0.45527            NaN            NaN            NaN            NaN        -1.0912        -2.0597        -5.9169            NaN            NaN            NaN            NaN
        0.60071        -94.473         -86.24        -1.3261            NaN            NaN            NaN            NaN        -1.0953        -2.0675        -5.9747            NaN            NaN            NaN            NaN
        0.60143        -94.392        -86.174        -2.2182            NaN            NaN            NaN            NaN        -1.0994        -2.0754        -6.0314            NaN            NaN            NaN            NaN
        0.60214        -94.311        -86.109        -3.1293            NaN            NaN            NaN            NaN        -1.1036        -2.0833        -6.0871            NaN            NaN            NaN            NaN
        0.60286        -94.229        -86.043        -4.0577            NaN            NaN            NaN            NaN        -1.1078        -2.0913        -6.1418            NaN            NaN            NaN            NaN
        0.60357        -94.148        -85.978        -5.0018            NaN            NaN            NaN            NaN         -1.112        -2.0993        -6.1955            NaN            NaN            NaN            NaN
        0.60429        -94.067        -85.913          -5.96            NaN            NaN            NaN            NaN        -1.1162        -2.1073        -6.2483            NaN            NaN            NaN            NaN
          0.605        -93.986        -85.848        -6.9312            NaN            NaN            NaN            NaN        -1.1204        -2.1153        -6.3002            NaN            NaN            NaN            NaN
        0.60571        -93.905        -85.784        -7.9144            NaN            NaN            NaN            NaN        -1.1246        -2.1234        -6.3512            NaN            NaN            NaN            NaN
        0.60643        -93.824        -85.719        -8.9085            NaN            NaN            NaN            NaN        -1.1289        -2.1315        -6.4015            NaN            NaN            NaN            NaN
        0.60714        -93.743        -85.655        -9.9126            NaN            NaN            NaN            NaN        -1.1331        -2.1396         -6.451            NaN            NaN            NaN            NaN
        0.60786        -93.663        -85.591        -10.926            NaN            NaN            NaN            NaN        -1.1374        -2.1478        -6.4997            NaN            NaN            NaN            NaN
        0.60857        -93.582        -85.527        -11.948            NaN            NaN            NaN            NaN        -1.1417         -2.156        -6.5477            NaN            NaN            NaN            NaN
        0.60929        -93.502        -85.463        -12.979            NaN            NaN            NaN            NaN         -1.146        -2.1643         -6.595            NaN            NaN            NaN            NaN
           0.61        -93.421        -85.399        -14.017            NaN            NaN            NaN            NaN        -1.1503        -2.1725        -6.6417            NaN            NaN            NaN            NaN
        0.61071        -93.341        -85.336        -15.062            NaN            NaN            NaN            NaN        -1.1547        -2.1809        -6.6877            NaN            NaN            NaN            NaN
        0.61143         -93.26        -85.272        -16.114            NaN            NaN            NaN            NaN        -1.1591        -2.1892        -6.7331            NaN            NaN            NaN            NaN
        0.61214         -93.18        -85.209        -17.172            NaN            NaN            NaN            NaN        -1.1634        -2.1976        -6.7779            NaN            NaN            NaN            NaN
        0.61286          -93.1        -85.146        -18.237            NaN            NaN            NaN            NaN        -1.1678         -2.206        -6.8221            NaN            NaN            NaN            NaN
        0.61357         -93.02        -85.083        -19.307            NaN            NaN            NaN            NaN        -1.1722        -2.2144        -6.8658            NaN            NaN            NaN            NaN
        0.61429         -92.94        -85.021        -20.383            NaN            NaN            NaN            NaN        -1.1767        -2.2229         -6.909            NaN            NaN            NaN            NaN
          0.615         -92.86        -84.958        -21.465            NaN            NaN            NaN            NaN        -1.1811        -2.2314        -6.9516            NaN            NaN            NaN            NaN
        0.61571         -92.78        -84.896        -22.551            NaN            NaN            NaN            NaN        -1.1856          -2.24        -6.9937            NaN            NaN            NaN            NaN
        0.61643          -92.7        -84.834        -23.643            NaN            NaN            NaN            NaN        -1.1901        -2.2486        -7.0354            NaN            NaN            NaN            NaN
        0.61714         -92.62        -84.772        -24.739            NaN            NaN            NaN            NaN        -1.1946        -2.2572        -7.0766            NaN            NaN            NaN            NaN
        0.61786        -92.541         -84.71         -25.84            NaN            NaN            NaN            NaN        -1.1991        -2.2659        -7.1173            NaN            NaN            NaN            NaN
        0.61857        -92.461        -84.648        -26.946            NaN            NaN            NaN            NaN        -1.2036        -2.2746        -7.1576            NaN            NaN            NaN            NaN
        0.61929        -92.382        -84.587        -28.056            NaN            NaN            NaN            NaN        -1.2082        -2.2833        -7.1974            NaN            NaN            NaN            NaN
           0.62        -92.302        -84.525         -29.17            NaN            NaN            NaN            NaN        -1.2127        -2.2921        -7.2369            NaN            NaN            NaN            NaN
        0.62071        -92.223        -84.464        -30.289            NaN            NaN            NaN            NaN        -1.2173        -2.3009         -7.276            NaN            NaN            NaN            NaN
        0.62143        -92.144        -84.403        -31.412            NaN            NaN            NaN            NaN        -1.2219        -2.3097        -7.3146            NaN            NaN            NaN            NaN
        0.62214        -92.064        -84.343        -32.539            NaN            NaN            NaN            NaN        -1.2265        -2.3186        -7.3529            NaN            NaN            NaN            NaN
        0.62286        -91.985        -84.282         -33.67            NaN            NaN            NaN            NaN        -1.2312        -2.3275        -7.3909            NaN            NaN            NaN            NaN
        0.62357        -91.906        -84.221        -34.805            NaN            NaN            NaN            NaN        -1.2358        -2.3365        -7.4285            NaN            NaN            NaN            NaN
        0.62429        -91.827        -84.161        -35.944            NaN            NaN            NaN            NaN        -1.2405        -2.3454        -7.4657            NaN            NaN            NaN            NaN
          0.625        -91.748        -84.101        -37.087            NaN            NaN            NaN            NaN        -1.2452        -2.3545        -7.5026            NaN            NaN            NaN            NaN
        0.62571         -91.67        -84.041        -38.234            NaN            NaN            NaN            NaN        -1.2499        -2.3635        -7.5392            NaN            NaN            NaN            NaN
        0.62643        -91.591        -83.981        -39.384            NaN            NaN            NaN            NaN        -1.2547        -2.3726        -7.5755            NaN            NaN            NaN            NaN
        0.62714        -91.512        -83.922        -40.538            NaN            NaN            NaN            NaN        -1.2594        -2.3818        -7.6114            NaN            NaN            NaN            NaN
        0.62786        -91.433        -83.862        -41.696            NaN            NaN            NaN            NaN        -1.2642        -2.3909        -7.6471            NaN            NaN            NaN            NaN
        0.62857        -91.355        -83.803        -42.858            NaN            NaN            NaN            NaN         -1.269        -2.4001        -7.6825            NaN            NaN            NaN            NaN
        0.62929        -91.276        -83.744        -44.023            NaN            NaN            NaN            NaN        -1.2738        -2.4094        -7.7175            NaN            NaN            NaN            NaN
           0.63        -91.198        -83.685        -45.192            NaN            NaN            NaN            NaN        -1.2786        -2.4187        -7.7524            NaN            NaN            NaN            NaN
        0.63071         -91.12        -83.627        -46.364            NaN            NaN            NaN            NaN        -1.2834         -2.428        -7.7869            NaN            NaN            NaN            NaN
        0.63143        -91.041        -83.568         -47.54            NaN            NaN            NaN            NaN        -1.2883        -2.4374        -7.8212            NaN            NaN            NaN            NaN
        0.63214        -90.963         -83.51         -48.72            NaN            NaN            NaN            NaN        -1.2932        -2.4468        -7.8552            NaN            NaN            NaN            NaN
        0.63286        -90.885        -83.451        -49.903            NaN            NaN            NaN            NaN        -1.2981        -2.4562         -7.889            NaN            NaN            NaN            NaN
        0.63357        -90.807        -83.393        -51.089            NaN            NaN            NaN            NaN         -1.303        -2.4657        -7.9225            NaN            NaN            NaN            NaN
        0.63429        -90.729        -83.336         -52.28            NaN            NaN            NaN            NaN        -1.3079        -2.4752        -7.9558            NaN            NaN            NaN            NaN
          0.635        -90.651        -83.278        -53.473            NaN            NaN            NaN            NaN        -1.3129        -2.4848        -7.9888            NaN            NaN            NaN            NaN
        0.63571        -90.573         -83.22         -54.67            NaN            NaN            NaN            NaN        -1.3179        -2.4944        -8.0216            NaN            NaN            NaN            NaN
        0.63643        -90.495        -83.163        -55.871            NaN            NaN            NaN            NaN        -1.3229         -2.504        -8.0542            NaN            NaN            NaN            NaN
        0.63714        -90.418        -83.106        -57.075            NaN            NaN            NaN            NaN        -1.3279        -2.5137        -8.0866            NaN            NaN            NaN            NaN
        0.63786         -90.34        -83.049        -58.282            NaN            NaN            NaN            NaN        -1.3329        -2.5234        -8.1188            NaN            NaN            NaN            NaN
        0.63857        -90.262        -82.992        -59.493            NaN            NaN            NaN            NaN         -1.338        -2.5332        -8.1507            NaN            NaN            NaN            NaN
        0.63929        -90.185        -82.935        -60.707            NaN            NaN            NaN            NaN         -1.343         -2.543        -8.1825            NaN            NaN            NaN            NaN
           0.64        -90.107        -82.879        -61.925            NaN            NaN            NaN            NaN        -1.3481        -2.5528        -8.2141            NaN            NaN            NaN            NaN
        0.64071         -90.03        -82.822        -63.146            NaN            NaN            NaN            NaN        -1.3533        -2.5627        -8.2454            NaN            NaN            NaN            NaN
        0.64143        -89.953        -82.766         -64.37            NaN            NaN            NaN            NaN        -1.3584        -2.5726        -8.2766            NaN            NaN            NaN            NaN
        0.64214        -89.875         -82.71        -65.598            NaN            NaN            NaN            NaN        -1.3636        -2.5826        -8.3076            NaN            NaN            NaN            NaN
        0.64286        -89.798        -82.654        -66.829            NaN            NaN            NaN            NaN        -1.3687        -2.5926        -8.3384            NaN            NaN            NaN            NaN
        0.64357        -89.721        -82.598        -68.063            NaN            NaN            NaN            NaN        -1.3739        -2.6027         -8.369            NaN            NaN            NaN            NaN
        0.64429        -89.644        -82.543        -69.301            NaN            NaN            NaN            NaN        -1.3792        -2.6128        -8.3994            NaN            NaN            NaN            NaN
          0.645        -89.567        -82.488        -70.542            NaN            NaN            NaN            NaN        -1.3844        -2.6229        -8.4297            NaN            NaN            NaN            NaN
        0.64571         -89.49        -82.432        -71.787            NaN            NaN            NaN            NaN        -1.3897        -2.6331        -8.4598            NaN            NaN            NaN            NaN
        0.64643        -89.413        -82.377        -73.034            NaN            NaN            NaN            NaN        -1.3949        -2.6433        -8.4897            NaN            NaN            NaN            NaN
        0.64714        -89.337        -82.322        -74.286            NaN            NaN            NaN            NaN        -1.4003        -2.6535        -8.5194            NaN            NaN            NaN            NaN
        0.64786         -89.26        -82.268         -75.54            NaN            NaN            NaN            NaN        -1.4056        -2.6638         -8.549            NaN            NaN            NaN            NaN
        0.64857        -89.183        -82.213        -76.798            NaN            NaN            NaN            NaN        -1.4109        -2.6742        -8.5785            NaN            NaN            NaN            NaN
        0.64929        -89.107        -82.159        -78.059            NaN            NaN            NaN            NaN        -1.4163        -2.6846        -8.6078            NaN            NaN            NaN            NaN
           0.65         -89.03        -82.104        -79.323            NaN            NaN            NaN            NaN        -1.4217         -2.695        -8.6369            NaN            NaN            NaN            NaN
        0.65071        -88.954         -82.05        -80.591            NaN            NaN            NaN            NaN        -1.4271        -2.7055        -8.6659            NaN            NaN            NaN            NaN
        0.65143        -88.878        -81.996        -81.862            NaN            NaN            NaN            NaN        -1.4325         -2.716        -8.6947            NaN            NaN            NaN            NaN
        0.65214        -88.801        -81.942        -83.136            NaN            NaN            NaN            NaN         -1.438        -2.7266        -8.7234            NaN            NaN            NaN            NaN
        0.65286        -88.725        -81.889        -84.414            NaN            NaN            NaN            NaN        -1.4435        -2.7372         -8.752            NaN            NaN            NaN            NaN
        0.65357        -88.649        -81.835        -85.695            NaN            NaN            NaN            NaN         -1.449        -2.7478        -8.7804            NaN            NaN            NaN            NaN
        0.65429        -88.573        -81.782        -86.979            NaN            NaN            NaN            NaN        -1.4545        -2.7585        -8.8086            NaN            NaN            NaN            NaN
          0.655        -88.497        -81.728        -88.266            NaN            NaN            NaN            NaN          -1.46        -2.7693        -8.8368            NaN            NaN            NaN            NaN
        0.65571        -88.421        -81.675        -89.557            NaN            NaN            NaN            NaN        -1.4656          -2.78        -8.8648            NaN            NaN            NaN            NaN
        0.65643        -88.345        -81.622        -90.851            NaN            NaN            NaN            NaN        -1.4712        -2.7909        -8.8926            NaN            NaN            NaN            NaN
        0.65714        -88.269         -81.57        -92.148            NaN            NaN            NaN            NaN        -1.4768        -2.8018        -8.9204            NaN            NaN            NaN            NaN
        0.65786        -88.194        -81.517        -93.449            NaN            NaN            NaN            NaN        -1.4824        -2.8127         -8.948            NaN            NaN            NaN            NaN
        0.65857        -88.118        -81.464        -94.752            NaN            NaN            NaN            NaN        -1.4881        -2.8236        -8.9755            NaN            NaN            NaN            NaN
        0.65929        -88.043        -81.412        -96.059            NaN            NaN            NaN            NaN        -1.4938        -2.8347        -9.0028            NaN            NaN            NaN            NaN
           0.66        -87.967         -81.36         -97.37            NaN            NaN            NaN            NaN        -1.4995        -2.8457        -9.0301            NaN            NaN            NaN            NaN
        0.66071        -87.892        -81.308        -98.683            NaN            NaN            NaN            NaN        -1.5052        -2.8568        -9.0572            NaN            NaN            NaN            NaN
        0.66143        -87.816        -81.256           -100            NaN            NaN            NaN            NaN        -1.5109         -2.868        -9.0842            NaN            NaN            NaN            NaN
        0.66214        -87.741        -81.204        -101.32            NaN            NaN            NaN            NaN        -1.5167        -2.8792        -9.1111            NaN            NaN            NaN            NaN
        0.66286        -87.666        -81.152        -102.64            NaN            NaN            NaN            NaN        -1.5225        -2.8904        -9.1378            NaN            NaN            NaN            NaN
        0.66357        -87.591          -81.1        -103.97            NaN            NaN            NaN            NaN        -1.5283        -2.9017        -9.1645            NaN            NaN            NaN            NaN
        0.66429        -87.516        -81.049         -105.3            NaN            NaN            NaN            NaN        -1.5342        -2.9131         -9.191            NaN            NaN            NaN            NaN
          0.665        -87.441        -80.997        -106.63            NaN            NaN            NaN            NaN        -1.5401        -2.9245        -9.2174            NaN            NaN            NaN            NaN
        0.66571        -87.366        -80.946        -107.97            NaN            NaN            NaN            NaN        -1.5459        -2.9359        -9.2437            NaN            NaN            NaN            NaN
        0.66643        -87.291        -80.895        -109.31            NaN            NaN            NaN            NaN        -1.5519        -2.9474          -9.27            NaN            NaN            NaN            NaN
        0.66714        -87.216        -80.844        -110.65            NaN            NaN            NaN            NaN        -1.5578         -2.959        -9.2961            NaN            NaN            NaN            NaN
        0.66786        -87.141        -80.794           -112            NaN            NaN            NaN            NaN        -1.5638        -2.9706        -9.3221            NaN            NaN            NaN            NaN
        0.66857        -87.067        -80.743        -113.35            NaN            NaN            NaN            NaN        -1.5698        -2.9823        -9.3479            NaN            NaN            NaN            NaN
        0.66929        -86.992        -80.693         -114.7            NaN            NaN            NaN            NaN        -1.5758         -2.994        -9.3737            NaN            NaN            NaN            NaN
           0.67        -86.918        -80.643        -116.05            NaN            NaN            NaN            NaN        -1.5818        -3.0058        -9.3994            NaN            NaN            NaN            NaN
        0.67071        -86.843        -80.593        -117.41            NaN            NaN            NaN            NaN        -1.5879        -3.0176         -9.425            NaN            NaN            NaN            NaN
        0.67143        -86.769        -80.544        -118.77            NaN            NaN            NaN            NaN         -1.594        -3.0295        -9.4505            NaN            NaN            NaN            NaN
        0.67214        -86.695        -80.495        -120.14            NaN            NaN            NaN            NaN        -1.6001        -3.0415        -9.4759            NaN            NaN            NaN            NaN
        0.67286        -86.621        -80.448        -121.51            NaN            NaN            NaN            NaN        -1.6062        -3.0535        -9.5012            NaN            NaN            NaN            NaN
        0.67357        -86.546        -80.401        -122.88            NaN            NaN            NaN            NaN        -1.6124        -3.0657        -9.5264            NaN            NaN            NaN            NaN
        0.67429        -86.472        -80.356        -124.25            NaN            NaN            NaN            NaN        -1.6186        -3.0779        -9.5515            NaN            NaN            NaN            NaN
          0.675        -86.399        -80.313        -125.63            NaN            NaN            NaN            NaN        -1.6248        -3.0902        -9.5765            NaN            NaN            NaN            NaN
        0.67571        -86.325        -80.272            NaN            NaN            NaN            NaN            NaN         -1.631        -3.1027            NaN            NaN            NaN            NaN            NaN
        0.67643        -86.251        -80.236            NaN            NaN            NaN            NaN            NaN        -1.6373        -3.1153            NaN            NaN            NaN            NaN            NaN
        0.67714        -86.177        -80.204            NaN            NaN            NaN            NaN            NaN        -1.6436         -3.128            NaN            NaN            NaN            NaN            NaN
        0.67786        -86.103        -80.179            NaN            NaN            NaN            NaN            NaN        -1.6499        -3.1409            NaN            NaN            NaN            NaN            NaN
        0.67857         -86.03        -80.164            NaN            NaN            NaN            NaN            NaN        -1.6563         -3.154            NaN            NaN            NaN            NaN            NaN
        0.67929        -85.956        -80.162            NaN            NaN            NaN            NaN            NaN        -1.6626        -3.1673            NaN            NaN            NaN            NaN            NaN
           0.68        -85.883        -80.178            NaN            NaN            NaN            NaN            NaN         -1.669        -3.1809            NaN            NaN            NaN            NaN            NaN
        0.68071         -85.81        -80.218            NaN            NaN            NaN            NaN            NaN        -1.6755        -3.1949            NaN            NaN            NaN            NaN            NaN
        0.68143        -85.736        -80.292            NaN            NaN            NaN            NaN            NaN        -1.6819        -3.2092            NaN            NaN            NaN            NaN            NaN
        0.68214        -85.663        -80.414            NaN            NaN            NaN            NaN            NaN        -1.6884        -3.2239            NaN            NaN            NaN            NaN            NaN
        0.68286         -85.59        -80.602            NaN            NaN            NaN            NaN            NaN        -1.6949        -3.2392            NaN            NaN            NaN            NaN            NaN
        0.68357        -85.517        -80.884            NaN            NaN            NaN            NaN            NaN        -1.7014        -3.2551            NaN            NaN            NaN            NaN            NaN
        0.68429        -85.444        -81.304            NaN            NaN            NaN            NaN            NaN         -1.708        -3.2717            NaN            NaN            NaN            NaN            NaN
          0.685        -85.371        -81.929            NaN            NaN            NaN            NaN            NaN        -1.7146        -3.2893            NaN            NaN            NaN            NaN            NaN
        0.68571        -85.299        -82.881            NaN            NaN            NaN            NaN            NaN        -1.7212         -3.308            NaN            NaN            NaN            NaN            NaN
        0.68643        -85.226        -84.387            NaN            NaN            NaN            NaN            NaN        -1.7278        -3.3284            NaN            NaN            NaN            NaN            NaN
        0.68714        -85.153        -86.988            NaN            NaN            NaN            NaN            NaN        -1.7345        -3.3518            NaN            NaN            NaN            NaN            NaN
        0.68786        -85.081        -92.551            NaN            NaN            NaN            NaN            NaN        -1.7412        -3.3857            NaN            NaN            NaN            NaN            NaN
        0.68857        -85.008        -103.05            NaN            NaN            NaN            NaN            NaN        -1.7479        -3.7807            NaN            NaN            NaN            NaN            NaN
        0.68929        -84.936        -86.922            NaN            NaN            NaN            NaN            NaN        -1.7547        -3.8883            NaN            NaN            NaN            NaN            NaN
           0.69        -84.864        -80.186            NaN            NaN            NaN            NaN            NaN        -1.7615        -3.9205            NaN            NaN            NaN            NaN            NaN
        0.69071        -84.791         -75.43            NaN            NaN            NaN            NaN            NaN        -1.7683        -3.9492            NaN            NaN            NaN            NaN            NaN
        0.69143        -84.719        -71.518            NaN            NaN            NaN            NaN            NaN        -1.7751        -3.9779            NaN            NaN            NaN            NaN            NaN
        0.69214        -84.647        -68.059            NaN            NaN            NaN            NaN            NaN         -1.782        -4.0076            NaN            NaN            NaN            NaN            NaN
        0.69286        -84.575        -64.873            NaN            NaN            NaN            NaN            NaN        -1.7889        -4.0387            NaN            NaN            NaN            NaN            NaN
        0.69357        -84.503        -61.861            NaN            NaN            NaN            NaN            NaN        -1.7958        -4.0712            NaN            NaN            NaN            NaN            NaN
        0.69429        -84.432        -58.965            NaN            NaN            NaN            NaN            NaN        -1.8028        -4.1054            NaN            NaN            NaN            NaN            NaN
          0.695         -84.36        -56.146            NaN            NaN            NaN            NaN            NaN        -1.8098        -4.1413            NaN            NaN            NaN            NaN            NaN
        0.69571        -84.288        -53.381            NaN            NaN            NaN            NaN            NaN        -1.8168        -4.1791            NaN            NaN            NaN            NaN            NaN
        0.69643        -84.217        -50.652            NaN            NaN            NaN            NaN            NaN        -1.8238        -4.2186            NaN            NaN            NaN            NaN            NaN
        0.69714        -84.145         -47.95            NaN            NaN            NaN            NaN            NaN        -1.8309        -4.2601            NaN            NaN            NaN            NaN            NaN
        0.69786        -84.074        -45.267            NaN            NaN            NaN            NaN            NaN         -1.838        -4.3036            NaN            NaN            NaN            NaN            NaN
        0.69857        -84.003          -42.6            NaN            NaN            NaN            NaN            NaN        -1.8452         -4.349            NaN            NaN            NaN            NaN            NaN
        0.69929        -83.931        -39.949            NaN            NaN            NaN            NaN            NaN        -1.8523        -4.3965            NaN            NaN            NaN            NaN            NaN
            0.7         -83.86        -37.315            NaN            NaN            NaN            NaN            NaN        -1.8595         -4.446            NaN            NaN            NaN            NaN            NaN
        0.70071        -83.789        -34.701            NaN            NaN            NaN            NaN            NaN        -1.8668        -4.4977            NaN            NaN            NaN            NaN            NaN
        0.70143        -83.718        -32.113            NaN            NaN            NaN            NaN            NaN         -1.874        -4.5515            NaN            NaN            NaN            NaN            NaN
        0.70214        -83.648        -29.557            NaN            NaN            NaN            NaN            NaN        -1.8813        -4.6075            NaN            NaN            NaN            NaN            NaN
        0.70286        -83.577        -27.043            NaN            NaN            NaN            NaN            NaN        -1.8886        -4.6656            NaN            NaN            NaN            NaN            NaN
        0.70357        -83.506         -24.58            NaN            NaN            NaN            NaN            NaN         -1.896        -4.7259            NaN            NaN            NaN            NaN            NaN
        0.70429        -83.436        -22.178            NaN            NaN            NaN            NaN            NaN        -1.9034        -4.7884            NaN            NaN            NaN            NaN            NaN
          0.705        -83.365        -19.848            NaN            NaN            NaN            NaN            NaN        -1.9108        -4.8531            NaN            NaN            NaN            NaN            NaN
        0.70571        -83.295        -17.604            NaN            NaN            NaN            NaN            NaN        -1.9182        -4.9197            NaN            NaN            NaN            NaN            NaN
        0.70643        -83.225        -15.455            NaN            NaN            NaN            NaN            NaN        -1.9257        -4.9883            NaN            NaN            NaN            NaN            NaN
        0.70714        -83.154        -13.415            NaN            NaN            NaN            NaN            NaN        -1.9332        -5.0588            NaN            NaN            NaN            NaN            NaN
        0.70786        -83.084        -11.494            NaN            NaN            NaN            NaN            NaN        -1.9408        -5.1309            NaN            NaN            NaN            NaN            NaN
        0.70857        -83.014        -9.7009            NaN            NaN            NaN            NaN            NaN        -1.9483        -5.2045            NaN            NaN            NaN            NaN            NaN
        0.70929        -82.944        -8.0443            NaN            NaN            NaN            NaN            NaN        -1.9559        -5.2793            NaN            NaN            NaN            NaN            NaN
           0.71        -82.874        -6.5301            NaN            NaN            NaN            NaN            NaN        -1.9636        -5.3551            NaN            NaN            NaN            NaN            NaN
        0.71071        -82.805        -5.1621            NaN            NaN            NaN            NaN            NaN        -1.9712        -5.4317            NaN            NaN            NaN            NaN            NaN
        0.71143        -82.735        -3.9421            NaN            NaN            NaN            NaN            NaN         -1.979        -5.5088            NaN            NaN            NaN            NaN            NaN
        0.71214        -82.665        -2.8694            NaN            NaN            NaN            NaN            NaN        -1.9867        -5.5862            NaN            NaN            NaN            NaN            NaN
        0.71286        -82.596        -1.9417            NaN            NaN            NaN            NaN            NaN        -1.9945        -5.6635            NaN            NaN            NaN            NaN            NaN
        0.71357        -82.527        -1.1547            NaN            NaN            NaN            NaN            NaN        -2.0023        -5.7407            NaN            NaN            NaN            NaN            NaN
        0.71429        -82.457       -0.50274            NaN            NaN            NaN            NaN            NaN        -2.0101        -5.8174            NaN            NaN            NaN            NaN            NaN
          0.715        -82.388       0.020842            NaN            NaN            NaN            NaN            NaN         -2.018        -5.8936            NaN            NaN            NaN            NaN            NaN
        0.71571        -82.319        0.42345            NaN            NaN            NaN            NaN            NaN        -2.0259        -5.9691            NaN            NaN            NaN            NaN            NaN
        0.71643         -82.25        0.71289            NaN            NaN            NaN            NaN            NaN        -2.0338        -6.0437            NaN            NaN            NaN            NaN            NaN
        0.71714        -82.181        0.89714            NaN            NaN            NaN            NaN            NaN        -2.0418        -6.1174            NaN            NaN            NaN            NaN            NaN
        0.71786        -82.113        0.98409            NaN            NaN            NaN            NaN            NaN        -2.0498        -6.1901            NaN            NaN            NaN            NaN            NaN
        0.71857        -82.044        0.98142            NaN            NaN            NaN            NaN            NaN        -2.0579        -6.2618            NaN            NaN            NaN            NaN            NaN
        0.71929        -81.975        0.89644            NaN            NaN            NaN            NaN            NaN        -2.0659        -6.3323            NaN            NaN            NaN            NaN            NaN
           0.72        -81.907        0.73606            NaN            NaN            NaN            NaN            NaN        -2.0741        -6.4017            NaN            NaN            NaN            NaN            NaN
        0.72071        -81.838        0.50671            NaN            NaN            NaN            NaN            NaN        -2.0822          -6.47            NaN            NaN            NaN            NaN            NaN
        0.72143         -81.77        0.21434            NaN            NaN            NaN            NaN            NaN        -2.0904        -6.5372            NaN            NaN            NaN            NaN            NaN
        0.72214        -81.702       -0.13562            NaN            NaN            NaN            NaN            NaN        -2.0986        -6.6032            NaN            NaN            NaN            NaN            NaN
        0.72286        -81.634       -0.53817            NaN            NaN            NaN            NaN            NaN        -2.1069        -6.6681            NaN            NaN            NaN            NaN            NaN
        0.72357        -81.566       -0.98881            NaN            NaN            NaN            NaN            NaN        -2.1152         -6.732            NaN            NaN            NaN            NaN            NaN
        0.72429        -81.498        -1.4834            NaN            NaN            NaN            NaN            NaN        -2.1235        -6.7948            NaN            NaN            NaN            NaN            NaN
          0.725         -81.43        -2.0184            NaN            NaN            NaN            NaN            NaN        -2.1319        -6.8565            NaN            NaN            NaN            NaN            NaN
        0.72571        -81.362        -2.5903            NaN            NaN            NaN            NaN            NaN        -2.1403        -6.9172            NaN            NaN            NaN            NaN            NaN
        0.72643        -81.295        -3.1961            NaN            NaN            NaN            NaN            NaN        -2.1487        -6.9769            NaN            NaN            NaN            NaN            NaN
        0.72714        -81.227        -3.8333            NaN            NaN            NaN            NaN            NaN        -2.1572        -7.0356            NaN            NaN            NaN            NaN            NaN
        0.72786         -81.16        -4.4993            NaN            NaN            NaN            NaN            NaN        -2.1657        -7.0935            NaN            NaN            NaN            NaN            NaN
        0.72857        -81.093         -5.192            NaN            NaN            NaN            NaN            NaN        -2.1742        -7.1504            NaN            NaN            NaN            NaN            NaN
        0.72929        -81.025        -5.9095            NaN            NaN            NaN            NaN            NaN        -2.1828        -7.2064            NaN            NaN            NaN            NaN            NaN
           0.73        -80.958          -6.65            NaN            NaN            NaN            NaN            NaN        -2.1914        -7.2616            NaN            NaN            NaN            NaN            NaN
        0.73071        -80.891        -7.4119            NaN            NaN            NaN            NaN            NaN        -2.2001        -7.3159            NaN            NaN            NaN            NaN            NaN
        0.73143        -80.824        -8.1938            NaN            NaN            NaN            NaN            NaN        -2.2088        -7.3695            NaN            NaN            NaN            NaN            NaN
        0.73214        -80.758        -8.9944            NaN            NaN            NaN            NaN            NaN        -2.2176        -7.4223            NaN            NaN            NaN            NaN            NaN
        0.73286        -80.691        -9.8126            NaN            NaN            NaN            NaN            NaN        -2.2263        -7.4744            NaN            NaN            NaN            NaN            NaN
        0.73357        -80.624        -10.647            NaN            NaN            NaN            NaN            NaN        -2.2351        -7.5257            NaN            NaN            NaN            NaN            NaN
        0.73429        -80.558        -11.498            NaN            NaN            NaN            NaN            NaN         -2.244        -7.5763            NaN            NaN            NaN            NaN            NaN
          0.735        -80.491        -12.363            NaN            NaN            NaN            NaN            NaN        -2.2529        -7.6263            NaN            NaN            NaN            NaN            NaN
        0.73571        -80.425        -13.242            NaN            NaN            NaN            NaN            NaN        -2.2618        -7.6756            NaN            NaN            NaN            NaN            NaN
        0.73643        -80.359        -14.135            NaN            NaN            NaN            NaN            NaN        -2.2708        -7.7243            NaN            NaN            NaN            NaN            NaN
        0.73714        -80.293         -15.04            NaN            NaN            NaN            NaN            NaN        -2.2798        -7.7723            NaN            NaN            NaN            NaN            NaN
        0.73786        -80.227        -15.957            NaN            NaN            NaN            NaN            NaN        -2.2889        -7.8198            NaN            NaN            NaN            NaN            NaN
        0.73857        -80.161        -16.886            NaN            NaN            NaN            NaN            NaN         -2.298        -7.8667            NaN            NaN            NaN            NaN            NaN
        0.73929        -80.095        -17.826            NaN            NaN            NaN            NaN            NaN        -2.3071        -7.9131            NaN            NaN            NaN            NaN            NaN
           0.74         -80.03        -18.776            NaN            NaN            NaN            NaN            NaN        -2.3163        -7.9589            NaN            NaN            NaN            NaN            NaN
        0.74071        -79.964        -19.737            NaN            NaN            NaN            NaN            NaN        -2.3255        -8.0042            NaN            NaN            NaN            NaN            NaN
        0.74143        -79.899        -20.708            NaN            NaN            NaN            NaN            NaN        -2.3347         -8.049            NaN            NaN            NaN            NaN            NaN
        0.74214        -79.833        -21.688            NaN            NaN            NaN            NaN            NaN         -2.344        -8.0933            NaN            NaN            NaN            NaN            NaN
        0.74286        -79.768        -22.678            NaN            NaN            NaN            NaN            NaN        -2.3534        -8.1371            NaN            NaN            NaN            NaN            NaN
        0.74357        -79.703        -23.677            NaN            NaN            NaN            NaN            NaN        -2.3627        -8.1805            NaN            NaN            NaN            NaN            NaN
        0.74429        -79.638        -24.684            NaN            NaN            NaN            NaN            NaN        -2.3722        -8.2234            NaN            NaN            NaN            NaN            NaN
          0.745        -79.573        -25.699            NaN            NaN            NaN            NaN            NaN        -2.3816        -8.2659            NaN            NaN            NaN            NaN            NaN
        0.74571        -79.508        -26.723            NaN            NaN            NaN            NaN            NaN        -2.3911         -8.308            NaN            NaN            NaN            NaN            NaN
        0.74643        -79.443        -27.755            NaN            NaN            NaN            NaN            NaN        -2.4007        -8.3497            NaN            NaN            NaN            NaN            NaN
        0.74714        -79.379        -28.795            NaN            NaN            NaN            NaN            NaN        -2.4103         -8.391            NaN            NaN            NaN            NaN            NaN
        0.74786        -79.314        -29.842            NaN            NaN            NaN            NaN            NaN        -2.4199        -8.4319            NaN            NaN            NaN            NaN            NaN
        0.74857         -79.25        -30.897            NaN            NaN            NaN            NaN            NaN        -2.4296        -8.4724            NaN            NaN            NaN            NaN            NaN
        0.74929        -79.185        -31.959            NaN            NaN            NaN            NaN            NaN        -2.4393        -8.5126            NaN            NaN            NaN            NaN            NaN
           0.75        -79.121        -33.028            NaN            NaN            NaN            NaN            NaN        -2.4491        -8.5524            NaN            NaN            NaN            NaN            NaN
        0.75071        -79.057        -34.104            NaN            NaN            NaN            NaN            NaN        -2.4589        -8.5919            NaN            NaN            NaN            NaN            NaN
        0.75143        -78.993        -35.187            NaN            NaN            NaN            NaN            NaN        -2.4687         -8.631            NaN            NaN            NaN            NaN            NaN
        0.75214        -78.929        -36.277            NaN            NaN            NaN            NaN            NaN        -2.4786        -8.6698            NaN            NaN            NaN            NaN            NaN
        0.75286        -78.865        -37.373            NaN            NaN            NaN            NaN            NaN        -2.4886        -8.7083            NaN            NaN            NaN            NaN            NaN
        0.75357        -78.802        -38.476            NaN            NaN            NaN            NaN            NaN        -2.4985        -8.7465            NaN            NaN            NaN            NaN            NaN
        0.75429        -78.738        -39.586            NaN            NaN            NaN            NaN            NaN        -2.5086        -8.7844            NaN            NaN            NaN            NaN            NaN
          0.755        -78.674        -40.701            NaN            NaN            NaN            NaN            NaN        -2.5186         -8.822            NaN            NaN            NaN            NaN            NaN
        0.75571        -78.611        -41.823            NaN            NaN            NaN            NaN            NaN        -2.5288        -8.8594            NaN            NaN            NaN            NaN            NaN
        0.75643        -78.548        -42.951            NaN            NaN            NaN            NaN            NaN        -2.5389        -8.8964            NaN            NaN            NaN            NaN            NaN
        0.75714        -78.484        -44.085            NaN            NaN            NaN            NaN            NaN        -2.5491        -8.9332            NaN            NaN            NaN            NaN            NaN
        0.75786        -78.421        -45.225            NaN            NaN            NaN            NaN            NaN        -2.5594        -8.9697            NaN            NaN            NaN            NaN            NaN
        0.75857        -78.358         -46.37            NaN            NaN            NaN            NaN            NaN        -2.5697        -9.0059            NaN            NaN            NaN            NaN            NaN
        0.75929        -78.295        -47.522            NaN            NaN            NaN            NaN            NaN        -2.5801         -9.042            NaN            NaN            NaN            NaN            NaN
           0.76        -78.232        -48.679            NaN            NaN            NaN            NaN            NaN        -2.5904        -9.0777            NaN            NaN            NaN            NaN            NaN
        0.76071         -78.17        -49.842            NaN            NaN            NaN            NaN            NaN        -2.6009        -9.1132            NaN            NaN            NaN            NaN            NaN
        0.76143        -78.107        -51.011            NaN            NaN            NaN            NaN            NaN        -2.6114        -9.1485            NaN            NaN            NaN            NaN            NaN
        0.76214        -78.044        -52.185            NaN            NaN            NaN            NaN            NaN        -2.6219        -9.1836            NaN            NaN            NaN            NaN            NaN
        0.76286        -77.982        -53.365            NaN            NaN            NaN            NaN            NaN        -2.6325        -9.2184            NaN            NaN            NaN            NaN            NaN
        0.76357        -77.919         -54.55            NaN            NaN            NaN            NaN            NaN        -2.6431         -9.253            NaN            NaN            NaN            NaN            NaN
        0.76429        -77.857        -55.741            NaN            NaN            NaN            NaN            NaN        -2.6538        -9.2874            NaN            NaN            NaN            NaN            NaN
          0.765        -77.795        -56.936            NaN            NaN            NaN            NaN            NaN        -2.6646        -9.3216            NaN            NaN            NaN            NaN            NaN
        0.76571        -77.733        -58.138            NaN            NaN            NaN            NaN            NaN        -2.6753        -9.3556            NaN            NaN            NaN            NaN            NaN
        0.76643        -77.671        -59.344            NaN            NaN            NaN            NaN            NaN        -2.6862        -9.3894            NaN            NaN            NaN            NaN            NaN
        0.76714        -77.609        -60.556            NaN            NaN            NaN            NaN            NaN        -2.6971         -9.423            NaN            NaN            NaN            NaN            NaN
        0.76786        -77.547        -61.773            NaN            NaN            NaN            NaN            NaN         -2.708        -9.4564            NaN            NaN            NaN            NaN            NaN
        0.76857        -77.485        -62.995            NaN            NaN            NaN            NaN            NaN         -2.719        -9.4896            NaN            NaN            NaN            NaN            NaN
        0.76929        -77.423        -64.222            NaN            NaN            NaN            NaN            NaN          -2.73        -9.5227            NaN            NaN            NaN            NaN            NaN
           0.77        -77.361        -65.454            NaN            NaN            NaN            NaN            NaN        -2.7411        -9.5555            NaN            NaN            NaN            NaN            NaN
        0.77071          -77.3        -66.691            NaN            NaN            NaN            NaN            NaN        -2.7522        -9.5882            NaN            NaN            NaN            NaN            NaN
        0.77143        -77.238        -67.933            NaN            NaN            NaN            NaN            NaN        -2.7634        -9.6207            NaN            NaN            NaN            NaN            NaN
        0.77214        -77.177         -69.18            NaN            NaN            NaN            NaN            NaN        -2.7746         -9.653            NaN            NaN            NaN            NaN            NaN
        0.77286        -77.115        -70.432            NaN            NaN            NaN            NaN            NaN        -2.7859        -9.6852            NaN            NaN            NaN            NaN            NaN
        0.77357        -77.054        -71.689            NaN            NaN            NaN            NaN            NaN        -2.7973        -9.7172            NaN            NaN            NaN            NaN            NaN
        0.77429        -76.993        -72.951            NaN            NaN            NaN            NaN            NaN        -2.8087         -9.749            NaN            NaN            NaN            NaN            NaN
          0.775        -76.931        -74.218            NaN            NaN            NaN            NaN            NaN        -2.8201        -9.7807            NaN            NaN            NaN            NaN            NaN
        0.77571         -76.87        -75.489            NaN            NaN            NaN            NaN            NaN        -2.8316        -9.8122            NaN            NaN            NaN            NaN            NaN
        0.77643        -76.809        -76.766            NaN            NaN            NaN            NaN            NaN        -2.8431        -9.8436            NaN            NaN            NaN            NaN            NaN
        0.77714        -76.748        -78.047            NaN            NaN            NaN            NaN            NaN        -2.8547        -9.8749            NaN            NaN            NaN            NaN            NaN
        0.77786        -76.687        -79.333            NaN            NaN            NaN            NaN            NaN        -2.8664        -9.9059            NaN            NaN            NaN            NaN            NaN
        0.77857        -76.627        -80.624            NaN            NaN            NaN            NaN            NaN        -2.8781        -9.9369            NaN            NaN            NaN            NaN            NaN
        0.77929        -76.566        -81.919            NaN            NaN            NaN            NaN            NaN        -2.8899        -9.9677            NaN            NaN            NaN            NaN            NaN
           0.78        -76.505        -83.219            NaN            NaN            NaN            NaN            NaN        -2.9017        -9.9983            NaN            NaN            NaN            NaN            NaN
        0.78071        -76.445        -84.524            NaN            NaN            NaN            NaN            NaN        -2.9136        -10.029            NaN            NaN            NaN            NaN            NaN
        0.78143        -76.384        -85.833            NaN            NaN            NaN            NaN            NaN        -2.9255        -10.059            NaN            NaN            NaN            NaN            NaN
        0.78214        -76.324        -87.147            NaN            NaN            NaN            NaN            NaN        -2.9375        -10.089            NaN            NaN            NaN            NaN            NaN
        0.78286        -76.264        -88.466            NaN            NaN            NaN            NaN            NaN        -2.9495         -10.12            NaN            NaN            NaN            NaN            NaN
        0.78357        -76.204        -89.789            NaN            NaN            NaN            NaN            NaN        -2.9616         -10.15            NaN            NaN            NaN            NaN            NaN
        0.78429        -76.144        -91.117            NaN            NaN            NaN            NaN            NaN        -2.9738        -10.179            NaN            NaN            NaN            NaN            NaN
          0.785        -76.084        -92.449            NaN            NaN            NaN            NaN            NaN         -2.986        -10.209            NaN            NaN            NaN            NaN            NaN
        0.78571        -76.025        -93.786            NaN            NaN            NaN            NaN            NaN        -2.9982        -10.239            NaN            NaN            NaN            NaN            NaN
        0.78643        -75.966        -95.128            NaN            NaN            NaN            NaN            NaN        -3.0105        -10.268            NaN            NaN            NaN            NaN            NaN
        0.78714        -75.908        -96.474            NaN            NaN            NaN            NaN            NaN        -3.0229        -10.298            NaN            NaN            NaN            NaN            NaN
        0.78786         -75.85        -97.825            NaN            NaN            NaN            NaN            NaN        -3.0353        -10.327            NaN            NaN            NaN            NaN            NaN
        0.78857        -75.793         -99.18            NaN            NaN            NaN            NaN            NaN        -3.0478        -10.356            NaN            NaN            NaN            NaN            NaN
        0.78929        -75.737        -100.54            NaN            NaN            NaN            NaN            NaN        -3.0603        -10.385            NaN            NaN            NaN            NaN            NaN
           0.79        -75.682         -101.9            NaN            NaN            NaN            NaN            NaN        -3.0729        -10.414            NaN            NaN            NaN            NaN            NaN
        0.79071        -75.629        -103.27            NaN            NaN            NaN            NaN            NaN        -3.0855        -10.443            NaN            NaN            NaN            NaN            NaN
        0.79143        -75.577        -104.64            NaN            NaN            NaN            NaN            NaN        -3.0981        -10.472            NaN            NaN            NaN            NaN            NaN
        0.79214        -75.527        -106.02            NaN            NaN            NaN            NaN            NaN        -3.1107          -10.5            NaN            NaN            NaN            NaN            NaN
        0.79286         -75.48         -107.4            NaN            NaN            NaN            NaN            NaN        -3.1234        -10.529            NaN            NaN            NaN            NaN            NaN
        0.79357        -75.435        -108.79            NaN            NaN            NaN            NaN            NaN         -3.136        -10.557            NaN            NaN            NaN            NaN            NaN
        0.79429        -75.394        -110.18            NaN            NaN            NaN            NaN            NaN        -3.1486        -10.585            NaN            NaN            NaN            NaN            NaN
          0.795        -75.357        -111.58            NaN            NaN            NaN            NaN            NaN        -3.1611        -10.613            NaN            NaN            NaN            NaN            NaN
        0.79571        -75.324        -112.98            NaN            NaN            NaN            NaN            NaN        -3.1735        -10.641            NaN            NaN            NaN            NaN            NaN
        0.79643        -75.295        -114.38            NaN            NaN            NaN            NaN            NaN        -3.1856        -10.669            NaN            NaN            NaN            NaN            NaN
        0.79714        -75.268        -115.79            NaN            NaN            NaN            NaN            NaN        -3.1974        -10.697            NaN            NaN            NaN            NaN            NaN
        0.79786        -75.243         -117.2            NaN            NaN            NaN            NaN            NaN        -3.2088        -10.725            NaN            NaN            NaN            NaN            NaN
        0.79857        -75.214        -118.62            NaN            NaN            NaN            NaN            NaN        -3.2196        -10.753            NaN            NaN            NaN            NaN            NaN
        0.79929        -75.174        -120.04            NaN            NaN            NaN            NaN            NaN        -3.2295         -10.78            NaN            NaN            NaN            NaN            NaN
            0.8        -75.108            NaN            NaN            NaN            NaN            NaN            NaN        -3.2384            NaN            NaN            NaN            NaN            NaN            NaN
        0.80071        -74.997            NaN            NaN            NaN            NaN            NaN            NaN         -3.246            NaN            NaN            NaN            NaN            NaN            NaN
        0.80143        -74.805            NaN            NaN            NaN            NaN            NaN            NaN        -3.2521            NaN            NaN            NaN            NaN            NaN            NaN
        0.80214        -74.489            NaN            NaN            NaN            NaN            NaN            NaN        -3.2567            NaN            NaN            NaN            NaN            NaN            NaN
        0.80286        -73.993            NaN            NaN            NaN            NaN            NaN            NaN        -3.2602            NaN            NaN            NaN            NaN            NaN            NaN
        0.80357        -73.265            NaN            NaN            NaN            NaN            NaN            NaN        -3.2633            NaN            NaN            NaN            NaN            NaN            NaN
        0.80429        -72.271            NaN            NaN            NaN            NaN            NaN            NaN        -3.2675            NaN            NaN            NaN            NaN            NaN            NaN
          0.805        -71.009            NaN            NaN            NaN            NaN            NaN            NaN        -3.2741            NaN            NaN            NaN            NaN            NaN            NaN
        0.80571         -69.51            NaN            NaN            NaN            NaN            NaN            NaN        -3.2844            NaN            NaN            NaN            NaN            NaN            NaN
        0.80643        -67.823            NaN            NaN            NaN            NaN            NaN            NaN        -3.2992            NaN            NaN            NaN            NaN            NaN            NaN
        0.80714        -65.996            NaN            NaN            NaN            NaN            NaN            NaN        -3.3189            NaN            NaN            NaN            NaN            NaN            NaN
        0.80786        -64.071            NaN            NaN            NaN            NaN            NaN            NaN        -3.3434            NaN            NaN            NaN            NaN            NaN            NaN
        0.80857        -62.074            NaN            NaN            NaN            NaN            NaN            NaN        -3.3724            NaN            NaN            NaN            NaN            NaN            NaN
        0.80929        -60.022            NaN            NaN            NaN            NaN            NaN            NaN        -3.4056            NaN            NaN            NaN            NaN            NaN            NaN
           0.81        -57.924            NaN            NaN            NaN            NaN            NaN            NaN        -3.4426            NaN            NaN            NaN            NaN            NaN            NaN
        0.81071        -55.787            NaN            NaN            NaN            NaN            NaN            NaN        -3.4831            NaN            NaN            NaN            NaN            NaN            NaN
        0.81143        -53.613            NaN            NaN            NaN            NaN            NaN            NaN        -3.5268            NaN            NaN            NaN            NaN            NaN            NaN
        0.81214        -51.407            NaN            NaN            NaN            NaN            NaN            NaN        -3.5733            NaN            NaN            NaN            NaN            NaN            NaN
        0.81286        -49.177            NaN            NaN            NaN            NaN            NaN            NaN        -3.6223            NaN            NaN            NaN            NaN            NaN            NaN
        0.81357        -46.929            NaN            NaN            NaN            NaN            NaN            NaN        -3.6736            NaN            NaN            NaN            NaN            NaN            NaN
        0.81429        -44.675            NaN            NaN            NaN            NaN            NaN            NaN        -3.7269            NaN            NaN            NaN            NaN            NaN            NaN
          0.815        -42.426            NaN            NaN            NaN            NaN            NaN            NaN        -3.7822            NaN            NaN            NaN            NaN            NaN            NaN
        0.81571        -40.195            NaN            NaN            NaN            NaN            NaN            NaN        -3.8391            NaN            NaN            NaN            NaN            NaN            NaN
        0.81643        -37.996            NaN            NaN            NaN            NaN            NaN            NaN        -3.8976            NaN            NaN            NaN            NaN            NaN            NaN
        0.81714        -35.841            NaN            NaN            NaN            NaN            NaN            NaN        -3.9577            NaN            NaN            NaN            NaN            NaN            NaN
        0.81786        -33.745            NaN            NaN            NaN            NaN            NaN            NaN        -4.0192            NaN            NaN            NaN            NaN            NaN            NaN
        0.81857        -31.717            NaN            NaN            NaN            NaN            NaN            NaN         -4.082            NaN            NaN            NaN            NaN            NaN            NaN
        0.81929         -29.77            NaN            NaN            NaN            NaN            NaN            NaN        -4.1461            NaN            NaN            NaN            NaN            NaN            NaN
           0.82        -27.913            NaN            NaN            NaN            NaN            NaN            NaN        -4.2114            NaN            NaN            NaN            NaN            NaN            NaN
        0.82071        -26.153            NaN            NaN            NaN            NaN            NaN            NaN        -4.2777            NaN            NaN            NaN            NaN            NaN            NaN
        0.82143        -24.497            NaN            NaN            NaN            NaN            NaN            NaN         -4.345            NaN            NaN            NaN            NaN            NaN            NaN
        0.82214        -22.951            NaN            NaN            NaN            NaN            NaN            NaN        -4.4131            NaN            NaN            NaN            NaN            NaN            NaN
        0.82286        -21.518            NaN            NaN            NaN            NaN            NaN            NaN         -4.482            NaN            NaN            NaN            NaN            NaN            NaN
        0.82357          -20.2            NaN            NaN            NaN            NaN            NaN            NaN        -4.5513            NaN            NaN            NaN            NaN            NaN            NaN
        0.82429        -18.998            NaN            NaN            NaN            NaN            NaN            NaN        -4.6211            NaN            NaN            NaN            NaN            NaN            NaN
          0.825        -17.912            NaN            NaN            NaN            NaN            NaN            NaN        -4.6911            NaN            NaN            NaN            NaN            NaN            NaN
        0.82571        -16.939            NaN            NaN            NaN            NaN            NaN            NaN        -4.7612            NaN            NaN            NaN            NaN            NaN            NaN
        0.82643        -16.078            NaN            NaN            NaN            NaN            NaN            NaN        -4.8312            NaN            NaN            NaN            NaN            NaN            NaN
        0.82714        -15.325            NaN            NaN            NaN            NaN            NaN            NaN        -4.9011            NaN            NaN            NaN            NaN            NaN            NaN
        0.82786        -14.675            NaN            NaN            NaN            NaN            NaN            NaN        -4.9707            NaN            NaN            NaN            NaN            NaN            NaN
        0.82857        -14.123            NaN            NaN            NaN            NaN            NaN            NaN        -5.0399            NaN            NaN            NaN            NaN            NaN            NaN
        0.82929        -13.666            NaN            NaN            NaN            NaN            NaN            NaN        -5.1086            NaN            NaN            NaN            NaN            NaN            NaN
           0.83        -13.298            NaN            NaN            NaN            NaN            NaN            NaN        -5.1767            NaN            NaN            NaN            NaN            NaN            NaN
        0.83071        -13.013            NaN            NaN            NaN            NaN            NaN            NaN        -5.2442            NaN            NaN            NaN            NaN            NaN            NaN
        0.83143        -12.807            NaN            NaN            NaN            NaN            NaN            NaN         -5.311            NaN            NaN            NaN            NaN            NaN            NaN
        0.83214        -12.675            NaN            NaN            NaN            NaN            NaN            NaN         -5.377            NaN            NaN            NaN            NaN            NaN            NaN
        0.83286        -12.612            NaN            NaN            NaN            NaN            NaN            NaN        -5.4423            NaN            NaN            NaN            NaN            NaN            NaN
        0.83357        -12.613            NaN            NaN            NaN            NaN            NaN            NaN        -5.5067            NaN            NaN            NaN            NaN            NaN            NaN
        0.83429        -12.674            NaN            NaN            NaN            NaN            NaN            NaN        -5.5703            NaN            NaN            NaN            NaN            NaN            NaN
          0.835        -12.791            NaN            NaN            NaN            NaN            NaN            NaN        -5.6331            NaN            NaN            NaN            NaN            NaN            NaN
        0.83571         -12.96            NaN            NaN            NaN            NaN            NaN            NaN         -5.695            NaN            NaN            NaN            NaN            NaN            NaN
        0.83643        -13.179            NaN            NaN            NaN            NaN            NaN            NaN         -5.756            NaN            NaN            NaN            NaN            NaN            NaN
        0.83714        -13.443            NaN            NaN            NaN            NaN            NaN            NaN        -5.8162            NaN            NaN            NaN            NaN            NaN            NaN
        0.83786        -13.751            NaN            NaN            NaN            NaN            NaN            NaN        -5.8755            NaN            NaN            NaN            NaN            NaN            NaN
        0.83857        -14.098            NaN            NaN            NaN            NaN            NaN            NaN         -5.934            NaN            NaN            NaN            NaN            NaN            NaN
        0.83929        -14.484            NaN            NaN            NaN            NaN            NaN            NaN        -5.9917            NaN            NaN            NaN            NaN            NaN            NaN
           0.84        -14.905            NaN            NaN            NaN            NaN            NaN            NaN        -6.0486            NaN            NaN            NaN            NaN            NaN            NaN
        0.84071        -15.359            NaN            NaN            NaN            NaN            NaN            NaN        -6.1046            NaN            NaN            NaN            NaN            NaN            NaN
        0.84143        -15.845            NaN            NaN            NaN            NaN            NaN            NaN        -6.1599            NaN            NaN            NaN            NaN            NaN            NaN
        0.84214        -16.361            NaN            NaN            NaN            NaN            NaN            NaN        -6.2145            NaN            NaN            NaN            NaN            NaN            NaN
        0.84286        -16.905            NaN            NaN            NaN            NaN            NaN            NaN        -6.2682            NaN            NaN            NaN            NaN            NaN            NaN
        0.84357        -17.477            NaN            NaN            NaN            NaN            NaN            NaN        -6.3213            NaN            NaN            NaN            NaN            NaN            NaN
        0.84429        -18.074            NaN            NaN            NaN            NaN            NaN            NaN        -6.3736            NaN            NaN            NaN            NaN            NaN            NaN
          0.845        -18.695            NaN            NaN            NaN            NaN            NaN            NaN        -6.4253            NaN            NaN            NaN            NaN            NaN            NaN
        0.84571        -19.339            NaN            NaN            NaN            NaN            NaN            NaN        -6.4763            NaN            NaN            NaN            NaN            NaN            NaN
        0.84643        -20.006            NaN            NaN            NaN            NaN            NaN            NaN        -6.5266            NaN            NaN            NaN            NaN            NaN            NaN
        0.84714        -20.694            NaN            NaN            NaN            NaN            NaN            NaN        -6.5763            NaN            NaN            NaN            NaN            NaN            NaN
        0.84786        -21.402            NaN            NaN            NaN            NaN            NaN            NaN        -6.6254            NaN            NaN            NaN            NaN            NaN            NaN
        0.84857         -22.13            NaN            NaN            NaN            NaN            NaN            NaN         -6.674            NaN            NaN            NaN            NaN            NaN            NaN
        0.84929        -22.876            NaN            NaN            NaN            NaN            NaN            NaN        -6.7219            NaN            NaN            NaN            NaN            NaN            NaN
           0.85        -23.641            NaN            NaN            NaN            NaN            NaN            NaN        -6.7693            NaN            NaN            NaN            NaN            NaN            NaN
        0.85071        -24.422            NaN            NaN            NaN            NaN            NaN            NaN        -6.8161            NaN            NaN            NaN            NaN            NaN            NaN
        0.85143        -25.221            NaN            NaN            NaN            NaN            NaN            NaN        -6.8625            NaN            NaN            NaN            NaN            NaN            NaN
        0.85214        -26.035            NaN            NaN            NaN            NaN            NaN            NaN        -6.9083            NaN            NaN            NaN            NaN            NaN            NaN
        0.85286        -26.865            NaN            NaN            NaN            NaN            NaN            NaN        -6.9536            NaN            NaN            NaN            NaN            NaN            NaN
        0.85357        -27.711            NaN            NaN            NaN            NaN            NaN            NaN        -6.9985            NaN            NaN            NaN            NaN            NaN            NaN
        0.85429         -28.57            NaN            NaN            NaN            NaN            NaN            NaN        -7.0429            NaN            NaN            NaN            NaN            NaN            NaN
          0.855        -29.444            NaN            NaN            NaN            NaN            NaN            NaN        -7.0868            NaN            NaN            NaN            NaN            NaN            NaN
        0.85571        -30.332            NaN            NaN            NaN            NaN            NaN            NaN        -7.1303            NaN            NaN            NaN            NaN            NaN            NaN
        0.85643        -31.233            NaN            NaN            NaN            NaN            NaN            NaN        -7.1734            NaN            NaN            NaN            NaN            NaN            NaN
        0.85714        -32.147            NaN            NaN            NaN            NaN            NaN            NaN        -7.2161            NaN            NaN            NaN            NaN            NaN            NaN
        0.85786        -33.073            NaN            NaN            NaN            NaN            NaN            NaN        -7.2584            NaN            NaN            NaN            NaN            NaN            NaN
        0.85857        -34.012            NaN            NaN            NaN            NaN            NaN            NaN        -7.3003            NaN            NaN            NaN            NaN            NaN            NaN
        0.85929        -34.962            NaN            NaN            NaN            NaN            NaN            NaN        -7.3419            NaN            NaN            NaN            NaN            NaN            NaN
           0.86        -35.924            NaN            NaN            NaN            NaN            NaN            NaN         -7.383            NaN            NaN            NaN            NaN            NaN            NaN
        0.86071        -36.897            NaN            NaN            NaN            NaN            NaN            NaN        -7.4239            NaN            NaN            NaN            NaN            NaN            NaN
        0.86143        -37.882            NaN            NaN            NaN            NaN            NaN            NaN        -7.4643            NaN            NaN            NaN            NaN            NaN            NaN
        0.86214        -38.877            NaN            NaN            NaN            NaN            NaN            NaN        -7.5045            NaN            NaN            NaN            NaN            NaN            NaN
        0.86286        -39.883            NaN            NaN            NaN            NaN            NaN            NaN        -7.5443            NaN            NaN            NaN            NaN            NaN            NaN
        0.86357        -40.899            NaN            NaN            NaN            NaN            NaN            NaN        -7.5838            NaN            NaN            NaN            NaN            NaN            NaN
        0.86429        -41.925            NaN            NaN            NaN            NaN            NaN            NaN        -7.6231            NaN            NaN            NaN            NaN            NaN            NaN
          0.865        -42.961            NaN            NaN            NaN            NaN            NaN            NaN         -7.662            NaN            NaN            NaN            NaN            NaN            NaN
        0.86571        -44.006            NaN            NaN            NaN            NaN            NaN            NaN        -7.7006            NaN            NaN            NaN            NaN            NaN            NaN
        0.86643        -45.062            NaN            NaN            NaN            NaN            NaN            NaN        -7.7389            NaN            NaN            NaN            NaN            NaN            NaN
        0.86714        -46.126            NaN            NaN            NaN            NaN            NaN            NaN         -7.777            NaN            NaN            NaN            NaN            NaN            NaN
        0.86786          -47.2            NaN            NaN            NaN            NaN            NaN            NaN        -7.8148            NaN            NaN            NaN            NaN            NaN            NaN
        0.86857        -48.282            NaN            NaN            NaN            NaN            NaN            NaN        -7.8524            NaN            NaN            NaN            NaN            NaN            NaN
        0.86929        -49.374            NaN            NaN            NaN            NaN            NaN            NaN        -7.8897            NaN            NaN            NaN            NaN            NaN            NaN
           0.87        -50.474            NaN            NaN            NaN            NaN            NaN            NaN        -7.9267            NaN            NaN            NaN            NaN            NaN            NaN
        0.87071        -51.583            NaN            NaN            NaN            NaN            NaN            NaN        -7.9635            NaN            NaN            NaN            NaN            NaN            NaN
        0.87143          -52.7            NaN            NaN            NaN            NaN            NaN            NaN        -8.0001            NaN            NaN            NaN            NaN            NaN            NaN
        0.87214        -53.825            NaN            NaN            NaN            NaN            NaN            NaN        -8.0365            NaN            NaN            NaN            NaN            NaN            NaN
        0.87286        -54.959            NaN            NaN            NaN            NaN            NaN            NaN        -8.0726            NaN            NaN            NaN            NaN            NaN            NaN
        0.87357          -56.1            NaN            NaN            NaN            NaN            NaN            NaN        -8.1085            NaN            NaN            NaN            NaN            NaN            NaN
        0.87429         -57.25            NaN            NaN            NaN            NaN            NaN            NaN        -8.1442            NaN            NaN            NaN            NaN            NaN            NaN
          0.875        -58.407            NaN            NaN            NaN            NaN            NaN            NaN        -8.1797            NaN            NaN            NaN            NaN            NaN            NaN
        0.87571        -59.572            NaN            NaN            NaN            NaN            NaN            NaN        -8.2149            NaN            NaN            NaN            NaN            NaN            NaN
        0.87643        -60.745            NaN            NaN            NaN            NaN            NaN            NaN          -8.25            NaN            NaN            NaN            NaN            NaN            NaN
        0.87714        -61.925            NaN            NaN            NaN            NaN            NaN            NaN        -8.2849            NaN            NaN            NaN            NaN            NaN            NaN
        0.87786        -63.113            NaN            NaN            NaN            NaN            NaN            NaN        -8.3196            NaN            NaN            NaN            NaN            NaN            NaN
        0.87857        -64.308            NaN            NaN            NaN            NaN            NaN            NaN        -8.3541            NaN            NaN            NaN            NaN            NaN            NaN
        0.87929        -65.511            NaN            NaN            NaN            NaN            NaN            NaN        -8.3884            NaN            NaN            NaN            NaN            NaN            NaN
           0.88         -66.72            NaN            NaN            NaN            NaN            NaN            NaN        -8.4226            NaN            NaN            NaN            NaN            NaN            NaN
        0.88071        -67.937            NaN            NaN            NaN            NaN            NaN            NaN        -8.4566            NaN            NaN            NaN            NaN            NaN            NaN
        0.88143        -69.161            NaN            NaN            NaN            NaN            NaN            NaN        -8.4904            NaN            NaN            NaN            NaN            NaN            NaN
        0.88214        -70.392            NaN            NaN            NaN            NaN            NaN            NaN         -8.524            NaN            NaN            NaN            NaN            NaN            NaN
        0.88286         -71.63            NaN            NaN            NaN            NaN            NaN            NaN        -8.5575            NaN            NaN            NaN            NaN            NaN            NaN
        0.88357        -72.874            NaN            NaN            NaN            NaN            NaN            NaN        -8.5908            NaN            NaN            NaN            NaN            NaN            NaN
        0.88429        -74.126            NaN            NaN            NaN            NaN            NaN            NaN         -8.624            NaN            NaN            NaN            NaN            NaN            NaN
          0.885        -75.384            NaN            NaN            NaN            NaN            NaN            NaN         -8.657            NaN            NaN            NaN            NaN            NaN            NaN
        0.88571        -76.649            NaN            NaN            NaN            NaN            NaN            NaN        -8.6898            NaN            NaN            NaN            NaN            NaN            NaN
        0.88643        -77.921            NaN            NaN            NaN            NaN            NaN            NaN        -8.7225            NaN            NaN            NaN            NaN            NaN            NaN
        0.88714        -79.199            NaN            NaN            NaN            NaN            NaN            NaN        -8.7551            NaN            NaN            NaN            NaN            NaN            NaN
        0.88786        -80.484            NaN            NaN            NaN            NaN            NaN            NaN        -8.7875            NaN            NaN            NaN            NaN            NaN            NaN
        0.88857        -81.776            NaN            NaN            NaN            NaN            NaN            NaN        -8.8198            NaN            NaN            NaN            NaN            NaN            NaN
        0.88929        -83.074            NaN            NaN            NaN            NaN            NaN            NaN        -8.8519            NaN            NaN            NaN            NaN            NaN            NaN
           0.89        -84.378            NaN            NaN            NaN            NaN            NaN            NaN        -8.8839            NaN            NaN            NaN            NaN            NaN            NaN
        0.89071        -85.689            NaN            NaN            NaN            NaN            NaN            NaN        -8.9158            NaN            NaN            NaN            NaN            NaN            NaN
        0.89143        -87.006            NaN            NaN            NaN            NaN            NaN            NaN        -8.9475            NaN            NaN            NaN            NaN            NaN            NaN
        0.89214        -88.329            NaN            NaN            NaN            NaN            NaN            NaN        -8.9791            NaN            NaN            NaN            NaN            NaN            NaN
        0.89286        -89.659            NaN            NaN            NaN            NaN            NaN            NaN        -9.0106            NaN            NaN            NaN            NaN            NaN            NaN
        0.89357        -90.995            NaN            NaN            NaN            NaN            NaN            NaN         -9.042            NaN            NaN            NaN            NaN            NaN            NaN
        0.89429        -92.337            NaN            NaN            NaN            NaN            NaN            NaN        -9.0732            NaN            NaN            NaN            NaN            NaN            NaN
          0.895        -93.686            NaN            NaN            NaN            NaN            NaN            NaN        -9.1043            NaN            NaN            NaN            NaN            NaN            NaN
        0.89571         -95.04            NaN            NaN            NaN            NaN            NaN            NaN        -9.1353            NaN            NaN            NaN            NaN            NaN            NaN
        0.89643        -96.401            NaN            NaN            NaN            NaN            NaN            NaN        -9.1662            NaN            NaN            NaN            NaN            NaN            NaN
        0.89714        -97.768            NaN            NaN            NaN            NaN            NaN            NaN         -9.197            NaN            NaN            NaN            NaN            NaN            NaN
        0.89786        -99.141            NaN            NaN            NaN            NaN            NaN            NaN        -9.2277            NaN            NaN            NaN            NaN            NaN            NaN
        0.89857        -100.52            NaN            NaN            NaN            NaN            NaN            NaN        -9.2582            NaN            NaN            NaN            NaN            NaN            NaN
        0.89929         -101.9            NaN            NaN            NaN            NaN            NaN            NaN        -9.2886            NaN            NaN            NaN            NaN            NaN            NaN
            0.9         -103.3            NaN            NaN            NaN            NaN            NaN            NaN         -9.319            NaN            NaN            NaN            NaN            NaN            NaN
        0.90071        -104.69            NaN            NaN            NaN            NaN            NaN            NaN        -9.3492            NaN            NaN            NaN            NaN            NaN            NaN
        0.90143         -106.1            NaN            NaN            NaN            NaN            NaN            NaN        -9.3793            NaN            NaN            NaN            NaN            NaN            NaN
        0.90214         -107.5            NaN            NaN            NaN            NaN            NaN            NaN        -9.4093            NaN            NaN            NaN            NaN            NaN            NaN
        0.90286        -108.92            NaN            NaN            NaN            NaN            NaN            NaN        -9.4393            NaN            NaN            NaN            NaN            NaN            NaN
        0.90357        -110.34            NaN            NaN            NaN            NaN            NaN            NaN        -9.4691            NaN            NaN            NaN            NaN            NaN            NaN
        0.90429        -111.77            NaN            NaN            NaN            NaN            NaN            NaN        -9.4988            NaN            NaN            NaN            NaN            NaN            NaN
          0.905         -113.2            NaN            NaN            NaN            NaN            NaN            NaN        -9.5284            NaN            NaN            NaN            NaN            NaN            NaN
        0.90571        -114.64            NaN            NaN            NaN            NaN            NaN            NaN        -9.5579            NaN            NaN            NaN            NaN            NaN            NaN
        0.90643            NaN            NaN            NaN            NaN            NaN            NaN            NaN            NaN            NaN            NaN            NaN            NaN            NaN            NaN
        0.90714            NaN            NaN            NaN            NaN            NaN            NaN            NaN            NaN            NaN            NaN            NaN            NaN            NaN            NaN
        0.90786            NaN            NaN            NaN            NaN            NaN            NaN            NaN            NaN            NaN            NaN            NaN            NaN            NaN            NaN
        0.90857            NaN            NaN            NaN            NaN            NaN            NaN            NaN            NaN            NaN            NaN            NaN            NaN            NaN            NaN
        0.90929            NaN            NaN            NaN            NaN            NaN            NaN            NaN            NaN            NaN            NaN            NaN            NaN            NaN            NaN
           0.91            NaN            NaN            NaN            NaN            NaN            NaN            NaN            NaN            NaN            NaN            NaN            NaN            NaN            NaN
        0.91071            NaN            NaN            NaN            NaN            NaN            NaN            NaN            NaN            NaN            NaN            NaN            NaN            NaN            NaN
        0.91143            NaN            NaN            NaN            NaN            NaN            NaN            NaN            NaN            NaN            NaN            NaN            NaN            NaN            NaN
        0.91214            NaN            NaN            NaN            NaN            NaN            NaN            NaN            NaN            NaN            NaN            NaN            NaN            NaN            NaN
        0.91286            NaN            NaN            NaN            NaN            NaN            NaN            NaN            NaN            NaN            NaN            NaN            NaN            NaN            NaN
        0.91357            NaN            NaN            NaN            NaN            NaN            NaN            NaN            NaN            NaN            NaN            NaN            NaN            NaN            NaN
        0.91429            NaN            NaN            NaN            NaN            NaN            NaN            NaN            NaN            NaN            NaN            NaN            NaN            NaN            NaN
          0.915            NaN            NaN            NaN            NaN            NaN            NaN            NaN            NaN            NaN            NaN            NaN            NaN            NaN            NaN
        0.91571            NaN            NaN            NaN            NaN            NaN            NaN            NaN            NaN            NaN            NaN            NaN            NaN            NaN            NaN
        0.91643            NaN            NaN            NaN            NaN            NaN            NaN            NaN            NaN            NaN            NaN            NaN            NaN            NaN            NaN
        0.91714            NaN            NaN            NaN            NaN            NaN            NaN            NaN            NaN            NaN            NaN            NaN            NaN            NaN            NaN
        0.91786            NaN            NaN            NaN            NaN            NaN            NaN            NaN            NaN            NaN            NaN            NaN            NaN            NaN            NaN
        0.91857            NaN            NaN            NaN            NaN            NaN            NaN            NaN            NaN            NaN            NaN            NaN            NaN            NaN            NaN
        0.91929            NaN            NaN            NaN            NaN            NaN            NaN            NaN            NaN            NaN            NaN            NaN            NaN            NaN            NaN
           0.92            NaN            NaN            NaN            NaN            NaN            NaN            NaN            NaN            NaN            NaN            NaN            NaN            NaN            NaN
        0.92071            NaN            NaN            NaN            NaN            NaN            NaN            NaN            NaN            NaN            NaN            NaN            NaN            NaN            NaN
        0.92143            NaN            NaN            NaN            NaN            NaN            NaN            NaN            NaN            NaN            NaN            NaN            NaN            NaN            NaN
        0.92214            NaN            NaN            NaN            NaN            NaN            NaN            NaN            NaN            NaN            NaN            NaN            NaN            NaN            NaN
        0.92286            NaN            NaN            NaN            NaN            NaN            NaN            NaN            NaN            NaN            NaN            NaN            NaN            NaN            NaN
        0.92357            NaN            NaN            NaN            NaN            NaN            NaN            NaN            NaN            NaN            NaN            NaN            NaN            NaN            NaN
        0.92429            NaN            NaN            NaN            NaN            NaN            NaN            NaN            NaN            NaN            NaN            NaN            NaN            NaN            NaN
          0.925            NaN            NaN            NaN            NaN            NaN            NaN            NaN            NaN            NaN            NaN            NaN            NaN            NaN            NaN
        0.92571            NaN            NaN            NaN            NaN            NaN            NaN            NaN            NaN            NaN            NaN            NaN            NaN            NaN            NaN
        0.92643            NaN            NaN            NaN            NaN            NaN            NaN            NaN            NaN            NaN            NaN            NaN            NaN            NaN            NaN
        0.92714            NaN            NaN            NaN            NaN            NaN            NaN            NaN            NaN            NaN            NaN            NaN            NaN            NaN            NaN
        0.92786            NaN            NaN            NaN            NaN            NaN            NaN            NaN            NaN            NaN            NaN            NaN            NaN            NaN            NaN
        0.92857            NaN            NaN            NaN            NaN            NaN            NaN            NaN            NaN            NaN            NaN            NaN            NaN            NaN            NaN
        0.92929            NaN            NaN            NaN            NaN            NaN            NaN            NaN            NaN            NaN            NaN            NaN            NaN            NaN            NaN
           0.93            NaN            NaN            NaN            NaN            NaN            NaN            NaN            NaN            NaN            NaN            NaN            NaN            NaN            NaN
        0.93071            NaN            NaN            NaN            NaN            NaN            NaN            NaN            NaN            NaN            NaN            NaN            NaN            NaN            NaN
        0.93143            NaN            NaN            NaN            NaN            NaN            NaN            NaN            NaN            NaN            NaN            NaN            NaN            NaN            NaN
        0.93214            NaN            NaN            NaN            NaN            NaN            NaN            NaN            NaN            NaN            NaN            NaN            NaN            NaN            NaN
        0.93286            NaN            NaN            NaN            NaN            NaN            NaN            NaN            NaN            NaN            NaN            NaN            NaN            NaN            NaN
        0.93357            NaN            NaN            NaN            NaN            NaN            NaN            NaN            NaN            NaN            NaN            NaN            NaN            NaN            NaN
        0.93429            NaN            NaN            NaN            NaN            NaN            NaN            NaN            NaN            NaN            NaN            NaN            NaN            NaN            NaN
          0.935            NaN            NaN            NaN            NaN            NaN            NaN            NaN            NaN            NaN            NaN            NaN            NaN            NaN            NaN
        0.93571            NaN            NaN            NaN            NaN            NaN            NaN            NaN            NaN            NaN            NaN            NaN            NaN            NaN            NaN
        0.93643            NaN            NaN            NaN            NaN            NaN            NaN            NaN            NaN            NaN            NaN            NaN            NaN            NaN            NaN
        0.93714            NaN            NaN            NaN            NaN            NaN            NaN            NaN            NaN            NaN            NaN            NaN            NaN            NaN            NaN
        0.93786            NaN            NaN            NaN            NaN            NaN            NaN            NaN            NaN            NaN            NaN            NaN            NaN            NaN            NaN
        0.93857            NaN            NaN            NaN            NaN            NaN            NaN            NaN            NaN            NaN            NaN            NaN            NaN            NaN            NaN
        0.93929            NaN            NaN            NaN            NaN            NaN            NaN            NaN            NaN            NaN            NaN            NaN            NaN            NaN            NaN
           0.94            NaN            NaN            NaN            NaN            NaN            NaN            NaN            NaN            NaN            NaN            NaN            NaN            NaN            NaN
        0.94071            NaN            NaN            NaN            NaN            NaN            NaN            NaN            NaN            NaN            NaN            NaN            NaN            NaN            NaN
        0.94143            NaN            NaN            NaN            NaN            NaN            NaN            NaN            NaN            NaN            NaN            NaN            NaN            NaN            NaN
        0.94214            NaN            NaN            NaN            NaN            NaN            NaN            NaN            NaN            NaN            NaN            NaN            NaN            NaN            NaN
        0.94286            NaN            NaN            NaN            NaN            NaN            NaN            NaN            NaN            NaN            NaN            NaN            NaN            NaN            NaN
        0.94357            NaN            NaN            NaN            NaN            NaN            NaN            NaN            NaN            NaN            NaN            NaN            NaN            NaN            NaN
        0.94429            NaN            NaN            NaN            NaN            NaN            NaN            NaN            NaN            NaN            NaN            NaN            NaN            NaN            NaN
          0.945            NaN            NaN            NaN            NaN            NaN            NaN            NaN            NaN            NaN            NaN            NaN            NaN            NaN            NaN
        0.94571            NaN            NaN            NaN            NaN            NaN            NaN            NaN            NaN            NaN            NaN            NaN            NaN            NaN            NaN
        0.94643            NaN            NaN            NaN            NaN            NaN            NaN            NaN            NaN            NaN            NaN            NaN            NaN            NaN            NaN
        0.94714            NaN            NaN            NaN            NaN            NaN            NaN            NaN            NaN            NaN            NaN            NaN            NaN            NaN            NaN
        0.94786            NaN            NaN            NaN            NaN            NaN            NaN            NaN            NaN            NaN            NaN            NaN            NaN            NaN            NaN
        0.94857            NaN            NaN            NaN            NaN            NaN            NaN            NaN            NaN            NaN            NaN            NaN            NaN            NaN            NaN
        0.94929            NaN            NaN            NaN            NaN            NaN            NaN            NaN            NaN            NaN            NaN            NaN            NaN            NaN            NaN
           0.95            NaN            NaN            NaN            NaN            NaN            NaN            NaN            NaN            NaN            NaN            NaN            NaN            NaN            NaN
        0.95071            NaN            NaN            NaN            NaN            NaN            NaN            NaN            NaN            NaN            NaN            NaN            NaN            NaN            NaN
        0.95143            NaN            NaN            NaN            NaN            NaN            NaN            NaN            NaN            NaN            NaN            NaN            NaN            NaN            NaN
        0.95214            NaN            NaN            NaN            NaN            NaN            NaN            NaN            NaN            NaN            NaN            NaN            NaN            NaN            NaN
        0.95286            NaN            NaN            NaN            NaN            NaN            NaN            NaN            NaN            NaN            NaN            NaN            NaN            NaN            NaN
        0.95357            NaN            NaN            NaN            NaN            NaN            NaN            NaN            NaN            NaN            NaN            NaN            NaN            NaN            NaN
        0.95429            NaN            NaN            NaN            NaN            NaN            NaN            NaN            NaN            NaN            NaN            NaN            NaN            NaN            NaN
          0.955            NaN            NaN            NaN            NaN            NaN            NaN            NaN            NaN            NaN            NaN            NaN            NaN            NaN            NaN
        0.95571            NaN            NaN            NaN            NaN            NaN            NaN            NaN            NaN            NaN            NaN            NaN            NaN            NaN            NaN
        0.95643            NaN            NaN            NaN            NaN            NaN            NaN            NaN            NaN            NaN            NaN            NaN            NaN            NaN            NaN
        0.95714            NaN            NaN            NaN            NaN            NaN            NaN            NaN            NaN            NaN            NaN            NaN            NaN            NaN            NaN
        0.95786            NaN            NaN            NaN            NaN            NaN            NaN            NaN            NaN            NaN            NaN            NaN            NaN            NaN            NaN
        0.95857            NaN            NaN            NaN            NaN            NaN            NaN            NaN            NaN            NaN            NaN            NaN            NaN            NaN            NaN
        0.95929            NaN            NaN            NaN            NaN            NaN            NaN            NaN            NaN            NaN            NaN            NaN            NaN            NaN            NaN
           0.96            NaN            NaN            NaN            NaN            NaN            NaN            NaN            NaN            NaN            NaN            NaN            NaN            NaN            NaN
        0.96071            NaN            NaN            NaN            NaN            NaN            NaN            NaN            NaN            NaN            NaN            NaN            NaN            NaN            NaN
        0.96143            NaN            NaN            NaN            NaN            NaN            NaN            NaN            NaN            NaN            NaN            NaN            NaN            NaN            NaN
        0.96214            NaN            NaN            NaN            NaN            NaN            NaN            NaN            NaN            NaN            NaN            NaN            NaN            NaN            NaN
        0.96286            NaN            NaN            NaN            NaN            NaN            NaN            NaN            NaN            NaN            NaN            NaN            NaN            NaN            NaN
        0.96357            NaN            NaN            NaN            NaN            NaN            NaN            NaN            NaN            NaN            NaN            NaN            NaN            NaN            NaN
        0.96429            NaN            NaN            NaN            NaN            NaN            NaN            NaN            NaN            NaN            NaN            NaN            NaN            NaN            NaN
          0.965            NaN            NaN            NaN            NaN            NaN            NaN            NaN            NaN            NaN            NaN            NaN            NaN            NaN            NaN
        0.96571            NaN            NaN            NaN            NaN            NaN            NaN            NaN            NaN            NaN            NaN            NaN            NaN            NaN            NaN
        0.96643            NaN            NaN            NaN            NaN            NaN            NaN            NaN            NaN            NaN            NaN            NaN            NaN            NaN            NaN
        0.96714            NaN            NaN            NaN            NaN            NaN            NaN            NaN            NaN            NaN            NaN            NaN            NaN            NaN            NaN
        0.96786            NaN            NaN            NaN            NaN            NaN            NaN            NaN            NaN            NaN            NaN            NaN            NaN            NaN            NaN
        0.96857            NaN            NaN            NaN            NaN            NaN            NaN            NaN            NaN            NaN            NaN            NaN            NaN            NaN            NaN
        0.96929            NaN            NaN            NaN            NaN            NaN            NaN            NaN            NaN            NaN            NaN            NaN            NaN            NaN            NaN
           0.97            NaN            NaN            NaN            NaN            NaN            NaN            NaN            NaN            NaN            NaN            NaN            NaN            NaN            NaN
        0.97071            NaN            NaN            NaN            NaN            NaN            NaN            NaN            NaN            NaN            NaN            NaN            NaN            NaN            NaN
        0.97143            NaN            NaN            NaN            NaN            NaN            NaN            NaN            NaN            NaN            NaN            NaN            NaN            NaN            NaN
        0.97214            NaN            NaN            NaN            NaN            NaN            NaN            NaN            NaN            NaN            NaN            NaN            NaN            NaN            NaN
        0.97286            NaN            NaN            NaN            NaN            NaN            NaN            NaN            NaN            NaN            NaN            NaN            NaN            NaN            NaN
        0.97357            NaN            NaN            NaN            NaN            NaN            NaN            NaN            NaN            NaN            NaN            NaN            NaN            NaN            NaN
        0.97429            NaN            NaN            NaN            NaN            NaN            NaN            NaN            NaN            NaN            NaN            NaN            NaN            NaN            NaN
          0.975            NaN            NaN            NaN            NaN            NaN            NaN            NaN            NaN            NaN            NaN            NaN            NaN            NaN            NaN
        0.97571            NaN            NaN            NaN            NaN            NaN            NaN            NaN            NaN            NaN            NaN            NaN            NaN            NaN            NaN
        0.97643            NaN            NaN            NaN            NaN            NaN            NaN            NaN            NaN            NaN            NaN            NaN            NaN            NaN            NaN
        0.97714            NaN            NaN            NaN            NaN            NaN            NaN            NaN            NaN            NaN            NaN            NaN            NaN            NaN            NaN
        0.97786            NaN            NaN            NaN            NaN            NaN            NaN            NaN            NaN            NaN            NaN            NaN            NaN            NaN            NaN
        0.97857            NaN            NaN            NaN            NaN            NaN            NaN            NaN            NaN            NaN            NaN            NaN            NaN            NaN            NaN
        0.97929            NaN            NaN            NaN            NaN            NaN            NaN            NaN            NaN            NaN            NaN            NaN            NaN            NaN            NaN
           0.98            NaN            NaN            NaN            NaN            NaN            NaN            NaN            NaN            NaN            NaN            NaN            NaN            NaN            NaN
        0.98071            NaN            NaN            NaN            NaN            NaN            NaN            NaN            NaN            NaN            NaN            NaN            NaN            NaN            NaN
        0.98143            NaN            NaN            NaN            NaN            NaN            NaN            NaN            NaN            NaN            NaN            NaN            NaN            NaN            NaN
        0.98214            NaN            NaN            NaN            NaN            NaN            NaN            NaN            NaN            NaN            NaN            NaN            NaN            NaN            NaN
        0.98286            NaN            NaN            NaN            NaN            NaN            NaN            NaN            NaN            NaN            NaN            NaN            NaN            NaN            NaN
        0.98357            NaN            NaN            NaN            NaN            NaN            NaN            NaN            NaN            NaN            NaN            NaN            NaN            NaN            NaN
        0.98429            NaN            NaN            NaN            NaN            NaN            NaN            NaN            NaN            NaN            NaN            NaN            NaN            NaN            NaN
          0.985            NaN            NaN            NaN            NaN            NaN            NaN            NaN            NaN            NaN            NaN            NaN            NaN            NaN            NaN
        0.98571            NaN            NaN            NaN            NaN            NaN            NaN            NaN            NaN            NaN            NaN            NaN            NaN            NaN            NaN
        0.98643            NaN            NaN            NaN            NaN            NaN            NaN            NaN            NaN            NaN            NaN            NaN            NaN            NaN            NaN
        0.98714            NaN            NaN            NaN            NaN            NaN            NaN            NaN            NaN            NaN            NaN            NaN            NaN            NaN            NaN
        0.98786            NaN            NaN            NaN            NaN            NaN            NaN            NaN            NaN            NaN            NaN            NaN            NaN            NaN            NaN
        0.98857            NaN            NaN            NaN            NaN            NaN            NaN            NaN            NaN            NaN            NaN            NaN            NaN            NaN            NaN
        0.98929            NaN            NaN            NaN            NaN            NaN            NaN            NaN            NaN            NaN            NaN            NaN            NaN            NaN            NaN
           0.99            NaN            NaN            NaN            NaN            NaN            NaN            NaN            NaN            NaN            NaN            NaN            NaN            NaN            NaN
        0.99071            NaN            NaN            NaN            NaN            NaN            NaN            NaN            NaN            NaN            NaN            NaN            NaN            NaN            NaN
        0.99143            NaN            NaN            NaN            NaN            NaN            NaN            NaN            NaN            NaN            NaN            NaN            NaN            NaN            NaN
        0.99214            NaN            NaN            NaN            NaN            NaN            NaN            NaN            NaN            NaN            NaN            NaN            NaN            NaN            NaN
        0.99286            NaN            NaN            NaN            NaN            NaN            NaN            NaN            NaN            NaN            NaN            NaN            NaN            NaN            NaN
        0.99357            NaN            NaN            NaN            NaN            NaN            NaN            NaN            NaN            NaN            NaN            NaN            NaN            NaN            NaN
        0.99429            NaN            NaN            NaN            NaN            NaN            NaN            NaN            NaN            NaN            NaN            NaN            NaN            NaN            NaN
          0.995            NaN            NaN            NaN            NaN            NaN            NaN            NaN            NaN            NaN            NaN            NaN            NaN            NaN            NaN
        0.99571            NaN            NaN            NaN            NaN            NaN            NaN            NaN            NaN            NaN            NaN            NaN            NaN            NaN            NaN
        0.99643            NaN            NaN            NaN            NaN            NaN            NaN            NaN            NaN            NaN            NaN            NaN            NaN            NaN            NaN
        0.99714            NaN            NaN            NaN            NaN            NaN            NaN            NaN            NaN            NaN            NaN            NaN            NaN            NaN            NaN
        0.99786            NaN            NaN            NaN            NaN            NaN            NaN            NaN            NaN            NaN            NaN            NaN            NaN            NaN            NaN
        0.99857            NaN            NaN            NaN            NaN            NaN            NaN            NaN            NaN            NaN            NaN            NaN            NaN            NaN            NaN
        0.99929            NaN            NaN            NaN            NaN            NaN            NaN            NaN            NaN            NaN            NaN            NaN            NaN            NaN            NaN
              1            NaN            NaN            NaN            NaN            NaN            NaN            NaN            NaN            NaN            NaN            NaN            NaN            NaN            NaN
