; moh24ep.txt
              0        -89.136        -83.181        -78.161        -74.799        -73.486        -74.667        -78.322        0.24203        0.17147       0.070238      -0.078597       -0.26953       -0.46395         0.3935
     0.00071429        -89.151        -83.262        -78.368        -75.231        -74.224        -75.487        -78.217        0.24195        0.17139       0.070373      -0.077241       -0.26383       -0.44952        0.40666
      0.0014286        -89.166        -83.343        -78.575        -75.659        -74.942         -76.27        -78.501        0.24188        0.17131       0.070479      -0.076012       -0.25878       -0.43868        0.40637
      0.0021429        -89.182        -83.424        -78.781        -76.083        -75.644         -77.05        -79.174         0.2418        0.17121       0.070556      -0.074923       -0.25447       -0.43153        0.39557
      0.0028571        -89.197        -83.506        -78.987        -76.504        -76.331        -77.853        -80.185        0.24173        0.17112       0.070601      -0.073985       -0.25097        -0.4281        0.37499
      0.0035714        -89.213        -83.588        -79.192         -76.92        -77.006        -78.695        -81.441        0.24165        0.17101       0.070614      -0.073209       -0.24835        -0.4284        0.34401
      0.0042857         -89.23         -83.67        -79.397        -77.333        -77.672        -79.582        -82.773        0.24156         0.1709       0.070593      -0.072608       -0.24667       -0.43249        0.30144
          0.005        -89.246        -83.752        -79.602        -77.742         -78.33        -80.512        -83.905        0.24148        0.17077       0.070536      -0.072192       -0.24598        -0.4405        0.24729
      0.0057143        -89.263        -83.834        -79.807        -78.147        -78.982        -81.471        -84.541         0.2414        0.17064       0.070442      -0.071973       -0.24635       -0.45264        0.18538
      0.0064286        -89.279        -83.917         -80.01        -78.549        -79.629        -82.432        -84.599        0.24131        0.17051       0.070309      -0.071963       -0.24783       -0.46911        0.12283
      0.0071429        -89.297            -84        -80.214        -78.946        -80.271        -83.353        -84.283        0.24122        0.17036       0.070135      -0.072174       -0.25046       -0.49005       0.065001
      0.0078571        -89.314        -84.083        -80.417        -79.341        -80.907        -84.176         -83.86        0.24113        0.17021        0.06992      -0.072617       -0.25429        -0.5153       0.012807
      0.0085714        -89.331        -84.166        -80.619        -79.731        -81.537        -84.841        -83.489        0.24104        0.17004        0.06966      -0.073303       -0.25937       -0.54421      -0.035329
      0.0092857        -89.349         -84.25        -80.821        -80.119        -82.156        -85.298        -83.232        0.24094        0.16987       0.069355      -0.074244       -0.26573       -0.57559      -0.081344
           0.01        -89.367        -84.333        -81.023        -80.502         -82.76        -85.533         -83.09        0.24084        0.16969       0.069003      -0.075451       -0.27342       -0.60788       -0.12675
       0.010714        -89.385        -84.417        -81.224        -80.882        -83.344         -85.57        -83.041        0.24074        0.16949       0.068601      -0.076934       -0.28243       -0.63965       -0.17253
       0.011429        -89.403        -84.501        -81.424        -81.257        -83.901        -85.461         -83.05        0.24064        0.16929       0.068148      -0.078705       -0.29278       -0.66992       -0.21922
       0.012143        -89.422        -84.585        -81.624        -81.629        -84.423        -85.264        -83.086        0.24054        0.16908       0.067643      -0.080773        -0.3044       -0.69834       -0.26697
       0.012857        -89.441         -84.67        -81.823        -81.996        -84.902        -85.027        -83.124        0.24043        0.16886       0.067083      -0.083147       -0.31724       -0.72496       -0.31571
       0.013571         -89.46        -84.754        -82.021        -82.359         -85.33        -84.784        -83.146        0.24032        0.16862       0.066467      -0.085838       -0.33116       -0.75006       -0.36519
       0.014286        -89.479        -84.839        -82.219        -82.716        -85.699        -84.556        -83.146        0.24021        0.16838       0.065792      -0.088853         -0.346       -0.77403       -0.41513
          0.015        -89.498        -84.924        -82.416        -83.068        -86.004        -84.353        -83.126        0.24009        0.16812       0.065058        -0.0922       -0.36156       -0.79719        -0.4653
       0.015714        -89.518        -85.009        -82.613        -83.414        -86.244        -84.179        -83.093        0.23998        0.16786       0.064261      -0.095885       -0.37761       -0.81986       -0.51556
       0.016429        -89.538        -85.094        -82.808        -83.753        -86.418        -84.034        -83.052        0.23986        0.16758         0.0634      -0.099914       -0.39391       -0.84228       -0.56586
       0.017143        -89.558         -85.18        -83.003        -84.085        -86.532        -83.914        -83.011        0.23974        0.16729       0.062474       -0.10429       -0.41026       -0.86461        -0.6162
       0.017857        -89.578        -85.265        -83.197        -84.408        -86.589        -83.816        -82.972        0.23961        0.16698       0.061479       -0.10902       -0.42647         -0.887       -0.66664
       0.018571        -89.599        -85.351         -83.39        -84.722          -86.6        -83.736        -82.937        0.23949        0.16667       0.060416       -0.11409       -0.44239       -0.90952       -0.71724
       0.019286         -89.62        -85.437        -83.583        -85.026        -86.571        -83.669        -82.905        0.23936        0.16634        0.05928       -0.11951       -0.45794       -0.93224       -0.76805
           0.02        -89.641        -85.523        -83.774        -85.319        -86.512         -83.61        -82.876        0.23922        0.16599       0.058071       -0.12528       -0.47305       -0.95517        -0.8191
       0.020714        -89.662        -85.609        -83.964          -85.6        -86.429        -83.558        -82.848        0.23909        0.16564       0.056787       -0.13137       -0.48771       -0.97833       -0.87039
       0.021429        -89.683        -85.695        -84.154        -85.868        -86.331        -83.508         -82.82        0.23895        0.16527       0.055426       -0.13779       -0.50194        -1.0017       -0.92194
       0.022143        -89.705        -85.782        -84.342        -86.122        -86.223        -83.458        -82.791        0.23881        0.16488       0.053986       -0.14452       -0.51576        -1.0253       -0.97372
       0.022857        -89.726        -85.868        -84.529         -86.36        -86.109        -83.407        -82.761        0.23867        0.16448       0.052465       -0.15154       -0.52921         -1.049        -1.0257
       0.023571        -89.748        -85.955        -84.715        -86.583        -85.993        -83.355        -82.729        0.23852        0.16407       0.050862       -0.15884       -0.54234         -1.073         -1.078
       0.024286        -89.771        -86.042        -84.899        -86.788        -85.877        -83.299        -82.697        0.23837        0.16364       0.049175       -0.16638       -0.55519         -1.097        -1.1304
          0.025        -89.793        -86.128        -85.082        -86.976        -85.764        -83.242        -82.665        0.23822         0.1632       0.047402       -0.17414       -0.56782        -1.1212        -1.1831
       0.025714        -89.816        -86.215        -85.264        -87.146        -85.654        -83.181        -82.632        0.23806        0.16273       0.045542        -0.1821       -0.58026        -1.1454         -1.236
       0.026429        -89.839        -86.302        -85.444        -87.298         -85.55        -83.119        -82.598         0.2379        0.16226       0.043593       -0.19022       -0.59256        -1.1698        -1.2891
       0.027143        -89.862        -86.389        -85.622        -87.432         -85.45        -83.054        -82.565        0.23774        0.16176       0.041553       -0.19847       -0.60476        -1.1942        -1.3424
       0.027857        -89.885        -86.477        -85.798        -87.547        -85.355        -82.989        -82.531        0.23757        0.16125       0.039422       -0.20683       -0.61688        -1.2187         -1.396
       0.028571        -89.908        -86.564        -85.973        -87.645        -85.265        -82.922        -82.497         0.2374        0.16073       0.037198       -0.21526       -0.62894        -1.2432        -1.4498
       0.029286        -89.932        -86.651        -86.145        -87.725         -85.18        -82.855        -82.463        0.23723        0.16018       0.034881       -0.22373       -0.64099        -1.2679        -1.5038
           0.03        -89.956        -86.738        -86.316        -87.788          -85.1        -82.787        -82.429        0.23705        0.15962       0.032468       -0.23222       -0.65302        -1.2926        -1.5581
       0.030714         -89.98        -86.826        -86.484        -87.836        -85.024        -82.718        -82.394        0.23687        0.15903        0.02996       -0.24071       -0.66507        -1.3174        -1.6126
       0.031429        -90.004        -86.913         -86.65        -87.869        -84.952         -82.65        -82.359        0.23669        0.15843       0.027355       -0.24916       -0.67714        -1.3422        -1.6674
       0.032143        -90.029        -87.001        -86.813        -87.888        -84.883        -82.582        -82.323         0.2365        0.15781       0.024654       -0.25757       -0.68924        -1.3672        -1.7223
       0.032857        -90.054        -87.088        -86.974        -87.894        -84.817        -82.513        -82.287        0.23631        0.15717       0.021855       -0.26592       -0.70138        -1.3922        -1.7776
       0.033571        -90.079        -87.176        -87.132        -87.889        -84.753        -82.445        -82.251        0.23612        0.15651       0.018959       -0.27419       -0.71356        -1.4173         -1.833
       0.034286        -90.104        -87.263        -87.286        -87.874        -84.692        -82.376        -82.214        0.23592        0.15583       0.015966       -0.28238        -0.7258        -1.4425        -1.8887
          0.035        -90.129        -87.351        -87.438         -87.85        -84.632        -82.307        -82.177        0.23571        0.15513       0.012876       -0.29047       -0.73809        -1.4678        -1.9447
       0.035714        -90.155        -87.438        -87.586        -87.817        -84.574        -82.238         -82.14        0.23551        0.15441      0.0096894       -0.29847       -0.75044        -1.4931        -2.0009
       0.036429        -90.181        -87.525        -87.731        -87.778        -84.516        -82.169        -82.102         0.2353        0.15367      0.0064074       -0.30637       -0.76285        -1.5186        -2.0573
       0.037143        -90.207        -87.613        -87.872        -87.733         -84.46        -82.099        -82.064        0.23508         0.1529      0.0030308       -0.31417       -0.77531        -1.5441         -2.114
       0.037857        -90.233          -87.7         -88.01        -87.682        -84.404         -82.03        -82.025        0.23486        0.15212    -0.00043894       -0.32188       -0.78783        -1.5698         -2.171
       0.038571        -90.259        -87.787        -88.143        -87.627        -84.348        -81.959        -81.987        0.23464        0.15131     -0.0040003       -0.32949        -0.8004        -1.5955        -2.2282
       0.039286        -90.286        -87.874        -88.272        -87.569        -84.293        -81.889        -81.947        0.23441        0.15047     -0.0076513       -0.33701       -0.81303        -1.6213        -2.2856
           0.04        -90.313        -87.962        -88.397        -87.508        -84.238        -81.818        -81.908        0.23418        0.14962       -0.01139       -0.34445       -0.82571        -1.6472        -2.3433
       0.040714         -90.34        -88.048        -88.517        -87.445        -84.182        -81.747        -81.868        0.23395        0.14874      -0.015213       -0.35181       -0.83845        -1.6732        -2.4013
       0.041429        -90.367        -88.135        -88.633         -87.38        -84.127        -81.676        -81.828        0.23371        0.14783      -0.019119       -0.35909       -0.85124        -1.6993        -2.4595
       0.042143        -90.394        -88.222        -88.744        -87.314        -84.071        -81.604        -81.787        0.23346         0.1469      -0.023105       -0.36631       -0.86408        -1.7255         -2.518
       0.042857        -90.422        -88.309        -88.851        -87.247        -84.015        -81.532        -81.746        0.23321        0.14595      -0.027166       -0.37346       -0.87696        -1.7517        -2.5767
       0.043571         -90.45        -88.395        -88.952        -87.179        -83.959        -81.459        -81.704        0.23296        0.14497        -0.0313       -0.38056       -0.88989        -1.7781        -2.6357
       0.044286        -90.478        -88.481        -89.048        -87.112        -83.902        -81.386        -81.663         0.2327        0.14396      -0.035503        -0.3876       -0.90287        -1.8046         -2.695
          0.045        -90.506        -88.567        -89.139        -87.044        -83.846        -81.313         -81.62        0.23243        0.14293      -0.039771        -0.3946        -0.9159        -1.8311        -2.7546
       0.045714        -90.535        -88.653        -89.224        -86.977        -83.789        -81.239        -81.578        0.23216        0.14187      -0.044099       -0.40157       -0.92897        -1.8577        -2.8144
       0.046429        -90.563        -88.738        -89.305         -86.91        -83.731        -81.165        -81.535        0.23189        0.14078      -0.048484        -0.4085       -0.94208        -1.8845        -2.8745
       0.047143        -90.592        -88.824        -89.379        -86.844        -83.674        -81.091        -81.492        0.23161        0.13967      -0.052922        -0.4154       -0.95524        -1.9113        -2.9348
       0.047857        -90.621        -88.909        -89.449        -86.778        -83.616        -81.016        -81.448        0.23132        0.13853      -0.057406       -0.42228       -0.96844        -1.9382        -2.9955
       0.048571         -90.65        -88.993        -89.513        -86.713        -83.558        -80.941        -81.404        0.23103        0.13736      -0.061934       -0.42914       -0.98169        -1.9652        -3.0564
       0.049286         -90.68        -89.078        -89.571        -86.649          -83.5        -80.866         -81.36        0.23074        0.13616        -0.0665       -0.43599       -0.99497        -1.9923        -3.1176
           0.05        -90.709        -89.162        -89.624        -86.586        -83.441         -80.79        -81.315        0.23044        0.13494      -0.071099       -0.44283        -1.0083        -2.0195        -3.1791
       0.050714        -90.739        -89.246        -89.672        -86.524        -83.383        -80.714         -81.27        0.23013        0.13368      -0.075728       -0.44966        -1.0217        -2.0468        -3.2408
       0.051429        -90.769        -89.329        -89.715        -86.462        -83.324        -80.638        -81.225        0.22982         0.1324      -0.080381       -0.45648        -1.0351        -2.0741        -3.3029
       0.052143        -90.799        -89.412        -89.752        -86.401        -83.265        -80.561        -81.179         0.2295        0.13108      -0.085054       -0.46331        -1.0485        -2.1016        -3.3652
       0.052857        -90.829        -89.494        -89.784        -86.342        -83.206        -80.483        -81.133        0.22918        0.12974      -0.089744       -0.47014         -1.062        -2.1292        -3.4278
       0.053571         -90.86        -89.576        -89.811        -86.283        -83.146        -80.406        -81.086        0.22885        0.12836      -0.094445       -0.47698        -1.0756        -2.1569        -3.4908
       0.054286        -90.891        -89.658        -89.833        -86.225        -83.087        -80.328        -81.039        0.22851        0.12695      -0.099153       -0.48382        -1.0892        -2.1846         -3.554
          0.055        -90.922        -89.739        -89.851        -86.167        -83.027        -80.249        -80.992        0.22817        0.12552       -0.10387       -0.49067        -1.1028        -2.2125        -3.6175
       0.055714        -90.953        -89.819        -89.863        -86.111        -82.967         -80.17        -80.944        0.22782        0.12405       -0.10858       -0.49754        -1.1165        -2.2404        -3.6813
       0.056429        -90.984        -89.899        -89.872        -86.055        -82.908        -80.091        -80.896        0.22747        0.12255       -0.11329       -0.50441        -1.1302        -2.2685        -3.7454
       0.057143        -91.015        -89.978        -89.876            -86        -82.848        -80.012        -80.848        0.22711        0.12101       -0.11799       -0.51131        -1.1439        -2.2966        -3.8098
       0.057857        -91.047        -90.057        -89.875        -85.946        -82.788        -79.932        -80.799        0.22674        0.11945       -0.12269       -0.51822        -1.1578        -2.3249        -3.8746
       0.058571        -91.079        -90.135        -89.871        -85.892        -82.727        -79.851         -80.75        0.22637        0.11785       -0.12737       -0.52515        -1.1716        -2.3532        -3.9396
       0.059286        -91.111        -90.212        -89.863        -85.838        -82.667         -79.77        -80.701        0.22599        0.11622       -0.13204       -0.53209        -1.1855        -2.3817        -4.0049
           0.06        -91.143        -90.288        -89.852        -85.785        -82.606        -79.689        -80.652         0.2256        0.11456        -0.1367       -0.53906        -1.1994        -2.4102        -4.0706
       0.060714        -91.175        -90.364        -89.837        -85.733        -82.546        -79.607        -80.602        0.22521        0.11286       -0.14134       -0.54605        -1.2134        -2.4389        -4.1366
       0.061429        -91.208        -90.439        -89.819        -85.681        -82.485        -79.525        -80.551        0.22481        0.11114       -0.14596       -0.55306        -1.2274        -2.4676        -4.2029
       0.062143         -91.24        -90.513        -89.798         -85.63        -82.424        -79.442        -80.501         0.2244        0.10938       -0.15056       -0.56009        -1.2415        -2.4965        -4.2695
       0.062857        -91.273        -90.586        -89.774        -85.578        -82.363        -79.359         -80.45        0.22398        0.10758       -0.15513       -0.56715        -1.2556        -2.5254        -4.3364
       0.063571        -91.306        -90.658        -89.747        -85.527        -82.302        -79.276        -80.399        0.22356        0.10575       -0.15969       -0.57422        -1.2698        -2.5545        -4.4037
       0.064286        -91.339         -90.73        -89.718        -85.477        -82.241        -79.192        -80.347        0.22313        0.10389       -0.16422       -0.58132         -1.284        -2.5836        -4.4712
          0.065        -91.372          -90.8        -89.686        -85.426        -82.179        -79.107        -80.296         0.2227          0.102       -0.16874       -0.58845        -1.2982        -2.6129        -4.5392
       0.065714        -91.406        -90.869        -89.653        -85.376        -82.118        -79.023        -80.244        0.22225        0.10007       -0.17322        -0.5956        -1.3125        -2.6422        -4.6074
       0.066429        -91.439        -90.938        -89.617        -85.326        -82.056        -78.937        -80.192         0.2218       0.098114       -0.17769       -0.60277        -1.3269        -2.6717         -4.676
       0.067143        -91.473        -91.005        -89.579        -85.276        -81.994        -78.852        -80.139        0.22134       0.096121       -0.18213       -0.60997        -1.3413        -2.7012        -4.7449
       0.067857        -91.507        -91.071         -89.54        -85.227        -81.932        -78.765        -80.087        0.22087       0.094096       -0.18655       -0.61719        -1.3557        -2.7309        -4.8142
       0.068571        -91.541        -91.135          -89.5        -85.177         -81.87        -78.679        -80.034         0.2204       0.092038       -0.19095       -0.62444        -1.3702        -2.7607        -4.8838
       0.069286        -91.575        -91.199        -89.457        -85.127        -81.808        -78.591        -79.981        0.21991       0.089948       -0.19532       -0.63171        -1.3847        -2.7905        -4.9538
           0.07        -91.609        -91.261        -89.414        -85.078        -81.746        -78.504        -79.927        0.21942       0.087825       -0.19967       -0.63901        -1.3993        -2.8205        -5.0241
       0.070714        -91.644        -91.322         -89.37        -85.029        -81.683        -78.416        -79.874        0.21892       0.085671       -0.20401       -0.64633        -1.4139        -2.8506        -5.0948
       0.071429        -91.678        -91.382        -89.324        -84.979         -81.62        -78.327         -79.82        0.21841       0.083485       -0.20832       -0.65368        -1.4286        -2.8808        -5.1658
       0.072143        -91.713        -91.441        -89.277         -84.93        -81.557        -78.238        -79.766        0.21789       0.081268       -0.21261       -0.66105        -1.4433        -2.9111        -5.2372
       0.072857        -91.748        -91.497         -89.23        -84.881        -81.494        -78.148        -79.712        0.21737        0.07902       -0.21689       -0.66845        -1.4581        -2.9415         -5.309
       0.073571        -91.783        -91.553        -89.182        -84.831        -81.431        -78.058        -79.658        0.21683       0.076742       -0.22114       -0.67587        -1.4729         -2.972        -5.3811
       0.074286        -91.818        -91.607        -89.133        -84.782        -81.368        -77.967        -79.604        0.21629       0.074433       -0.22538       -0.68332        -1.4877        -3.0026        -5.4536
          0.075        -91.853        -91.659        -89.084        -84.733        -81.305        -77.876         -79.55        0.21574       0.072095       -0.22961       -0.69079        -1.5026        -3.0333        -5.5264
       0.075714        -91.888         -91.71        -89.034        -84.683        -81.241        -77.784        -79.495        0.21518       0.069728       -0.23382       -0.69828        -1.5176        -3.0642        -5.5997
       0.076429        -91.924         -91.76        -88.984        -84.634        -81.177        -77.692        -79.441         0.2146       0.067333       -0.23802        -0.7058        -1.5326        -3.0951        -5.6733
       0.077143        -91.959        -91.808        -88.934        -84.584        -81.113        -77.599        -79.386        0.21402        0.06491        -0.2422       -0.71335        -1.5476        -3.1261        -5.7473
       0.077857        -91.995        -91.854        -88.883        -84.535        -81.049        -77.506        -79.332        0.21343        0.06246       -0.24638       -0.72092        -1.5627        -3.1573        -5.8217
       0.078571        -92.031        -91.898        -88.832        -84.485        -80.985        -77.412        -79.278        0.21283       0.059983       -0.25054       -0.72851        -1.5779        -3.1886        -5.8964
       0.079286        -92.066        -91.941        -88.781        -84.436        -80.921        -77.318        -79.223        0.21222       0.057481       -0.25469       -0.73613        -1.5931        -3.2199        -5.9716
           0.08        -92.102        -91.982         -88.73        -84.386        -80.856        -77.223        -79.169         0.2116       0.054953       -0.25884       -0.74378        -1.6083        -3.2514        -6.0472
       0.080714        -92.138        -92.021        -88.678        -84.336        -80.791        -77.127        -79.115        0.21098       0.052401       -0.26297       -0.75145        -1.6236         -3.283        -6.1231
       0.081429        -92.174        -92.059        -88.627        -84.286        -80.726        -77.031        -79.061        0.21034       0.049826        -0.2671       -0.75914        -1.6389        -3.3147        -6.1995
       0.082143         -92.21        -92.094        -88.576        -84.237        -80.661        -76.935        -79.007        0.20969       0.047227       -0.27123       -0.76686        -1.6543        -3.3466        -6.2763
       0.082857        -92.246        -92.128        -88.524        -84.187        -80.596        -76.838        -78.953        0.20903       0.044607       -0.27535        -0.7746        -1.6698        -3.3785        -6.3535
       0.083571        -92.283         -92.16        -88.473        -84.137        -80.531         -76.74        -78.899        0.20836       0.041966       -0.27947       -0.78237        -1.6853        -3.4106        -6.4311
       0.084286        -92.319         -92.19        -88.422        -84.087        -80.465        -76.641        -78.846        0.20767       0.039305       -0.28358       -0.79016        -1.7008        -3.4427        -6.5092
          0.085        -92.355        -92.219        -88.371        -84.036          -80.4        -76.542        -78.793        0.20698       0.036624       -0.28769       -0.79797        -1.7164         -3.475        -6.5876
       0.085714        -92.392        -92.245         -88.32        -83.986        -80.334        -76.443        -78.741        0.20628       0.033925        -0.2918       -0.80582         -1.732        -3.5074        -6.6665
       0.086429        -92.428         -92.27        -88.269        -83.936        -80.268        -76.343        -78.688        0.20556       0.031209       -0.29591       -0.81368        -1.7477        -3.5399        -6.7458
       0.087143        -92.465        -92.293        -88.218        -83.886        -80.201        -76.242        -78.636        0.20484       0.028476       -0.30002       -0.82157        -1.7634        -3.5725        -6.8256
       0.087857        -92.501        -92.313        -88.168        -83.835        -80.135        -76.141        -78.585         0.2041       0.025728       -0.30414       -0.82949        -1.7792        -3.6053        -6.9058
       0.088571        -92.538        -92.332        -88.117        -83.785        -80.069        -76.039        -78.534        0.20336       0.022965       -0.30825       -0.83743        -1.7951        -3.6381        -6.9864
       0.089286        -92.574        -92.349        -88.067        -83.734        -80.002        -75.936        -78.483         0.2026       0.020188       -0.31236       -0.84539         -1.811        -3.6711        -7.0675
           0.09        -92.611        -92.364        -88.017        -83.684        -79.935        -75.833        -78.434        0.20183       0.017398       -0.31648       -0.85338        -1.8269        -3.7042        -7.1491
       0.090714        -92.647        -92.378        -87.967        -83.633        -79.868        -75.729        -78.384        0.20104       0.014597       -0.32061        -0.8614        -1.8429        -3.7374        -7.2311
       0.091429        -92.684        -92.389        -87.918        -83.582        -79.801        -75.624        -78.336        0.20025       0.011785       -0.32473       -0.86944        -1.8589        -3.7707        -7.3136
       0.092143        -92.721        -92.399        -87.868        -83.531        -79.733        -75.519        -78.288        0.19944      0.0089626       -0.32887        -0.8775         -1.875        -3.8041        -7.3965
       0.092857        -92.757        -92.407        -87.819        -83.481        -79.665        -75.413        -78.241        0.19862      0.0061314       -0.33301       -0.88559        -1.8912        -3.8377        -7.4799
       0.093571        -92.794        -92.412         -87.77         -83.43        -79.598        -75.307        -78.195        0.19779      0.0032921       -0.33715       -0.89371        -1.9074        -3.8714        -7.5638
       0.094286         -92.83        -92.417        -87.721        -83.379         -79.53          -75.2         -78.15        0.19695     0.00044555        -0.3413       -0.90185        -1.9236        -3.9052        -7.6482
          0.095        -92.867        -92.419        -87.673        -83.328        -79.461        -75.092        -78.106        0.19609     -0.0024074       -0.34546       -0.91002        -1.9399        -3.9391        -7.7331
       0.095714        -92.903         -92.42        -87.624        -83.276        -79.393        -74.984        -78.063        0.19522     -0.0052659       -0.34963       -0.91821        -1.9562        -3.9732        -7.8185
       0.096429        -92.939        -92.418        -87.576        -83.225        -79.324        -74.874        -78.021        0.19434     -0.0081291        -0.3538       -0.92642        -1.9727        -4.0073        -7.9044
       0.097143        -92.976        -92.415        -87.528        -83.174        -79.256        -74.765         -77.98        0.19345      -0.010996       -0.35798       -0.93467        -1.9891        -4.0416        -7.9907
       0.097857        -93.012        -92.411        -87.481        -83.123        -79.187        -74.654         -77.94        0.19254      -0.013866       -0.36217       -0.94294        -2.0056         -4.076        -8.0776
       0.098571        -93.048        -92.405        -87.433        -83.071        -79.118        -74.543        -77.902        0.19162      -0.016739       -0.36638       -0.95123        -2.0222        -4.1106         -8.165
       0.099286        -93.084        -92.397        -87.386         -83.02        -79.048        -74.431        -77.866        0.19069      -0.019613       -0.37059       -0.95955        -2.0388        -4.1452         -8.253
            0.1         -93.12        -92.387        -87.338        -82.968        -78.979        -74.318        -77.831        0.18974      -0.022489       -0.37481       -0.96789        -2.0554          -4.18        -8.3414
        0.10071        -93.156        -92.376        -87.291        -82.917        -78.909        -74.205        -77.797        0.18878      -0.025364       -0.37904       -0.97627        -2.0722        -4.2149        -8.4304
        0.10143        -93.192        -92.364        -87.245        -82.865        -78.839        -74.091        -77.765        0.18781       -0.02824       -0.38328       -0.98466        -2.0889          -4.25          -8.52
        0.10214        -93.227         -92.35        -87.198        -82.813        -78.769        -73.976        -77.736        0.18682      -0.031114       -0.38753       -0.99309        -2.1058        -4.2851          -8.61
        0.10286        -93.263        -92.334        -87.151        -82.762        -78.699         -73.86        -77.708        0.18582      -0.033987       -0.39179        -1.0015        -2.1226        -4.3204        -8.7007
        0.10357        -93.298        -92.318        -87.105         -82.71        -78.628        -73.744        -77.682        0.18481      -0.036858       -0.39607          -1.01        -2.1396        -4.3559        -8.7919
        0.10429        -93.334        -92.299        -87.059        -82.658        -78.557        -73.626        -77.658        0.18378      -0.039727       -0.40036        -1.0185        -2.1566        -4.3914        -8.8836
          0.105        -93.369         -92.28        -87.013        -82.606        -78.487        -73.509        -77.637        0.18274      -0.042593       -0.40465         -1.027        -2.1736        -4.4271         -8.976
        0.10571        -93.404        -92.259        -86.967        -82.554        -78.415         -73.39        -77.618        0.18168      -0.045455       -0.40897        -1.0356        -2.1907        -4.4629        -9.0689
        0.10643        -93.438        -92.237        -86.921        -82.502        -78.344         -73.27        -77.601        0.18061      -0.048314       -0.41329        -1.0442        -2.2078        -4.4988        -9.1624
        0.10714        -93.473        -92.213        -86.875        -82.449        -78.273         -73.15        -77.587        0.17953      -0.051168       -0.41762        -1.0528         -2.225        -4.5349        -9.2565
        0.10786        -93.507        -92.189         -86.83        -82.397        -78.201        -73.029        -77.576        0.17843      -0.054018       -0.42197        -1.0614        -2.2423        -4.5711        -9.3512
        0.10857        -93.541        -92.163        -86.784        -82.345        -78.129        -72.907        -77.568        0.17731      -0.056864       -0.42633        -1.0701        -2.2596        -4.6074        -9.4465
        0.10929        -93.575        -92.136        -86.739        -82.292        -78.057        -72.785        -77.564        0.17619      -0.059704       -0.43071        -1.0788         -2.277        -4.6439        -9.5424
           0.11        -93.609        -92.109        -86.694         -82.24        -77.984        -72.661        -77.562        0.17504      -0.062539       -0.43509        -1.0875        -2.2944        -4.6805         -9.639
        0.11071        -93.642         -92.08        -86.648        -82.187        -77.912        -72.537        -77.564        0.17389      -0.065369       -0.43949        -1.0962        -2.3119        -4.7172        -9.7361
        0.11143        -93.675         -92.05        -86.603        -82.135        -77.839        -72.412        -77.569        0.17272      -0.068194       -0.44391         -1.105        -2.3294        -4.7541        -9.8339
        0.11214        -93.708        -92.019        -86.558        -82.082        -77.766        -72.286        -77.579        0.17153      -0.071012       -0.44833        -1.1138         -2.347        -4.7911        -9.9324
        0.11286        -93.741        -91.987        -86.513        -82.029        -77.693        -72.159        -77.592        0.17033      -0.073825       -0.45277        -1.1226        -2.3647        -4.8282        -10.032
        0.11357        -93.773        -91.955        -86.468        -81.977        -77.619        -72.031         -77.61        0.16911      -0.076632       -0.45723        -1.1315        -2.3824        -4.8655        -10.131
        0.11429        -93.805        -91.921        -86.424        -81.924        -77.545        -71.902        -77.632        0.16788      -0.079433        -0.4617        -1.1403        -2.4001        -4.9029        -10.232
          0.115        -93.837        -91.887        -86.379        -81.871        -77.472        -71.773        -77.658        0.16664      -0.082228       -0.46618        -1.1493        -2.4179        -4.9404        -10.333
        0.11571        -93.868        -91.852        -86.334        -81.818        -77.397        -71.643         -77.69        0.16538      -0.085018       -0.47068        -1.1582        -2.4358        -4.9781        -10.435
        0.11643        -93.899        -91.817        -86.289        -81.765        -77.323        -71.511        -77.726         0.1641      -0.087801       -0.47519        -1.1671        -2.4537        -5.0159        -10.537
        0.11714        -93.929         -91.78        -86.245        -81.711        -77.248        -71.379        -77.768        0.16281      -0.090578       -0.47971        -1.1761        -2.4717        -5.0539         -10.64
        0.11786         -93.96        -91.744          -86.2        -81.658        -77.174        -71.246        -77.816        0.16151      -0.093349       -0.48425        -1.1852        -2.4898         -5.092        -10.744
        0.11857         -93.99        -91.706        -86.156        -81.605        -77.099        -71.112        -77.869        0.16019      -0.096115        -0.4888        -1.1942        -2.5079        -5.1302        -10.849
        0.11929        -94.019        -91.668        -86.111        -81.551        -77.023        -70.977        -77.929        0.15885      -0.098875       -0.49337        -1.2033         -2.526        -5.1686        -10.954
           0.12        -94.048        -91.629        -86.067        -81.498        -76.948        -70.841        -77.994         0.1575       -0.10163       -0.49795        -1.2124        -2.5442        -5.2071         -11.06
        0.12071        -94.077         -91.59        -86.022        -81.444        -76.872        -70.705        -78.067        0.15614       -0.10438       -0.50255        -1.2215        -2.5625        -5.2458        -11.167
        0.12143        -94.105         -91.55        -85.978        -81.391        -76.796        -70.567        -78.147        0.15476       -0.10712       -0.50716        -1.2307        -2.5808        -5.2846        -11.275
        0.12214        -94.133         -91.51        -85.933        -81.337         -76.72        -70.428        -78.234        0.15336       -0.10986       -0.51178        -1.2398        -2.5992        -5.3235        -11.383
        0.12286         -94.16        -91.469        -85.889        -81.283        -76.643        -70.288        -78.329        0.15195       -0.11259       -0.51642         -1.249        -2.6177        -5.3626        -11.493
        0.12357        -94.187        -91.428        -85.844        -81.229        -76.567        -70.148        -78.432        0.15053       -0.11532       -0.52107        -1.2583        -2.6362        -5.4019        -11.603
        0.12429        -94.213        -91.387          -85.8        -81.175         -76.49        -70.006        -78.543        0.14909       -0.11804       -0.52574        -1.2676        -2.6548        -5.4412        -11.713
          0.125        -94.239        -91.345        -85.756        -81.121        -76.413        -69.863        -78.663        0.14764       -0.12076       -0.53043        -1.2769        -2.6734        -5.4808        -11.825
        0.12571        -94.264        -91.303        -85.711        -81.067        -76.335        -69.719        -78.793        0.14617       -0.12348       -0.53512        -1.2862        -2.6921        -5.5205        -11.938
        0.12643        -94.289        -91.261        -85.667        -81.013        -76.257        -69.575        -78.932        0.14469       -0.12619       -0.53984        -1.2955        -2.7108        -5.5603        -12.051
        0.12714        -94.313        -91.218        -85.623        -80.958        -76.179        -69.429        -79.081        0.14319        -0.1289       -0.54456        -1.3049        -2.7296        -5.6003        -12.165
        0.12786        -94.336        -91.175        -85.578        -80.904        -76.101        -69.282        -79.241        0.14168        -0.1316       -0.54931        -1.3143        -2.7485        -5.6404         -12.28
        0.12857        -94.359        -91.132        -85.534         -80.85        -76.023        -69.134        -79.412        0.14016        -0.1343       -0.55406        -1.3238        -2.7674        -5.6807        -12.396
        0.12929        -94.382        -91.088        -85.489        -80.795        -75.944        -68.985        -79.595        0.13862         -0.137       -0.55884        -1.3332        -2.7864        -5.7211        -12.513
           0.13        -94.404        -91.045        -85.445         -80.74        -75.865        -68.835         -79.79        0.13707       -0.13969       -0.56362        -1.3427        -2.8054        -5.7617         -12.63
        0.13071        -94.425        -91.001          -85.4        -80.686        -75.786        -68.684        -79.997         0.1355       -0.14238       -0.56842        -1.3523        -2.8245        -5.8024        -12.749
        0.13143        -94.446        -90.957        -85.356        -80.631        -75.707        -68.532        -80.218        0.13392       -0.14507       -0.57324        -1.3618        -2.8437        -5.8433        -12.868
        0.13214        -94.466        -90.913        -85.312        -80.576        -75.627        -68.379        -80.452        0.13232       -0.14776       -0.57807        -1.3714        -2.8629        -5.8844        -12.989
        0.13286        -94.485        -90.868        -85.267        -80.521        -75.547        -68.224        -80.701        0.13072       -0.15044       -0.58292         -1.381        -2.8822        -5.9256         -13.11
        0.13357        -94.504        -90.824        -85.223        -80.466        -75.467        -68.069        -80.966         0.1291       -0.15313       -0.58778        -1.3907        -2.9016        -5.9669        -13.233
        0.13429        -94.522         -90.78        -85.178        -80.411        -75.386        -67.912        -81.246        0.12746       -0.15581       -0.59266        -1.4004         -2.921        -6.0085        -13.356
          0.135        -94.539        -90.735        -85.134        -80.356        -75.305        -67.754        -81.542        0.12582       -0.15849       -0.59755        -1.4101        -2.9404        -6.0501         -13.48
        0.13571        -94.556         -90.69        -85.089          -80.3        -75.224        -67.595        -81.856        0.12416       -0.16117       -0.60246        -1.4198          -2.96         -6.092        -13.606
        0.13643        -94.572        -90.645        -85.045        -80.245        -75.143        -67.435        -82.188        0.12248       -0.16385       -0.60738        -1.4296        -2.9796         -6.134        -13.732
        0.13714        -94.587        -90.601            -85        -80.189        -75.061        -67.273        -82.539         0.1208       -0.16653       -0.61232        -1.4394        -2.9992        -6.1761        -13.859
        0.13786        -94.601        -90.556        -84.955        -80.134         -74.98         -67.11        -82.909         0.1191       -0.16921       -0.61727        -1.4492         -3.019        -6.2184        -13.988
        0.13857        -94.615        -90.511        -84.911        -80.078        -74.897        -66.947          -83.3         0.1174       -0.17188       -0.62224         -1.459        -3.0387        -6.2609        -14.117
        0.13929        -94.628        -90.466        -84.866        -80.022        -74.815        -66.782        -83.713        0.11568       -0.17456       -0.62722        -1.4689        -3.0586        -6.3036        -14.248
           0.14         -94.64        -90.421        -84.821        -79.967        -74.732        -66.615        -84.148        0.11394       -0.17724       -0.63222        -1.4788        -3.0785        -6.3464        -14.379
        0.14071        -94.652        -90.376        -84.777        -79.911        -74.649        -66.448        -84.607         0.1122       -0.17992       -0.63724        -1.4888        -3.0985        -6.3893        -14.512
        0.14143        -94.663        -90.331        -84.732        -79.855        -74.566        -66.279         -85.09        0.11045       -0.18261       -0.64227        -1.4988        -3.1185        -6.4325        -14.646
        0.14214        -94.673        -90.286        -84.687        -79.798        -74.483        -66.109          -85.6        0.10868       -0.18529       -0.64731        -1.5088        -3.1386        -6.4758        -14.781
        0.14286        -94.682        -90.241        -84.643        -79.742        -74.399        -65.937        -86.136        0.10691       -0.18797       -0.65237        -1.5188        -3.1588        -6.5192        -14.917
        0.14357         -94.69        -90.196        -84.598        -79.686        -74.315        -65.764          -86.7        0.10512       -0.19066       -0.65745        -1.5289         -3.179        -6.5629        -15.054
        0.14429        -94.698        -90.151        -84.553        -79.629         -74.23         -65.59        -87.293        0.10333       -0.19335       -0.66254         -1.539        -3.1993        -6.6067        -15.193
          0.145        -94.705        -90.107        -84.508        -79.573        -74.146        -65.415        -87.918        0.10153       -0.19604       -0.66765        -1.5491        -3.2197        -6.6507        -15.333
        0.14571         -94.71        -90.062        -84.463        -79.516        -74.061        -65.238        -88.574       0.099711       -0.19873       -0.67277        -1.5593        -3.2401        -6.6948        -15.473
        0.14643        -94.716        -90.017        -84.418         -79.46        -73.975         -65.06        -89.264       0.097888       -0.20143       -0.67791        -1.5695        -3.2606        -6.7392        -15.616
        0.14714         -94.72        -89.972        -84.373        -79.403         -73.89         -64.88        -89.989       0.096055       -0.20412       -0.68307        -1.5797        -3.2811        -6.7837        -15.759
        0.14786        -94.723        -89.927        -84.328        -79.346        -73.804          -64.7        -90.751       0.094214       -0.20683       -0.68824        -1.5899        -3.3017        -6.8283        -15.904
        0.14857        -94.726        -89.883        -84.283        -79.289        -73.718        -64.517        -91.551       0.092365       -0.20953       -0.69342        -1.6002        -3.3224        -6.8732        -16.049
        0.14929        -94.728        -89.838        -84.238        -79.232        -73.631        -64.333        -92.391       0.090508       -0.21224       -0.69863        -1.6106        -3.3432        -6.9182        -16.197
           0.15        -94.729        -89.794        -84.193        -79.175        -73.545        -64.148        -93.273       0.088643       -0.21495       -0.70384        -1.6209         -3.364        -6.9634        -16.345
        0.15071        -94.729        -89.749        -84.148        -79.117        -73.457        -63.962        -94.198        0.08677       -0.21767       -0.70908        -1.6313        -3.3849        -7.0088        -16.495
        0.15143        -94.728        -89.705        -84.103         -79.06         -73.37        -63.774        -95.169       0.084891       -0.22039       -0.71433        -1.6417        -3.4058        -7.0544        -16.646
        0.15214        -94.727        -89.661        -84.058        -79.002        -73.282        -63.584        -96.188       0.083004       -0.22311       -0.71959        -1.6521        -3.4268        -7.1001        -16.798
        0.15286        -94.725        -89.616        -84.013        -78.945        -73.194        -63.393        -97.257       0.081111       -0.22584       -0.72487        -1.6626        -3.4479        -7.1461        -16.952
        0.15357        -94.721        -89.572        -83.968        -78.887        -73.106          -63.2        -98.378       0.079212       -0.22857       -0.73017        -1.6731        -3.4691        -7.1922        -17.107
        0.15429        -94.717        -89.528        -83.922        -78.829        -73.017        -63.006        -99.554       0.077306       -0.23131       -0.73549        -1.6837        -3.4903        -7.2385        -17.264
          0.155        -94.713        -89.484        -83.877        -78.771        -72.928         -62.81        -100.79       0.075395       -0.23405       -0.74082        -1.6942        -3.5116         -7.285        -17.422
        0.15571        -94.707         -89.44        -83.832        -78.713        -72.839        -62.613        -102.08       0.073478        -0.2368       -0.74616        -1.7048        -3.5329        -7.3316        -17.581
        0.15643          -94.7        -89.396        -83.786        -78.655         -72.75        -62.414        -103.43       0.071556       -0.23955       -0.75153        -1.7155        -3.5543        -7.3785        -17.741
        0.15714        -94.693        -89.352        -83.741        -78.597         -72.66        -62.214        -104.85        0.06963       -0.24231        -0.7569        -1.7261        -3.5758        -7.4256        -17.903
        0.15786        -94.685        -89.308        -83.696        -78.539        -72.569        -62.012        -106.34       0.067699       -0.24508        -0.7623        -1.7368        -3.5974        -7.4728        -18.067
        0.15857        -94.676        -89.265         -83.65         -78.48        -72.479        -61.808        -107.89       0.065763       -0.24785       -0.76771        -1.7476         -3.619        -7.5202        -18.232
        0.15929        -94.666        -89.221        -83.605        -78.422        -72.388        -61.602        -109.52       0.063823       -0.25062       -0.77314        -1.7583        -3.6407        -7.5679        -18.398
           0.16        -94.656        -89.178        -83.559        -78.363        -72.297        -61.395        -111.23        0.06188       -0.25341       -0.77858        -1.7691        -3.6625        -7.6157        -18.566
        0.16071        -94.644        -89.134        -83.514        -78.304        -72.205        -61.186            NaN       0.059933       -0.25619       -0.78404          -1.78        -3.6843        -7.6637            NaN
        0.16143        -94.632        -89.091        -83.468        -78.246        -72.113        -60.976            NaN       0.057983       -0.25899       -0.78952        -1.7908        -3.7062        -7.7119            NaN
        0.16214        -94.619        -89.047        -83.423        -78.187        -72.021        -60.764            NaN        0.05603       -0.26179       -0.79502        -1.8017        -3.7282        -7.7603            NaN
        0.16286        -94.605        -89.004        -83.377        -78.128        -71.928         -60.55            NaN       0.054074        -0.2646       -0.80053        -1.8127        -3.7502         -7.809            NaN
        0.16357        -94.591        -88.961        -83.331        -78.068        -71.836        -60.334            NaN       0.052116       -0.26741       -0.80605        -1.8236        -3.7723        -7.8578            NaN
        0.16429        -94.575        -88.918        -83.286        -78.009        -71.742        -60.116            NaN       0.050156       -0.27023        -0.8116        -1.8346        -3.7945        -7.9068            NaN
          0.165        -94.559        -88.875         -83.24         -77.95        -71.649        -59.897            NaN       0.048193       -0.27306       -0.81716        -1.8457        -3.8168         -7.956            NaN
        0.16571        -94.543        -88.832        -83.194         -77.89        -71.555        -59.676            NaN       0.046229       -0.27589       -0.82274        -1.8567        -3.8391        -8.0055            NaN
        0.16643        -94.525        -88.789        -83.148        -77.831         -71.46        -59.453            NaN       0.044264       -0.27873       -0.82833        -1.8678        -3.8615        -8.0551            NaN
        0.16714        -94.507        -88.746        -83.103        -77.771        -71.366        -59.228            NaN       0.042297       -0.28158       -0.83394        -1.8789         -3.884        -8.1049            NaN
        0.16786        -94.488        -88.703        -83.057        -77.711        -71.271        -59.001            NaN       0.040329       -0.28444       -0.83957        -1.8901        -3.9065         -8.155            NaN
        0.16857        -94.468        -88.661        -83.011        -77.651        -71.175        -58.772            NaN        0.03836        -0.2873       -0.84522        -1.9013        -3.9291        -8.2053            NaN
        0.16929        -94.448        -88.618        -82.965        -77.591         -71.08        -58.541            NaN        0.03639       -0.29017       -0.85088        -1.9125        -3.9518        -8.2558            NaN
           0.17        -94.426        -88.576        -82.919        -77.531        -70.983        -58.309            NaN        0.03442       -0.29305       -0.85656        -1.9238        -3.9746        -8.3065            NaN
        0.17071        -94.405        -88.533        -82.873        -77.471        -70.887        -58.074            NaN        0.03245       -0.29594       -0.86226        -1.9351        -3.9974        -8.3574            NaN
        0.17143        -94.382        -88.491        -82.827         -77.41         -70.79        -57.837            NaN       0.030479       -0.29883       -0.86797        -1.9464        -4.0203        -8.4085            NaN
        0.17214        -94.359        -88.448        -82.781         -77.35        -70.693        -57.599            NaN       0.028509       -0.30173        -0.8737        -1.9578        -4.0433        -8.4599            NaN
        0.17286        -94.335        -88.406        -82.735        -77.289        -70.595        -57.358            NaN       0.026539       -0.30464       -0.87945        -1.9692        -4.0663        -8.5115            NaN
        0.17357        -94.311        -88.363        -82.688        -77.228        -70.497        -57.115            NaN       0.024569       -0.30756       -0.88522        -1.9807        -4.0895        -8.5633            NaN
        0.17429        -94.286        -88.321        -82.642        -77.167        -70.399         -56.87            NaN       0.022599       -0.31049         -0.891        -1.9921        -4.1127        -8.6153            NaN
          0.175        -94.261        -88.279        -82.596        -77.106          -70.3        -56.623            NaN        0.02063       -0.31342        -0.8968        -2.0036        -4.1359        -8.6676            NaN
        0.17571        -94.234        -88.237         -82.55        -77.045        -70.201        -56.373            NaN       0.018662       -0.31636       -0.90262        -2.0152        -4.1593          -8.72            NaN
        0.17643        -94.208        -88.195        -82.503        -76.984        -70.102        -56.122            NaN       0.016695       -0.31931       -0.90846        -2.0268        -4.1827        -8.7728            NaN
        0.17714         -94.18        -88.153        -82.457        -76.923        -70.002        -55.868            NaN       0.014729       -0.32227       -0.91431        -2.0384        -4.2062        -8.8257            NaN
        0.17786        -94.152        -88.111        -82.411        -76.861        -69.902        -55.612            NaN       0.012764       -0.32524       -0.92018          -2.05        -4.2298        -8.8789            NaN
        0.17857        -94.124        -88.069        -82.364        -76.799        -69.801        -55.354            NaN         0.0108       -0.32822       -0.92607        -2.0617        -4.2534        -8.9323            NaN
        0.17929        -94.095        -88.027        -82.318        -76.738          -69.7        -55.094            NaN      0.0088377        -0.3312       -0.93198        -2.0734        -4.2772         -8.986            NaN
           0.18        -94.065        -87.985        -82.271        -76.676        -69.599        -54.831            NaN      0.0068765       -0.33419        -0.9379        -2.0852         -4.301        -9.0399            NaN
        0.18071        -94.035        -87.943        -82.225        -76.614        -69.497        -54.566            NaN      0.0049168       -0.33719       -0.94384         -2.097        -4.3248         -9.094            NaN
        0.18143        -94.005        -87.901        -82.178        -76.552        -69.395        -54.298            NaN      0.0029586        -0.3402        -0.9498        -2.1088        -4.3488        -9.1484            NaN
        0.18214        -93.974        -87.859        -82.131         -76.49        -69.292        -54.028            NaN       0.001002       -0.34322       -0.95578        -2.1207        -4.3728        -9.2031            NaN
        0.18286        -93.943        -87.818        -82.085        -76.427        -69.189        -53.756            NaN    -0.00095297       -0.34625       -0.96178        -2.1326        -4.3969         -9.258            NaN
        0.18357        -93.911        -87.776        -82.038        -76.365        -69.086        -53.481            NaN     -0.0029062       -0.34929       -0.96779        -2.1445        -4.4211        -9.3131            NaN
        0.18429        -93.878        -87.734        -81.991        -76.302        -68.982        -53.204            NaN     -0.0048578       -0.35233       -0.97382        -2.1565        -4.4454        -9.3685            NaN
          0.185        -93.846        -87.693        -81.944        -76.239        -68.877        -52.924            NaN     -0.0068076       -0.35539       -0.97987        -2.1685        -4.4697        -9.4242            NaN
        0.18571        -93.813        -87.651        -81.898        -76.177        -68.773        -52.641            NaN     -0.0087556       -0.35845       -0.98594        -2.1805        -4.4942        -9.4801            NaN
        0.18643        -93.779        -87.609        -81.851        -76.114        -68.668        -52.356            NaN      -0.010702       -0.36153       -0.99203        -2.1926        -4.5187        -9.5363            NaN
        0.18714        -93.745        -87.568        -81.804        -76.051        -68.562        -52.069            NaN      -0.012646       -0.36461       -0.99813        -2.2047        -4.5432        -9.5927            NaN
        0.18786        -93.711        -87.526        -81.757        -75.987        -68.456        -51.778            NaN      -0.014589        -0.3677        -1.0043        -2.2168        -4.5679        -9.6494            NaN
        0.18857        -93.676        -87.485         -81.71        -75.924         -68.35        -51.486            NaN      -0.016529        -0.3708        -1.0104         -2.229        -4.5926        -9.7064            NaN
        0.18929        -93.641        -87.443        -81.663         -75.86        -68.243         -51.19            NaN      -0.018468       -0.37391        -1.0166        -2.2413        -4.6174        -9.7637            NaN
           0.19        -93.606        -87.401        -81.615        -75.797        -68.136        -50.892            NaN      -0.020405       -0.37703        -1.0227        -2.2535        -4.6423        -9.8212            NaN
        0.19071         -93.57         -87.36        -81.568        -75.733        -68.028         -50.59            NaN      -0.022341       -0.38016        -1.0289        -2.2658        -4.6673         -9.879            NaN
        0.19143        -93.534        -87.319        -81.521        -75.669         -67.92        -50.287            NaN      -0.024274       -0.38329        -1.0352        -2.2782        -4.6924        -9.9371            NaN
        0.19214        -93.497        -87.277        -81.474        -75.605        -67.811         -49.98            NaN      -0.026206       -0.38644        -1.0414        -2.2905        -4.7175        -9.9955            NaN
        0.19286        -93.461        -87.236        -81.427        -75.541        -67.702         -49.67            NaN      -0.028136        -0.3896        -1.0476        -2.3029        -4.7427        -10.054            NaN
        0.19357        -93.424        -87.194        -81.379        -75.477        -67.593        -49.358            NaN      -0.030064       -0.39276        -1.0539        -2.3154         -4.768        -10.113            NaN
        0.19429        -93.387        -87.153        -81.332        -75.412        -67.483        -49.042            NaN      -0.031991       -0.39594        -1.0602        -2.3279        -4.7934        -10.172            NaN
          0.195        -93.349        -87.111        -81.284        -75.348        -67.373        -48.724            NaN      -0.033916       -0.39912        -1.0665        -2.3404        -4.8189        -10.232            NaN
        0.19571        -93.311         -87.07        -81.237        -75.283        -67.262        -48.403            NaN      -0.035839       -0.40232        -1.0728        -2.3529        -4.8444        -10.292            NaN
        0.19643        -93.273        -87.028        -81.189        -75.218        -67.151        -48.078            NaN      -0.037761       -0.40552        -1.0792        -2.3655        -4.8701        -10.352            NaN
        0.19714        -93.235        -86.987        -81.142        -75.153        -67.039        -47.751            NaN      -0.039682       -0.40873        -1.0856        -2.3782        -4.8958        -10.412            NaN
        0.19786        -93.197        -86.946        -81.094        -75.088        -66.927        -47.421            NaN      -0.041601       -0.41196        -1.0919        -2.3909        -4.9216        -10.473            NaN
        0.19857        -93.158        -86.904        -81.046        -75.023        -66.814        -47.087            NaN      -0.043519       -0.41519        -1.0983        -2.4036        -4.9475        -10.534            NaN
        0.19929        -93.119        -86.863        -80.999        -74.957        -66.701         -46.75            NaN      -0.045435       -0.41843        -1.1048        -2.4163        -4.9734        -10.596            NaN
            0.2         -93.08        -86.821        -80.951        -74.892        -66.587        -46.411            NaN       -0.04735       -0.42168        -1.1112        -2.4291        -4.9995        -10.657            NaN
        0.20071        -93.041         -86.78        -80.903        -74.826        -66.473        -46.068            NaN      -0.049265       -0.42495        -1.1177        -2.4419        -5.0256         -10.72            NaN
        0.20143        -93.002        -86.739        -80.855         -74.76        -66.358        -45.722            NaN      -0.051178       -0.42822        -1.1242        -2.4548        -5.0518        -10.782            NaN
        0.20214        -92.962        -86.697        -80.807        -74.694        -66.243        -45.372            NaN       -0.05309        -0.4315        -1.1307        -2.4677        -5.0781        -10.845            NaN
        0.20286        -92.922        -86.656        -80.759        -74.628        -66.128         -45.02            NaN      -0.055001       -0.43479        -1.1372        -2.4806        -5.1045        -10.908            NaN
        0.20357        -92.882        -86.615        -80.711        -74.562        -66.012        -44.664            NaN      -0.056911       -0.43809        -1.1437        -2.4936         -5.131        -10.971            NaN
        0.20429        -92.842        -86.573        -80.663        -74.496        -65.895        -44.305            NaN      -0.058821       -0.44141        -1.1503        -2.5066        -5.1576        -11.035            NaN
          0.205        -92.802        -86.532        -80.615        -74.429        -65.778        -43.942            NaN       -0.06073       -0.44473        -1.1568        -2.5197        -5.1842        -11.099            NaN
        0.20571        -92.762         -86.49        -80.567        -74.362        -65.661        -43.577            NaN      -0.062638       -0.44806        -1.1634        -2.5328         -5.211        -11.164            NaN
        0.20643        -92.722        -86.449        -80.519        -74.295        -65.543        -43.208            NaN      -0.064546        -0.4514        -1.1701        -2.5459        -5.2378        -11.229            NaN
        0.20714        -92.681        -86.408         -80.47        -74.229        -65.424        -42.836            NaN      -0.066454       -0.45475        -1.1767        -2.5591        -5.2647        -11.294            NaN
        0.20786         -92.64        -86.366        -80.422        -74.161        -65.305         -42.46            NaN      -0.068361       -0.45811        -1.1834        -2.5723        -5.2917         -11.36            NaN
        0.20857          -92.6        -86.325        -80.373        -74.094        -65.185        -42.082            NaN      -0.070268       -0.46148          -1.19        -2.5856        -5.3188        -11.426            NaN
        0.20929        -92.559        -86.283        -80.325        -74.027        -65.065          -41.7            NaN      -0.072175       -0.46487        -1.1967        -2.5989         -5.346        -11.492            NaN
           0.21        -92.518        -86.242        -80.276        -73.959        -64.944        -41.315            NaN      -0.074082       -0.46826        -1.2035        -2.6122        -5.3732        -11.559            NaN
        0.21071        -92.477          -86.2        -80.228        -73.891        -64.823        -40.926            NaN      -0.075989       -0.47166        -1.2102        -2.6256        -5.4006        -11.626            NaN
        0.21143        -92.436        -86.159        -80.179        -73.824        -64.702        -40.535            NaN      -0.077896       -0.47507        -1.2169         -2.639         -5.428        -11.694            NaN
        0.21214        -92.395        -86.118        -80.131        -73.755        -64.579         -40.14            NaN      -0.079804       -0.47849        -1.2237        -2.6525        -5.4556        -11.762            NaN
        0.21286        -92.353        -86.076        -80.082        -73.687        -64.457        -39.743            NaN      -0.081712       -0.48193        -1.2305         -2.666        -5.4832         -11.83            NaN
        0.21357        -92.312        -86.035        -80.033        -73.619        -64.333        -39.342            NaN       -0.08362       -0.48537        -1.2373        -2.6795        -5.5109        -11.899            NaN
        0.21429        -92.271        -85.993        -79.984         -73.55        -64.209        -38.939            NaN      -0.085529       -0.48882        -1.2442        -2.6931        -5.5387        -11.968            NaN
          0.215        -92.229        -85.952        -79.935        -73.482        -64.085        -38.532            NaN      -0.087438       -0.49229         -1.251        -2.7067        -5.5666        -12.038            NaN
        0.21571        -92.188         -85.91        -79.886        -73.413         -63.96        -38.123            NaN      -0.089349       -0.49576        -1.2579        -2.7204        -5.5946        -12.108            NaN
        0.21643        -92.146        -85.869        -79.837        -73.344        -63.834        -37.712            NaN       -0.09126       -0.49924        -1.2648        -2.7341        -5.6227        -12.179            NaN
        0.21714        -92.105        -85.827        -79.788        -73.275        -63.708        -37.297            NaN      -0.093172       -0.50274        -1.2717        -2.7478        -5.6508         -12.25            NaN
        0.21786        -92.063        -85.786        -79.739        -73.206        -63.582        -36.881            NaN      -0.095085       -0.50624        -1.2787        -2.7616        -5.6791        -12.322            NaN
        0.21857        -92.022        -85.744         -79.69        -73.136        -63.454        -36.462            NaN         -0.097       -0.50976        -1.2856        -2.7755        -5.7075        -12.394            NaN
        0.21929         -91.98        -85.702         -79.64        -73.067        -63.327        -36.042            NaN      -0.098915       -0.51328        -1.2926        -2.7893        -5.7359        -12.467            NaN
           0.22        -91.939        -85.661        -79.591        -72.997        -63.198        -35.619            NaN       -0.10083       -0.51682        -1.2996        -2.8032        -5.7645         -12.54            NaN
        0.22071        -91.897        -85.619        -79.542        -72.927        -63.069        -35.195            NaN       -0.10275       -0.52037        -1.3066        -2.8172        -5.7931        -12.614            NaN
        0.22143        -91.855        -85.578        -79.492        -72.857         -62.94         -34.77            NaN       -0.10467       -0.52393        -1.3137        -2.8312        -5.8218        -12.688            NaN
        0.22214        -91.814        -85.536        -79.443        -72.787        -62.809        -34.344            NaN       -0.10659       -0.52749        -1.3208        -2.8452        -5.8507        -12.763            NaN
        0.22286        -91.772        -85.494        -79.393        -72.716        -62.679        -33.916            NaN       -0.10852       -0.53107        -1.3278        -2.8593        -5.8796        -12.838            NaN
        0.22357         -91.73        -85.453        -79.344        -72.646        -62.547        -33.489            NaN       -0.11044       -0.53466        -1.3349        -2.8734        -5.9086        -12.914            NaN
        0.22429        -91.689        -85.411        -79.294        -72.575        -62.415        -33.061            NaN       -0.11237       -0.53826        -1.3421        -2.8876        -5.9377         -12.99            NaN
          0.225        -91.647        -85.369        -79.244        -72.504        -62.283        -32.633            NaN        -0.1143       -0.54187        -1.3492        -2.9018         -5.967        -13.067            NaN
        0.22571        -91.605        -85.328        -79.194        -72.433        -62.149        -32.206            NaN       -0.11623        -0.5455        -1.3564         -2.916        -5.9963        -13.145            NaN
        0.22643        -91.564        -85.286        -79.144        -72.362        -62.016         -31.78            NaN       -0.11816       -0.54913        -1.3636        -2.9303        -6.0257        -13.223            NaN
        0.22714        -91.522        -85.244        -79.094        -72.291        -61.881        -31.355            NaN        -0.1201       -0.55277        -1.3708        -2.9446        -6.0552        -13.301            NaN
        0.22786         -91.48        -85.203        -79.044        -72.219        -61.746        -30.932            NaN       -0.12204       -0.55643         -1.378         -2.959        -6.0848        -13.381            NaN
        0.22857        -91.439        -85.161        -78.994        -72.147         -61.61        -30.512            NaN       -0.12398       -0.56009        -1.3853        -2.9734        -6.1145        -13.461            NaN
        0.22929        -91.397        -85.119        -78.944        -72.075        -61.474        -30.094            NaN       -0.12592       -0.56377        -1.3926        -2.9879        -6.1443        -13.541            NaN
           0.23        -91.356        -85.077        -78.894        -72.003        -61.337         -29.68            NaN       -0.12787       -0.56745        -1.3999        -3.0024        -6.1742        -13.623            NaN
        0.23071        -91.314        -85.035        -78.844        -71.931        -61.199        -29.269            NaN       -0.12982       -0.57115        -1.4072         -3.017        -6.2042        -13.704            NaN
        0.23143        -91.272        -84.994        -78.793        -71.859        -61.061        -28.864            NaN       -0.13177       -0.57486        -1.4145        -3.0315        -6.2343        -13.787            NaN
        0.23214        -91.231        -84.952        -78.743        -71.786        -60.922        -28.463            NaN       -0.13372       -0.57858        -1.4219        -3.0462        -6.2645         -13.87            NaN
        0.23286        -91.189         -84.91        -78.692        -71.714        -60.782        -28.068            NaN       -0.13568       -0.58231        -1.4293        -3.0609        -6.2948        -13.954            NaN
        0.23357        -91.148        -84.868        -78.642        -71.641        -60.642         -27.68            NaN       -0.13764       -0.58605        -1.4367        -3.0756        -6.3252        -14.038            NaN
        0.23429        -91.106        -84.826        -78.591        -71.568        -60.501        -27.298            NaN       -0.13961        -0.5898        -1.4441        -3.0904        -6.3557        -14.124            NaN
          0.235        -91.065        -84.784         -78.54        -71.494        -60.359        -26.925            NaN       -0.14158       -0.59357        -1.4516        -3.1052        -6.3863         -14.21            NaN
        0.23571        -91.024        -84.742         -78.49        -71.421        -60.217         -26.56            NaN       -0.14355       -0.59734         -1.459          -3.12        -6.4171        -14.296            NaN
        0.23643        -90.982          -84.7        -78.439        -71.347        -60.073        -26.204            NaN       -0.14552       -0.60113        -1.4665        -3.1349        -6.4479        -14.383            NaN
        0.23714        -90.941        -84.658        -78.388        -71.273         -59.93        -25.859            NaN        -0.1475       -0.60493         -1.474        -3.1499        -6.4788        -14.471            NaN
        0.23786        -90.899        -84.616        -78.337        -71.199        -59.785        -25.524            NaN       -0.14948       -0.60874        -1.4816        -3.1649        -6.5098         -14.56            NaN
        0.23857        -90.858        -84.574        -78.286        -71.125         -59.64        -25.201            NaN       -0.15147       -0.61256        -1.4891        -3.1799         -6.541         -14.65            NaN
        0.23929        -90.817        -84.532        -78.235        -71.051        -59.494         -24.89            NaN       -0.15345       -0.61639        -1.4967         -3.195        -6.5722         -14.74            NaN
           0.24        -90.776         -84.49        -78.184        -70.976        -59.347        -24.592            NaN       -0.15545       -0.62023        -1.5043        -3.2101        -6.6035        -14.831            NaN
        0.24071        -90.734        -84.448        -78.132        -70.902          -59.2        -24.309            NaN       -0.15744       -0.62408         -1.512        -3.2253         -6.635        -14.922            NaN
        0.24143        -90.693        -84.406        -78.081        -70.827        -59.052        -24.041            NaN       -0.15944       -0.62795        -1.5196        -3.2405        -6.6665        -15.014            NaN
        0.24214        -90.652        -84.364         -78.03        -70.752        -58.903        -23.788            NaN       -0.16145       -0.63183        -1.5273        -3.2558        -6.6982        -15.107            NaN
        0.24286        -90.611        -84.322        -77.978        -70.677        -58.753        -23.552            NaN       -0.16346       -0.63571         -1.535        -3.2711          -6.73        -15.201            NaN
        0.24357         -90.57        -84.279        -77.927        -70.601        -58.603        -23.333            NaN       -0.16547       -0.63961        -1.5427        -3.2864        -6.7619        -15.296            NaN
        0.24429        -90.529        -84.237        -77.875        -70.525        -58.452        -23.133            NaN       -0.16749       -0.64353        -1.5505        -3.3018        -6.7938        -15.391            NaN
          0.245        -90.488        -84.195        -77.823         -70.45          -58.3        -22.952            NaN       -0.16951       -0.64745        -1.5582        -3.3173        -6.8259        -15.487            NaN
        0.24571        -90.447        -84.153        -77.771        -70.374        -58.147        -22.791            NaN       -0.17154       -0.65138         -1.566        -3.3328        -6.8582        -15.584            NaN
        0.24643        -90.406        -84.111         -77.72        -70.297        -57.993        -22.651            NaN       -0.17357       -0.65533        -1.5738        -3.3483        -6.8905        -15.681            NaN
        0.24714        -90.365        -84.068        -77.668        -70.221        -57.839        -22.534            NaN        -0.1756       -0.65929        -1.5816        -3.3639        -6.9229        -15.779            NaN
        0.24786        -90.324        -84.026        -77.616        -70.145        -57.684        -22.439            NaN       -0.17764       -0.66326        -1.5895        -3.3795        -6.9554        -15.878            NaN
        0.24857        -90.283        -83.984        -77.564        -70.068        -57.528        -22.367            NaN       -0.17969       -0.66724        -1.5974        -3.3952        -6.9881        -15.978            NaN
        0.24929        -90.243        -83.941        -77.511        -69.991        -57.371        -22.321            NaN       -0.18174       -0.67123        -1.6053        -3.4109        -7.0209        -16.078            NaN
           0.25        -90.202        -83.899        -77.459        -69.914        -57.214          -22.3            NaN       -0.18379       -0.67524        -1.6132        -3.4267        -7.0537         -16.18            NaN
        0.25071        -90.161        -83.856        -77.407        -69.836        -57.055        -22.305            NaN       -0.18585       -0.67925        -1.6212        -3.4425        -7.0867        -16.281            NaN
        0.25143         -90.12        -83.814        -77.354        -69.759        -56.896        -22.338            NaN       -0.18791       -0.68328        -1.6291        -3.4584        -7.1198        -16.384            NaN
        0.25214         -90.08        -83.772        -77.302        -69.681        -56.736        -22.399            NaN       -0.18998       -0.68732        -1.6371        -3.4743         -7.153        -16.487            NaN
        0.25286        -90.039        -83.729        -77.249        -69.603        -56.575        -22.488            NaN       -0.19205       -0.69137        -1.6451        -3.4903        -7.1864        -16.591            NaN
        0.25357        -89.998        -83.687        -77.197        -69.525        -56.413        -22.608            NaN       -0.19413       -0.69544        -1.6532        -3.5063        -7.2198        -16.696            NaN
        0.25429        -89.958        -83.644        -77.144        -69.447        -56.251        -22.759            NaN       -0.19622       -0.69951        -1.6613        -3.5224        -7.2534        -16.801            NaN
          0.255        -89.917        -83.602        -77.091        -69.368        -56.087        -22.941            NaN       -0.19831        -0.7036        -1.6694        -3.5385        -7.2871        -16.907            NaN
        0.25571        -89.877        -83.559        -77.038        -69.289        -55.923        -23.156            NaN        -0.2004        -0.7077        -1.6775        -3.5546        -7.3209        -17.014            NaN
        0.25643        -89.836        -83.516        -76.985         -69.21        -55.757        -23.404            NaN        -0.2025       -0.71181        -1.6856        -3.5708        -7.3548        -17.121            NaN
        0.25714        -89.796        -83.474        -76.932        -69.131        -55.591        -23.687            NaN        -0.2046       -0.71594        -1.6938        -3.5871        -7.3888        -17.229            NaN
        0.25786        -89.755        -83.431        -76.879        -69.052        -55.424        -24.004            NaN       -0.20671       -0.72007        -1.7019        -3.6034         -7.423        -17.338            NaN
        0.25857        -89.715        -83.388        -76.826        -68.972        -55.256        -24.358            NaN       -0.20883       -0.72422        -1.7102        -3.6197        -7.4572        -17.447            NaN
        0.25929        -89.675        -83.346        -76.773        -68.893        -55.087        -24.748            NaN       -0.21095       -0.72838        -1.7184        -3.6361        -7.4916        -17.557            NaN
           0.26        -89.634        -83.303        -76.719        -68.813        -54.917        -25.175            NaN       -0.21308       -0.73256        -1.7267        -3.6526        -7.5261        -17.668            NaN
        0.26071        -89.594         -83.26        -76.666        -68.733        -54.746        -25.641            NaN       -0.21521       -0.73674        -1.7349        -3.6691        -7.5608        -17.779            NaN
        0.26143        -89.554        -83.217        -76.612        -68.652        -54.574        -26.146            NaN       -0.21735       -0.74094        -1.7432        -3.6856        -7.5955        -17.891            NaN
        0.26214        -89.513        -83.174        -76.558        -68.572        -54.401         -26.69            NaN       -0.21949       -0.74515        -1.7516        -3.7022        -7.6304        -18.003            NaN
        0.26286        -89.473        -83.132        -76.505        -68.491        -54.227        -27.275            NaN       -0.22164       -0.74937        -1.7599        -3.7189        -7.6654        -18.116            NaN
        0.26357        -89.433        -83.089        -76.451         -68.41        -54.053        -27.901            NaN       -0.22379       -0.75361        -1.7683        -3.7356        -7.7005         -18.23            NaN
        0.26429        -89.393        -83.046        -76.397        -68.329        -53.877        -28.569            NaN       -0.22595       -0.75786        -1.7767        -3.7523        -7.7358        -18.344            NaN
          0.265        -89.353        -83.003        -76.343        -68.247          -53.7        -29.279            NaN       -0.22812       -0.76212        -1.7851        -3.7691        -7.7712        -18.459            NaN
        0.26571        -89.312         -82.96        -76.289        -68.166        -53.522        -30.032            NaN       -0.23029       -0.76639        -1.7936         -3.786        -7.8067        -18.574            NaN
        0.26643        -89.272        -82.917        -76.235        -68.084        -53.343        -30.829            NaN       -0.23247       -0.77067        -1.8021        -3.8029        -7.8423         -18.69            NaN
        0.26714        -89.232        -82.874         -76.18        -68.002        -53.163        -31.671            NaN       -0.23466       -0.77497        -1.8106        -3.8198        -7.8781        -18.806            NaN
        0.26786        -89.192        -82.831        -76.126        -67.919        -52.982        -32.557            NaN       -0.23685       -0.77928        -1.8191        -3.8368         -7.914        -18.923            NaN
        0.26857        -89.152        -82.788        -76.072        -67.837          -52.8        -33.489            NaN       -0.23904        -0.7836        -1.8277        -3.8539          -7.95         -19.04            NaN
        0.26929        -89.112        -82.745        -76.017        -67.754        -52.617        -34.467            NaN       -0.24124       -0.78794        -1.8362         -3.871        -7.9861        -19.157            NaN
           0.27        -89.072        -82.701        -75.962        -67.671        -52.433        -35.492            NaN       -0.24345       -0.79229        -1.8448        -3.8881        -8.0224        -19.275            NaN
        0.27071        -89.032        -82.658        -75.908        -67.588        -52.247        -36.564            NaN       -0.24567       -0.79665        -1.8535        -3.9053        -8.0588        -19.394            NaN
        0.27143        -88.992        -82.615        -75.853        -67.504        -52.061        -37.683            NaN       -0.24789       -0.80102        -1.8621        -3.9226        -8.0953        -19.513            NaN
        0.27214        -88.952        -82.572        -75.798        -67.421        -51.873         -38.85            NaN       -0.25011       -0.80541        -1.8708        -3.9399         -8.132        -19.632            NaN
        0.27286        -88.912        -82.528        -75.743        -67.337        -51.685        -40.065            NaN       -0.25235       -0.80981        -1.8795        -3.9573        -8.1688        -19.752            NaN
        0.27357        -88.872        -82.485        -75.688        -67.253        -51.495        -41.329            NaN       -0.25459       -0.81422        -1.8882        -3.9747        -8.2058        -19.872            NaN
        0.27429        -88.832        -82.442        -75.633        -67.168        -51.304        -42.641            NaN       -0.25683       -0.81865         -1.897        -3.9922        -8.2428        -19.992            NaN
          0.275        -88.792        -82.398        -75.577        -67.084        -51.111        -44.004            NaN       -0.25908       -0.82309        -1.9058        -4.0097          -8.28        -20.113            NaN
        0.27571        -88.752        -82.355        -75.522        -66.999        -50.918        -45.415            NaN       -0.26134       -0.82754        -1.9146        -4.0272        -8.3174        -20.234            NaN
        0.27643        -88.712        -82.312        -75.466        -66.914        -50.723        -46.877            NaN        -0.2636         -0.832        -1.9234        -4.0449        -8.3549        -20.355            NaN
        0.27714        -88.672        -82.268        -75.411        -66.829        -50.527        -48.388            NaN       -0.26588       -0.83648        -1.9323        -4.0625        -8.3925        -20.477            NaN
        0.27786        -88.632        -82.224        -75.355        -66.743         -50.33         -49.95            NaN       -0.26815       -0.84097        -1.9411        -4.0803        -8.4302        -20.598            NaN
        0.27857        -88.592        -82.181        -75.299        -66.658        -50.132        -51.562            NaN       -0.27044       -0.84548          -1.95        -4.0981        -8.4681        -20.721            NaN
        0.27929        -88.553        -82.137        -75.243        -66.572        -49.932        -53.225            NaN       -0.27273       -0.84999         -1.959        -4.1159        -8.5062        -20.843            NaN
           0.28        -88.513        -82.094        -75.187        -66.485        -49.731        -54.938            NaN       -0.27502       -0.85452        -1.9679        -4.1338        -8.5443        -20.965            NaN
        0.28071        -88.473         -82.05        -75.131        -66.399        -49.529        -56.702            NaN       -0.27733       -0.85907        -1.9769        -4.1517        -8.5827        -21.088            NaN
        0.28143        -88.433        -82.006        -75.075        -66.312        -49.325        -58.517            NaN       -0.27964       -0.86362        -1.9859        -4.1697        -8.6211        -21.211            NaN
        0.28214        -88.393        -81.963        -75.019        -66.225         -49.12        -60.382            NaN       -0.28195       -0.86819         -1.995        -4.1878        -8.6597        -21.334            NaN
        0.28286        -88.353        -81.919        -74.963        -66.138        -48.914        -62.298            NaN       -0.28428       -0.87278         -2.004        -4.2059        -8.6985        -21.457            NaN
        0.28357        -88.313        -81.875        -74.906        -66.051        -48.706        -64.264            NaN        -0.2866       -0.87738        -2.0131        -4.2241        -8.7374         -21.58            NaN
        0.28429        -88.274        -81.831        -74.849        -65.963        -48.497        -66.281            NaN       -0.28894       -0.88199        -2.0223        -4.2423        -8.7764        -21.703            NaN
          0.285        -88.234        -81.787        -74.793        -65.875        -48.287        -68.349            NaN       -0.29128       -0.88661        -2.0314        -4.2606        -8.8156        -21.827            NaN
        0.28571        -88.194        -81.743        -74.736        -65.787        -48.075        -70.467            NaN       -0.29363       -0.89125        -2.0406        -4.2789         -8.855         -21.95            NaN
        0.28643        -88.154        -81.699        -74.679        -65.698        -47.861        -72.635            NaN       -0.29599        -0.8959        -2.0498        -4.2973        -8.8945        -22.074            NaN
        0.28714        -88.114        -81.655        -74.622         -65.61        -47.647        -74.852            NaN       -0.29835       -0.90056         -2.059        -4.3157        -8.9341        -22.197            NaN
        0.28786        -88.074        -81.611        -74.565        -65.521         -47.43         -77.12            NaN       -0.30072       -0.90524        -2.0682        -4.3342        -8.9739        -22.321            NaN
        0.28857        -88.035        -81.567        -74.508        -65.431        -47.212        -79.437            NaN        -0.3031       -0.90993        -2.0775        -4.3528        -9.0139        -22.444            NaN
        0.28929        -87.995        -81.523         -74.45        -65.342        -46.993        -81.803            NaN       -0.30548       -0.91464        -2.0868        -4.3714         -9.054        -22.568            NaN
           0.29        -87.955        -81.479        -74.393        -65.252        -46.772        -84.218            NaN       -0.30788       -0.91936        -2.0962          -4.39        -9.0942        -22.691            NaN
        0.29071        -87.915        -81.435        -74.335        -65.162         -46.55        -86.682            NaN       -0.31027       -0.92409        -2.1055        -4.4087        -9.1346        -22.815            NaN
        0.29143        -87.875         -81.39        -74.278        -65.072        -46.326        -89.193            NaN       -0.31268       -0.92884        -2.1149        -4.4275        -9.1752        -22.938            NaN
        0.29214        -87.836        -81.346         -74.22        -64.981          -46.1        -91.753            NaN       -0.31509        -0.9336        -2.1243        -4.4464        -9.2159        -23.061            NaN
        0.29286        -87.796        -81.302        -74.162        -64.891        -45.873         -94.36            NaN       -0.31751       -0.93838        -2.1338        -4.4652        -9.2568        -23.185            NaN
        0.29357        -87.756        -81.257        -74.104          -64.8        -45.644        -97.015            NaN       -0.31993       -0.94317        -2.1432        -4.4842        -9.2979        -23.308            NaN
        0.29429        -87.716        -81.213        -74.046        -64.708        -45.413        -99.716            NaN       -0.32237       -0.94797        -2.1527        -4.5032        -9.3391        -23.431            NaN
          0.295        -87.676        -81.169        -73.988        -64.617        -45.181        -102.46            NaN       -0.32481       -0.95279        -2.1622        -4.5223        -9.3804        -23.554            NaN
        0.29571        -87.636        -81.124        -73.929        -64.525        -44.946            NaN            NaN       -0.32725       -0.95762        -2.1718        -4.5414         -9.422            NaN            NaN
        0.29643        -87.597        -81.079        -73.871        -64.433        -44.711            NaN            NaN       -0.32971       -0.96246        -2.1814        -4.5605        -9.4637            NaN            NaN
        0.29714        -87.557        -81.035        -73.812         -64.34        -44.473            NaN            NaN       -0.33217       -0.96732         -2.191        -4.5798        -9.5056            NaN            NaN
        0.29786        -87.517         -80.99        -73.754        -64.248        -44.233            NaN            NaN       -0.33463        -0.9722        -2.2006        -4.5991        -9.5476            NaN            NaN
        0.29857        -87.477        -80.946        -73.695        -64.155        -43.992            NaN            NaN       -0.33711       -0.97708        -2.2103        -4.6184        -9.5898            NaN            NaN
        0.29929        -87.437        -80.901        -73.636        -64.061        -43.749            NaN            NaN       -0.33959       -0.98198          -2.22        -4.6378        -9.6322            NaN            NaN
            0.3        -87.397        -80.856        -73.577        -63.968        -43.504            NaN            NaN       -0.34208        -0.9869        -2.2297        -4.6573        -9.6747            NaN            NaN
        0.30071        -87.357        -80.811        -73.518        -63.874        -43.257            NaN            NaN       -0.34458       -0.99183        -2.2394        -4.6768        -9.7174            NaN            NaN
        0.30143        -87.317        -80.766        -73.459         -63.78        -43.008            NaN            NaN       -0.34708       -0.99678        -2.2492        -4.6964        -9.7603            NaN            NaN
        0.30214        -87.278        -80.721        -73.399        -63.685        -42.757            NaN            NaN       -0.34959        -1.0017         -2.259        -4.7161        -9.8034            NaN            NaN
        0.30286        -87.238        -80.676         -73.34        -63.591        -42.503            NaN            NaN       -0.35211        -1.0067        -2.2688        -4.7358        -9.8467            NaN            NaN
        0.30357        -87.198        -80.631         -73.28        -63.496        -42.248            NaN            NaN       -0.35464        -1.0117        -2.2787        -4.7555        -9.8901            NaN            NaN
        0.30429        -87.158        -80.586        -73.221          -63.4        -41.991            NaN            NaN       -0.35717        -1.0167        -2.2886        -4.7754        -9.9337            NaN            NaN
          0.305        -87.118        -80.541        -73.161        -63.305        -41.732            NaN            NaN       -0.35971        -1.0217        -2.2985        -4.7953        -9.9775            NaN            NaN
        0.30571        -87.078        -80.496        -73.101        -63.209         -41.47            NaN            NaN       -0.36226        -1.0267        -2.3084        -4.8152        -10.021            NaN            NaN
        0.30643        -87.038        -80.451        -73.041        -63.113        -41.206            NaN            NaN       -0.36481        -1.0318        -2.3184        -4.8352        -10.066            NaN            NaN
        0.30714        -86.998        -80.406        -72.981        -63.016         -40.94            NaN            NaN       -0.36738        -1.0369        -2.3284        -4.8553         -10.11            NaN            NaN
        0.30786        -86.958         -80.36         -72.92        -62.919        -40.672            NaN            NaN       -0.36995        -1.0419        -2.3384        -4.8754        -10.155            NaN            NaN
        0.30857        -86.918        -80.315         -72.86        -62.822        -40.401            NaN            NaN       -0.37252         -1.047        -2.3485        -4.8956        -10.199            NaN            NaN
        0.30929        -86.878         -80.27        -72.799        -62.725        -40.128            NaN            NaN       -0.37511        -1.0521        -2.3586        -4.9159        -10.244            NaN            NaN
           0.31        -86.838        -80.224        -72.738        -62.627        -39.853            NaN            NaN        -0.3777        -1.0572        -2.3687        -4.9362        -10.289            NaN            NaN
        0.31071        -86.798        -80.179        -72.678        -62.529        -39.575            NaN            NaN        -0.3803        -1.0624        -2.3789        -4.9566        -10.335            NaN            NaN
        0.31143        -86.758        -80.133        -72.617        -62.431        -39.294            NaN            NaN       -0.38291        -1.0675         -2.389         -4.977         -10.38            NaN            NaN
        0.31214        -86.718        -80.088        -72.556        -62.332        -39.011            NaN            NaN       -0.38552        -1.0727        -2.3992        -4.9975        -10.426            NaN            NaN
        0.31286        -86.678        -80.042        -72.494        -62.233        -38.725            NaN            NaN       -0.38815        -1.0779        -2.4095        -5.0181        -10.472            NaN            NaN
        0.31357        -86.638        -79.996        -72.433        -62.134        -38.437            NaN            NaN       -0.39078        -1.0831        -2.4197        -5.0387        -10.518            NaN            NaN
        0.31429        -86.598         -79.95        -72.372        -62.034        -38.146            NaN            NaN       -0.39342        -1.0883          -2.43        -5.0594        -10.564            NaN            NaN
          0.315        -86.558        -79.905         -72.31        -61.934        -37.852            NaN            NaN       -0.39606        -1.0935        -2.4404        -5.0801        -10.611            NaN            NaN
        0.31571        -86.518        -79.859        -72.248        -61.834        -37.555            NaN            NaN       -0.39871        -1.0988        -2.4507        -5.1009        -10.658            NaN            NaN
        0.31643        -86.477        -79.813        -72.186        -61.733        -37.256            NaN            NaN       -0.40138         -1.104        -2.4611        -5.1218        -10.705            NaN            NaN
        0.31714        -86.437        -79.767        -72.124        -61.632        -36.953            NaN            NaN       -0.40404        -1.1093        -2.4715        -5.1428        -10.752            NaN            NaN
        0.31786        -86.397        -79.721        -72.062        -61.531        -36.648            NaN            NaN       -0.40672        -1.1146         -2.482        -5.1638        -10.799            NaN            NaN
        0.31857        -86.357        -79.675            -72        -61.429        -36.339            NaN            NaN       -0.40941        -1.1199        -2.4924        -5.1849        -10.847            NaN            NaN
        0.31929        -86.317        -79.628        -71.938        -61.327        -36.027            NaN            NaN        -0.4121        -1.1252        -2.5029         -5.206        -10.895            NaN            NaN
           0.32        -86.277        -79.582        -71.875        -61.225        -35.712            NaN            NaN        -0.4148        -1.1305        -2.5135        -5.2272        -10.943            NaN            NaN
        0.32071        -86.236        -79.536        -71.812        -61.122        -35.393            NaN            NaN       -0.41751        -1.1359         -2.524        -5.2485        -10.991            NaN            NaN
        0.32143        -86.196         -79.49         -71.75        -61.019        -35.071            NaN            NaN       -0.42022        -1.1412        -2.5346        -5.2698         -11.04            NaN            NaN
        0.32214        -86.156        -79.443        -71.687        -60.916        -34.745            NaN            NaN       -0.42294        -1.1466        -2.5453        -5.2912        -11.088            NaN            NaN
        0.32286        -86.116        -79.397        -71.624        -60.812        -34.416            NaN            NaN       -0.42568         -1.152        -2.5559        -5.3127        -11.137            NaN            NaN
        0.32357        -86.075         -79.35         -71.56        -60.708        -34.083            NaN            NaN       -0.42841        -1.1574        -2.5666        -5.3342        -11.187            NaN            NaN
        0.32429        -86.035        -79.304        -71.497        -60.603        -33.746            NaN            NaN       -0.43116        -1.1628        -2.5773        -5.3558        -11.236            NaN            NaN
          0.325        -85.995        -79.257        -71.433        -60.498        -33.405            NaN            NaN       -0.43392        -1.1683        -2.5881        -5.3774        -11.286            NaN            NaN
        0.32571        -85.954         -79.21         -71.37        -60.393         -33.06            NaN            NaN       -0.43668        -1.1737        -2.5988        -5.3992        -11.336            NaN            NaN
        0.32643        -85.914        -79.164        -71.306        -60.288        -32.711            NaN            NaN       -0.43945        -1.1792        -2.6096         -5.421        -11.386            NaN            NaN
        0.32714        -85.873        -79.117        -71.242        -60.182        -32.357            NaN            NaN       -0.44223        -1.1847        -2.6205        -5.4428        -11.437            NaN            NaN
        0.32786        -85.833         -79.07        -71.178        -60.075        -31.998            NaN            NaN       -0.44502        -1.1902        -2.6314        -5.4648        -11.488            NaN            NaN
        0.32857        -85.793        -79.023        -71.114        -59.968        -31.635            NaN            NaN       -0.44781        -1.1957        -2.6423        -5.4868        -11.539            NaN            NaN
        0.32929        -85.752        -78.976        -71.049        -59.861        -31.267            NaN            NaN       -0.45062        -1.2013        -2.6532        -5.5088         -11.59            NaN            NaN
           0.33        -85.712        -78.929        -70.985        -59.754        -30.894            NaN            NaN       -0.45343        -1.2068        -2.6642         -5.531        -11.642            NaN            NaN
        0.33071        -85.671        -78.882         -70.92        -59.646        -30.515            NaN            NaN       -0.45625        -1.2124        -2.6752        -5.5532        -11.694            NaN            NaN
        0.33143        -85.631        -78.834        -70.856        -59.538        -30.131            NaN            NaN       -0.45907         -1.218        -2.6862        -5.5754        -11.746            NaN            NaN
        0.33214         -85.59        -78.787        -70.791        -59.429        -29.742            NaN            NaN       -0.46191        -1.2236        -2.6973        -5.5978        -11.799            NaN            NaN
        0.33286         -85.55         -78.74        -70.725         -59.32        -29.347            NaN            NaN       -0.46476        -1.2292        -2.7083        -5.6202        -11.852            NaN            NaN
        0.33357        -85.509        -78.692         -70.66         -59.21        -28.947            NaN            NaN       -0.46761        -1.2348        -2.7195        -5.6427        -11.905            NaN            NaN
        0.33429        -85.469        -78.645        -70.595        -59.101        -28.541            NaN            NaN       -0.47047        -1.2405        -2.7306        -5.6652        -11.959            NaN            NaN
          0.335        -85.428        -78.597        -70.529         -58.99         -28.13            NaN            NaN       -0.47334        -1.2461        -2.7418        -5.6878        -12.013            NaN            NaN
        0.33571        -85.387         -78.55        -70.464         -58.88        -27.713            NaN            NaN       -0.47621        -1.2518         -2.753        -5.7105        -12.067            NaN            NaN
        0.33643        -85.347        -78.502        -70.398        -58.768        -27.291            NaN            NaN        -0.4791        -1.2575        -2.7643        -5.7333        -12.122            NaN            NaN
        0.33714        -85.306        -78.454        -70.332        -58.657        -26.864            NaN            NaN       -0.48199        -1.2632        -2.7756        -5.7561        -12.177            NaN            NaN
        0.33786        -85.265        -78.407        -70.266        -58.545        -26.433            NaN            NaN        -0.4849        -1.2689        -2.7869         -5.779        -12.233            NaN            NaN
        0.33857        -85.225        -78.359        -70.199        -58.433        -25.997            NaN            NaN       -0.48781        -1.2747        -2.7982         -5.802        -12.289            NaN            NaN
        0.33929        -85.184        -78.311        -70.133         -58.32        -25.557            NaN            NaN       -0.49073        -1.2805        -2.8096         -5.825        -12.345            NaN            NaN
           0.34        -85.143        -78.263        -70.066        -58.206        -25.115            NaN            NaN       -0.49365        -1.2862         -2.821        -5.8481        -12.402            NaN            NaN
        0.34071        -85.102        -78.215        -69.999        -58.093         -24.67            NaN            NaN       -0.49659         -1.292        -2.8325        -5.8713         -12.46            NaN            NaN
        0.34143        -85.061        -78.167        -69.932        -57.979        -24.223            NaN            NaN       -0.49953        -1.2978         -2.844        -5.8946        -12.518            NaN            NaN
        0.34214        -85.021        -78.118        -69.865        -57.864        -23.775            NaN            NaN       -0.50249        -1.3037        -2.8555        -5.9179        -12.577            NaN            NaN
        0.34286         -84.98         -78.07        -69.798        -57.749        -23.327            NaN            NaN       -0.50545        -1.3095         -2.867        -5.9413        -12.636            NaN            NaN
        0.34357        -84.939        -78.022        -69.731        -57.633         -22.88            NaN            NaN       -0.50842        -1.3154        -2.8786        -5.9648        -12.695            NaN            NaN
        0.34429        -84.898        -77.973        -69.663        -57.517        -22.434            NaN            NaN        -0.5114        -1.3213        -2.8902        -5.9884        -12.755            NaN            NaN
          0.345        -84.857        -77.925        -69.595        -57.401        -21.992            NaN            NaN       -0.51438        -1.3272        -2.9018         -6.012        -12.816            NaN            NaN
        0.34571        -84.816        -77.876        -69.527        -57.284        -21.553            NaN            NaN       -0.51738        -1.3331        -2.9135        -6.0357        -12.877            NaN            NaN
        0.34643        -84.775        -77.827        -69.459        -57.167        -21.118            NaN            NaN       -0.52039         -1.339        -2.9252        -6.0595        -12.939            NaN            NaN
        0.34714        -84.734        -77.779        -69.391        -57.049         -20.69            NaN            NaN        -0.5234         -1.345         -2.937        -6.0833        -13.001            NaN            NaN
        0.34786        -84.693         -77.73        -69.322         -56.93        -20.268            NaN            NaN       -0.52642        -1.3509        -2.9488        -6.1073        -13.064            NaN            NaN
        0.34857        -84.652        -77.681        -69.254        -56.812        -19.854            NaN            NaN       -0.52945        -1.3569        -2.9606        -6.1313        -13.127            NaN            NaN
        0.34929        -84.611        -77.632        -69.185        -56.692        -19.448            NaN            NaN       -0.53249        -1.3629        -2.9724        -6.1553        -13.191            NaN            NaN
           0.35         -84.57        -77.583        -69.116        -56.573        -19.052            NaN            NaN       -0.53554        -1.3689        -2.9843        -6.1795        -13.256            NaN            NaN
        0.35071        -84.528        -77.534        -69.047        -56.452        -18.666            NaN            NaN        -0.5386         -1.375        -2.9962        -6.2037        -13.321            NaN            NaN
        0.35143        -84.487        -77.484        -68.978        -56.331        -18.292            NaN            NaN       -0.54166         -1.381        -3.0082         -6.228        -13.386            NaN            NaN
        0.35214        -84.446        -77.435        -68.908         -56.21        -17.929            NaN            NaN       -0.54474        -1.3871        -3.0201        -6.2524        -13.452            NaN            NaN
        0.35286        -84.405        -77.386        -68.839        -56.088         -17.58            NaN            NaN       -0.54782        -1.3932        -3.0322        -6.2769        -13.519            NaN            NaN
        0.35357        -84.364        -77.336        -68.769        -55.966        -17.244            NaN            NaN       -0.55091        -1.3993        -3.0442        -6.3014        -13.586            NaN            NaN
        0.35429        -84.322        -77.287        -68.699        -55.843        -16.922            NaN            NaN       -0.55401        -1.4054        -3.0563         -6.326        -13.654            NaN            NaN
          0.355        -84.281        -77.237        -68.629        -55.719        -16.615            NaN            NaN       -0.55712        -1.4115        -3.0684        -6.3507        -13.722            NaN            NaN
        0.35571         -84.24        -77.187        -68.558        -55.596        -16.323            NaN            NaN       -0.56024        -1.4177        -3.0806        -6.3755         -13.79            NaN            NaN
        0.35643        -84.198        -77.137        -68.488        -55.471        -16.047            NaN            NaN       -0.56337        -1.4239        -3.0928        -6.4003        -13.859            NaN            NaN
        0.35714        -84.157        -77.087        -68.417        -55.346        -15.787            NaN            NaN       -0.56651          -1.43         -3.105        -6.4253        -13.929            NaN            NaN
        0.35786        -84.115        -77.037        -68.346         -55.22        -15.545            NaN            NaN       -0.56966        -1.4363        -3.1172        -6.4503        -13.999            NaN            NaN
        0.35857        -84.074        -76.987        -68.275        -55.094        -15.319            NaN            NaN       -0.57281        -1.4425        -3.1295        -6.4753        -14.069            NaN            NaN
        0.35929        -84.032        -76.937        -68.204        -54.967        -15.112            NaN            NaN       -0.57598        -1.4487        -3.1419        -6.5005         -14.14            NaN            NaN
           0.36        -83.991        -76.887        -68.132         -54.84        -14.922            NaN            NaN       -0.57915         -1.455        -3.1542        -6.5258        -14.212            NaN            NaN
        0.36071        -83.949        -76.837        -68.061        -54.712        -14.751            NaN            NaN       -0.58233        -1.4613        -3.1666        -6.5511        -14.283            NaN            NaN
        0.36143        -83.908        -76.786        -67.989        -54.584        -14.598            NaN            NaN       -0.58552        -1.4676        -3.1791        -6.5765        -14.356            NaN            NaN
        0.36214        -83.866        -76.736        -67.917        -54.455        -14.465            NaN            NaN       -0.58873        -1.4739        -3.1915         -6.602        -14.428            NaN            NaN
        0.36286        -83.824        -76.685        -67.845        -54.325         -14.35            NaN            NaN       -0.59194        -1.4802         -3.204        -6.6276        -14.501            NaN            NaN
        0.36357        -83.783        -76.634        -67.772        -54.195        -14.255            NaN            NaN       -0.59516        -1.4866        -3.2166        -6.6532        -14.574            NaN            NaN
        0.36429        -83.741        -76.584          -67.7        -54.064         -14.18            NaN            NaN       -0.59838        -1.4929        -3.2291         -6.679        -14.648            NaN            NaN
          0.365        -83.699        -76.533        -67.627        -53.932        -14.124            NaN            NaN       -0.60162        -1.4993        -3.2418        -6.7048        -14.722            NaN            NaN
        0.36571        -83.657        -76.482        -67.554          -53.8        -14.089            NaN            NaN       -0.60487        -1.5057        -3.2544        -6.7307        -14.797            NaN            NaN
        0.36643        -83.616        -76.431        -67.481        -53.668        -14.073            NaN            NaN       -0.60813        -1.5122        -3.2671        -6.7567        -14.872            NaN            NaN
        0.36714        -83.574         -76.38        -67.407        -53.534        -14.078            NaN            NaN       -0.61139        -1.5186        -3.2798        -6.7828        -14.947            NaN            NaN
        0.36786        -83.532        -76.328        -67.334          -53.4        -14.104            NaN            NaN       -0.61467        -1.5251        -3.2926        -6.8089        -15.022            NaN            NaN
        0.36857         -83.49        -76.277         -67.26        -53.266        -14.149            NaN            NaN       -0.61795        -1.5315        -3.3054        -6.8352        -15.098            NaN            NaN
        0.36929        -83.448        -76.226        -67.186         -53.13        -14.216            NaN            NaN       -0.62125         -1.538        -3.3182        -6.8615        -15.174            NaN            NaN
           0.37        -83.406        -76.174        -67.112        -52.994        -14.303            NaN            NaN       -0.62455        -1.5445        -3.3311        -6.8879        -15.251            NaN            NaN
        0.37071        -83.364        -76.122        -67.037        -52.858         -14.41            NaN            NaN       -0.62787        -1.5511         -3.344        -6.9144        -15.328            NaN            NaN
        0.37143        -83.322        -76.071        -66.963         -52.72        -14.539            NaN            NaN       -0.63119        -1.5576        -3.3569         -6.941        -15.405            NaN            NaN
        0.37214         -83.28        -76.019        -66.888        -52.582        -14.688            NaN            NaN       -0.63452        -1.5642        -3.3699        -6.9677        -15.482            NaN            NaN
        0.37286        -83.238        -75.967        -66.813        -52.444        -14.858            NaN            NaN       -0.63787        -1.5708        -3.3829        -6.9944         -15.56            NaN            NaN
        0.37357        -83.195        -75.915        -66.738        -52.304         -15.05            NaN            NaN       -0.64122        -1.5774        -3.3959        -7.0213        -15.638            NaN            NaN
        0.37429        -83.153        -75.863        -66.662        -52.164        -15.262            NaN            NaN       -0.64458         -1.584         -3.409        -7.0482        -15.716            NaN            NaN
          0.375        -83.111         -75.81        -66.587        -52.023        -15.495            NaN            NaN       -0.64795        -1.5907        -3.4222        -7.0752        -15.795            NaN            NaN
        0.37571        -83.069        -75.758        -66.511        -51.882        -15.749            NaN            NaN       -0.65133        -1.5973        -3.4353        -7.1023        -15.874            NaN            NaN
        0.37643        -83.026        -75.706        -66.435        -51.739        -16.023            NaN            NaN       -0.65472         -1.604        -3.4485        -7.1295        -15.953            NaN            NaN
        0.37714        -82.984        -75.653        -66.358        -51.596        -16.319            NaN            NaN       -0.65812        -1.6107        -3.4618        -7.1568        -16.032            NaN            NaN
        0.37786        -82.941          -75.6        -66.282        -51.453        -16.636            NaN            NaN       -0.66153        -1.6174         -3.475        -7.1842        -16.111            NaN            NaN
        0.37857        -82.899        -75.548        -66.205        -51.308        -16.974            NaN            NaN       -0.66495        -1.6242        -3.4884        -7.2117        -16.191            NaN            NaN
        0.37929        -82.857        -75.495        -66.128        -51.163        -17.332            NaN            NaN       -0.66838        -1.6309        -3.5017        -7.2392        -16.271            NaN            NaN
           0.38        -82.814        -75.442        -66.051        -51.017        -17.712            NaN            NaN       -0.67182        -1.6377        -3.5151        -7.2669        -16.352            NaN            NaN
        0.38071        -82.771        -75.389        -65.974         -50.87        -18.112            NaN            NaN       -0.67527        -1.6445        -3.5285        -7.2946        -16.432            NaN            NaN
        0.38143        -82.729        -75.336        -65.896        -50.722        -18.533            NaN            NaN       -0.67873        -1.6513         -3.542        -7.3225        -16.513            NaN            NaN
        0.38214        -82.686        -75.282        -65.818        -50.574        -18.975            NaN            NaN        -0.6822        -1.6582        -3.5555        -7.3504        -16.594            NaN            NaN
        0.38286        -82.643        -75.229         -65.74        -50.424        -19.438            NaN            NaN       -0.68568         -1.665         -3.569        -7.3784        -16.675            NaN            NaN
        0.38357        -82.601        -75.175        -65.662        -50.274        -19.921            NaN            NaN       -0.68917        -1.6719        -3.5826        -7.4065        -16.756            NaN            NaN
        0.38429        -82.558        -75.122        -65.583        -50.123        -20.425            NaN            NaN       -0.69267        -1.6788        -3.5962        -7.4347        -16.838            NaN            NaN
          0.385        -82.515        -75.068        -65.505        -49.972         -20.95            NaN            NaN       -0.69618        -1.6857        -3.6099         -7.463         -16.92            NaN            NaN
        0.38571        -82.472        -75.014        -65.426        -49.819        -21.495            NaN            NaN        -0.6997        -1.6926        -3.6236        -7.4914        -17.002            NaN            NaN
        0.38643        -82.429         -74.96        -65.346        -49.665        -22.061            NaN            NaN       -0.70322        -1.6996        -3.6373        -7.5199        -17.084            NaN            NaN
        0.38714        -82.386        -74.906        -65.267        -49.511        -22.647            NaN            NaN       -0.70676        -1.7066        -3.6511        -7.5485        -17.166            NaN            NaN
        0.38786        -82.343        -74.852        -65.187        -49.356        -23.253            NaN            NaN       -0.71031        -1.7136        -3.6649        -7.5772        -17.249            NaN            NaN
        0.38857          -82.3        -74.798        -65.107        -49.199         -23.88            NaN            NaN       -0.71387        -1.7206        -3.6788         -7.606        -17.332            NaN            NaN
        0.38929        -82.257        -74.743        -65.027        -49.042        -24.527            NaN            NaN       -0.71744        -1.7276        -3.6927        -7.6349        -17.415            NaN            NaN
           0.39        -82.214        -74.689        -64.947        -48.884        -25.195            NaN            NaN       -0.72102        -1.7347        -3.7066        -7.6639        -17.498            NaN            NaN
        0.39071        -82.171        -74.634        -64.866        -48.725        -25.882            NaN            NaN       -0.72461        -1.7417        -3.7206         -7.693        -17.581            NaN            NaN
        0.39143        -82.128        -74.579        -64.785        -48.565         -26.59            NaN            NaN       -0.72822        -1.7488        -3.7346        -7.7221        -17.665            NaN            NaN
        0.39214        -82.084        -74.524        -64.704        -48.405        -27.317            NaN            NaN       -0.73183        -1.7559        -3.7486        -7.7514        -17.748            NaN            NaN
        0.39286        -82.041        -74.469        -64.622        -48.243        -28.065            NaN            NaN       -0.73545        -1.7631        -3.7627        -7.7808        -17.832            NaN            NaN
        0.39357        -81.998        -74.414        -64.541         -48.08        -28.832            NaN            NaN       -0.73908        -1.7702        -3.7769        -7.8103        -17.916            NaN            NaN
        0.39429        -81.954        -74.359        -64.459        -47.916        -29.619            NaN            NaN       -0.74272        -1.7774         -3.791        -7.8399            -18            NaN            NaN
          0.395        -81.911        -74.303        -64.376        -47.751        -30.426            NaN            NaN       -0.74637        -1.7846        -3.8053        -7.8695        -18.084            NaN            NaN
        0.39571        -81.867        -74.248        -64.294        -47.585        -31.253            NaN            NaN       -0.75004        -1.7918        -3.8195        -7.8993        -18.169            NaN            NaN
        0.39643        -81.824        -74.192        -64.211        -47.418        -32.099            NaN            NaN       -0.75371         -1.799        -3.8338        -7.9292        -18.253            NaN            NaN
        0.39714         -81.78        -74.137        -64.128        -47.251        -32.965            NaN            NaN        -0.7574        -1.8063        -3.8481        -7.9592        -18.338            NaN            NaN
        0.39786        -81.736        -74.081        -64.045        -47.082         -33.85            NaN            NaN       -0.76109        -1.8135        -3.8625        -7.9893        -18.423            NaN            NaN
        0.39857        -81.693        -74.025        -63.962        -46.911        -34.755            NaN            NaN        -0.7648        -1.8208        -3.8769        -8.0195        -18.507            NaN            NaN
        0.39929        -81.649        -73.968        -63.878         -46.74        -35.679            NaN            NaN       -0.76851        -1.8281        -3.8914        -8.0498        -18.593            NaN            NaN
            0.4        -81.605        -73.912        -63.794        -46.568        -36.622            NaN            NaN       -0.77224        -1.8355        -3.9059        -8.0802        -18.678            NaN            NaN
        0.40071        -81.561        -73.856        -63.709        -46.395        -37.584            NaN            NaN       -0.77597        -1.8428        -3.9204        -8.1108        -18.763            NaN            NaN
        0.40143        -81.517        -73.799        -63.625         -46.22        -38.565            NaN            NaN       -0.77972        -1.8502         -3.935        -8.1414        -18.849            NaN            NaN
        0.40214        -81.473        -73.743         -63.54        -46.044        -39.565            NaN            NaN       -0.78348        -1.8576        -3.9497        -8.1721        -18.934            NaN            NaN
        0.40286        -81.429        -73.686        -63.455        -45.867        -40.584            NaN            NaN       -0.78725         -1.865        -3.9643         -8.203         -19.02            NaN            NaN
        0.40357        -81.385        -73.629        -63.369        -45.689        -41.622            NaN            NaN       -0.79103        -1.8724         -3.979        -8.2339        -19.106            NaN            NaN
        0.40429        -81.341        -73.572        -63.284         -45.51        -42.679            NaN            NaN       -0.79482        -1.8799        -3.9938         -8.265        -19.192            NaN            NaN
          0.405        -81.297        -73.515        -63.198         -45.33        -43.754            NaN            NaN       -0.79862        -1.8874        -4.0086        -8.2962        -19.278            NaN            NaN
        0.40571        -81.252        -73.457        -63.111        -45.148        -44.848            NaN            NaN       -0.80243        -1.8949        -4.0234        -8.3275        -19.364            NaN            NaN
        0.40643        -81.208          -73.4        -63.025        -44.965        -45.961            NaN            NaN       -0.80626        -1.9024        -4.0383        -8.3589        -19.451            NaN            NaN
        0.40714        -81.164        -73.342        -62.938        -44.781        -47.092            NaN            NaN       -0.81009        -1.9099        -4.0532        -8.3904        -19.537            NaN            NaN
        0.40786        -81.119        -73.285        -62.851        -44.595        -48.241            NaN            NaN       -0.81393        -1.9175        -4.0682         -8.422        -19.624            NaN            NaN
        0.40857        -81.075        -73.227        -62.763        -44.408        -49.409            NaN            NaN       -0.81779         -1.925        -4.0832        -8.4538         -19.71            NaN            NaN
        0.40929         -81.03        -73.169        -62.676         -44.22        -50.595            NaN            NaN       -0.82166        -1.9326        -4.0982        -8.4856        -19.797            NaN            NaN
           0.41        -80.986         -73.11        -62.588        -44.031        -51.799            NaN            NaN       -0.82553        -1.9403        -4.1133        -8.5176        -19.884            NaN            NaN
        0.41071        -80.941        -73.052        -62.499         -43.84        -53.021            NaN            NaN       -0.82942        -1.9479        -4.1285        -8.5497        -19.971            NaN            NaN
        0.41143        -80.896        -72.994        -62.411        -43.648        -54.261            NaN            NaN       -0.83332        -1.9556        -4.1436        -8.5819        -20.058            NaN            NaN
        0.41214        -80.851        -72.935        -62.322        -43.454        -55.519            NaN            NaN       -0.83723        -1.9633        -4.1588        -8.6142        -20.145            NaN            NaN
        0.41286        -80.806        -72.876        -62.232        -43.259        -56.795            NaN            NaN       -0.84116         -1.971        -4.1741        -8.6467        -20.232            NaN            NaN
        0.41357        -80.762        -72.818        -62.143        -43.062        -58.089            NaN            NaN       -0.84509        -1.9787        -4.1894        -8.6793         -20.32            NaN            NaN
        0.41429        -80.717        -72.759        -62.053        -42.864          -59.4            NaN            NaN       -0.84903        -1.9865        -4.2048        -8.7119        -20.407            NaN            NaN
          0.415        -80.672        -72.699        -61.963        -42.665        -60.729            NaN            NaN       -0.85299        -1.9942        -4.2202        -8.7448        -20.495            NaN            NaN
        0.41571        -80.626         -72.64        -61.872        -42.464        -62.076            NaN            NaN       -0.85695         -2.002        -4.2356        -8.7777        -20.583            NaN            NaN
        0.41643        -80.581        -72.581        -61.781        -42.261         -63.44            NaN            NaN       -0.86093        -2.0098        -4.2511        -8.8108         -20.67            NaN            NaN
        0.41714        -80.536        -72.521         -61.69        -42.057        -64.821            NaN            NaN       -0.86492        -2.0177        -4.2666        -8.8439        -20.758            NaN            NaN
        0.41786        -80.491        -72.461        -61.598        -41.851         -66.22            NaN            NaN       -0.86892        -2.0255        -4.2822        -8.8773        -20.846            NaN            NaN
        0.41857        -80.445        -72.401        -61.507        -41.644        -67.636            NaN            NaN       -0.87293        -2.0334        -4.2978        -8.9107        -20.934            NaN            NaN
        0.41929          -80.4        -72.341        -61.414        -41.435        -69.069            NaN            NaN       -0.87696        -2.0413        -4.3135        -8.9443        -21.022            NaN            NaN
           0.42        -80.355        -72.281        -61.322        -41.225         -70.52            NaN            NaN       -0.88099        -2.0492        -4.3292         -8.978        -21.111            NaN            NaN
        0.42071        -80.309        -72.221        -61.229        -41.012        -71.987            NaN            NaN       -0.88504        -2.0572        -4.3449        -9.0118        -21.199            NaN            NaN
        0.42143        -80.263         -72.16        -61.136        -40.798        -73.472            NaN            NaN        -0.8891        -2.0651        -4.3607        -9.0458        -21.287            NaN            NaN
        0.42214        -80.218        -72.099        -61.042        -40.582        -74.973            NaN            NaN       -0.89316        -2.0731        -4.3766        -9.0799        -21.376            NaN            NaN
        0.42286        -80.172        -72.039        -60.948        -40.365        -76.491            NaN            NaN       -0.89724        -2.0811        -4.3925        -9.1141        -21.464            NaN            NaN
        0.42357        -80.126        -71.978        -60.854        -40.145        -78.027            NaN            NaN       -0.90134        -2.0892        -4.4084        -9.1485        -21.553            NaN            NaN
        0.42429         -80.08        -71.916         -60.76        -39.924        -79.578            NaN            NaN       -0.90544        -2.0972        -4.4244         -9.183        -21.642            NaN            NaN
          0.425        -80.034        -71.855        -60.665        -39.701        -81.147            NaN            NaN       -0.90956        -2.1053        -4.4404        -9.2176         -21.73            NaN            NaN
        0.42571        -79.988        -71.794        -60.569        -39.476        -82.732            NaN            NaN       -0.91368        -2.1134        -4.4565        -9.2524        -21.819            NaN            NaN
        0.42643        -79.942        -71.732        -60.474        -39.249        -84.334            NaN            NaN       -0.91782        -2.1215        -4.4726        -9.2873        -21.908            NaN            NaN
        0.42714        -79.896         -71.67        -60.378         -39.02        -85.952            NaN            NaN       -0.92197        -2.1297        -4.4888        -9.3223        -21.997            NaN            NaN
        0.42786         -79.85        -71.608        -60.281        -38.789        -87.586            NaN            NaN       -0.92613        -2.1378         -4.505        -9.3575        -22.087            NaN            NaN
        0.42857        -79.803        -71.546        -60.184        -38.556        -89.237            NaN            NaN       -0.93031         -2.146        -4.5212        -9.3929        -22.176            NaN            NaN
        0.42929        -79.757        -71.484        -60.087        -38.321        -90.905            NaN            NaN       -0.93449        -2.1542        -4.5375        -9.4284        -22.265            NaN            NaN
           0.43         -79.71        -71.421         -59.99        -38.083        -92.588            NaN            NaN       -0.93869        -2.1625        -4.5539         -9.464        -22.354            NaN            NaN
        0.43071        -79.664        -71.359        -59.892        -37.844        -94.288            NaN            NaN        -0.9429        -2.1707        -4.5703        -9.4998        -22.444            NaN            NaN
        0.43143        -79.617        -71.296        -59.794        -37.602        -96.004            NaN            NaN       -0.94712         -2.179        -4.5867        -9.5358        -22.533            NaN            NaN
        0.43214        -79.571        -71.233        -59.695        -37.358        -97.735            NaN            NaN       -0.95135        -2.1873        -4.6032        -9.5719        -22.623            NaN            NaN
        0.43286        -79.524         -71.17        -59.596        -37.112        -99.483            NaN            NaN       -0.95559        -2.1956        -4.6198        -9.6081        -22.713            NaN            NaN
        0.43357        -79.477        -71.106        -59.496        -36.863            NaN            NaN            NaN       -0.95985         -2.204        -4.6364        -9.6446            NaN            NaN            NaN
        0.43429         -79.43        -71.043        -59.396        -36.612            NaN            NaN            NaN       -0.96412        -2.2124         -4.653        -9.6811            NaN            NaN            NaN
          0.435        -79.383        -70.979        -59.296        -36.359            NaN            NaN            NaN        -0.9684        -2.2207        -4.6697        -9.7179            NaN            NaN            NaN
        0.43571        -79.336        -70.915        -59.196        -36.103            NaN            NaN            NaN       -0.97269        -2.2292        -4.6864        -9.7548            NaN            NaN            NaN
        0.43643        -79.289        -70.851        -59.094        -35.844            NaN            NaN            NaN         -0.977        -2.2376        -4.7032        -9.7919            NaN            NaN            NaN
        0.43714        -79.242        -70.787        -58.993        -35.583            NaN            NaN            NaN       -0.98131        -2.2461          -4.72        -9.8291            NaN            NaN            NaN
        0.43786        -79.194        -70.723        -58.891         -35.32            NaN            NaN            NaN       -0.98564        -2.2545        -4.7369        -9.8666            NaN            NaN            NaN
        0.43857        -79.147        -70.658        -58.789        -35.054            NaN            NaN            NaN       -0.98998        -2.2631        -4.7538        -9.9042            NaN            NaN            NaN
        0.43929        -79.099        -70.593        -58.686        -34.785            NaN            NaN            NaN       -0.99433        -2.2716        -4.7708         -9.942            NaN            NaN            NaN
           0.44        -79.052        -70.528        -58.583        -34.514            NaN            NaN            NaN        -0.9987        -2.2801        -4.7879        -9.9799            NaN            NaN            NaN
        0.44071        -79.004        -70.463        -58.479         -34.24            NaN            NaN            NaN        -1.0031        -2.2887        -4.8049        -10.018            NaN            NaN            NaN
        0.44143        -78.956        -70.398        -58.375        -33.964            NaN            NaN            NaN        -1.0075        -2.2973        -4.8221        -10.056            NaN            NaN            NaN
        0.44214        -78.909        -70.332        -58.271        -33.685            NaN            NaN            NaN        -1.0119        -2.3059        -4.8392        -10.095            NaN            NaN            NaN
        0.44286        -78.861        -70.267        -58.166        -33.403            NaN            NaN            NaN        -1.0163        -2.3146        -4.8565        -10.134            NaN            NaN            NaN
        0.44357        -78.813        -70.201         -58.06         -33.12            NaN            NaN            NaN        -1.0207        -2.3233        -4.8737        -10.173            NaN            NaN            NaN
        0.44429        -78.765        -70.135        -57.954        -32.833            NaN            NaN            NaN        -1.0251         -2.332        -4.8911        -10.212            NaN            NaN            NaN
          0.445        -78.716        -70.069        -57.848        -32.545            NaN            NaN            NaN        -1.0296        -2.3407        -4.9084        -10.251            NaN            NaN            NaN
        0.44571        -78.668        -70.002        -57.741        -32.254            NaN            NaN            NaN        -1.0341        -2.3494        -4.9259        -10.291            NaN            NaN            NaN
        0.44643         -78.62        -69.936        -57.634        -31.961            NaN            NaN            NaN        -1.0385        -2.3582        -4.9433        -10.331            NaN            NaN            NaN
        0.44714        -78.571        -69.869        -57.526        -31.667            NaN            NaN            NaN         -1.043         -2.367        -4.9609        -10.371            NaN            NaN            NaN
        0.44786        -78.523        -69.802        -57.418         -31.37            NaN            NaN            NaN        -1.0475        -2.3758        -4.9784        -10.411            NaN            NaN            NaN
        0.44857        -78.474        -69.735        -57.309        -31.072            NaN            NaN            NaN         -1.052        -2.3846        -4.9961        -10.452            NaN            NaN            NaN
        0.44929        -78.426        -69.667          -57.2        -30.772            NaN            NaN            NaN        -1.0566        -2.3935        -5.0137        -10.492            NaN            NaN            NaN
           0.45        -78.377          -69.6        -57.091        -30.471            NaN            NaN            NaN        -1.0611        -2.4024        -5.0315        -10.533            NaN            NaN            NaN
        0.45071        -78.328        -69.532         -56.98        -30.168            NaN            NaN            NaN        -1.0657        -2.4113        -5.0493        -10.575            NaN            NaN            NaN
        0.45143        -78.279        -69.464         -56.87        -29.865            NaN            NaN            NaN        -1.0702        -2.4202        -5.0671        -10.616            NaN            NaN            NaN
        0.45214         -78.23        -69.396        -56.759        -29.561            NaN            NaN            NaN        -1.0748        -2.4292         -5.085        -10.658            NaN            NaN            NaN
        0.45286        -78.181        -69.327        -56.647        -29.257            NaN            NaN            NaN        -1.0794        -2.4382        -5.1029          -10.7            NaN            NaN            NaN
        0.45357        -78.131        -69.259        -56.535        -28.952            NaN            NaN            NaN         -1.084        -2.4472        -5.1209        -10.742            NaN            NaN            NaN
        0.45429        -78.082         -69.19        -56.422        -28.647            NaN            NaN            NaN        -1.0886        -2.4562         -5.139        -10.785            NaN            NaN            NaN
          0.455        -78.032        -69.121        -56.309        -28.343            NaN            NaN            NaN        -1.0932        -2.4653        -5.1571        -10.827            NaN            NaN            NaN
        0.45571        -77.983        -69.052        -56.195        -28.039            NaN            NaN            NaN        -1.0979        -2.4743        -5.1752         -10.87            NaN            NaN            NaN
        0.45643        -77.933        -68.982        -56.081        -27.736            NaN            NaN            NaN        -1.1025        -2.4834        -5.1934        -10.914            NaN            NaN            NaN
        0.45714        -77.884        -68.912        -55.966        -27.434            NaN            NaN            NaN        -1.1072        -2.4926        -5.2117        -10.957            NaN            NaN            NaN
        0.45786        -77.834        -68.843        -55.851        -27.133            NaN            NaN            NaN        -1.1119        -2.5017          -5.23        -11.001            NaN            NaN            NaN
        0.45857        -77.784        -68.773        -55.735        -26.834            NaN            NaN            NaN        -1.1166        -2.5109        -5.2484        -11.045            NaN            NaN            NaN
        0.45929        -77.734        -68.702        -55.618        -26.537            NaN            NaN            NaN        -1.1213        -2.5201        -5.2668         -11.09            NaN            NaN            NaN
           0.46        -77.683        -68.632        -55.501        -26.241            NaN            NaN            NaN         -1.126        -2.5293        -5.2853        -11.134            NaN            NaN            NaN
        0.46071        -77.633        -68.561        -55.384        -25.949            NaN            NaN            NaN        -1.1307        -2.5386        -5.3038        -11.179            NaN            NaN            NaN
        0.46143        -77.583         -68.49        -55.266        -25.658            NaN            NaN            NaN        -1.1355        -2.5479        -5.3224        -11.224            NaN            NaN            NaN
        0.46214        -77.532        -68.419        -55.147        -25.371            NaN            NaN            NaN        -1.1402        -2.5572         -5.341         -11.27            NaN            NaN            NaN
        0.46286        -77.482        -68.348        -55.028        -25.087            NaN            NaN            NaN         -1.145        -2.5665        -5.3597        -11.316            NaN            NaN            NaN
        0.46357        -77.431        -68.276        -54.908        -24.806            NaN            NaN            NaN        -1.1498        -2.5759        -5.3785        -11.362            NaN            NaN            NaN
        0.46429         -77.38        -68.204        -54.787        -24.529            NaN            NaN            NaN        -1.1546        -2.5852        -5.3973        -11.408            NaN            NaN            NaN
          0.465        -77.329        -68.132        -54.666        -24.256            NaN            NaN            NaN        -1.1594        -2.5947        -5.4161        -11.454            NaN            NaN            NaN
        0.46571        -77.278         -68.06        -54.544        -23.986            NaN            NaN            NaN        -1.1642        -2.6041        -5.4351        -11.501            NaN            NaN            NaN
        0.46643        -77.227        -67.987        -54.422        -23.721            NaN            NaN            NaN         -1.169        -2.6135         -5.454        -11.548            NaN            NaN            NaN
        0.46714        -77.176        -67.915        -54.299        -23.461            NaN            NaN            NaN        -1.1739         -2.623        -5.4731        -11.596            NaN            NaN            NaN
        0.46786        -77.125        -67.842        -54.175        -23.205            NaN            NaN            NaN        -1.1788        -2.6325        -5.4921        -11.643            NaN            NaN            NaN
        0.46857        -77.073        -67.768        -54.051        -22.954            NaN            NaN            NaN        -1.1836        -2.6421        -5.5113        -11.691            NaN            NaN            NaN
        0.46929        -77.022        -67.695        -53.926        -22.708            NaN            NaN            NaN        -1.1885        -2.6516        -5.5305        -11.739            NaN            NaN            NaN
           0.47         -76.97        -67.621        -53.801        -22.467            NaN            NaN            NaN        -1.1934        -2.6612        -5.5498        -11.788            NaN            NaN            NaN
        0.47071        -76.918        -67.547        -53.675        -22.232            NaN            NaN            NaN        -1.1983        -2.6708        -5.5691        -11.836            NaN            NaN            NaN
        0.47143        -76.866        -67.473        -53.548        -22.002            NaN            NaN            NaN        -1.2033        -2.6804        -5.5884        -11.885            NaN            NaN            NaN
        0.47214        -76.814        -67.399         -53.42        -21.777            NaN            NaN            NaN        -1.2082        -2.6901        -5.6079        -11.934            NaN            NaN            NaN
        0.47286        -76.762        -67.324        -53.292        -21.559            NaN            NaN            NaN        -1.2132        -2.6998        -5.6274        -11.983            NaN            NaN            NaN
        0.47357         -76.71        -67.249        -53.163        -21.346            NaN            NaN            NaN        -1.2181        -2.7095        -5.6469        -12.033            NaN            NaN            NaN
        0.47429        -76.657        -67.174        -53.034        -21.139            NaN            NaN            NaN        -1.2231        -2.7192        -5.6665        -12.083            NaN            NaN            NaN
          0.475        -76.605        -67.099        -52.903        -20.939            NaN            NaN            NaN        -1.2281         -2.729        -5.6862        -12.133            NaN            NaN            NaN
        0.47571        -76.552        -67.023        -52.772        -20.744            NaN            NaN            NaN        -1.2331        -2.7388        -5.7059        -12.183            NaN            NaN            NaN
        0.47643          -76.5        -66.947        -52.641        -20.556            NaN            NaN            NaN        -1.2382        -2.7486        -5.7257        -12.234            NaN            NaN            NaN
        0.47714        -76.447        -66.871        -52.508        -20.375            NaN            NaN            NaN        -1.2432        -2.7585        -5.7455        -12.285            NaN            NaN            NaN
        0.47786        -76.394        -66.795        -52.375        -20.199            NaN            NaN            NaN        -1.2483        -2.7683        -5.7654        -12.336            NaN            NaN            NaN
        0.47857        -76.341        -66.718        -52.241        -20.031            NaN            NaN            NaN        -1.2533        -2.7782        -5.7854        -12.387            NaN            NaN            NaN
        0.47929        -76.287        -66.642        -52.106        -19.869            NaN            NaN            NaN        -1.2584        -2.7882        -5.8054        -12.438            NaN            NaN            NaN
           0.48        -76.234        -66.564        -51.971        -19.714            NaN            NaN            NaN        -1.2635        -2.7981        -5.8255         -12.49            NaN            NaN            NaN
        0.48071        -76.181        -66.487        -51.835        -19.565            NaN            NaN            NaN        -1.2686        -2.8081        -5.8457        -12.542            NaN            NaN            NaN
        0.48143        -76.127        -66.409        -51.698        -19.424            NaN            NaN            NaN        -1.2737        -2.8181        -5.8659        -12.594            NaN            NaN            NaN
        0.48214        -76.073        -66.332         -51.56        -19.289            NaN            NaN            NaN        -1.2789        -2.8281        -5.8862        -12.646            NaN            NaN            NaN
        0.48286        -76.019        -66.253        -51.422        -19.161            NaN            NaN            NaN         -1.284        -2.8382        -5.9065        -12.699            NaN            NaN            NaN
        0.48357        -75.965        -66.175        -51.282         -19.04            NaN            NaN            NaN        -1.2892        -2.8483        -5.9269        -12.752            NaN            NaN            NaN
        0.48429        -75.911        -66.096        -51.142        -18.926            NaN            NaN            NaN        -1.2943        -2.8584        -5.9473        -12.805            NaN            NaN            NaN
          0.485        -75.857        -66.017        -51.001         -18.82            NaN            NaN            NaN        -1.2995        -2.8685        -5.9679        -12.858            NaN            NaN            NaN
        0.48571        -75.803        -65.938         -50.86         -18.72            NaN            NaN            NaN        -1.3047        -2.8787        -5.9884        -12.911            NaN            NaN            NaN
        0.48643        -75.748        -65.859        -50.717        -18.627            NaN            NaN            NaN          -1.31        -2.8889        -6.0091        -12.965            NaN            NaN            NaN
        0.48714        -75.694        -65.779        -50.573        -18.542            NaN            NaN            NaN        -1.3152        -2.8991        -6.0298        -13.019            NaN            NaN            NaN
        0.48786        -75.639        -65.699        -50.429        -18.464            NaN            NaN            NaN        -1.3204        -2.9093        -6.0506        -13.073            NaN            NaN            NaN
        0.48857        -75.584        -65.619        -50.284        -18.393            NaN            NaN            NaN        -1.3257        -2.9196        -6.0714        -13.127            NaN            NaN            NaN
        0.48929        -75.529        -65.538        -50.138        -18.329            NaN            NaN            NaN         -1.331        -2.9299        -6.0923        -13.182            NaN            NaN            NaN
           0.49        -75.474        -65.457        -49.991        -18.272            NaN            NaN            NaN        -1.3363        -2.9402        -6.1133        -13.236            NaN            NaN            NaN
        0.49071        -75.418        -65.376        -49.843        -18.222            NaN            NaN            NaN        -1.3416        -2.9506        -6.1343        -13.291            NaN            NaN            NaN
        0.49143        -75.363        -65.295        -49.694         -18.18            NaN            NaN            NaN        -1.3469         -2.961        -6.1554        -13.346            NaN            NaN            NaN
        0.49214        -75.307        -65.213        -49.545        -18.145            NaN            NaN            NaN        -1.3522        -2.9714        -6.1766        -13.401            NaN            NaN            NaN
        0.49286        -75.252        -65.131        -49.394        -18.117            NaN            NaN            NaN        -1.3576        -2.9818        -6.1978        -13.457            NaN            NaN            NaN
        0.49357        -75.196        -65.048        -49.242        -18.097            NaN            NaN            NaN        -1.3629        -2.9923        -6.2191        -13.512            NaN            NaN            NaN
        0.49429         -75.14        -64.966         -49.09        -18.084            NaN            NaN            NaN        -1.3683        -3.0028        -6.2405        -13.568            NaN            NaN            NaN
          0.495        -75.083        -64.883        -48.936        -18.078            NaN            NaN            NaN        -1.3737        -3.0133        -6.2619        -13.624            NaN            NaN            NaN
        0.49571        -75.027          -64.8        -48.782        -18.079            NaN            NaN            NaN        -1.3791        -3.0239        -6.2834         -13.68            NaN            NaN            NaN
        0.49643        -74.971        -64.716        -48.627        -18.088            NaN            NaN            NaN        -1.3845        -3.0345         -6.305        -13.736            NaN            NaN            NaN
        0.49714        -74.914        -64.633         -48.47        -18.103            NaN            NaN            NaN          -1.39        -3.0451        -6.3266        -13.793            NaN            NaN            NaN
        0.49786        -74.857        -64.548        -48.313        -18.126            NaN            NaN            NaN        -1.3954        -3.0557        -6.3483         -13.85            NaN            NaN            NaN
        0.49857          -74.8        -64.464        -48.154        -18.157            NaN            NaN            NaN        -1.4009        -3.0664        -6.3701        -13.907            NaN            NaN            NaN
        0.49929        -74.743        -64.379        -47.995        -18.194            NaN            NaN            NaN        -1.4064        -3.0771        -6.3919        -13.964            NaN            NaN            NaN
            0.5        -74.686        -64.294        -47.834        -18.239            NaN            NaN            NaN        -1.4118        -3.0878        -6.4138        -14.021            NaN            NaN            NaN
        0.50071        -74.629        -64.209        -47.672        -18.291            NaN            NaN            NaN        -1.4174        -3.0985        -6.4358        -14.078            NaN            NaN            NaN
        0.50143        -74.571        -64.124         -47.51         -18.35            NaN            NaN            NaN        -1.4229        -3.1093        -6.4579        -14.136            NaN            NaN            NaN
        0.50214        -74.514        -64.038        -47.346        -18.417            NaN            NaN            NaN        -1.4284        -3.1201          -6.48        -14.194            NaN            NaN            NaN
        0.50286        -74.456        -63.951        -47.181        -18.491            NaN            NaN            NaN         -1.434         -3.131        -6.5022        -14.252            NaN            NaN            NaN
        0.50357        -74.398        -63.865        -47.015        -18.571            NaN            NaN            NaN        -1.4395        -3.1418        -6.5244         -14.31            NaN            NaN            NaN
        0.50429         -74.34        -63.778        -46.848        -18.659            NaN            NaN            NaN        -1.4451        -3.1527        -6.5468        -14.368            NaN            NaN            NaN
          0.505        -74.282        -63.691        -46.679        -18.755            NaN            NaN            NaN        -1.4507        -3.1637        -6.5692        -14.427            NaN            NaN            NaN
        0.50571        -74.223        -63.603         -46.51        -18.857            NaN            NaN            NaN        -1.4563        -3.1746        -6.5917        -14.485            NaN            NaN            NaN
        0.50643        -74.164        -63.515        -46.339        -18.967            NaN            NaN            NaN        -1.4619        -3.1856        -6.6142        -14.544            NaN            NaN            NaN
        0.50714        -74.106        -63.427        -46.167        -19.083            NaN            NaN            NaN        -1.4676        -3.1966        -6.6369        -14.603            NaN            NaN            NaN
        0.50786        -74.047        -63.339        -45.994        -19.207            NaN            NaN            NaN        -1.4732        -3.2077        -6.6596        -14.662            NaN            NaN            NaN
        0.50857        -73.988         -63.25         -45.82        -19.338            NaN            NaN            NaN        -1.4789        -3.2187        -6.6823        -14.722            NaN            NaN            NaN
        0.50929        -73.929        -63.161        -45.644        -19.476            NaN            NaN            NaN        -1.4846        -3.2298        -6.7052        -14.781            NaN            NaN            NaN
           0.51        -73.869        -63.071        -45.467        -19.621            NaN            NaN            NaN        -1.4903         -3.241        -6.7281        -14.841            NaN            NaN            NaN
        0.51071         -73.81        -62.981        -45.289        -19.773            NaN            NaN            NaN         -1.496        -3.2521        -6.7511        -14.901            NaN            NaN            NaN
        0.51143         -73.75        -62.891         -45.11        -19.932            NaN            NaN            NaN        -1.5017        -3.2633        -6.7742        -14.961            NaN            NaN            NaN
        0.51214         -73.69          -62.8        -44.929        -20.099            NaN            NaN            NaN        -1.5075        -3.2745        -6.7974        -15.021            NaN            NaN            NaN
        0.51286         -73.63        -62.709        -44.747        -20.272            NaN            NaN            NaN        -1.5132        -3.2858        -6.8206        -15.081            NaN            NaN            NaN
        0.51357         -73.57        -62.618        -44.564        -20.452            NaN            NaN            NaN         -1.519        -3.2971        -6.8439        -15.142            NaN            NaN            NaN
        0.51429        -73.509        -62.527        -44.379         -20.64            NaN            NaN            NaN        -1.5248        -3.3084        -6.8673        -15.203            NaN            NaN            NaN
          0.515        -73.449        -62.435        -44.192        -20.834            NaN            NaN            NaN        -1.5306        -3.3197        -6.8908        -15.264            NaN            NaN            NaN
        0.51571        -73.388        -62.342        -44.005        -21.035            NaN            NaN            NaN        -1.5364        -3.3311        -6.9144        -15.325            NaN            NaN            NaN
        0.51643        -73.327         -62.25        -43.816        -21.243            NaN            NaN            NaN        -1.5423        -3.3425         -6.938        -15.386            NaN            NaN            NaN
        0.51714        -73.266        -62.157        -43.625        -21.458            NaN            NaN            NaN        -1.5481        -3.3539        -6.9618        -15.447            NaN            NaN            NaN
        0.51786        -73.205        -62.063        -43.433         -21.68            NaN            NaN            NaN         -1.554        -3.3654        -6.9856        -15.509            NaN            NaN            NaN
        0.51857        -73.143        -61.969         -43.24        -21.909            NaN            NaN            NaN        -1.5599        -3.3769        -7.0094         -15.57            NaN            NaN            NaN
        0.51929        -73.082        -61.875        -43.045        -22.145            NaN            NaN            NaN        -1.5658        -3.3884        -7.0334        -15.632            NaN            NaN            NaN
           0.52         -73.02        -61.781        -42.848        -22.388            NaN            NaN            NaN        -1.5717           -3.4        -7.0575        -15.694            NaN            NaN            NaN
        0.52071        -72.958        -61.686         -42.65        -22.637            NaN            NaN            NaN        -1.5776        -3.4116        -7.0816        -15.756            NaN            NaN            NaN
        0.52143        -72.896         -61.59        -42.451        -22.894            NaN            NaN            NaN        -1.5836        -3.4232        -7.1059        -15.819            NaN            NaN            NaN
        0.52214        -72.834        -61.495        -42.249        -23.157            NaN            NaN            NaN        -1.5895        -3.4348        -7.1302        -15.881            NaN            NaN            NaN
        0.52286        -72.771        -61.399        -42.047        -23.427            NaN            NaN            NaN        -1.5955        -3.4465        -7.1546        -15.944            NaN            NaN            NaN
        0.52357        -72.708        -61.302        -41.842        -23.704            NaN            NaN            NaN        -1.6015        -3.4582        -7.1791        -16.007            NaN            NaN            NaN
        0.52429        -72.645        -61.205        -41.636        -23.987            NaN            NaN            NaN        -1.6075          -3.47        -7.2037         -16.07            NaN            NaN            NaN
          0.525        -72.582        -61.108        -41.428        -24.278            NaN            NaN            NaN        -1.6135        -3.4818        -7.2284        -16.133            NaN            NaN            NaN
        0.52571        -72.519         -61.01        -41.219        -24.575            NaN            NaN            NaN        -1.6196        -3.4936        -7.2532        -16.196            NaN            NaN            NaN
        0.52643        -72.456        -60.912        -41.008        -24.879            NaN            NaN            NaN        -1.6256        -3.5054         -7.278         -16.26            NaN            NaN            NaN
        0.52714        -72.392        -60.814        -40.795        -25.189            NaN            NaN            NaN        -1.6317        -3.5173         -7.303        -16.323            NaN            NaN            NaN
        0.52786        -72.328        -60.715        -40.581        -25.507            NaN            NaN            NaN        -1.6378        -3.5292        -7.3281        -16.387            NaN            NaN            NaN
        0.52857        -72.264        -60.616        -40.365        -25.831            NaN            NaN            NaN        -1.6439        -3.5411        -7.3532        -16.451            NaN            NaN            NaN
        0.52929          -72.2        -60.516        -40.147        -26.161            NaN            NaN            NaN          -1.65        -3.5531        -7.3785        -16.515            NaN            NaN            NaN
           0.53        -72.136        -60.416        -39.927        -26.499            NaN            NaN            NaN        -1.6561        -3.5651        -7.4038        -16.579            NaN            NaN            NaN
        0.53071        -72.071        -60.315        -39.706        -26.843            NaN            NaN            NaN        -1.6623        -3.5771        -7.4293        -16.644            NaN            NaN            NaN
        0.53143        -72.006        -60.214        -39.483        -27.193            NaN            NaN            NaN        -1.6684        -3.5892        -7.4549        -16.708            NaN            NaN            NaN
        0.53214        -71.942        -60.113        -39.258        -27.551            NaN            NaN            NaN        -1.6746        -3.6013        -7.4805        -16.773            NaN            NaN            NaN
        0.53286        -71.876        -60.011        -39.032        -27.914            NaN            NaN            NaN        -1.6808        -3.6134        -7.5063        -16.838            NaN            NaN            NaN
        0.53357        -71.811        -59.909        -38.804        -28.285            NaN            NaN            NaN         -1.687        -3.6256        -7.5322        -16.903            NaN            NaN            NaN
        0.53429        -71.745        -59.806        -38.574        -28.662            NaN            NaN            NaN        -1.6933        -3.6377        -7.5582        -16.968            NaN            NaN            NaN
          0.535         -71.68        -59.703        -38.342        -29.045            NaN            NaN            NaN        -1.6995          -3.65        -7.5843        -17.034            NaN            NaN            NaN
        0.53571        -71.614        -59.599        -38.109        -29.436            NaN            NaN            NaN        -1.7058        -3.6622        -7.6105        -17.099            NaN            NaN            NaN
        0.53643        -71.548        -59.495        -37.874        -29.832            NaN            NaN            NaN         -1.712        -3.6745        -7.6368        -17.165            NaN            NaN            NaN
        0.53714        -71.481        -59.391        -37.637        -30.236            NaN            NaN            NaN        -1.7183        -3.6869        -7.6632        -17.231            NaN            NaN            NaN
        0.53786        -71.415        -59.286        -37.399        -30.645            NaN            NaN            NaN        -1.7246        -3.6992        -7.6898        -17.297            NaN            NaN            NaN
        0.53857        -71.348         -59.18         -37.16        -31.062            NaN            NaN            NaN         -1.731        -3.7116        -7.7164        -17.363            NaN            NaN            NaN
        0.53929        -71.281        -59.074        -36.918        -31.484            NaN            NaN            NaN        -1.7373         -3.724        -7.7432        -17.429            NaN            NaN            NaN
           0.54        -71.214        -58.968        -36.675        -31.914            NaN            NaN            NaN        -1.7437        -3.7365        -7.7701        -17.496            NaN            NaN            NaN
        0.54071        -71.146        -58.861        -36.431        -32.349            NaN            NaN            NaN          -1.75         -3.749        -7.7971        -17.562            NaN            NaN            NaN
        0.54143        -71.079        -58.754        -36.185        -32.791            NaN            NaN            NaN        -1.7564        -3.7615        -7.8243        -17.629            NaN            NaN            NaN
        0.54214        -71.011        -58.646        -35.938         -33.24            NaN            NaN            NaN        -1.7628        -3.7741        -7.8516        -17.696            NaN            NaN            NaN
        0.54286        -70.943        -58.538        -35.689        -33.695            NaN            NaN            NaN        -1.7693        -3.7867         -7.879        -17.763            NaN            NaN            NaN
        0.54357        -70.875        -58.429        -35.439        -34.157            NaN            NaN            NaN        -1.7757        -3.7993        -7.9065        -17.831            NaN            NaN            NaN
        0.54429        -70.806         -58.32        -35.188        -34.625            NaN            NaN            NaN        -1.7822         -3.812        -7.9341        -17.898            NaN            NaN            NaN
          0.545        -70.738         -58.21        -34.936        -35.099            NaN            NaN            NaN        -1.7886        -3.8247        -7.9619        -17.966            NaN            NaN            NaN
        0.54571        -70.669          -58.1        -34.682         -35.58            NaN            NaN            NaN        -1.7951        -3.8374        -7.9898        -18.034            NaN            NaN            NaN
        0.54643          -70.6        -57.989        -34.428        -36.067            NaN            NaN            NaN        -1.8016        -3.8502        -8.0179        -18.101            NaN            NaN            NaN
        0.54714         -70.53        -57.877        -34.172         -36.56            NaN            NaN            NaN        -1.8082         -3.863        -8.0461         -18.17            NaN            NaN            NaN
        0.54786        -70.461        -57.766        -33.915         -37.06            NaN            NaN            NaN        -1.8147        -3.8758        -8.0744        -18.238            NaN            NaN            NaN
        0.54857        -70.391        -57.653        -33.658        -37.567            NaN            NaN            NaN        -1.8213        -3.8887        -8.1028        -18.306            NaN            NaN            NaN
        0.54929        -70.321         -57.54          -33.4        -38.079            NaN            NaN            NaN        -1.8278        -3.9016        -8.1314        -18.375            NaN            NaN            NaN
           0.55        -70.251        -57.427         -33.14        -38.598            NaN            NaN            NaN        -1.8344        -3.9145        -8.1601        -18.444            NaN            NaN            NaN
        0.55071         -70.18        -57.313        -32.881        -39.123            NaN            NaN            NaN         -1.841        -3.9275         -8.189        -18.513            NaN            NaN            NaN
        0.55143         -70.11        -57.198         -32.62        -39.655            NaN            NaN            NaN        -1.8476        -3.9405         -8.218        -18.582            NaN            NaN            NaN
        0.55214        -70.039        -57.083        -32.359        -40.193            NaN            NaN            NaN        -1.8543        -3.9536        -8.2471        -18.651            NaN            NaN            NaN
        0.55286        -69.968        -56.968        -32.098        -40.737            NaN            NaN            NaN        -1.8609        -3.9667        -8.2764         -18.72            NaN            NaN            NaN
        0.55357        -69.896        -56.851        -31.836        -41.288            NaN            NaN            NaN        -1.8676        -3.9798        -8.3058         -18.79            NaN            NaN            NaN
        0.55429        -69.825        -56.735        -31.574        -41.845            NaN            NaN            NaN        -1.8743         -3.993        -8.3354        -18.859            NaN            NaN            NaN
          0.555        -69.753        -56.617        -31.312        -42.408            NaN            NaN            NaN         -1.881        -4.0062        -8.3651        -18.929            NaN            NaN            NaN
        0.55571        -69.681        -56.499        -31.049        -42.977            NaN            NaN            NaN        -1.8877        -4.0194        -8.3949        -18.999            NaN            NaN            NaN
        0.55643        -69.609        -56.381        -30.787        -43.553            NaN            NaN            NaN        -1.8945        -4.0327        -8.4249         -19.07            NaN            NaN            NaN
        0.55714        -69.536        -56.262        -30.524        -44.135            NaN            NaN            NaN        -1.9012         -4.046        -8.4551         -19.14            NaN            NaN            NaN
        0.55786        -69.463        -56.142        -30.262        -44.723            NaN            NaN            NaN         -1.908        -4.0593        -8.4854        -19.211            NaN            NaN            NaN
        0.55857         -69.39        -56.022            -30        -45.318            NaN            NaN            NaN        -1.9148        -4.0727        -8.5158        -19.281            NaN            NaN            NaN
        0.55929        -69.317        -55.901        -29.738        -45.919            NaN            NaN            NaN        -1.9216        -4.0861        -8.5464        -19.352            NaN            NaN            NaN
           0.56        -69.244        -55.779        -29.476        -46.526            NaN            NaN            NaN        -1.9285        -4.0995        -8.5771        -19.423            NaN            NaN            NaN
        0.56071         -69.17        -55.657        -29.215        -47.139            NaN            NaN            NaN        -1.9353         -4.113         -8.608        -19.494            NaN            NaN            NaN
        0.56143        -69.096        -55.535        -28.954        -47.759            NaN            NaN            NaN        -1.9422        -4.1266         -8.639        -19.566            NaN            NaN            NaN
        0.56214        -69.022        -55.411        -28.694        -48.384            NaN            NaN            NaN         -1.949        -4.1401        -8.6701        -19.637            NaN            NaN            NaN
        0.56286        -68.947        -55.287        -28.435        -49.017            NaN            NaN            NaN        -1.9559        -4.1537        -8.7014        -19.709            NaN            NaN            NaN
        0.56357        -68.873        -55.163        -28.176        -49.655            NaN            NaN            NaN        -1.9629        -4.1674        -8.7329        -19.781            NaN            NaN            NaN
        0.56429        -68.798        -55.037        -27.918        -50.299            NaN            NaN            NaN        -1.9698        -4.1811        -8.7645        -19.853            NaN            NaN            NaN
          0.565        -68.722        -54.911        -27.661         -50.95            NaN            NaN            NaN        -1.9767        -4.1948        -8.7962        -19.925            NaN            NaN            NaN
        0.56571        -68.647        -54.785        -27.405        -51.607            NaN            NaN            NaN        -1.9837        -4.2085        -8.8281        -19.997            NaN            NaN            NaN
        0.56643        -68.571        -54.657        -27.149         -52.27            NaN            NaN            NaN        -1.9907        -4.2223        -8.8601         -20.07            NaN            NaN            NaN
        0.56714        -68.495        -54.529        -26.895         -52.94            NaN            NaN            NaN        -1.9977        -4.2362        -8.8923        -20.143            NaN            NaN            NaN
        0.56786        -68.419          -54.4        -26.642        -53.615            NaN            NaN            NaN        -2.0047          -4.25        -8.9246        -20.215            NaN            NaN            NaN
        0.56857        -68.342        -54.271        -26.391        -54.297            NaN            NaN            NaN        -2.0117        -4.2639        -8.9571        -20.288            NaN            NaN            NaN
        0.56929        -68.266        -54.141         -26.14        -54.985            NaN            NaN            NaN        -2.0188        -4.2779        -8.9897        -20.362            NaN            NaN            NaN
           0.57        -68.189         -54.01        -25.891         -55.68            NaN            NaN            NaN        -2.0259        -4.2919        -9.0225        -20.435            NaN            NaN            NaN
        0.57071        -68.111        -53.879        -25.643         -56.38            NaN            NaN            NaN         -2.033        -4.3059        -9.0554        -20.508            NaN            NaN            NaN
        0.57143        -68.034        -53.746        -25.397        -57.087            NaN            NaN            NaN        -2.0401          -4.32        -9.0884        -20.582            NaN            NaN            NaN
        0.57214        -67.956        -53.613        -25.152          -57.8            NaN            NaN            NaN        -2.0472        -4.3341        -9.1216        -20.656            NaN            NaN            NaN
        0.57286        -67.878        -53.479        -24.908        -58.519            NaN            NaN            NaN        -2.0543        -4.3482         -9.155         -20.73            NaN            NaN            NaN
        0.57357          -67.8        -53.345        -24.667        -59.245            NaN            NaN            NaN        -2.0615        -4.3624        -9.1884        -20.804            NaN            NaN            NaN
        0.57429        -67.721         -53.21        -24.427        -59.976            NaN            NaN            NaN        -2.0687        -4.3767         -9.222        -20.879            NaN            NaN            NaN
          0.575        -67.642        -53.073        -24.188        -60.714            NaN            NaN            NaN        -2.0759        -4.3909        -9.2558        -20.953            NaN            NaN            NaN
        0.57571        -67.563        -52.937        -23.951        -61.458            NaN            NaN            NaN        -2.0831        -4.4053        -9.2897        -21.028            NaN            NaN            NaN
        0.57643        -67.483        -52.799        -23.717        -62.208            NaN            NaN            NaN        -2.0903        -4.4196        -9.3237        -21.103            NaN            NaN            NaN
        0.57714        -67.404         -52.66        -23.484        -62.965            NaN            NaN            NaN        -2.0976         -4.434        -9.3579        -21.178            NaN            NaN            NaN
        0.57786        -67.324        -52.521        -23.252        -63.728            NaN            NaN            NaN        -2.1049        -4.4484        -9.3922        -21.253            NaN            NaN            NaN
        0.57857        -67.243        -52.381        -23.023        -64.497            NaN            NaN            NaN        -2.1122        -4.4629        -9.4267        -21.329            NaN            NaN            NaN
        0.57929        -67.163         -52.24        -22.796        -65.272            NaN            NaN            NaN        -2.1195        -4.4775        -9.4613        -21.404            NaN            NaN            NaN
           0.58        -67.082        -52.098        -22.571        -66.053            NaN            NaN            NaN        -2.1268         -4.492         -9.496         -21.48            NaN            NaN            NaN
        0.58071        -67.001        -51.955        -22.347        -66.841            NaN            NaN            NaN        -2.1341        -4.5066        -9.5309        -21.556            NaN            NaN            NaN
        0.58143        -66.919        -51.812        -22.126        -67.635            NaN            NaN            NaN        -2.1415        -4.5213        -9.5659        -21.632            NaN            NaN            NaN
        0.58214        -66.838        -51.667        -21.907        -68.435            NaN            NaN            NaN        -2.1489         -4.536         -9.601        -21.708            NaN            NaN            NaN
        0.58286        -66.756        -51.522         -21.69        -69.242            NaN            NaN            NaN        -2.1563        -4.5507        -9.6363        -21.785            NaN            NaN            NaN
        0.58357        -66.673        -51.376        -21.475        -70.054            NaN            NaN            NaN        -2.1637        -4.5655        -9.6717        -21.861            NaN            NaN            NaN
        0.58429        -66.591        -51.228        -21.262        -70.873            NaN            NaN            NaN        -2.1711        -4.5803        -9.7073        -21.938            NaN            NaN            NaN
          0.585        -66.508         -51.08        -21.052        -71.698            NaN            NaN            NaN        -2.1786        -4.5952         -9.743        -22.015            NaN            NaN            NaN
        0.58571        -66.424        -50.931        -20.844         -72.53            NaN            NaN            NaN        -2.1861        -4.6101        -9.7788        -22.092            NaN            NaN            NaN
        0.58643        -66.341        -50.781        -20.638        -73.368            NaN            NaN            NaN        -2.1935        -4.6251        -9.8148         -22.17            NaN            NaN            NaN
        0.58714        -66.257         -50.63        -20.434        -74.212            NaN            NaN            NaN        -2.2011        -4.6401        -9.8509        -22.247            NaN            NaN            NaN
        0.58786        -66.173        -50.478        -20.233        -75.062            NaN            NaN            NaN        -2.2086        -4.6552        -9.8871        -22.325            NaN            NaN            NaN
        0.58857        -66.089        -50.326        -20.033        -75.919            NaN            NaN            NaN        -2.2161        -4.6703        -9.9234        -22.403            NaN            NaN            NaN
        0.58929        -66.004        -50.172        -19.837        -76.782            NaN            NaN            NaN        -2.2237        -4.6854        -9.9599        -22.481            NaN            NaN            NaN
           0.59        -65.919        -50.017        -19.642        -77.651            NaN            NaN            NaN        -2.2313        -4.7006        -9.9965        -22.559            NaN            NaN            NaN
        0.59071        -65.833        -49.861        -19.451        -78.527            NaN            NaN            NaN        -2.2389        -4.7158        -10.033        -22.637            NaN            NaN            NaN
        0.59143        -65.748        -49.704        -19.261        -79.409            NaN            NaN            NaN        -2.2465        -4.7311         -10.07        -22.716            NaN            NaN            NaN
        0.59214        -65.662        -49.546        -19.074        -80.297            NaN            NaN            NaN        -2.2542        -4.7465        -10.107        -22.795            NaN            NaN            NaN
        0.59286        -65.575        -49.387        -18.889        -81.192            NaN            NaN            NaN        -2.2618        -4.7619        -10.144        -22.874            NaN            NaN            NaN
        0.59357        -65.489        -49.227        -18.707        -82.093            NaN            NaN            NaN        -2.2695        -4.7773        -10.182        -22.953            NaN            NaN            NaN
        0.59429        -65.402        -49.066        -18.527            -83            NaN            NaN            NaN        -2.2772        -4.7928        -10.219        -23.032            NaN            NaN            NaN
          0.595        -65.315        -48.903         -18.35        -83.914            NaN            NaN            NaN        -2.2849        -4.8083        -10.257        -23.111            NaN            NaN            NaN
        0.59571        -65.227         -48.74        -18.176        -84.834            NaN            NaN            NaN        -2.2927        -4.8239        -10.294        -23.191            NaN            NaN            NaN
        0.59643        -65.139        -48.576        -18.003        -85.761            NaN            NaN            NaN        -2.3004        -4.8396        -10.332        -23.271            NaN            NaN            NaN
        0.59714        -65.051         -48.41        -17.834        -86.694            NaN            NaN            NaN        -2.3082        -4.8553         -10.37        -23.351            NaN            NaN            NaN
        0.59786        -64.962        -48.243        -17.667        -87.633            NaN            NaN            NaN         -2.316         -4.871        -10.408        -23.431            NaN            NaN            NaN
        0.59857        -64.873        -48.076        -17.502        -88.579            NaN            NaN            NaN        -2.3238        -4.8868        -10.446        -23.512            NaN            NaN            NaN
        0.59929        -64.784        -47.907         -17.34        -89.531            NaN            NaN            NaN        -2.3316        -4.9027        -10.484        -23.592            NaN            NaN            NaN
            0.6        -64.694        -47.737        -17.181            NaN            NaN            NaN            NaN        -2.3395        -4.9186        -10.523            NaN            NaN            NaN            NaN
        0.60071        -64.604        -47.566        -17.024            NaN            NaN            NaN            NaN        -2.3474        -4.9345        -10.561            NaN            NaN            NaN            NaN
        0.60143        -64.514        -47.393         -16.87            NaN            NaN            NaN            NaN        -2.3553        -4.9505          -10.6            NaN            NaN            NaN            NaN
        0.60214        -64.423         -47.22        -16.718            NaN            NaN            NaN            NaN        -2.3632        -4.9666        -10.639            NaN            NaN            NaN            NaN
        0.60286        -64.332        -47.045        -16.569            NaN            NaN            NaN            NaN        -2.3711        -4.9828        -10.678            NaN            NaN            NaN            NaN
        0.60357        -64.241        -46.869        -16.423            NaN            NaN            NaN            NaN        -2.3791        -4.9989        -10.717            NaN            NaN            NaN            NaN
        0.60429        -64.149        -46.693        -16.279            NaN            NaN            NaN            NaN         -2.387        -5.0152        -10.756            NaN            NaN            NaN            NaN
          0.605        -64.057        -46.514        -16.138            NaN            NaN            NaN            NaN         -2.395        -5.0315        -10.795            NaN            NaN            NaN            NaN
        0.60571        -63.964        -46.335        -15.999            NaN            NaN            NaN            NaN         -2.403        -5.0479        -10.835            NaN            NaN            NaN            NaN
        0.60643        -63.871        -46.155        -15.863            NaN            NaN            NaN            NaN        -2.4111        -5.0643        -10.874            NaN            NaN            NaN            NaN
        0.60714        -63.778        -45.973         -15.73            NaN            NaN            NaN            NaN        -2.4191        -5.0808        -10.914            NaN            NaN            NaN            NaN
        0.60786        -63.685        -45.791          -15.6            NaN            NaN            NaN            NaN        -2.4272        -5.0973        -10.954            NaN            NaN            NaN            NaN
        0.60857        -63.591        -45.607        -15.472            NaN            NaN            NaN            NaN        -2.4353        -5.1139        -10.993            NaN            NaN            NaN            NaN
        0.60929        -63.496        -45.422        -15.346            NaN            NaN            NaN            NaN        -2.4434        -5.1306        -11.033            NaN            NaN            NaN            NaN
           0.61        -63.401        -45.236        -15.224            NaN            NaN            NaN            NaN        -2.4515        -5.1473        -11.074            NaN            NaN            NaN            NaN
        0.61071        -63.306        -45.049        -15.104            NaN            NaN            NaN            NaN        -2.4597        -5.1641        -11.114            NaN            NaN            NaN            NaN
        0.61143        -63.211        -44.861        -14.987            NaN            NaN            NaN            NaN        -2.4679         -5.181        -11.154            NaN            NaN            NaN            NaN
        0.61214        -63.115        -44.671        -14.872            NaN            NaN            NaN            NaN        -2.4761        -5.1979        -11.195            NaN            NaN            NaN            NaN
        0.61286        -63.018        -44.481        -14.761            NaN            NaN            NaN            NaN        -2.4843        -5.2149        -11.235            NaN            NaN            NaN            NaN
        0.61357        -62.922        -44.289        -14.651            NaN            NaN            NaN            NaN        -2.4925         -5.232        -11.276            NaN            NaN            NaN            NaN
        0.61429        -62.824        -44.097        -14.545            NaN            NaN            NaN            NaN        -2.5008        -5.2491        -11.317            NaN            NaN            NaN            NaN
          0.615        -62.727        -43.903        -14.441            NaN            NaN            NaN            NaN         -2.509        -5.2663        -11.358            NaN            NaN            NaN            NaN
        0.61571        -62.629        -43.708         -14.34            NaN            NaN            NaN            NaN        -2.5173        -5.2836        -11.399            NaN            NaN            NaN            NaN
        0.61643         -62.53        -43.513        -14.242            NaN            NaN            NaN            NaN        -2.5257        -5.3009         -11.44            NaN            NaN            NaN            NaN
        0.61714        -62.432        -43.316        -14.146            NaN            NaN            NaN            NaN         -2.534        -5.3183        -11.482            NaN            NaN            NaN            NaN
        0.61786        -62.332        -43.118        -14.054            NaN            NaN            NaN            NaN        -2.5424        -5.3358        -11.523            NaN            NaN            NaN            NaN
        0.61857        -62.233         -42.92        -13.963            NaN            NaN            NaN            NaN        -2.5507        -5.3534        -11.565            NaN            NaN            NaN            NaN
        0.61929        -62.132         -42.72        -13.876            NaN            NaN            NaN            NaN        -2.5591         -5.371        -11.606            NaN            NaN            NaN            NaN
           0.62        -62.032         -42.52        -13.791            NaN            NaN            NaN            NaN        -2.5676        -5.3887        -11.648            NaN            NaN            NaN            NaN
        0.62071        -61.931        -42.318        -13.709            NaN            NaN            NaN            NaN         -2.576        -5.4065         -11.69            NaN            NaN            NaN            NaN
        0.62143        -61.829        -42.116         -13.63            NaN            NaN            NaN            NaN        -2.5845        -5.4243        -11.732            NaN            NaN            NaN            NaN
        0.62214        -61.727        -41.913        -13.553            NaN            NaN            NaN            NaN         -2.593        -5.4422        -11.775            NaN            NaN            NaN            NaN
        0.62286        -61.625        -41.709         -13.48            NaN            NaN            NaN            NaN        -2.6015        -5.4602        -11.817            NaN            NaN            NaN            NaN
        0.62357        -61.522        -41.505        -13.408            NaN            NaN            NaN            NaN          -2.61        -5.4783        -11.859            NaN            NaN            NaN            NaN
        0.62429        -61.419          -41.3         -13.34            NaN            NaN            NaN            NaN        -2.6185        -5.4965        -11.902            NaN            NaN            NaN            NaN
          0.625        -61.315        -41.094        -13.275            NaN            NaN            NaN            NaN        -2.6271        -5.5147        -11.944            NaN            NaN            NaN            NaN
        0.62571         -61.21        -40.887        -13.212            NaN            NaN            NaN            NaN        -2.6357         -5.533        -11.987            NaN            NaN            NaN            NaN
        0.62643        -61.106        -40.679        -13.152            NaN            NaN            NaN            NaN        -2.6443        -5.5514         -12.03            NaN            NaN            NaN            NaN
        0.62714            -61        -40.471        -13.094            NaN            NaN            NaN            NaN         -2.653        -5.5699        -12.073            NaN            NaN            NaN            NaN
        0.62786        -60.894        -40.263         -13.04            NaN            NaN            NaN            NaN        -2.6616        -5.5884        -12.116            NaN            NaN            NaN            NaN
        0.62857        -60.788        -40.054        -12.988            NaN            NaN            NaN            NaN        -2.6703         -5.607         -12.16            NaN            NaN            NaN            NaN
        0.62929        -60.681        -39.844        -12.939            NaN            NaN            NaN            NaN         -2.679        -5.6257        -12.203            NaN            NaN            NaN            NaN
           0.63        -60.574        -39.634        -12.892            NaN            NaN            NaN            NaN        -2.6878        -5.6445        -12.246            NaN            NaN            NaN            NaN
        0.63071        -60.466        -39.423        -12.849            NaN            NaN            NaN            NaN        -2.6965        -5.6634         -12.29            NaN            NaN            NaN            NaN
        0.63143        -60.357        -39.213        -12.808            NaN            NaN            NaN            NaN        -2.7053        -5.6823        -12.334            NaN            NaN            NaN            NaN
        0.63214        -60.248        -39.001         -12.77            NaN            NaN            NaN            NaN        -2.7141        -5.7014        -12.378            NaN            NaN            NaN            NaN
        0.63286        -60.139        -38.789        -12.735            NaN            NaN            NaN            NaN        -2.7229        -5.7205        -12.422            NaN            NaN            NaN            NaN
        0.63357        -60.029        -38.577        -12.702            NaN            NaN            NaN            NaN        -2.7317        -5.7397        -12.466            NaN            NaN            NaN            NaN
        0.63429        -59.918        -38.365        -12.672            NaN            NaN            NaN            NaN        -2.7406         -5.759         -12.51            NaN            NaN            NaN            NaN
          0.635        -59.807        -38.153        -12.645            NaN            NaN            NaN            NaN        -2.7495        -5.7783        -12.554            NaN            NaN            NaN            NaN
        0.63571        -59.695         -37.94        -12.621            NaN            NaN            NaN            NaN        -2.7584        -5.7978        -12.599            NaN            NaN            NaN            NaN
        0.63643        -59.583        -37.727          -12.6            NaN            NaN            NaN            NaN        -2.7673        -5.8173        -12.643            NaN            NaN            NaN            NaN
        0.63714         -59.47        -37.514        -12.581            NaN            NaN            NaN            NaN        -2.7763        -5.8369        -12.688            NaN            NaN            NaN            NaN
        0.63786        -59.356        -37.301        -12.565            NaN            NaN            NaN            NaN        -2.7853        -5.8566        -12.733            NaN            NaN            NaN            NaN
        0.63857        -59.242        -37.088        -12.552            NaN            NaN            NaN            NaN        -2.7943        -5.8764        -12.777            NaN            NaN            NaN            NaN
        0.63929        -59.127        -36.875        -12.542            NaN            NaN            NaN            NaN        -2.8033        -5.8962        -12.822            NaN            NaN            NaN            NaN
           0.64        -59.012        -36.662        -12.535            NaN            NaN            NaN            NaN        -2.8124        -5.9162        -12.868            NaN            NaN            NaN            NaN
        0.64071        -58.896        -36.448         -12.53            NaN            NaN            NaN            NaN        -2.8215        -5.9362        -12.913            NaN            NaN            NaN            NaN
        0.64143        -58.779        -36.235        -12.528            NaN            NaN            NaN            NaN        -2.8306        -5.9563        -12.958            NaN            NaN            NaN            NaN
        0.64214        -58.662        -36.023        -12.529            NaN            NaN            NaN            NaN        -2.8397        -5.9765        -13.004            NaN            NaN            NaN            NaN
        0.64286        -58.544         -35.81        -12.533            NaN            NaN            NaN            NaN        -2.8489        -5.9968        -13.049            NaN            NaN            NaN            NaN
        0.64357        -58.425        -35.597         -12.54            NaN            NaN            NaN            NaN        -2.8581        -6.0172        -13.095            NaN            NaN            NaN            NaN
        0.64429        -58.306        -35.385        -12.549            NaN            NaN            NaN            NaN        -2.8673        -6.0377        -13.141            NaN            NaN            NaN            NaN
          0.645        -58.186        -35.173        -12.562            NaN            NaN            NaN            NaN        -2.8765        -6.0582        -13.187            NaN            NaN            NaN            NaN
        0.64571        -58.065        -34.961        -12.577            NaN            NaN            NaN            NaN        -2.8858        -6.0788        -13.233            NaN            NaN            NaN            NaN
        0.64643        -57.944         -34.75        -12.595            NaN            NaN            NaN            NaN         -2.895        -6.0995        -13.279            NaN            NaN            NaN            NaN
        0.64714        -57.822        -34.539        -12.616            NaN            NaN            NaN            NaN        -2.9044        -6.1203        -13.325            NaN            NaN            NaN            NaN
        0.64786        -57.699        -34.328        -12.639            NaN            NaN            NaN            NaN        -2.9137        -6.1412        -13.372            NaN            NaN            NaN            NaN
        0.64857        -57.576        -34.118        -12.666            NaN            NaN            NaN            NaN        -2.9231        -6.1622        -13.418            NaN            NaN            NaN            NaN
        0.64929        -57.452        -33.908        -12.695            NaN            NaN            NaN            NaN        -2.9325        -6.1832        -13.465            NaN            NaN            NaN            NaN
           0.65        -57.327        -33.698        -12.727            NaN            NaN            NaN            NaN        -2.9419        -6.2044        -13.512            NaN            NaN            NaN            NaN
        0.65071        -57.202         -33.49        -12.763            NaN            NaN            NaN            NaN        -2.9513        -6.2256        -13.559            NaN            NaN            NaN            NaN
        0.65143        -57.075        -33.281          -12.8            NaN            NaN            NaN            NaN        -2.9608        -6.2469        -13.606            NaN            NaN            NaN            NaN
        0.65214        -56.948        -33.074        -12.841            NaN            NaN            NaN            NaN        -2.9703        -6.2683        -13.653            NaN            NaN            NaN            NaN
        0.65286        -56.821        -32.866        -12.885            NaN            NaN            NaN            NaN        -2.9799        -6.2898          -13.7            NaN            NaN            NaN            NaN
        0.65357        -56.692         -32.66        -12.932            NaN            NaN            NaN            NaN        -2.9894        -6.3113        -13.748            NaN            NaN            NaN            NaN
        0.65429        -56.563        -32.454        -12.981            NaN            NaN            NaN            NaN         -2.999         -6.333        -13.795            NaN            NaN            NaN            NaN
          0.655        -56.433        -32.249        -13.034            NaN            NaN            NaN            NaN        -3.0087        -6.3547        -13.843            NaN            NaN            NaN            NaN
        0.65571        -56.303        -32.044        -13.089            NaN            NaN            NaN            NaN        -3.0183        -6.3765         -13.89            NaN            NaN            NaN            NaN
        0.65643        -56.171        -31.841        -13.147            NaN            NaN            NaN            NaN         -3.028        -6.3984        -13.938            NaN            NaN            NaN            NaN
        0.65714        -56.039        -31.638        -13.209            NaN            NaN            NaN            NaN        -3.0377        -6.4204        -13.986            NaN            NaN            NaN            NaN
        0.65786        -55.906        -31.435        -13.273            NaN            NaN            NaN            NaN        -3.0475        -6.4425        -14.034            NaN            NaN            NaN            NaN
        0.65857        -55.773        -31.234         -13.34            NaN            NaN            NaN            NaN        -3.0573        -6.4646        -14.083            NaN            NaN            NaN            NaN
        0.65929        -55.638        -31.033         -13.41            NaN            NaN            NaN            NaN        -3.0671        -6.4869        -14.131            NaN            NaN            NaN            NaN
           0.66        -55.503        -30.833        -13.483            NaN            NaN            NaN            NaN        -3.0769        -6.5092        -14.179            NaN            NaN            NaN            NaN
        0.66071        -55.367        -30.634        -13.559            NaN            NaN            NaN            NaN        -3.0868        -6.5316        -14.228            NaN            NaN            NaN            NaN
        0.66143         -55.23        -30.436        -13.638            NaN            NaN            NaN            NaN        -3.0967        -6.5541        -14.277            NaN            NaN            NaN            NaN
        0.66214        -55.093        -30.239         -13.72            NaN            NaN            NaN            NaN        -3.1066        -6.5766        -14.325            NaN            NaN            NaN            NaN
        0.66286        -54.955        -30.043        -13.805            NaN            NaN            NaN            NaN        -3.1166        -6.5993        -14.374            NaN            NaN            NaN            NaN
        0.66357        -54.816        -29.848        -13.893            NaN            NaN            NaN            NaN        -3.1266         -6.622        -14.423            NaN            NaN            NaN            NaN
        0.66429        -54.676        -29.653        -13.984            NaN            NaN            NaN            NaN        -3.1367        -6.6448        -14.472            NaN            NaN            NaN            NaN
          0.665        -54.535         -29.46        -14.078            NaN            NaN            NaN            NaN        -3.1468        -6.6677        -14.522            NaN            NaN            NaN            NaN
        0.66571        -54.394        -29.268        -14.175            NaN            NaN            NaN            NaN        -3.1569        -6.6907        -14.571            NaN            NaN            NaN            NaN
        0.66643        -54.252        -29.076        -14.275            NaN            NaN            NaN            NaN         -3.167        -6.7138        -14.621            NaN            NaN            NaN            NaN
        0.66714         -54.11        -28.886        -14.378            NaN            NaN            NaN            NaN        -3.1772        -6.7369         -14.67            NaN            NaN            NaN            NaN
        0.66786        -53.966        -28.697        -14.484            NaN            NaN            NaN            NaN        -3.1874        -6.7601         -14.72            NaN            NaN            NaN            NaN
        0.66857        -53.822        -28.509        -14.593            NaN            NaN            NaN            NaN        -3.1977        -6.7834         -14.77            NaN            NaN            NaN            NaN
        0.66929        -53.677        -28.321        -14.705            NaN            NaN            NaN            NaN         -3.208        -6.8068         -14.82            NaN            NaN            NaN            NaN
           0.67        -53.531        -28.136        -14.821            NaN            NaN            NaN            NaN        -3.2183        -6.8303         -14.87            NaN            NaN            NaN            NaN
        0.67071        -53.385        -27.951        -14.939            NaN            NaN            NaN            NaN        -3.2287        -6.8538         -14.92            NaN            NaN            NaN            NaN
        0.67143        -53.238        -27.767        -15.061            NaN            NaN            NaN            NaN        -3.2391        -6.8775        -14.971            NaN            NaN            NaN            NaN
        0.67214         -53.09        -27.584        -15.185            NaN            NaN            NaN            NaN        -3.2496        -6.9012        -15.021            NaN            NaN            NaN            NaN
        0.67286        -52.941        -27.403        -15.313            NaN            NaN            NaN            NaN        -3.2601         -6.925        -15.072            NaN            NaN            NaN            NaN
        0.67357        -52.792        -27.223        -15.444            NaN            NaN            NaN            NaN        -3.2706        -6.9488        -15.122            NaN            NaN            NaN            NaN
        0.67429        -52.642        -27.044        -15.578            NaN            NaN            NaN            NaN        -3.2812        -6.9728        -15.173            NaN            NaN            NaN            NaN
          0.675        -52.492        -26.866        -15.716            NaN            NaN            NaN            NaN        -3.2918        -6.9968        -15.224            NaN            NaN            NaN            NaN
        0.67571        -52.341        -26.689        -15.856            NaN            NaN            NaN            NaN        -3.3024        -7.0209        -15.275            NaN            NaN            NaN            NaN
        0.67643        -52.189        -26.514            -16            NaN            NaN            NaN            NaN        -3.3131        -7.0451        -15.326            NaN            NaN            NaN            NaN
        0.67714        -52.036         -26.34        -16.147            NaN            NaN            NaN            NaN        -3.3239        -7.0694        -15.378            NaN            NaN            NaN            NaN
        0.67786        -51.883        -26.167        -16.297            NaN            NaN            NaN            NaN        -3.3346        -7.0938        -15.429            NaN            NaN            NaN            NaN
        0.67857         -51.73        -25.995         -16.45            NaN            NaN            NaN            NaN        -3.3454        -7.1182        -15.481            NaN            NaN            NaN            NaN
        0.67929        -51.575        -25.825        -16.607            NaN            NaN            NaN            NaN        -3.3563        -7.1427        -15.532            NaN            NaN            NaN            NaN
           0.68        -51.421        -25.655        -16.767            NaN            NaN            NaN            NaN        -3.3672        -7.1673        -15.584            NaN            NaN            NaN            NaN
        0.68071        -51.265        -25.488         -16.93            NaN            NaN            NaN            NaN        -3.3782         -7.192        -15.636            NaN            NaN            NaN            NaN
        0.68143        -51.109        -25.321        -17.096            NaN            NaN            NaN            NaN        -3.3891        -7.2167        -15.688            NaN            NaN            NaN            NaN
        0.68214        -50.953        -25.156        -17.266            NaN            NaN            NaN            NaN        -3.4002        -7.2415         -15.74            NaN            NaN            NaN            NaN
        0.68286        -50.796        -24.992        -17.439            NaN            NaN            NaN            NaN        -3.4113        -7.2664        -15.792            NaN            NaN            NaN            NaN
        0.68357        -50.638         -24.83        -17.616            NaN            NaN            NaN            NaN        -3.4224        -7.2914        -15.845            NaN            NaN            NaN            NaN
        0.68429         -50.48        -24.669        -17.795            NaN            NaN            NaN            NaN        -3.4335        -7.3165        -15.897            NaN            NaN            NaN            NaN
          0.685        -50.321        -24.509        -17.979            NaN            NaN            NaN            NaN        -3.4448        -7.3416         -15.95            NaN            NaN            NaN            NaN
        0.68571        -50.162         -24.35        -18.165            NaN            NaN            NaN            NaN         -3.456        -7.3668        -16.003            NaN            NaN            NaN            NaN
        0.68643        -50.003        -24.193        -18.355            NaN            NaN            NaN            NaN        -3.4673        -7.3921        -16.056            NaN            NaN            NaN            NaN
        0.68714        -49.843        -24.038        -18.549            NaN            NaN            NaN            NaN        -3.4787        -7.4175        -16.109            NaN            NaN            NaN            NaN
        0.68786        -49.683        -23.883        -18.745            NaN            NaN            NaN            NaN        -3.4901        -7.4429        -16.162            NaN            NaN            NaN            NaN
        0.68857        -49.522         -23.73        -18.946            NaN            NaN            NaN            NaN        -3.5015        -7.4685        -16.215            NaN            NaN            NaN            NaN
        0.68929        -49.361        -23.579        -19.149            NaN            NaN            NaN            NaN         -3.513        -7.4941        -16.268            NaN            NaN            NaN            NaN
           0.69          -49.2        -23.429        -19.357            NaN            NaN            NaN            NaN        -3.5245        -7.5197        -16.322            NaN            NaN            NaN            NaN
        0.69071        -49.038         -23.28        -19.568            NaN            NaN            NaN            NaN        -3.5361        -7.5455        -16.375            NaN            NaN            NaN            NaN
        0.69143        -48.876        -23.133        -19.782            NaN            NaN            NaN            NaN        -3.5477        -7.5713        -16.429            NaN            NaN            NaN            NaN
        0.69214        -48.714        -22.988            -20            NaN            NaN            NaN            NaN        -3.5594        -7.5972        -16.483            NaN            NaN            NaN            NaN
        0.69286        -48.551        -22.843        -20.221            NaN            NaN            NaN            NaN        -3.5711        -7.6232        -16.537            NaN            NaN            NaN            NaN
        0.69357        -48.389        -22.701        -20.446            NaN            NaN            NaN            NaN        -3.5829        -7.6493        -16.591            NaN            NaN            NaN            NaN
        0.69429        -48.226        -22.559        -20.675            NaN            NaN            NaN            NaN        -3.5947        -7.6754        -16.645            NaN            NaN            NaN            NaN
          0.695        -48.062         -22.42        -20.907            NaN            NaN            NaN            NaN        -3.6066        -7.7017          -16.7            NaN            NaN            NaN            NaN
        0.69571        -47.899        -22.281        -21.143            NaN            NaN            NaN            NaN        -3.6185         -7.728        -16.754            NaN            NaN            NaN            NaN
        0.69643        -47.735        -22.144        -21.383            NaN            NaN            NaN            NaN        -3.6305        -7.7543        -16.809            NaN            NaN            NaN            NaN
        0.69714        -47.571        -22.009        -21.626            NaN            NaN            NaN            NaN        -3.6425        -7.7808        -16.863            NaN            NaN            NaN            NaN
        0.69786        -47.407        -21.875        -21.873            NaN            NaN            NaN            NaN        -3.6546        -7.8073        -16.918            NaN            NaN            NaN            NaN
        0.69857        -47.243        -21.743        -22.124            NaN            NaN            NaN            NaN        -3.6667        -7.8339        -16.973            NaN            NaN            NaN            NaN
        0.69929        -47.079        -21.612        -22.378            NaN            NaN            NaN            NaN        -3.6788        -7.8606        -17.028            NaN            NaN            NaN            NaN
            0.7        -46.915        -21.483        -22.636            NaN            NaN            NaN            NaN        -3.6911        -7.8873        -17.083            NaN            NaN            NaN            NaN
        0.70071        -46.751        -21.355        -22.899            NaN            NaN            NaN            NaN        -3.7033        -7.9142        -17.139            NaN            NaN            NaN            NaN
        0.70143        -46.586        -21.229        -23.164            NaN            NaN            NaN            NaN        -3.7156        -7.9411        -17.194            NaN            NaN            NaN            NaN
        0.70214        -46.422        -21.104        -23.434            NaN            NaN            NaN            NaN         -3.728         -7.968         -17.25            NaN            NaN            NaN            NaN
        0.70286        -46.257        -20.981        -23.708            NaN            NaN            NaN            NaN        -3.7404        -7.9951        -17.305            NaN            NaN            NaN            NaN
        0.70357        -46.093         -20.86        -23.985            NaN            NaN            NaN            NaN        -3.7529        -8.0222        -17.361            NaN            NaN            NaN            NaN
        0.70429        -45.929         -20.74        -24.267            NaN            NaN            NaN            NaN        -3.7654        -8.0494        -17.417            NaN            NaN            NaN            NaN
          0.705        -45.764        -20.622        -24.552            NaN            NaN            NaN            NaN        -3.7779        -8.0767        -17.473            NaN            NaN            NaN            NaN
        0.70571          -45.6        -20.505        -24.842            NaN            NaN            NaN            NaN        -3.7905        -8.1041        -17.529            NaN            NaN            NaN            NaN
        0.70643        -45.436         -20.39        -25.135            NaN            NaN            NaN            NaN        -3.8032        -8.1315        -17.586            NaN            NaN            NaN            NaN
        0.70714        -45.272        -20.277        -25.432            NaN            NaN            NaN            NaN        -3.8159         -8.159        -17.642            NaN            NaN            NaN            NaN
        0.70786        -45.108        -20.165        -25.734            NaN            NaN            NaN            NaN        -3.8287        -8.1866        -17.699            NaN            NaN            NaN            NaN
        0.70857        -44.945        -20.054        -26.039            NaN            NaN            NaN            NaN        -3.8415        -8.2143        -17.755            NaN            NaN            NaN            NaN
        0.70929        -44.781        -19.946        -26.349            NaN            NaN            NaN            NaN        -3.8543         -8.242        -17.812            NaN            NaN            NaN            NaN
           0.71        -44.618        -19.839        -26.663            NaN            NaN            NaN            NaN        -3.8672        -8.2698        -17.869            NaN            NaN            NaN            NaN
        0.71071        -44.455        -19.733        -26.981            NaN            NaN            NaN            NaN        -3.8802        -8.2977        -17.926            NaN            NaN            NaN            NaN
        0.71143        -44.292         -19.63        -27.303            NaN            NaN            NaN            NaN        -3.8932        -8.3256        -17.983            NaN            NaN            NaN            NaN
        0.71214        -44.129        -19.528        -27.629            NaN            NaN            NaN            NaN        -3.9063        -8.3537         -18.04            NaN            NaN            NaN            NaN
        0.71286        -43.966        -19.427         -27.96            NaN            NaN            NaN            NaN        -3.9194        -8.3818        -18.098            NaN            NaN            NaN            NaN
        0.71357        -43.804        -19.329        -28.294            NaN            NaN            NaN            NaN        -3.9325          -8.41        -18.155            NaN            NaN            NaN            NaN
        0.71429        -43.642        -19.232        -28.634            NaN            NaN            NaN            NaN        -3.9458        -8.4382        -18.213            NaN            NaN            NaN            NaN
          0.715        -43.481        -19.136        -28.977            NaN            NaN            NaN            NaN         -3.959        -8.4666        -18.271            NaN            NaN            NaN            NaN
        0.71571        -43.319        -19.043        -29.325            NaN            NaN            NaN            NaN        -3.9723         -8.495        -18.329            NaN            NaN            NaN            NaN
        0.71643        -43.158        -18.951        -29.677            NaN            NaN            NaN            NaN        -3.9857        -8.5235        -18.387            NaN            NaN            NaN            NaN
        0.71714        -42.998        -18.861        -30.034            NaN            NaN            NaN            NaN        -3.9991         -8.552        -18.445            NaN            NaN            NaN            NaN
        0.71786        -42.837        -18.772        -30.395            NaN            NaN            NaN            NaN        -4.0126        -8.5807        -18.503            NaN            NaN            NaN            NaN
        0.71857        -42.678        -18.685         -30.76            NaN            NaN            NaN            NaN        -4.0261        -8.6094        -18.561            NaN            NaN            NaN            NaN
        0.71929        -42.518          -18.6         -31.13            NaN            NaN            NaN            NaN        -4.0396        -8.6381         -18.62            NaN            NaN            NaN            NaN
           0.72        -42.359        -18.517        -31.505            NaN            NaN            NaN            NaN        -4.0532         -8.667        -18.678            NaN            NaN            NaN            NaN
        0.72071          -42.2        -18.435        -31.884            NaN            NaN            NaN            NaN        -4.0669        -8.6959        -18.737            NaN            NaN            NaN            NaN
        0.72143        -42.042        -18.356        -32.268            NaN            NaN            NaN            NaN        -4.0806        -8.7249        -18.796            NaN            NaN            NaN            NaN
        0.72214        -41.884        -18.278        -32.656            NaN            NaN            NaN            NaN        -4.0944         -8.754        -18.855            NaN            NaN            NaN            NaN
        0.72286        -41.727        -18.201        -33.049            NaN            NaN            NaN            NaN        -4.1082        -8.7832        -18.914            NaN            NaN            NaN            NaN
        0.72357         -41.57        -18.127        -33.447            NaN            NaN            NaN            NaN         -4.122        -8.8124        -18.973            NaN            NaN            NaN            NaN
        0.72429        -41.414        -18.054         -33.85            NaN            NaN            NaN            NaN        -4.1359        -8.8417        -19.032            NaN            NaN            NaN            NaN
          0.725        -41.258        -17.983        -34.257            NaN            NaN            NaN            NaN        -4.1499        -8.8711        -19.092            NaN            NaN            NaN            NaN
        0.72571        -41.103        -17.914        -34.669            NaN            NaN            NaN            NaN        -4.1639        -8.9006        -19.152            NaN            NaN            NaN            NaN
        0.72643        -40.948        -17.847        -35.086            NaN            NaN            NaN            NaN         -4.178        -8.9301        -19.211            NaN            NaN            NaN            NaN
        0.72714        -40.794        -17.782        -35.508            NaN            NaN            NaN            NaN        -4.1921        -8.9597        -19.271            NaN            NaN            NaN            NaN
        0.72786         -40.64        -17.718        -35.934            NaN            NaN            NaN            NaN        -4.2062        -8.9894        -19.331            NaN            NaN            NaN            NaN
        0.72857        -40.487        -17.657        -36.366            NaN            NaN            NaN            NaN        -4.2204        -9.0191        -19.391            NaN            NaN            NaN            NaN
        0.72929        -40.334        -17.597        -36.803            NaN            NaN            NaN            NaN        -4.2347         -9.049        -19.451            NaN            NaN            NaN            NaN
           0.73        -40.182        -17.539        -37.245            NaN            NaN            NaN            NaN         -4.249        -9.0789        -19.511            NaN            NaN            NaN            NaN
        0.73071        -40.031        -17.483        -37.691            NaN            NaN            NaN            NaN        -4.2633        -9.1088        -19.572            NaN            NaN            NaN            NaN
        0.73143         -39.88        -17.428        -38.143            NaN            NaN            NaN            NaN        -4.2777        -9.1389        -19.632            NaN            NaN            NaN            NaN
        0.73214         -39.73        -17.376          -38.6            NaN            NaN            NaN            NaN        -4.2922         -9.169        -19.693            NaN            NaN            NaN            NaN
        0.73286         -39.58        -17.326        -39.062            NaN            NaN            NaN            NaN        -4.3067        -9.1992        -19.754            NaN            NaN            NaN            NaN
        0.73357        -39.432        -17.277         -39.53            NaN            NaN            NaN            NaN        -4.3212        -9.2295        -19.815            NaN            NaN            NaN            NaN
        0.73429        -39.283         -17.23        -40.002            NaN            NaN            NaN            NaN        -4.3358        -9.2598        -19.876            NaN            NaN            NaN            NaN
          0.735        -39.136        -17.186         -40.48            NaN            NaN            NaN            NaN        -4.3505        -9.2903        -19.937            NaN            NaN            NaN            NaN
        0.73571        -38.989        -17.143        -40.963            NaN            NaN            NaN            NaN        -4.3652        -9.3208        -19.998            NaN            NaN            NaN            NaN
        0.73643        -38.843        -17.102        -41.452            NaN            NaN            NaN            NaN        -4.3799        -9.3513        -20.059            NaN            NaN            NaN            NaN
        0.73714        -38.697        -17.063        -41.946            NaN            NaN            NaN            NaN        -4.3947         -9.382        -20.121            NaN            NaN            NaN            NaN
        0.73786        -38.553        -17.026        -42.445            NaN            NaN            NaN            NaN        -4.4095        -9.4127        -20.182            NaN            NaN            NaN            NaN
        0.73857        -38.408        -16.992         -42.95            NaN            NaN            NaN            NaN        -4.4244        -9.4435        -20.244            NaN            NaN            NaN            NaN
        0.73929        -38.265        -16.959        -43.461            NaN            NaN            NaN            NaN        -4.4393        -9.4744        -20.306            NaN            NaN            NaN            NaN
           0.74        -38.122        -16.928        -43.977            NaN            NaN            NaN            NaN        -4.4543        -9.5053        -20.368            NaN            NaN            NaN            NaN
        0.74071        -37.981        -16.899        -44.498            NaN            NaN            NaN            NaN        -4.4694        -9.5363         -20.43            NaN            NaN            NaN            NaN
        0.74143        -37.839        -16.872        -45.026            NaN            NaN            NaN            NaN        -4.4844        -9.5674        -20.492            NaN            NaN            NaN            NaN
        0.74214        -37.699        -16.847        -45.559            NaN            NaN            NaN            NaN        -4.4996        -9.5986        -20.554            NaN            NaN            NaN            NaN
        0.74286        -37.559        -16.825        -46.097            NaN            NaN            NaN            NaN        -4.5147        -9.6298        -20.617            NaN            NaN            NaN            NaN
        0.74357        -37.421        -16.804        -46.642            NaN            NaN            NaN            NaN        -4.5299        -9.6612        -20.679            NaN            NaN            NaN            NaN
        0.74429        -37.282        -16.785        -47.192            NaN            NaN            NaN            NaN        -4.5452        -9.6925        -20.742            NaN            NaN            NaN            NaN
          0.745        -37.145        -16.769        -47.748            NaN            NaN            NaN            NaN        -4.5605         -9.724        -20.804            NaN            NaN            NaN            NaN
        0.74571        -37.009        -16.754         -48.31            NaN            NaN            NaN            NaN        -4.5759        -9.7556        -20.867            NaN            NaN            NaN            NaN
        0.74643        -36.873        -16.742        -48.878            NaN            NaN            NaN            NaN        -4.5913        -9.7872         -20.93            NaN            NaN            NaN            NaN
        0.74714        -36.738        -16.732        -49.452            NaN            NaN            NaN            NaN        -4.6068        -9.8189        -20.993            NaN            NaN            NaN            NaN
        0.74786        -36.604        -16.724        -50.032            NaN            NaN            NaN            NaN        -4.6223        -9.8506        -21.056            NaN            NaN            NaN            NaN
        0.74857        -36.471        -16.718        -50.618            NaN            NaN            NaN            NaN        -4.6378        -9.8825         -21.12            NaN            NaN            NaN            NaN
        0.74929        -36.339        -16.714         -51.21            NaN            NaN            NaN            NaN        -4.6534        -9.9144        -21.183            NaN            NaN            NaN            NaN
           0.75        -36.207        -16.712        -51.809            NaN            NaN            NaN            NaN        -4.6691        -9.9464        -21.247            NaN            NaN            NaN            NaN
        0.75071        -36.076        -16.713        -52.413            NaN            NaN            NaN            NaN        -4.6847        -9.9784         -21.31            NaN            NaN            NaN            NaN
        0.75143        -35.946        -16.716        -53.024            NaN            NaN            NaN            NaN        -4.7005        -10.011        -21.374            NaN            NaN            NaN            NaN
        0.75214        -35.818        -16.721        -53.641            NaN            NaN            NaN            NaN        -4.7163        -10.043        -21.438            NaN            NaN            NaN            NaN
        0.75286        -35.689        -16.728        -54.265            NaN            NaN            NaN            NaN        -4.7321        -10.075        -21.502            NaN            NaN            NaN            NaN
        0.75357        -35.562        -16.737        -54.895            NaN            NaN            NaN            NaN         -4.748        -10.107        -21.566            NaN            NaN            NaN            NaN
        0.75429        -35.436        -16.749        -55.531            NaN            NaN            NaN            NaN        -4.7639         -10.14         -21.63            NaN            NaN            NaN            NaN
          0.755         -35.31        -16.763        -56.174            NaN            NaN            NaN            NaN        -4.7799        -10.172        -21.694            NaN            NaN            NaN            NaN
        0.75571        -35.186        -16.779        -56.823            NaN            NaN            NaN            NaN        -4.7959        -10.205        -21.758            NaN            NaN            NaN            NaN
        0.75643        -35.062        -16.798        -57.479            NaN            NaN            NaN            NaN         -4.812        -10.238        -21.823            NaN            NaN            NaN            NaN
        0.75714         -34.94        -16.819        -58.141            NaN            NaN            NaN            NaN        -4.8281         -10.27        -21.887            NaN            NaN            NaN            NaN
        0.75786        -34.818        -16.842         -58.81            NaN            NaN            NaN            NaN        -4.8442        -10.303        -21.952            NaN            NaN            NaN            NaN
        0.75857        -34.697        -16.867        -59.486            NaN            NaN            NaN            NaN        -4.8604        -10.336        -22.017            NaN            NaN            NaN            NaN
        0.75929        -34.577        -16.895        -60.169            NaN            NaN            NaN            NaN        -4.8767        -10.369        -22.082            NaN            NaN            NaN            NaN
           0.76        -34.458        -16.925        -60.858            NaN            NaN            NaN            NaN         -4.893        -10.402        -22.147            NaN            NaN            NaN            NaN
        0.76071         -34.34        -16.958        -61.554            NaN            NaN            NaN            NaN        -4.9093        -10.435        -22.212            NaN            NaN            NaN            NaN
        0.76143        -34.223        -16.993        -62.258            NaN            NaN            NaN            NaN        -4.9257        -10.468        -22.277            NaN            NaN            NaN            NaN
        0.76214        -34.107         -17.03        -62.968            NaN            NaN            NaN            NaN        -4.9422        -10.501        -22.342            NaN            NaN            NaN            NaN
        0.76286        -33.992         -17.07        -63.685            NaN            NaN            NaN            NaN        -4.9586        -10.535        -22.408            NaN            NaN            NaN            NaN
        0.76357        -33.877        -17.112        -64.409            NaN            NaN            NaN            NaN        -4.9752        -10.568        -22.473            NaN            NaN            NaN            NaN
        0.76429        -33.764        -17.157         -65.14            NaN            NaN            NaN            NaN        -4.9917        -10.602        -22.539            NaN            NaN            NaN            NaN
          0.765        -33.652        -17.204        -65.878            NaN            NaN            NaN            NaN        -5.0084        -10.635        -22.604            NaN            NaN            NaN            NaN
        0.76571        -33.541        -17.254        -66.624            NaN            NaN            NaN            NaN         -5.025        -10.669         -22.67            NaN            NaN            NaN            NaN
        0.76643         -33.43        -17.306        -67.377            NaN            NaN            NaN            NaN        -5.0417        -10.703        -22.736            NaN            NaN            NaN            NaN
        0.76714        -33.321        -17.361        -68.137            NaN            NaN            NaN            NaN        -5.0585        -10.736        -22.802            NaN            NaN            NaN            NaN
        0.76786        -33.213        -17.418        -68.904            NaN            NaN            NaN            NaN        -5.0753         -10.77        -22.868            NaN            NaN            NaN            NaN
        0.76857        -33.106        -17.478        -69.679            NaN            NaN            NaN            NaN        -5.0922        -10.804        -22.934            NaN            NaN            NaN            NaN
        0.76929        -32.999        -17.541        -70.461            NaN            NaN            NaN            NaN        -5.1091        -10.838            -23            NaN            NaN            NaN            NaN
           0.77        -32.894        -17.606         -71.25            NaN            NaN            NaN            NaN         -5.126        -10.872        -23.066            NaN            NaN            NaN            NaN
        0.77071         -32.79        -17.674        -72.047            NaN            NaN            NaN            NaN         -5.143        -10.906        -23.133            NaN            NaN            NaN            NaN
        0.77143        -32.687        -17.744        -72.852            NaN            NaN            NaN            NaN          -5.16         -10.94        -23.199            NaN            NaN            NaN            NaN
        0.77214        -32.585        -17.817        -73.664            NaN            NaN            NaN            NaN        -5.1771        -10.975        -23.266            NaN            NaN            NaN            NaN
        0.77286        -32.484        -17.892        -74.484            NaN            NaN            NaN            NaN        -5.1942        -11.009        -23.332            NaN            NaN            NaN            NaN
        0.77357        -32.384        -17.971        -75.311            NaN            NaN            NaN            NaN        -5.2114        -11.043        -23.399            NaN            NaN            NaN            NaN
        0.77429        -32.285        -18.052        -76.146            NaN            NaN            NaN            NaN        -5.2286        -11.078        -23.466            NaN            NaN            NaN            NaN
          0.775        -32.187        -18.136        -76.989            NaN            NaN            NaN            NaN        -5.2459        -11.113        -23.533            NaN            NaN            NaN            NaN
        0.77571         -32.09        -18.222         -77.84            NaN            NaN            NaN            NaN        -5.2632        -11.147          -23.6            NaN            NaN            NaN            NaN
        0.77643        -31.995        -18.311        -78.699            NaN            NaN            NaN            NaN        -5.2805        -11.182        -23.667            NaN            NaN            NaN            NaN
        0.77714          -31.9        -18.403        -79.565            NaN            NaN            NaN            NaN        -5.2979        -11.217        -23.734            NaN            NaN            NaN            NaN
        0.77786        -31.807        -18.498         -80.44            NaN            NaN            NaN            NaN        -5.3153        -11.252        -23.801            NaN            NaN            NaN            NaN
        0.77857        -31.714        -18.596        -81.322            NaN            NaN            NaN            NaN        -5.3328        -11.287        -23.869            NaN            NaN            NaN            NaN
        0.77929        -31.623        -18.696            NaN            NaN            NaN            NaN            NaN        -5.3504        -11.322            NaN            NaN            NaN            NaN            NaN
           0.78        -31.533          -18.8            NaN            NaN            NaN            NaN            NaN        -5.3679        -11.357            NaN            NaN            NaN            NaN            NaN
        0.78071        -31.444        -18.906            NaN            NaN            NaN            NaN            NaN        -5.3856        -11.392            NaN            NaN            NaN            NaN            NaN
        0.78143        -31.356        -19.015            NaN            NaN            NaN            NaN            NaN        -5.4032        -11.427            NaN            NaN            NaN            NaN            NaN
        0.78214        -31.269        -19.127            NaN            NaN            NaN            NaN            NaN        -5.4209        -11.462            NaN            NaN            NaN            NaN            NaN
        0.78286        -31.183        -19.243            NaN            NaN            NaN            NaN            NaN        -5.4387        -11.498            NaN            NaN            NaN            NaN            NaN
        0.78357        -31.099        -19.361            NaN            NaN            NaN            NaN            NaN        -5.4565        -11.533            NaN            NaN            NaN            NaN            NaN
        0.78429        -31.015        -19.482            NaN            NaN            NaN            NaN            NaN        -5.4743        -11.569            NaN            NaN            NaN            NaN            NaN
          0.785        -30.933        -19.606            NaN            NaN            NaN            NaN            NaN        -5.4922        -11.604            NaN            NaN            NaN            NaN            NaN
        0.78571        -30.852        -19.733            NaN            NaN            NaN            NaN            NaN        -5.5102         -11.64            NaN            NaN            NaN            NaN            NaN
        0.78643        -30.772        -19.863            NaN            NaN            NaN            NaN            NaN        -5.5282        -11.676            NaN            NaN            NaN            NaN            NaN
        0.78714        -30.693        -19.996            NaN            NaN            NaN            NaN            NaN        -5.5462        -11.711            NaN            NaN            NaN            NaN            NaN
        0.78786        -30.616        -20.132            NaN            NaN            NaN            NaN            NaN        -5.5643        -11.747            NaN            NaN            NaN            NaN            NaN
        0.78857         -30.54        -20.272            NaN            NaN            NaN            NaN            NaN        -5.5824        -11.783            NaN            NaN            NaN            NaN            NaN
        0.78929        -30.464        -20.414            NaN            NaN            NaN            NaN            NaN        -5.6005        -11.819            NaN            NaN            NaN            NaN            NaN
           0.79         -30.39         -20.56            NaN            NaN            NaN            NaN            NaN        -5.6187        -11.855            NaN            NaN            NaN            NaN            NaN
        0.79071        -30.318        -20.709            NaN            NaN            NaN            NaN            NaN         -5.637        -11.891            NaN            NaN            NaN            NaN            NaN
        0.79143        -30.246        -20.861            NaN            NaN            NaN            NaN            NaN        -5.6553        -11.928            NaN            NaN            NaN            NaN            NaN
        0.79214        -30.176        -21.017            NaN            NaN            NaN            NaN            NaN        -5.6736        -11.964            NaN            NaN            NaN            NaN            NaN
        0.79286        -30.107        -21.175            NaN            NaN            NaN            NaN            NaN         -5.692            -12            NaN            NaN            NaN            NaN            NaN
        0.79357        -30.039        -21.337            NaN            NaN            NaN            NaN            NaN        -5.7105        -12.037            NaN            NaN            NaN            NaN            NaN
        0.79429        -29.972        -21.503            NaN            NaN            NaN            NaN            NaN        -5.7289        -12.073            NaN            NaN            NaN            NaN            NaN
          0.795        -29.907        -21.671            NaN            NaN            NaN            NaN            NaN        -5.7475         -12.11            NaN            NaN            NaN            NaN            NaN
        0.79571        -29.843        -21.843            NaN            NaN            NaN            NaN            NaN         -5.766        -12.147            NaN            NaN            NaN            NaN            NaN
        0.79643         -29.78        -22.019            NaN            NaN            NaN            NaN            NaN        -5.7846        -12.183            NaN            NaN            NaN            NaN            NaN
        0.79714        -29.719        -22.197            NaN            NaN            NaN            NaN            NaN        -5.8033         -12.22            NaN            NaN            NaN            NaN            NaN
        0.79786        -29.659        -22.379            NaN            NaN            NaN            NaN            NaN         -5.822        -12.257            NaN            NaN            NaN            NaN            NaN
        0.79857          -29.6        -22.565            NaN            NaN            NaN            NaN            NaN        -5.8407        -12.294            NaN            NaN            NaN            NaN            NaN
        0.79929        -29.542        -22.754            NaN            NaN            NaN            NaN            NaN        -5.8595        -12.331            NaN            NaN            NaN            NaN            NaN
            0.8        -29.486        -22.947            NaN            NaN            NaN            NaN            NaN        -5.8784        -12.368            NaN            NaN            NaN            NaN            NaN
        0.80071        -29.431        -23.143            NaN            NaN            NaN            NaN            NaN        -5.8972        -12.405            NaN            NaN            NaN            NaN            NaN
        0.80143        -29.377        -23.343            NaN            NaN            NaN            NaN            NaN        -5.9162        -12.442            NaN            NaN            NaN            NaN            NaN
        0.80214        -29.325        -23.546            NaN            NaN            NaN            NaN            NaN        -5.9351        -12.479            NaN            NaN            NaN            NaN            NaN
        0.80286        -29.273        -23.753            NaN            NaN            NaN            NaN            NaN        -5.9541        -12.517            NaN            NaN            NaN            NaN            NaN
        0.80357        -29.224        -23.964            NaN            NaN            NaN            NaN            NaN        -5.9732        -12.554            NaN            NaN            NaN            NaN            NaN
        0.80429        -29.175        -24.178            NaN            NaN            NaN            NaN            NaN        -5.9923        -12.592            NaN            NaN            NaN            NaN            NaN
          0.805        -29.128        -24.396            NaN            NaN            NaN            NaN            NaN        -6.0114        -12.629            NaN            NaN            NaN            NaN            NaN
        0.80571        -29.083        -24.617            NaN            NaN            NaN            NaN            NaN        -6.0306        -12.667            NaN            NaN            NaN            NaN            NaN
        0.80643        -29.039        -24.843            NaN            NaN            NaN            NaN            NaN        -6.0499        -12.704            NaN            NaN            NaN            NaN            NaN
        0.80714        -28.996        -25.072            NaN            NaN            NaN            NaN            NaN        -6.0691        -12.742            NaN            NaN            NaN            NaN            NaN
        0.80786        -28.954        -25.305            NaN            NaN            NaN            NaN            NaN        -6.0885         -12.78            NaN            NaN            NaN            NaN            NaN
        0.80857        -28.914        -25.541            NaN            NaN            NaN            NaN            NaN        -6.1078        -12.818            NaN            NaN            NaN            NaN            NaN
        0.80929        -28.876        -25.782            NaN            NaN            NaN            NaN            NaN        -6.1273        -12.856            NaN            NaN            NaN            NaN            NaN
           0.81        -28.838        -26.026            NaN            NaN            NaN            NaN            NaN        -6.1467        -12.894            NaN            NaN            NaN            NaN            NaN
        0.81071        -28.803        -26.275            NaN            NaN            NaN            NaN            NaN        -6.1662        -12.932            NaN            NaN            NaN            NaN            NaN
        0.81143        -28.768        -26.527            NaN            NaN            NaN            NaN            NaN        -6.1858         -12.97            NaN            NaN            NaN            NaN            NaN
        0.81214        -28.735        -26.783            NaN            NaN            NaN            NaN            NaN        -6.2054        -13.008            NaN            NaN            NaN            NaN            NaN
        0.81286        -28.704        -27.044            NaN            NaN            NaN            NaN            NaN         -6.225        -13.046            NaN            NaN            NaN            NaN            NaN
        0.81357        -28.674        -27.308            NaN            NaN            NaN            NaN            NaN        -6.2447        -13.085            NaN            NaN            NaN            NaN            NaN
        0.81429        -28.645        -27.576            NaN            NaN            NaN            NaN            NaN        -6.2644        -13.123            NaN            NaN            NaN            NaN            NaN
          0.815        -28.618        -27.848            NaN            NaN            NaN            NaN            NaN        -6.2842        -13.161            NaN            NaN            NaN            NaN            NaN
        0.81571        -28.593        -28.125            NaN            NaN            NaN            NaN            NaN         -6.304          -13.2            NaN            NaN            NaN            NaN            NaN
        0.81643        -28.569        -28.405            NaN            NaN            NaN            NaN            NaN        -6.3238        -13.238            NaN            NaN            NaN            NaN            NaN
        0.81714        -28.546         -28.69            NaN            NaN            NaN            NaN            NaN        -6.3437        -13.277            NaN            NaN            NaN            NaN            NaN
        0.81786        -28.525        -28.979            NaN            NaN            NaN            NaN            NaN        -6.3637        -13.316            NaN            NaN            NaN            NaN            NaN
        0.81857        -28.506        -29.272            NaN            NaN            NaN            NaN            NaN        -6.3837        -13.354            NaN            NaN            NaN            NaN            NaN
        0.81929        -28.488        -29.569            NaN            NaN            NaN            NaN            NaN        -6.4037        -13.393            NaN            NaN            NaN            NaN            NaN
           0.82        -28.471        -29.871            NaN            NaN            NaN            NaN            NaN        -6.4238        -13.432            NaN            NaN            NaN            NaN            NaN
        0.82071        -28.456        -30.177            NaN            NaN            NaN            NaN            NaN        -6.4439        -13.471            NaN            NaN            NaN            NaN            NaN
        0.82143        -28.443        -30.487            NaN            NaN            NaN            NaN            NaN         -6.464         -13.51            NaN            NaN            NaN            NaN            NaN
        0.82214        -28.431        -30.802            NaN            NaN            NaN            NaN            NaN        -6.4843        -13.549            NaN            NaN            NaN            NaN            NaN
        0.82286        -28.421        -31.121            NaN            NaN            NaN            NaN            NaN        -6.5045        -13.588            NaN            NaN            NaN            NaN            NaN
        0.82357        -28.413        -31.444            NaN            NaN            NaN            NaN            NaN        -6.5248        -13.627            NaN            NaN            NaN            NaN            NaN
        0.82429        -28.406        -31.772            NaN            NaN            NaN            NaN            NaN        -6.5451        -13.666            NaN            NaN            NaN            NaN            NaN
          0.825        -28.401        -32.104            NaN            NaN            NaN            NaN            NaN        -6.5655        -13.705            NaN            NaN            NaN            NaN            NaN
        0.82571        -28.397         -32.44            NaN            NaN            NaN            NaN            NaN        -6.5859        -13.745            NaN            NaN            NaN            NaN            NaN
        0.82643        -28.395        -32.782            NaN            NaN            NaN            NaN            NaN        -6.6064        -13.784            NaN            NaN            NaN            NaN            NaN
        0.82714        -28.395        -33.127            NaN            NaN            NaN            NaN            NaN        -6.6269        -13.823            NaN            NaN            NaN            NaN            NaN
        0.82786        -28.396        -33.478            NaN            NaN            NaN            NaN            NaN        -6.6475        -13.863            NaN            NaN            NaN            NaN            NaN
        0.82857        -28.399        -33.833            NaN            NaN            NaN            NaN            NaN        -6.6681        -13.902            NaN            NaN            NaN            NaN            NaN
        0.82929        -28.404        -34.192            NaN            NaN            NaN            NaN            NaN        -6.6887        -13.942            NaN            NaN            NaN            NaN            NaN
           0.83         -28.41        -34.556            NaN            NaN            NaN            NaN            NaN        -6.7094        -13.982            NaN            NaN            NaN            NaN            NaN
        0.83071        -28.418        -34.925            NaN            NaN            NaN            NaN            NaN        -6.7301        -14.021            NaN            NaN            NaN            NaN            NaN
        0.83143        -28.428        -35.299            NaN            NaN            NaN            NaN            NaN        -6.7509        -14.061            NaN            NaN            NaN            NaN            NaN
        0.83214         -28.44        -35.677            NaN            NaN            NaN            NaN            NaN        -6.7717        -14.101            NaN            NaN            NaN            NaN            NaN
        0.83286        -28.453         -36.06            NaN            NaN            NaN            NaN            NaN        -6.7926        -14.141            NaN            NaN            NaN            NaN            NaN
        0.83357        -28.468        -36.448            NaN            NaN            NaN            NaN            NaN        -6.8135         -14.18            NaN            NaN            NaN            NaN            NaN
        0.83429        -28.485         -36.84            NaN            NaN            NaN            NaN            NaN        -6.8345         -14.22            NaN            NaN            NaN            NaN            NaN
          0.835        -28.504        -37.238            NaN            NaN            NaN            NaN            NaN        -6.8554         -14.26            NaN            NaN            NaN            NaN            NaN
        0.83571        -28.524         -37.64            NaN            NaN            NaN            NaN            NaN        -6.8765          -14.3            NaN            NaN            NaN            NaN            NaN
        0.83643        -28.547        -38.047            NaN            NaN            NaN            NaN            NaN        -6.8976         -14.34            NaN            NaN            NaN            NaN            NaN
        0.83714        -28.571         -38.46            NaN            NaN            NaN            NaN            NaN        -6.9187        -14.381            NaN            NaN            NaN            NaN            NaN
        0.83786        -28.596        -38.877            NaN            NaN            NaN            NaN            NaN        -6.9398        -14.421            NaN            NaN            NaN            NaN            NaN
        0.83857        -28.624        -39.299            NaN            NaN            NaN            NaN            NaN         -6.961        -14.461            NaN            NaN            NaN            NaN            NaN
        0.83929        -28.654        -39.726            NaN            NaN            NaN            NaN            NaN        -6.9823        -14.501            NaN            NaN            NaN            NaN            NaN
           0.84        -28.685        -40.158            NaN            NaN            NaN            NaN            NaN        -7.0036        -14.541            NaN            NaN            NaN            NaN            NaN
        0.84071        -28.719        -40.595            NaN            NaN            NaN            NaN            NaN        -7.0249        -14.582            NaN            NaN            NaN            NaN            NaN
        0.84143        -28.754        -41.037            NaN            NaN            NaN            NaN            NaN        -7.0463        -14.622            NaN            NaN            NaN            NaN            NaN
        0.84214        -28.791        -41.484            NaN            NaN            NaN            NaN            NaN        -7.0677        -14.662            NaN            NaN            NaN            NaN            NaN
        0.84286         -28.83        -41.937            NaN            NaN            NaN            NaN            NaN        -7.0891        -14.703            NaN            NaN            NaN            NaN            NaN
        0.84357        -28.871        -42.394            NaN            NaN            NaN            NaN            NaN        -7.1106        -14.743            NaN            NaN            NaN            NaN            NaN
        0.84429        -28.914        -42.857            NaN            NaN            NaN            NaN            NaN        -7.1322        -14.784            NaN            NaN            NaN            NaN            NaN
          0.845        -28.959        -43.325            NaN            NaN            NaN            NaN            NaN        -7.1538        -14.824            NaN            NaN            NaN            NaN            NaN
        0.84571        -29.006        -43.798            NaN            NaN            NaN            NaN            NaN        -7.1754        -14.865            NaN            NaN            NaN            NaN            NaN
        0.84643        -29.055        -44.276            NaN            NaN            NaN            NaN            NaN        -7.1971        -14.906            NaN            NaN            NaN            NaN            NaN
        0.84714        -29.106         -44.76            NaN            NaN            NaN            NaN            NaN        -7.2188        -14.946            NaN            NaN            NaN            NaN            NaN
        0.84786        -29.159        -45.249            NaN            NaN            NaN            NaN            NaN        -7.2405        -14.987            NaN            NaN            NaN            NaN            NaN
        0.84857        -29.214        -45.743            NaN            NaN            NaN            NaN            NaN        -7.2623        -15.028            NaN            NaN            NaN            NaN            NaN
        0.84929        -29.271        -46.243            NaN            NaN            NaN            NaN            NaN        -7.2842        -15.068            NaN            NaN            NaN            NaN            NaN
           0.85         -29.33        -46.747            NaN            NaN            NaN            NaN            NaN         -7.306        -15.109            NaN            NaN            NaN            NaN            NaN
        0.85071        -29.391        -47.258            NaN            NaN            NaN            NaN            NaN        -7.3279         -15.15            NaN            NaN            NaN            NaN            NaN
        0.85143        -29.454        -47.773            NaN            NaN            NaN            NaN            NaN        -7.3499        -15.191            NaN            NaN            NaN            NaN            NaN
        0.85214        -29.519        -48.294            NaN            NaN            NaN            NaN            NaN        -7.3719        -15.232            NaN            NaN            NaN            NaN            NaN
        0.85286        -29.587        -48.821            NaN            NaN            NaN            NaN            NaN        -7.3939        -15.273            NaN            NaN            NaN            NaN            NaN
        0.85357        -29.656        -49.353            NaN            NaN            NaN            NaN            NaN         -7.416        -15.314            NaN            NaN            NaN            NaN            NaN
        0.85429        -29.728         -49.89            NaN            NaN            NaN            NaN            NaN        -7.4381        -15.355            NaN            NaN            NaN            NaN            NaN
          0.855        -29.802        -50.433            NaN            NaN            NaN            NaN            NaN        -7.4603        -15.396            NaN            NaN            NaN            NaN            NaN
        0.85571        -29.878        -50.981            NaN            NaN            NaN            NaN            NaN        -7.4825        -15.437            NaN            NaN            NaN            NaN            NaN
        0.85643        -29.956        -51.535            NaN            NaN            NaN            NaN            NaN        -7.5047        -15.478            NaN            NaN            NaN            NaN            NaN
        0.85714        -30.037        -52.094            NaN            NaN            NaN            NaN            NaN         -7.527        -15.519            NaN            NaN            NaN            NaN            NaN
        0.85786        -30.119        -52.659            NaN            NaN            NaN            NaN            NaN        -7.5493         -15.56            NaN            NaN            NaN            NaN            NaN
        0.85857        -30.204         -53.23            NaN            NaN            NaN            NaN            NaN        -7.5717        -15.601            NaN            NaN            NaN            NaN            NaN
        0.85929        -30.291        -53.806            NaN            NaN            NaN            NaN            NaN        -7.5941        -15.642            NaN            NaN            NaN            NaN            NaN
           0.86        -30.381        -54.388            NaN            NaN            NaN            NaN            NaN        -7.6165        -15.683            NaN            NaN            NaN            NaN            NaN
        0.86071        -30.473        -54.975            NaN            NaN            NaN            NaN            NaN         -7.639        -15.724            NaN            NaN            NaN            NaN            NaN
        0.86143        -30.567        -55.568            NaN            NaN            NaN            NaN            NaN        -7.6615        -15.766            NaN            NaN            NaN            NaN            NaN
        0.86214        -30.663        -56.166            NaN            NaN            NaN            NaN            NaN        -7.6841        -15.807            NaN            NaN            NaN            NaN            NaN
        0.86286        -30.762        -56.771            NaN            NaN            NaN            NaN            NaN        -7.7067        -15.848            NaN            NaN            NaN            NaN            NaN
        0.86357        -30.863         -57.38            NaN            NaN            NaN            NaN            NaN        -7.7293        -15.889            NaN            NaN            NaN            NaN            NaN
        0.86429        -30.966        -57.996            NaN            NaN            NaN            NaN            NaN        -7.7519        -15.931            NaN            NaN            NaN            NaN            NaN
          0.865        -31.072        -58.617            NaN            NaN            NaN            NaN            NaN        -7.7747        -15.972            NaN            NaN            NaN            NaN            NaN
        0.86571         -31.18        -59.244            NaN            NaN            NaN            NaN            NaN        -7.7974        -16.013            NaN            NaN            NaN            NaN            NaN
        0.86643         -31.29        -59.877            NaN            NaN            NaN            NaN            NaN        -7.8202        -16.054            NaN            NaN            NaN            NaN            NaN
        0.86714        -31.403        -60.515            NaN            NaN            NaN            NaN            NaN         -7.843        -16.096            NaN            NaN            NaN            NaN            NaN
        0.86786        -31.519        -61.159            NaN            NaN            NaN            NaN            NaN        -7.8659        -16.137            NaN            NaN            NaN            NaN            NaN
        0.86857        -31.636        -61.809            NaN            NaN            NaN            NaN            NaN        -7.8887        -16.178            NaN            NaN            NaN            NaN            NaN
        0.86929        -31.757        -62.464            NaN            NaN            NaN            NaN            NaN        -7.9117         -16.22            NaN            NaN            NaN            NaN            NaN
           0.87         -31.88        -63.125            NaN            NaN            NaN            NaN            NaN        -7.9346        -16.261            NaN            NaN            NaN            NaN            NaN
        0.87071        -32.005        -63.792            NaN            NaN            NaN            NaN            NaN        -7.9576        -16.302            NaN            NaN            NaN            NaN            NaN
        0.87143        -32.133        -64.465            NaN            NaN            NaN            NaN            NaN        -7.9807        -16.343            NaN            NaN            NaN            NaN            NaN
        0.87214        -32.263        -65.143            NaN            NaN            NaN            NaN            NaN        -8.0038        -16.385            NaN            NaN            NaN            NaN            NaN
        0.87286        -32.396        -65.827            NaN            NaN            NaN            NaN            NaN        -8.0269        -16.426            NaN            NaN            NaN            NaN            NaN
        0.87357        -32.532        -66.517            NaN            NaN            NaN            NaN            NaN          -8.05        -16.467            NaN            NaN            NaN            NaN            NaN
        0.87429         -32.67        -67.213            NaN            NaN            NaN            NaN            NaN        -8.0732        -16.509            NaN            NaN            NaN            NaN            NaN
          0.875         -32.81        -67.914            NaN            NaN            NaN            NaN            NaN        -8.0964         -16.55            NaN            NaN            NaN            NaN            NaN
        0.87571        -32.954        -68.621            NaN            NaN            NaN            NaN            NaN        -8.1197        -16.591            NaN            NaN            NaN            NaN            NaN
        0.87643        -33.099        -69.334            NaN            NaN            NaN            NaN            NaN        -8.1429        -16.633            NaN            NaN            NaN            NaN            NaN
        0.87714        -33.248        -70.053            NaN            NaN            NaN            NaN            NaN        -8.1663        -16.674            NaN            NaN            NaN            NaN            NaN
        0.87786        -33.399        -70.777            NaN            NaN            NaN            NaN            NaN        -8.1896        -16.715            NaN            NaN            NaN            NaN            NaN
        0.87857        -33.553        -71.508            NaN            NaN            NaN            NaN            NaN         -8.213        -16.757            NaN            NaN            NaN            NaN            NaN
        0.87929         -33.71        -72.244            NaN            NaN            NaN            NaN            NaN        -8.2364        -16.798            NaN            NaN            NaN            NaN            NaN
           0.88        -33.869        -72.985            NaN            NaN            NaN            NaN            NaN        -8.2599        -16.839            NaN            NaN            NaN            NaN            NaN
        0.88071        -34.031        -73.733            NaN            NaN            NaN            NaN            NaN        -8.2834         -16.88            NaN            NaN            NaN            NaN            NaN
        0.88143        -34.196        -74.486            NaN            NaN            NaN            NaN            NaN        -8.3069        -16.922            NaN            NaN            NaN            NaN            NaN
        0.88214        -34.364        -75.245            NaN            NaN            NaN            NaN            NaN        -8.3304        -16.963            NaN            NaN            NaN            NaN            NaN
        0.88286        -34.534        -76.009            NaN            NaN            NaN            NaN            NaN         -8.354        -17.004            NaN            NaN            NaN            NaN            NaN
        0.88357        -34.707        -76.779            NaN            NaN            NaN            NaN            NaN        -8.3776        -17.045            NaN            NaN            NaN            NaN            NaN
        0.88429        -34.883        -77.555            NaN            NaN            NaN            NaN            NaN        -8.4013        -17.086            NaN            NaN            NaN            NaN            NaN
          0.885        -35.062        -78.337            NaN            NaN            NaN            NaN            NaN        -8.4249        -17.128            NaN            NaN            NaN            NaN            NaN
        0.88571        -35.244            NaN            NaN            NaN            NaN            NaN            NaN        -8.4486            NaN            NaN            NaN            NaN            NaN            NaN
        0.88643        -35.428            NaN            NaN            NaN            NaN            NaN            NaN        -8.4724            NaN            NaN            NaN            NaN            NaN            NaN
        0.88714        -35.616            NaN            NaN            NaN            NaN            NaN            NaN        -8.4961            NaN            NaN            NaN            NaN            NaN            NaN
        0.88786        -35.806            NaN            NaN            NaN            NaN            NaN            NaN        -8.5199            NaN            NaN            NaN            NaN            NaN            NaN
        0.88857        -35.999            NaN            NaN            NaN            NaN            NaN            NaN        -8.5437            NaN            NaN            NaN            NaN            NaN            NaN
        0.88929        -36.195            NaN            NaN            NaN            NaN            NaN            NaN        -8.5676            NaN            NaN            NaN            NaN            NaN            NaN
           0.89        -36.394            NaN            NaN            NaN            NaN            NaN            NaN        -8.5915            NaN            NaN            NaN            NaN            NaN            NaN
        0.89071        -36.596            NaN            NaN            NaN            NaN            NaN            NaN        -8.6154            NaN            NaN            NaN            NaN            NaN            NaN
        0.89143        -36.801            NaN            NaN            NaN            NaN            NaN            NaN        -8.6393            NaN            NaN            NaN            NaN            NaN            NaN
        0.89214        -37.009            NaN            NaN            NaN            NaN            NaN            NaN        -8.6633            NaN            NaN            NaN            NaN            NaN            NaN
        0.89286         -37.22            NaN            NaN            NaN            NaN            NaN            NaN        -8.6873            NaN            NaN            NaN            NaN            NaN            NaN
        0.89357        -37.434            NaN            NaN            NaN            NaN            NaN            NaN        -8.7113            NaN            NaN            NaN            NaN            NaN            NaN
        0.89429        -37.651            NaN            NaN            NaN            NaN            NaN            NaN        -8.7353            NaN            NaN            NaN            NaN            NaN            NaN
          0.895        -37.871            NaN            NaN            NaN            NaN            NaN            NaN        -8.7594            NaN            NaN            NaN            NaN            NaN            NaN
        0.89571        -38.094            NaN            NaN            NaN            NaN            NaN            NaN        -8.7835            NaN            NaN            NaN            NaN            NaN            NaN
        0.89643        -38.321            NaN            NaN            NaN            NaN            NaN            NaN        -8.8076            NaN            NaN            NaN            NaN            NaN            NaN
        0.89714         -38.55            NaN            NaN            NaN            NaN            NaN            NaN        -8.8318            NaN            NaN            NaN            NaN            NaN            NaN
        0.89786        -38.782            NaN            NaN            NaN            NaN            NaN            NaN        -8.8559            NaN            NaN            NaN            NaN            NaN            NaN
        0.89857        -39.018            NaN            NaN            NaN            NaN            NaN            NaN        -8.8801            NaN            NaN            NaN            NaN            NaN            NaN
        0.89929        -39.257            NaN            NaN            NaN            NaN            NaN            NaN        -8.9043            NaN            NaN            NaN            NaN            NaN            NaN
            0.9        -39.499            NaN            NaN            NaN            NaN            NaN            NaN        -8.9286            NaN            NaN            NaN            NaN            NaN            NaN
        0.90071        -39.744            NaN            NaN            NaN            NaN            NaN            NaN        -8.9528            NaN            NaN            NaN            NaN            NaN            NaN
        0.90143        -39.992            NaN            NaN            NaN            NaN            NaN            NaN        -8.9771            NaN            NaN            NaN            NaN            NaN            NaN
        0.90214        -40.243            NaN            NaN            NaN            NaN            NaN            NaN        -9.0014            NaN            NaN            NaN            NaN            NaN            NaN
        0.90286        -40.498            NaN            NaN            NaN            NaN            NaN            NaN        -9.0257            NaN            NaN            NaN            NaN            NaN            NaN
        0.90357        -40.755            NaN            NaN            NaN            NaN            NaN            NaN        -9.0501            NaN            NaN            NaN            NaN            NaN            NaN
        0.90429        -41.016            NaN            NaN            NaN            NaN            NaN            NaN        -9.0744            NaN            NaN            NaN            NaN            NaN            NaN
          0.905        -41.281            NaN            NaN            NaN            NaN            NaN            NaN        -9.0988            NaN            NaN            NaN            NaN            NaN            NaN
        0.90571        -41.548            NaN            NaN            NaN            NaN            NaN            NaN        -9.1232            NaN            NaN            NaN            NaN            NaN            NaN
        0.90643        -41.819            NaN            NaN            NaN            NaN            NaN            NaN        -9.1476            NaN            NaN            NaN            NaN            NaN            NaN
        0.90714        -42.093            NaN            NaN            NaN            NaN            NaN            NaN        -9.1721            NaN            NaN            NaN            NaN            NaN            NaN
        0.90786         -42.37            NaN            NaN            NaN            NaN            NaN            NaN        -9.1965            NaN            NaN            NaN            NaN            NaN            NaN
        0.90857        -42.651            NaN            NaN            NaN            NaN            NaN            NaN         -9.221            NaN            NaN            NaN            NaN            NaN            NaN
        0.90929        -42.935            NaN            NaN            NaN            NaN            NaN            NaN        -9.2455            NaN            NaN            NaN            NaN            NaN            NaN
           0.91        -43.222            NaN            NaN            NaN            NaN            NaN            NaN          -9.27            NaN            NaN            NaN            NaN            NaN            NaN
        0.91071        -43.513            NaN            NaN            NaN            NaN            NaN            NaN        -9.2945            NaN            NaN            NaN            NaN            NaN            NaN
        0.91143        -43.807            NaN            NaN            NaN            NaN            NaN            NaN         -9.319            NaN            NaN            NaN            NaN            NaN            NaN
        0.91214        -44.104            NaN            NaN            NaN            NaN            NaN            NaN        -9.3436            NaN            NaN            NaN            NaN            NaN            NaN
        0.91286        -44.405            NaN            NaN            NaN            NaN            NaN            NaN        -9.3681            NaN            NaN            NaN            NaN            NaN            NaN
        0.91357        -44.709            NaN            NaN            NaN            NaN            NaN            NaN        -9.3927            NaN            NaN            NaN            NaN            NaN            NaN
        0.91429        -45.016            NaN            NaN            NaN            NaN            NaN            NaN        -9.4173            NaN            NaN            NaN            NaN            NaN            NaN
          0.915        -45.327            NaN            NaN            NaN            NaN            NaN            NaN        -9.4419            NaN            NaN            NaN            NaN            NaN            NaN
        0.91571        -45.642            NaN            NaN            NaN            NaN            NaN            NaN        -9.4665            NaN            NaN            NaN            NaN            NaN            NaN
        0.91643        -45.959            NaN            NaN            NaN            NaN            NaN            NaN        -9.4911            NaN            NaN            NaN            NaN            NaN            NaN
        0.91714         -46.28            NaN            NaN            NaN            NaN            NaN            NaN        -9.5158            NaN            NaN            NaN            NaN            NaN            NaN
        0.91786        -46.605            NaN            NaN            NaN            NaN            NaN            NaN        -9.5404            NaN            NaN            NaN            NaN            NaN            NaN
        0.91857        -46.933            NaN            NaN            NaN            NaN            NaN            NaN         -9.565            NaN            NaN            NaN            NaN            NaN            NaN
        0.91929        -47.264            NaN            NaN            NaN            NaN            NaN            NaN        -9.5897            NaN            NaN            NaN            NaN            NaN            NaN
           0.92        -47.599            NaN            NaN            NaN            NaN            NaN            NaN        -9.6144            NaN            NaN            NaN            NaN            NaN            NaN
        0.92071        -47.937            NaN            NaN            NaN            NaN            NaN            NaN         -9.639            NaN            NaN            NaN            NaN            NaN            NaN
        0.92143        -48.279            NaN            NaN            NaN            NaN            NaN            NaN        -9.6637            NaN            NaN            NaN            NaN            NaN            NaN
        0.92214        -48.624            NaN            NaN            NaN            NaN            NaN            NaN        -9.6884            NaN            NaN            NaN            NaN            NaN            NaN
        0.92286        -48.973            NaN            NaN            NaN            NaN            NaN            NaN        -9.7131            NaN            NaN            NaN            NaN            NaN            NaN
        0.92357        -49.325            NaN            NaN            NaN            NaN            NaN            NaN        -9.7378            NaN            NaN            NaN            NaN            NaN            NaN
        0.92429        -49.681            NaN            NaN            NaN            NaN            NaN            NaN        -9.7625            NaN            NaN            NaN            NaN            NaN            NaN
          0.925         -50.04            NaN            NaN            NaN            NaN            NaN            NaN        -9.7872            NaN            NaN            NaN            NaN            NaN            NaN
        0.92571        -50.403            NaN            NaN            NaN            NaN            NaN            NaN        -9.8119            NaN            NaN            NaN            NaN            NaN            NaN
        0.92643        -50.769            NaN            NaN            NaN            NaN            NaN            NaN        -9.8366            NaN            NaN            NaN            NaN            NaN            NaN
        0.92714        -51.139            NaN            NaN            NaN            NaN            NaN            NaN        -9.8613            NaN            NaN            NaN            NaN            NaN            NaN
        0.92786        -51.512            NaN            NaN            NaN            NaN            NaN            NaN        -9.8861            NaN            NaN            NaN            NaN            NaN            NaN
        0.92857        -51.888            NaN            NaN            NaN            NaN            NaN            NaN        -9.9108            NaN            NaN            NaN            NaN            NaN            NaN
        0.92929        -52.269            NaN            NaN            NaN            NaN            NaN            NaN        -9.9355            NaN            NaN            NaN            NaN            NaN            NaN
           0.93        -52.652            NaN            NaN            NaN            NaN            NaN            NaN        -9.9602            NaN            NaN            NaN            NaN            NaN            NaN
        0.93071        -53.039            NaN            NaN            NaN            NaN            NaN            NaN        -9.9849            NaN            NaN            NaN            NaN            NaN            NaN
        0.93143         -53.43            NaN            NaN            NaN            NaN            NaN            NaN         -10.01            NaN            NaN            NaN            NaN            NaN            NaN
        0.93214        -53.824            NaN            NaN            NaN            NaN            NaN            NaN        -10.034            NaN            NaN            NaN            NaN            NaN            NaN
        0.93286        -54.222            NaN            NaN            NaN            NaN            NaN            NaN        -10.059            NaN            NaN            NaN            NaN            NaN            NaN
        0.93357        -54.623            NaN            NaN            NaN            NaN            NaN            NaN        -10.084            NaN            NaN            NaN            NaN            NaN            NaN
        0.93429        -55.028            NaN            NaN            NaN            NaN            NaN            NaN        -10.108            NaN            NaN            NaN            NaN            NaN            NaN
          0.935        -55.436            NaN            NaN            NaN            NaN            NaN            NaN        -10.133            NaN            NaN            NaN            NaN            NaN            NaN
        0.93571        -55.848            NaN            NaN            NaN            NaN            NaN            NaN        -10.158            NaN            NaN            NaN            NaN            NaN            NaN
        0.93643        -56.263            NaN            NaN            NaN            NaN            NaN            NaN        -10.183            NaN            NaN            NaN            NaN            NaN            NaN
        0.93714        -56.682            NaN            NaN            NaN            NaN            NaN            NaN        -10.207            NaN            NaN            NaN            NaN            NaN            NaN
        0.93786        -57.104            NaN            NaN            NaN            NaN            NaN            NaN        -10.232            NaN            NaN            NaN            NaN            NaN            NaN
        0.93857        -57.529            NaN            NaN            NaN            NaN            NaN            NaN        -10.257            NaN            NaN            NaN            NaN            NaN            NaN
        0.93929        -57.959            NaN            NaN            NaN            NaN            NaN            NaN        -10.281            NaN            NaN            NaN            NaN            NaN            NaN
           0.94        -58.391            NaN            NaN            NaN            NaN            NaN            NaN        -10.306            NaN            NaN            NaN            NaN            NaN            NaN
        0.94071        -58.828            NaN            NaN            NaN            NaN            NaN            NaN         -10.33            NaN            NaN            NaN            NaN            NaN            NaN
        0.94143        -59.267            NaN            NaN            NaN            NaN            NaN            NaN        -10.355            NaN            NaN            NaN            NaN            NaN            NaN
        0.94214         -59.71            NaN            NaN            NaN            NaN            NaN            NaN         -10.38            NaN            NaN            NaN            NaN            NaN            NaN
        0.94286        -60.157            NaN            NaN            NaN            NaN            NaN            NaN        -10.404            NaN            NaN            NaN            NaN            NaN            NaN
        0.94357        -60.607            NaN            NaN            NaN            NaN            NaN            NaN        -10.429            NaN            NaN            NaN            NaN            NaN            NaN
        0.94429        -61.061            NaN            NaN            NaN            NaN            NaN            NaN        -10.453            NaN            NaN            NaN            NaN            NaN            NaN
          0.945        -61.518            NaN            NaN            NaN            NaN            NaN            NaN        -10.478            NaN            NaN            NaN            NaN            NaN            NaN
        0.94571        -61.978            NaN            NaN            NaN            NaN            NaN            NaN        -10.502            NaN            NaN            NaN            NaN            NaN            NaN
        0.94643        -62.441            NaN            NaN            NaN            NaN            NaN            NaN        -10.527            NaN            NaN            NaN            NaN            NaN            NaN
        0.94714        -62.908            NaN            NaN            NaN            NaN            NaN            NaN        -10.551            NaN            NaN            NaN            NaN            NaN            NaN
        0.94786        -63.379            NaN            NaN            NaN            NaN            NaN            NaN        -10.576            NaN            NaN            NaN            NaN            NaN            NaN
        0.94857        -63.853            NaN            NaN            NaN            NaN            NaN            NaN          -10.6            NaN            NaN            NaN            NaN            NaN            NaN
        0.94929         -64.33            NaN            NaN            NaN            NaN            NaN            NaN        -10.625            NaN            NaN            NaN            NaN            NaN            NaN
           0.95         -64.81            NaN            NaN            NaN            NaN            NaN            NaN        -10.649            NaN            NaN            NaN            NaN            NaN            NaN
        0.95071        -65.294            NaN            NaN            NaN            NaN            NaN            NaN        -10.674            NaN            NaN            NaN            NaN            NaN            NaN
        0.95143        -65.781            NaN            NaN            NaN            NaN            NaN            NaN        -10.698            NaN            NaN            NaN            NaN            NaN            NaN
        0.95214        -66.271            NaN            NaN            NaN            NaN            NaN            NaN        -10.723            NaN            NaN            NaN            NaN            NaN            NaN
        0.95286        -66.765            NaN            NaN            NaN            NaN            NaN            NaN        -10.747            NaN            NaN            NaN            NaN            NaN            NaN
        0.95357        -67.262            NaN            NaN            NaN            NaN            NaN            NaN        -10.771            NaN            NaN            NaN            NaN            NaN            NaN
        0.95429        -67.763            NaN            NaN            NaN            NaN            NaN            NaN        -10.795            NaN            NaN            NaN            NaN            NaN            NaN
          0.955        -68.267            NaN            NaN            NaN            NaN            NaN            NaN         -10.82            NaN            NaN            NaN            NaN            NaN            NaN
        0.95571        -68.775            NaN            NaN            NaN            NaN            NaN            NaN        -10.844            NaN            NaN            NaN            NaN            NaN            NaN
        0.95643        -69.286            NaN            NaN            NaN            NaN            NaN            NaN        -10.868            NaN            NaN            NaN            NaN            NaN            NaN
        0.95714          -69.8            NaN            NaN            NaN            NaN            NaN            NaN        -10.892            NaN            NaN            NaN            NaN            NaN            NaN
        0.95786        -70.318            NaN            NaN            NaN            NaN            NaN            NaN        -10.917            NaN            NaN            NaN            NaN            NaN            NaN
        0.95857        -70.839            NaN            NaN            NaN            NaN            NaN            NaN        -10.941            NaN            NaN            NaN            NaN            NaN            NaN
        0.95929        -71.363            NaN            NaN            NaN            NaN            NaN            NaN        -10.965            NaN            NaN            NaN            NaN            NaN            NaN
           0.96         -71.89            NaN            NaN            NaN            NaN            NaN            NaN        -10.989            NaN            NaN            NaN            NaN            NaN            NaN
        0.96071         -72.42            NaN            NaN            NaN            NaN            NaN            NaN        -11.013            NaN            NaN            NaN            NaN            NaN            NaN
        0.96143        -72.952            NaN            NaN            NaN            NaN            NaN            NaN        -11.037            NaN            NaN            NaN            NaN            NaN            NaN
        0.96214        -73.487            NaN            NaN            NaN            NaN            NaN            NaN        -11.061            NaN            NaN            NaN            NaN            NaN            NaN
        0.96286        -74.024            NaN            NaN            NaN            NaN            NaN            NaN        -11.085            NaN            NaN            NaN            NaN            NaN            NaN
        0.96357        -74.564            NaN            NaN            NaN            NaN            NaN            NaN        -11.109            NaN            NaN            NaN            NaN            NaN            NaN
        0.96429        -75.106            NaN            NaN            NaN            NaN            NaN            NaN        -11.133            NaN            NaN            NaN            NaN            NaN            NaN
          0.965        -75.651            NaN            NaN            NaN            NaN            NaN            NaN        -11.157            NaN            NaN            NaN            NaN            NaN            NaN
        0.96571        -76.198            NaN            NaN            NaN            NaN            NaN            NaN        -11.181            NaN            NaN            NaN            NaN            NaN            NaN
        0.96643            NaN            NaN            NaN            NaN            NaN            NaN            NaN            NaN            NaN            NaN            NaN            NaN            NaN            NaN
        0.96714            NaN            NaN            NaN            NaN            NaN            NaN            NaN            NaN            NaN            NaN            NaN            NaN            NaN            NaN
        0.96786            NaN            NaN            NaN            NaN            NaN            NaN            NaN            NaN            NaN            NaN            NaN            NaN            NaN            NaN
        0.96857            NaN            NaN            NaN            NaN            NaN            NaN            NaN            NaN            NaN            NaN            NaN            NaN            NaN            NaN
        0.96929            NaN            NaN            NaN            NaN            NaN            NaN            NaN            NaN            NaN            NaN            NaN            NaN            NaN            NaN
           0.97            NaN            NaN            NaN            NaN            NaN            NaN            NaN            NaN            NaN            NaN            NaN            NaN            NaN            NaN
        0.97071            NaN            NaN            NaN            NaN            NaN            NaN            NaN            NaN            NaN            NaN            NaN            NaN            NaN            NaN
        0.97143            NaN            NaN            NaN            NaN            NaN            NaN            NaN            NaN            NaN            NaN            NaN            NaN            NaN            NaN
        0.97214            NaN            NaN            NaN            NaN            NaN            NaN            NaN            NaN            NaN            NaN            NaN            NaN            NaN            NaN
        0.97286            NaN            NaN            NaN            NaN            NaN            NaN            NaN            NaN            NaN            NaN            NaN            NaN            NaN            NaN
        0.97357            NaN            NaN            NaN            NaN            NaN            NaN            NaN            NaN            NaN            NaN            NaN            NaN            NaN            NaN
        0.97429            NaN            NaN            NaN            NaN            NaN            NaN            NaN            NaN            NaN            NaN            NaN            NaN            NaN            NaN
          0.975            NaN            NaN            NaN            NaN            NaN            NaN            NaN            NaN            NaN            NaN            NaN            NaN            NaN            NaN
        0.97571            NaN            NaN            NaN            NaN            NaN            NaN            NaN            NaN            NaN            NaN            NaN            NaN            NaN            NaN
        0.97643            NaN            NaN            NaN            NaN            NaN            NaN            NaN            NaN            NaN            NaN            NaN            NaN            NaN            NaN
        0.97714            NaN            NaN            NaN            NaN            NaN            NaN            NaN            NaN            NaN            NaN            NaN            NaN            NaN            NaN
        0.97786            NaN            NaN            NaN            NaN            NaN            NaN            NaN            NaN            NaN            NaN            NaN            NaN            NaN            NaN
        0.97857            NaN            NaN            NaN            NaN            NaN            NaN            NaN            NaN            NaN            NaN            NaN            NaN            NaN            NaN
        0.97929            NaN            NaN            NaN            NaN            NaN            NaN            NaN            NaN            NaN            NaN            NaN            NaN            NaN            NaN
           0.98            NaN            NaN            NaN            NaN            NaN            NaN            NaN            NaN            NaN            NaN            NaN            NaN            NaN            NaN
        0.98071            NaN            NaN            NaN            NaN            NaN            NaN            NaN            NaN            NaN            NaN            NaN            NaN            NaN            NaN
        0.98143            NaN            NaN            NaN            NaN            NaN            NaN            NaN            NaN            NaN            NaN            NaN            NaN            NaN            NaN
        0.98214            NaN            NaN            NaN            NaN            NaN            NaN            NaN            NaN            NaN            NaN            NaN            NaN            NaN            NaN
        0.98286            NaN            NaN            NaN            NaN            NaN            NaN            NaN            NaN            NaN            NaN            NaN            NaN            NaN            NaN
        0.98357            NaN            NaN            NaN            NaN            NaN            NaN            NaN            NaN            NaN            NaN            NaN            NaN            NaN            NaN
        0.98429            NaN            NaN            NaN            NaN            NaN            NaN            NaN            NaN            NaN            NaN            NaN            NaN            NaN            NaN
          0.985            NaN            NaN            NaN            NaN            NaN            NaN            NaN            NaN            NaN            NaN            NaN            NaN            NaN            NaN
        0.98571            NaN            NaN            NaN            NaN            NaN            NaN            NaN            NaN            NaN            NaN            NaN            NaN            NaN            NaN
        0.98643            NaN            NaN            NaN            NaN            NaN            NaN            NaN            NaN            NaN            NaN            NaN            NaN            NaN            NaN
        0.98714            NaN            NaN            NaN            NaN            NaN            NaN            NaN            NaN            NaN            NaN            NaN            NaN            NaN            NaN
        0.98786            NaN            NaN            NaN            NaN            NaN            NaN            NaN            NaN            NaN            NaN            NaN            NaN            NaN            NaN
        0.98857            NaN            NaN            NaN            NaN            NaN            NaN            NaN            NaN            NaN            NaN            NaN            NaN            NaN            NaN
        0.98929            NaN            NaN            NaN            NaN            NaN            NaN            NaN            NaN            NaN            NaN            NaN            NaN            NaN            NaN
           0.99            NaN            NaN            NaN            NaN            NaN            NaN            NaN            NaN            NaN            NaN            NaN            NaN            NaN            NaN
        0.99071            NaN            NaN            NaN            NaN            NaN            NaN            NaN            NaN            NaN            NaN            NaN            NaN            NaN            NaN
        0.99143            NaN            NaN            NaN            NaN            NaN            NaN            NaN            NaN            NaN            NaN            NaN            NaN            NaN            NaN
        0.99214            NaN            NaN            NaN            NaN            NaN            NaN            NaN            NaN            NaN            NaN            NaN            NaN            NaN            NaN
        0.99286            NaN            NaN            NaN            NaN            NaN            NaN            NaN            NaN            NaN            NaN            NaN            NaN            NaN            NaN
        0.99357            NaN            NaN            NaN            NaN            NaN            NaN            NaN            NaN            NaN            NaN            NaN            NaN            NaN            NaN
        0.99429            NaN            NaN            NaN            NaN            NaN            NaN            NaN            NaN            NaN            NaN            NaN            NaN            NaN            NaN
          0.995            NaN            NaN            NaN            NaN            NaN            NaN            NaN            NaN            NaN            NaN            NaN            NaN            NaN            NaN
        0.99571            NaN            NaN            NaN            NaN            NaN            NaN            NaN            NaN            NaN            NaN            NaN            NaN            NaN            NaN
        0.99643            NaN            NaN            NaN            NaN            NaN            NaN            NaN            NaN            NaN            NaN            NaN            NaN            NaN            NaN
        0.99714            NaN            NaN            NaN            NaN            NaN            NaN            NaN            NaN            NaN            NaN            NaN            NaN            NaN            NaN
        0.99786            NaN            NaN            NaN            NaN            NaN            NaN            NaN            NaN            NaN            NaN            NaN            NaN            NaN            NaN
        0.99857            NaN            NaN            NaN            NaN            NaN            NaN            NaN            NaN            NaN            NaN            NaN            NaN            NaN            NaN
        0.99929            NaN            NaN            NaN            NaN            NaN            NaN            NaN            NaN            NaN            NaN            NaN            NaN            NaN            NaN
              1            NaN            NaN            NaN            NaN            NaN            NaN            NaN            NaN            NaN            NaN            NaN            NaN            NaN            NaN
