; yme_id.txt
              0     1.5046e-05     2.3115e-05     3.5873e-12     5.2001e-12     1.8227e-05     4.2457e-12     2.9984e-05     2.2752e-05           0.25           0.25     2.7133e-05           0.25
      0.0058594      0.0013147      0.0016903     2.1016e-05     3.0464e-05      0.0014813     2.4873e-05        0.18785        0.17011        0.24804        0.24754        0.18009        0.24784
       0.011719      0.0013205      0.0017077     4.2016e-05     6.0897e-05       0.001492     4.9725e-05        0.18745        0.16831        0.24608        0.24508         0.1791        0.24567
       0.017578      0.0013641      0.0018326     6.2983e-05      9.127e-05      0.0015687     7.4534e-05        0.18753        0.16272        0.24413        0.24263        0.17694        0.24352
       0.023438      0.0014384      0.0020768       8.39e-05     0.00012155      0.0017112     9.9278e-05        0.18863        0.15099        0.24218        0.24019        0.17324        0.24137
       0.029297      0.0015753      0.0023501     0.00010475     0.00015172      0.0018999     0.00012394        0.18768        0.14879        0.24024        0.23775        0.17209        0.23923
       0.035156      0.0018168      0.0024553     0.00012552     0.00018173      0.0020937     0.00014849        0.18217        0.15919        0.23831        0.23534         0.1724         0.2371
       0.041016      0.0018822       0.002371      0.0001462     0.00021157      0.0021005     0.00017292        0.16794        0.18179         0.2364        0.23294        0.17407        0.23498
       0.046875      0.0018178      0.0023222     0.00016677     0.00024122      0.0020456     0.00019722        0.16949        0.19473         0.2345        0.23055        0.18057        0.23288
       0.052734       0.001597      0.0021402     0.00018721     0.00027064      0.0018304     0.00022135        0.16382        0.17599        0.23261        0.22819        0.16902         0.2308
       0.058594      0.0014636      0.0022624     0.00020752     0.00029982      0.0017808     0.00024531        0.14366        0.12331        0.23075        0.22585        0.13567        0.22874
       0.064453      0.0010962      0.0018586     0.00022769     0.00032874      0.0013937     0.00026908        0.15612        0.10828         0.2289        0.22354        0.13842        0.22671
       0.070313     0.00093181      0.0015788      0.0002477     0.00035738      0.0011845     0.00029265        0.17068        0.12266        0.22707        0.22125         0.1529        0.22469
       0.076172     0.00074545      0.0011388     0.00026754     0.00038573     0.00090298       0.000316        0.17167        0.15053        0.22527          0.219        0.16331         0.2227
       0.082031      0.0005675     0.00074995     0.00028721     0.00041376      0.0006544     0.00033914        0.13473       0.083441        0.22349        0.21677        0.11267        0.22073
       0.087891     0.00044357     0.00074612      0.0003067     0.00044148     0.00056618     0.00036204        0.12258       0.061219        0.22173        0.21457       0.099794        0.21879
        0.09375     0.00037429     0.00069276       0.000326     0.00046887     0.00049576      0.0003847        0.13897       0.072634           0.22         0.2124        0.11583        0.21688
       0.099609     0.00037755     0.00052274     0.00034511     0.00049592     0.00045246     0.00040712        0.16931       0.088792        0.21829        0.21026        0.13568          0.215
        0.10547     0.00040615     0.00047196     0.00036402     0.00052262      0.0004394     0.00042928        0.17543        0.13931        0.21661        0.20816        0.15873        0.21314
        0.11133     0.00041825     0.00054566     0.00038273     0.00054898     0.00047515     0.00045119        0.17004        0.14351        0.21496        0.20609        0.15853        0.21131
        0.11719     0.00042328     0.00055797     0.00040124     0.00057498     0.00048438     0.00047284        0.16854        0.13279        0.21333        0.20404        0.15313        0.20952
        0.12305     0.00042937     0.00059593     0.00041954     0.00060063     0.00050273     0.00049423        0.17338         0.1347        0.21173        0.20204         0.1572        0.20775
        0.12891     0.00044482     0.00060669     0.00043764     0.00062592     0.00051997     0.00051536         0.1797        0.12801        0.21016        0.20006        0.15787        0.20601
        0.13477     0.00047152     0.00062029     0.00045553     0.00065086      0.0005416     0.00053623        0.18072        0.13352        0.20862        0.19812        0.16036        0.20429
        0.14063      0.0004914     0.00066863     0.00047321     0.00067544     0.00057389     0.00055684         0.1767        0.12486         0.2071        0.19621        0.15477        0.20261
        0.14648      0.0004973     0.00068574     0.00049069     0.00069967      0.0005847     0.00057719        0.17355        0.11953        0.20561        0.19432        0.15088        0.20096
        0.15234     0.00050099     0.00069263     0.00050797     0.00072355     0.00058368     0.00059728        0.17399        0.14564        0.20415        0.19247         0.1621        0.19933
         0.1582     0.00051219     0.00074378     0.00052504     0.00074708     0.00060931     0.00061711        0.17576        0.14539        0.20271        0.19066        0.16339        0.19774
        0.16406     0.00052784     0.00074061     0.00054192     0.00077026     0.00061828     0.00063669         0.1765        0.15123         0.2013        0.18887        0.16599        0.19617
        0.16992     0.00054126     0.00076618     0.00055859      0.0007931     0.00063522     0.00065602        0.17692        0.16024        0.19992         0.1871        0.17002        0.19462
        0.17578     0.00055765     0.00081342     0.00057508     0.00081561     0.00066281      0.0006751        0.17841        0.15948        0.19856        0.18537        0.17071        0.19311
        0.18164     0.00057978      0.0008478     0.00059137     0.00083778     0.00069005     0.00069394        0.17872        0.15797        0.19722        0.18367        0.17029        0.19161
         0.1875     0.00059871      0.0008794     0.00060747     0.00085963     0.00071397     0.00071254        0.17686        0.15537        0.19591        0.18199        0.16816        0.19015
        0.19336     0.00060984     0.00089839     0.00062339     0.00088115     0.00072847     0.00073091        0.17573        0.15196        0.19463        0.18034        0.16612        0.18871
        0.19922     0.00062183     0.00090538     0.00063913     0.00090236     0.00073962     0.00074904        0.17616         0.1504        0.19336        0.17871        0.16568        0.18729
        0.20508     0.00063836     0.00091641     0.00065469     0.00092325     0.00075485     0.00076694        0.17669        0.15126        0.19212        0.17711        0.16625         0.1859
        0.21094     0.00065591     0.00093911     0.00067007     0.00094383     0.00077461     0.00078462        0.17649        0.15188         0.1909        0.17554        0.16637        0.18452
         0.2168     0.00067367     0.00096201     0.00068529     0.00096411      0.0007948     0.00080208        0.17619        0.15117        0.18971        0.17399        0.16589        0.18317
        0.22266     0.00069199      0.0009788     0.00070034     0.00098408     0.00081316     0.00081933          0.175        0.15027        0.18853        0.17246        0.16476        0.18185
        0.22852      0.0007042       0.000995     0.00071522      0.0010038     0.00082685     0.00083636        0.17339        0.15015        0.18737        0.17095        0.16376        0.18054
        0.23438     0.00071234      0.0010153     0.00072995      0.0010232     0.00083939     0.00085319        0.17291        0.14984        0.18623        0.16946         0.1634        0.17925
        0.24023     0.00072391      0.0010356     0.00074452      0.0010423     0.00085462     0.00086981         0.1734        0.14884        0.18512          0.168         0.1633        0.17799
        0.24609     0.00073869      0.0010524     0.00075894      0.0010611     0.00087086     0.00088623        0.17335         0.1475        0.18402        0.16656        0.16269        0.17674
        0.25195     0.00075212      0.0010644     0.00077321      0.0010796     0.00088446     0.00090246        0.17329        0.14656        0.18293        0.16513        0.16223        0.17551
        0.25781     0.00076659      0.0010753     0.00078734      0.0010979      0.0008983      0.0009185        0.17358        0.14622        0.18187        0.16373         0.1622         0.1743
        0.26367     0.00078226      0.0010862     0.00080132      0.0011159     0.00091276     0.00093434        0.17354        0.14626        0.18082        0.16235        0.16213         0.1731
        0.26953     0.00079669      0.0010992     0.00081517      0.0011337     0.00092693     0.00095001        0.17333        0.14679        0.17979        0.16098        0.16218        0.17192
        0.27539     0.00081173      0.0011175     0.00082888      0.0011512     0.00094345     0.00096549        0.17333        0.14738        0.17877        0.15963        0.16242        0.17076
        0.28125     0.00082837      0.0011385     0.00084246      0.0011684     0.00096202      0.0009808        0.17305        0.14748        0.17777         0.1583        0.16228        0.16961
        0.28711     0.00084358      0.0011598     0.00085591      0.0011854      0.0009797     0.00099593        0.17236         0.1472        0.17678        0.15699        0.16177        0.16848
        0.29297     0.00085647      0.0011816     0.00086923      0.0012021     0.00099612      0.0010109        0.17181        0.14675        0.17581        0.15569        0.16128        0.16737
        0.29883     0.00086951      0.0012035     0.00088243      0.0012186      0.0010129      0.0010257        0.17165        0.14571        0.17485        0.15441        0.16078        0.16626
        0.30469     0.00088448      0.0012206     0.00089551      0.0012348      0.0010293      0.0010403        0.17151        0.14436         0.1739        0.15314        0.16011        0.16518
        0.31055     0.00090003      0.0012338     0.00090847      0.0012508      0.0010446      0.0010548        0.17099        0.14344        0.17297        0.15189        0.15937         0.1641
        0.31641     0.00091306      0.0012477     0.00092132      0.0012666      0.0010583      0.0010691        0.17029         0.1429        0.17204        0.15066        0.15872        0.16304
        0.32227     0.00092451      0.0012625     0.00093405      0.0012821      0.0010713      0.0010832        0.17005        0.14244        0.17113        0.14944        0.15838        0.16199
        0.32813     0.00093846      0.0012784     0.00094667      0.0012975      0.0010865      0.0010972        0.17012         0.1421        0.17023        0.14823        0.15826        0.16096
        0.33398     0.00095422      0.0012966     0.00095918      0.0013126      0.0011036       0.001111        0.16981         0.1417        0.16935        0.14704         0.1579        0.15993
        0.33984      0.0009681      0.0013154     0.00097159      0.0013274      0.0011197      0.0011247        0.16931        0.14094        0.16847        0.14586        0.15729        0.15892
         0.3457     0.00098153      0.0013317     0.00098389      0.0013421      0.0011348      0.0011383         0.1691        0.13995         0.1676         0.1447        0.15674        0.15792
        0.35156     0.00099673      0.0013445     0.00099609      0.0013565      0.0011497      0.0011517        0.16886        0.13909        0.16674        0.14355        0.15619        0.15693
        0.35742      0.0010113      0.0013568      0.0010082      0.0013707      0.0011638      0.0011649        0.16835        0.13871        0.16589        0.14241         0.1557        0.15595
        0.36328      0.0010244      0.0013721      0.0010202      0.0013847       0.001178       0.001178        0.16802        0.13853        0.16506        0.14129        0.15542        0.15498
        0.36914      0.0010391      0.0013888      0.0010321      0.0013986      0.0011939       0.001191        0.16799        0.13815        0.16423        0.14018        0.15523        0.15402
          0.375      0.0010564      0.0014044      0.0010439      0.0014122       0.001211      0.0012039        0.16771        0.13786         0.1634        0.13908         0.1549        0.15307
        0.38086      0.0010731      0.0014232      0.0010556      0.0014256      0.0012286      0.0012166        0.16695        0.13777        0.16259        0.13799        0.15441        0.15213
        0.38672      0.0010874      0.0014464      0.0010672      0.0014388      0.0012465      0.0012291        0.16614        0.13727        0.16179        0.13691        0.15376         0.1512
        0.39258      0.0011013       0.001468      0.0010788      0.0014518      0.0012638      0.0012416        0.16557        0.13615        0.16099        0.13585        0.15296        0.15028
        0.39844      0.0011169      0.0014846      0.0010902      0.0014646      0.0012803      0.0012539        0.16499        0.13492         0.1602        0.13479        0.15209        0.14936
         0.4043      0.0011464      0.0015183      0.0011016      0.0014773       0.001312      0.0012661        0.16408        0.13424        0.15942        0.13375        0.15125        0.14846
        0.41016      0.0011562       0.001529      0.0011128      0.0014897      0.0013225      0.0012781        0.16323        0.13306        0.15864        0.13272        0.15024        0.14756
        0.41602      0.0011544       0.001526       0.001124       0.001502      0.0013203      0.0012901        0.16255        0.13204        0.15787         0.1317        0.14942        0.14668
        0.42188      0.0011677      0.0015415      0.0011351      0.0015141      0.0013349      0.0013019        0.16205        0.13146        0.15711        0.13069        0.14887         0.1458
        0.42773      0.0011793       0.001554      0.0011461       0.001526      0.0013473      0.0013136        0.16148        0.13043        0.15636         0.1297        0.14809        0.14493
        0.43359       0.001192      0.0015634      0.0011571      0.0015377      0.0013591      0.0013252        0.16129        0.12997        0.15561        0.12871        0.14774        0.14406
        0.43945      0.0012074       0.001577      0.0011679      0.0015493      0.0013742      0.0013366        0.16088        0.12966        0.15487        0.12773        0.14735        0.14321
        0.44531      0.0012218      0.0015897      0.0011787      0.0015607      0.0013881      0.0013479        0.16031        0.12932        0.15413        0.12676        0.14685        0.14236
        0.45117      0.0012373      0.0016064      0.0011894      0.0015719      0.0014042      0.0013592        0.15979        0.12937         0.1534        0.12581        0.14656        0.14152
        0.45703      0.0012524      0.0016291         0.0012      0.0015829      0.0014224      0.0013703        0.15891        0.12877        0.15268        0.12486        0.14581        0.14069
        0.46289      0.0012651      0.0016449      0.0012106      0.0015938      0.0014367      0.0013813        0.15824         0.1277        0.15196        0.12392        0.14497        0.13986
        0.46875      0.0012811      0.0016603      0.0012211      0.0016046      0.0014528      0.0013922        0.15768        0.12722        0.15124        0.12299        0.14442        0.13904
        0.47461      0.0012963      0.0016811      0.0012315      0.0016151      0.0014704      0.0014029         0.1565        0.12628        0.15053        0.12207        0.14335        0.13823
        0.48047      0.0013066      0.0016944      0.0012418      0.0016255      0.0014822      0.0014136        0.15565         0.1249        0.14983        0.12116        0.14227        0.13742
        0.48633       0.001321      0.0017048       0.001252      0.0016358      0.0014955      0.0014242        0.15517        0.12416        0.14913        0.12026        0.14164        0.13662
        0.49219      0.0013358      0.0017193      0.0012622      0.0016459      0.0015104      0.0014346        0.15405        0.12344        0.14844        0.11937        0.14067        0.13583
        0.49805      0.0013453      0.0017317      0.0012723      0.0016559      0.0015212       0.001445        0.15323        0.12263        0.14775        0.11849        0.13986        0.13504
        0.50391      0.0013599      0.0017463      0.0012824      0.0016657      0.0015362      0.0014552        0.15289        0.12201        0.14706        0.11761        0.13938        0.13426
        0.50977       0.001377      0.0017623      0.0012923      0.0016754      0.0015532      0.0014654        0.15171        0.12095        0.14638        0.11675        0.13822        0.13348
        0.51563      0.0013874      0.0017721      0.0013022      0.0016849      0.0015634      0.0014754        0.15047         0.1199         0.1457        0.11589        0.13705        0.13271
        0.52148      0.0013993      0.0017839      0.0013121      0.0016943      0.0015754      0.0014854        0.14974        0.11936        0.14503        0.11504        0.13639        0.13195
        0.52734      0.0014128      0.0017995      0.0013218      0.0017035      0.0015899      0.0014952        0.14857        0.11842        0.14436         0.1142        0.13532        0.13119
         0.5332      0.0014213      0.0018095      0.0013315      0.0017127      0.0015991       0.001505        0.14743        0.11734         0.1437        0.11337         0.1342        0.13044
        0.53906      0.0014308      0.0018198      0.0013412      0.0017216      0.0016091      0.0015146        0.14678        0.11675        0.14304        0.11255        0.13356        0.12969
        0.54492      0.0014425      0.0018349      0.0013508      0.0017305      0.0016223      0.0015242        0.14592        0.11594        0.14238        0.11173        0.13273        0.12895
        0.55078      0.0014523      0.0018477      0.0013603      0.0017392      0.0016335      0.0015336        0.14499        0.11478        0.14173        0.11093         0.1317        0.12822
        0.55664      0.0014628      0.0018582      0.0013697      0.0017478      0.0016444       0.001543        0.14411        0.11364        0.14108        0.11013         0.1307        0.12749
         0.5625      0.0014718      0.0018663      0.0013791      0.0017563      0.0016532      0.0015523        0.14305         0.1125        0.14044        0.10933        0.12959        0.12676
        0.56836      0.0014784      0.0018724      0.0013884      0.0017646      0.0016598      0.0015615        0.14231        0.11165         0.1398        0.10855        0.12879        0.12604
        0.57422       0.001488      0.0018818      0.0013976      0.0017728      0.0016695      0.0015706        0.14169        0.11096        0.13916        0.10777        0.12812        0.12533
        0.58008      0.0014963      0.0018913      0.0014068       0.001781      0.0016785      0.0015796         0.1408           0.11        0.13852          0.107         0.1272        0.12462
        0.58594      0.0015022      0.0018983       0.001416      0.0017889      0.0016851      0.0015885        0.14028        0.10919        0.13789        0.10624        0.12655        0.12391
         0.5918      0.0015124      0.0019084       0.001425      0.0017968      0.0016957      0.0015973        0.13997        0.10845        0.13726        0.10549        0.12604        0.12322
        0.59766      0.0015234      0.0019175       0.001434      0.0018046      0.0017063       0.001606        0.13923        0.10736        0.13664        0.10474        0.12513        0.12252
        0.60352      0.0015426      0.0019317       0.001443      0.0018122       0.001724      0.0016147        0.13887        0.10679        0.13602          0.104        0.12463        0.12183
        0.60938      0.0015535      0.0019389      0.0014519      0.0018198      0.0017337      0.0016233        0.13844        0.10625         0.1354        0.10327        0.12412        0.12115
        0.61523      0.0015655      0.0019493      0.0014607      0.0018272      0.0017453      0.0016318        0.13773        0.10561        0.13478        0.10254        0.12343        0.12046
        0.62109      0.0015638      0.0019485      0.0014694      0.0018345       0.001744      0.0016402        0.13681         0.1045        0.13417        0.10182        0.12243        0.11979
        0.62695      0.0015735      0.0019572      0.0014782      0.0018417      0.0017534      0.0016485        0.13613        0.10377        0.13356        0.10111        0.12171        0.11912
        0.63281      0.0015846       0.001969      0.0014868      0.0018488      0.0017651      0.0016567        0.13551        0.10302        0.13295         0.1004        0.12103        0.11845
        0.63867      0.0015962      0.0019805      0.0014954      0.0018559       0.001777      0.0016649        0.13467        0.10193        0.13235       0.099703        0.12006        0.11779
        0.64453      0.0016062      0.0019887      0.0015039      0.0018628      0.0017866       0.001673        0.13379        0.10081        0.13175        0.09901        0.11906        0.11713
        0.65039       0.001616      0.0019971      0.0015124      0.0018696      0.0017961       0.001681        0.13295       0.099749        0.13115       0.098323        0.11811        0.11648
        0.65625      0.0016257       0.002004      0.0015208      0.0018763       0.001805      0.0016889        0.13206       0.098596        0.13055       0.097643        0.11708        0.11583
        0.66211       0.001635      0.0020099      0.0015292       0.001883      0.0018132      0.0016968        0.13115       0.097571        0.12996       0.096969         0.1161        0.11518
        0.66797      0.0016433      0.0020167      0.0015375      0.0018895       0.001821      0.0017045        0.13013       0.096448        0.12937       0.096301        0.11501        0.11454
        0.67383      0.0016487      0.0020195      0.0015458      0.0018959      0.0018256      0.0017122        0.12919       0.095263        0.12878        0.09564        0.11395         0.1139
        0.67969      0.0016548      0.0020217       0.001554      0.0019023      0.0018303      0.0017198        0.12859       0.094501        0.12819       0.094984        0.11325        0.11327
        0.68555       0.001663      0.0020286      0.0015621      0.0019086      0.0018382      0.0017274        0.12787        0.09367        0.12761       0.094334        0.11247        0.11264
        0.69141       0.001669      0.0020323      0.0015702      0.0019147      0.0018435      0.0017349        0.12706       0.092523        0.12703       0.093691         0.1115        0.11201
        0.69727      0.0016746      0.0020328      0.0015783      0.0019208      0.0018473      0.0017423        0.12655       0.091732        0.12645       0.093053        0.11083        0.11139
        0.70313      0.0016828      0.0020376      0.0015862      0.0019268      0.0018544      0.0017496        0.12606       0.091079        0.12587       0.092421        0.11024        0.11078
        0.70898      0.0016915      0.0020424      0.0015942      0.0019328      0.0018618      0.0017569        0.12546       0.090191         0.1253       0.091794        0.10949        0.11016
        0.71484       0.001701       0.002046      0.0016021      0.0019386      0.0018691      0.0017641        0.12484       0.089392        0.12473       0.091173        0.10876        0.10955
         0.7207      0.0017107      0.0020509      0.0016099      0.0019444      0.0018769      0.0017712          0.124       0.088529        0.12416       0.090558        0.10787        0.10895
        0.72656      0.0017176      0.0020533      0.0016177      0.0019501      0.0018821      0.0017782        0.12313       0.087595        0.12359       0.089948        0.10695        0.10834
        0.73242       0.001725      0.0020561      0.0016254      0.0019557      0.0018877      0.0017852        0.12246       0.086902        0.12303       0.089344        0.10624        0.10775
        0.73828      0.0017338      0.0020615      0.0016331      0.0019612      0.0018953      0.0017921         0.1216       0.086024        0.12247       0.088744        0.10536        0.10715
        0.74414      0.0017401      0.0020628      0.0016407      0.0019667      0.0018996       0.001799        0.12063       0.084978        0.12191       0.088151        0.10432        0.10656
           0.75      0.0017457      0.0020628      0.0016483      0.0019721      0.0019028      0.0018058        0.11982       0.084312        0.12135       0.087562        0.10355        0.10597
        0.75586      0.0017517      0.0020671      0.0016558      0.0019774       0.001908      0.0018125        0.11894       0.083638        0.12079       0.086979        0.10275        0.10539
        0.76172      0.0017552      0.0020694      0.0016632      0.0019827      0.0019111      0.0018192        0.11807       0.082686        0.12024         0.0864        0.10184        0.10481
        0.76758      0.0017588      0.0020692      0.0016707      0.0019878      0.0019132      0.0018257        0.11742       0.081923        0.11969       0.085827        0.10112        0.10423
        0.77344      0.0017636      0.0020711       0.001678       0.001993      0.0019168      0.0018323         0.1167       0.081241        0.11914       0.085258         0.1004        0.10366
         0.7793      0.0017666      0.0020724      0.0016854       0.001998      0.0019192      0.0018388        0.11597       0.080423        0.11859       0.084695       0.099619        0.10309
        0.78516      0.0017689      0.0020719      0.0016926       0.002003      0.0019205      0.0018452        0.11542       0.079655        0.11804       0.084136       0.098956        0.10252
        0.79102      0.0017715      0.0020706      0.0016999      0.0020079      0.0019216      0.0018515        0.11495       0.078935         0.1175       0.083582       0.098348        0.10195
        0.79688      0.0017739      0.0020677       0.001707      0.0020128       0.001922      0.0018578        0.11461       0.078357        0.11696       0.083033       0.097876        0.10139
        0.80273      0.0017879      0.0020728      0.0017142      0.0020175      0.0019323       0.001864        0.11472       0.078399        0.11642       0.082489       0.097905        0.10084
        0.80859      0.0017939      0.0020735      0.0017212      0.0020223      0.0019362      0.0018702        0.11434       0.077847        0.11588       0.081949       0.097421        0.10028
        0.81445      0.0017997      0.0020721      0.0017283      0.0020269      0.0019391      0.0018763        0.11394       0.077305        0.11534       0.081413       0.096918       0.099732
        0.82031      0.0018055      0.0020707      0.0017352      0.0020316      0.0019418      0.0018824        0.11354       0.076966        0.11481       0.080883       0.096511       0.099184
        0.82617      0.0018026      0.0020665      0.0017422      0.0020361      0.0019384      0.0018884        0.11281       0.076122        0.11428       0.080356       0.095722        0.09864
        0.83203      0.0018091      0.0020673      0.0017491      0.0020406      0.0019424      0.0018943        0.11247        0.07585        0.11374       0.079834       0.095384       0.098099
        0.83789      0.0018164      0.0020696      0.0017559       0.002045      0.0019476      0.0019002        0.11205       0.075482        0.11322       0.079317       0.094964        0.09756
        0.84375      0.0018237      0.0020716      0.0017627      0.0020494      0.0019525       0.001906        0.11155       0.074999        0.11269       0.078803       0.094441       0.097025
        0.84961      0.0018301      0.0020719      0.0017694      0.0020538      0.0019563      0.0019118        0.11099       0.074473        0.11216       0.078294       0.093866       0.096493
        0.85547      0.0018355      0.0020706      0.0017762       0.002058      0.0019587      0.0019175        0.11048        0.07408        0.11164       0.077789        0.09338       0.095964
        0.86133      0.0018418      0.0020708      0.0017828      0.0020623      0.0019622      0.0019232        0.11006       0.073876        0.11112       0.077288        0.09303       0.095437
        0.86719      0.0018491      0.0020737      0.0017894      0.0020664      0.0019675      0.0019288        0.10955       0.073594         0.1106       0.076791       0.092604       0.094914
        0.87305      0.0018554      0.0020761       0.001796      0.0020706       0.001972      0.0019343        0.10893       0.073133        0.11008       0.076298       0.092041       0.094394
        0.87891      0.0018608      0.0020769      0.0018025      0.0020746      0.0019753      0.0019399        0.10838       0.072691        0.10956        0.07581       0.091517       0.093876
        0.88477      0.0018666      0.0020778       0.001809      0.0020787      0.0019789      0.0019453        0.10782       0.072264        0.10905       0.075325       0.090996       0.093361
        0.89063      0.0018714      0.0020777      0.0018154      0.0020826      0.0019814      0.0019507        0.10719       0.071789        0.10854       0.074844       0.090417       0.092849
        0.89648       0.001875      0.0020763      0.0018218      0.0020866      0.0019826      0.0019561        0.10667       0.071435        0.10803       0.074366       0.089953        0.09234
        0.90234      0.0018795       0.002076      0.0018281      0.0020904      0.0019849      0.0019614        0.10624       0.071201        0.10752       0.073893       0.089596       0.091834
         0.9082      0.0018847      0.0020769      0.0018344      0.0020943       0.001988      0.0019667        0.10573       0.070903        0.10701       0.073423       0.089166        0.09133
        0.91406      0.0018884       0.002077      0.0018407      0.0020981        0.00199      0.0019719        0.10519       0.070557         0.1065       0.072957       0.088701        0.09083
        0.91992      0.0018915      0.0020763      0.0018469      0.0021018      0.0019913       0.001977        0.10477       0.070246          0.106       0.072495       0.088317       0.090331
        0.92578      0.0018951      0.0020749      0.0018531      0.0021055      0.0019926      0.0019821        0.10442       0.069977        0.10549       0.072036       0.087982       0.089836
        0.93164      0.0018989      0.0020732      0.0018592      0.0021092      0.0019937      0.0019872        0.10407       0.069829        0.10499       0.071581       0.087702       0.089343
         0.9375      0.0019024      0.0020727      0.0018653      0.0021128      0.0019952      0.0019922        0.10378       0.069786        0.10449       0.071129       0.087515       0.088853
        0.94336      0.0019068      0.0020732      0.0018713      0.0021164      0.0019978      0.0019972        0.10357       0.069713        0.10399       0.070681       0.087351       0.088365
        0.94922      0.0019121      0.0020736      0.0018773      0.0021199      0.0020008      0.0020021        0.10331       0.069643         0.1035       0.070236       0.087162        0.08788
        0.95508      0.0019172      0.0020748      0.0018833      0.0021235      0.0020039       0.002007        0.10304       0.069642          0.103       0.069795       0.087004       0.087398
        0.96094      0.0019226      0.0020773      0.0018892      0.0021269      0.0020079      0.0020119        0.10282       0.069567        0.10251       0.069357       0.086839       0.086918
         0.9668      0.0019286      0.0020785       0.001895      0.0021303      0.0020116      0.0020167        0.10258       0.069405        0.10202       0.068922       0.086613        0.08644
        0.97266      0.0019345      0.0020788      0.0019009      0.0021337      0.0020148      0.0020214        0.10231       0.069406        0.10153        0.06849       0.086451       0.085965
        0.97852      0.0019407      0.0020817      0.0019067      0.0021371      0.0020193      0.0020261        0.10208       0.069503        0.10104       0.068062       0.086366       0.085493
        0.98438      0.0019478      0.0020859      0.0019124      0.0021404       0.002025      0.0020308        0.10183        0.06942        0.10055       0.067637       0.086184       0.085023
        0.99023      0.0019555      0.0020888      0.0019181      0.0021437      0.0020303      0.0020354        0.10151       0.069315        0.10006       0.067215       0.085944       0.084555
        0.99609      0.0019635      0.0020936      0.0019238      0.0021469      0.0020366        0.00204        0.10111       0.069313        0.09958       0.066796       0.085725        0.08409
          1.002      0.0019796      0.0021062      0.0019294      0.0021501      0.0020509      0.0020446        0.10084       0.069513       0.099097        0.06638       0.085664       0.083627
         1.0078      0.0019869      0.0021104       0.001935      0.0021533      0.0020566      0.0020491        0.10028       0.069193       0.098616       0.065968       0.085206       0.083167
         1.0137      0.0019928      0.0021135      0.0019405      0.0021565       0.002061      0.0020535       0.099688        0.06888       0.098136       0.065558       0.084738       0.082709
         1.0195      0.0019975      0.0021164       0.001946      0.0021596      0.0020647      0.0020579       0.099133       0.068578       0.097658       0.065151       0.084298       0.082253
         1.0254      0.0020018      0.0021185      0.0019515      0.0021627      0.0020679      0.0020623       0.098671       0.068261       0.097181       0.064747       0.083898       0.081799
         1.0313      0.0019993      0.0021151      0.0019569      0.0021657       0.002065      0.0020667       0.098038       0.067589       0.096705       0.064346       0.083244       0.081348
         1.0371      0.0020046      0.0021173      0.0019623      0.0021687      0.0020687       0.002071       0.097588       0.067342       0.096231       0.063948       0.082879       0.080899
          1.043        0.00201      0.0021203      0.0019677      0.0021717      0.0020728      0.0020752       0.097116       0.067166       0.095758       0.063553       0.082542       0.080452
         1.0488      0.0020145      0.0021236       0.001973      0.0021747      0.0020767      0.0020795       0.096627       0.066867       0.095287        0.06316       0.082141       0.080007
         1.0547       0.002018      0.0021243      0.0019782      0.0021776      0.0020788      0.0020837       0.096194       0.066545       0.094817        0.06277       0.081751       0.079565
         1.0605      0.0020217      0.0021243      0.0019835      0.0021805      0.0020806      0.0020878       0.095835       0.066434       0.094349       0.062383       0.081499       0.079125
         1.0664      0.0020257      0.0021263      0.0019887      0.0021834      0.0020835      0.0020919       0.095508       0.066391       0.093882       0.061999       0.081303       0.078687
         1.0723      0.0020301      0.0021286      0.0019938      0.0021862      0.0020868       0.002096       0.095219         0.0663       0.093416       0.061617       0.081103       0.078251
         1.0781      0.0020354      0.0021313      0.0019989       0.002189      0.0020907      0.0021001       0.094972       0.066285       0.092952       0.061238        0.08096       0.077817
          1.084      0.0020419       0.002136       0.002004      0.0021918      0.0020962      0.0021041       0.094675       0.066271       0.092489       0.060862       0.080794       0.077386
         1.0898      0.0020479      0.0021408       0.002009      0.0021946      0.0021015       0.002108       0.094289       0.066106       0.092028       0.060488       0.080511       0.076956
         1.0957      0.0020531      0.0021442       0.002014      0.0021973      0.0021058       0.002112       0.093936       0.065931       0.091568       0.060116       0.080238       0.076529
         1.1016      0.0020593      0.0021482       0.002019         0.0022      0.0021109      0.0021159       0.093613       0.065819       0.091109       0.059747       0.080011       0.076103
         1.1074      0.0020658      0.0021528      0.0020239      0.0022027      0.0021163      0.0021197         0.0932        0.06565       0.090652       0.059381        0.07971        0.07568
         1.1133      0.0020711      0.0021565      0.0020288      0.0022054      0.0021207      0.0021236       0.092791        0.06548       0.090196       0.059017       0.079412       0.075258
         1.1191      0.0020767      0.0021606      0.0020337       0.002208      0.0021255      0.0021274       0.092483       0.065386       0.089741       0.058655       0.079203       0.074839
          1.125      0.0020838      0.0021661      0.0020385      0.0022106      0.0021318      0.0021312       0.092128       0.065238       0.089288       0.058296       0.078944       0.074421
         1.1309      0.0020906      0.0021712      0.0020433      0.0022132      0.0021376      0.0021349       0.091649        0.06499       0.088836       0.057939       0.078572       0.074006
         1.1367      0.0020959      0.0021753       0.002048      0.0022158      0.0021422      0.0021386       0.091164       0.064726       0.088385       0.057584       0.078191       0.073592
         1.1426      0.0021006      0.0021785      0.0020528      0.0022183      0.0021461      0.0021423       0.090752       0.064501       0.087936       0.057232       0.077866       0.073181
         1.1484      0.0021059      0.0021817      0.0020574      0.0022209      0.0021503      0.0021459       0.090381       0.064355       0.087488       0.056882       0.077598       0.072771
         1.1543      0.0021119      0.0021861      0.0020621      0.0022234      0.0021554      0.0021495       0.089995       0.064247       0.087041       0.056534       0.077344       0.072363
         1.1602      0.0021179      0.0021913      0.0020667      0.0022258      0.0021609      0.0021531        0.08957       0.064077       0.086596       0.056188       0.077041       0.071957
          1.166      0.0021234      0.0021959      0.0020712      0.0022283      0.0021659      0.0021567       0.089135       0.063865       0.086152       0.055845       0.076713       0.071553
         1.1719      0.0021287      0.0022002      0.0020758      0.0022307      0.0021706      0.0021602       0.088729        0.06368       0.085709       0.055503       0.076412       0.071151
         1.1777      0.0021345      0.0022048      0.0020803      0.0022332      0.0021757      0.0021637       0.088366       0.063535       0.085268       0.055164       0.076152       0.070751
         1.1836      0.0021412      0.0022101      0.0020848      0.0022355      0.0021816      0.0021671       0.088003       0.063426       0.084827       0.054827       0.075909       0.070352
         1.1895      0.0021483      0.0022165      0.0020892      0.0022379      0.0021882      0.0021706       0.087569        0.06328       0.084389       0.054492       0.075615       0.069956
         1.1953      0.0021547      0.0022227      0.0020936      0.0022403      0.0021944       0.002174       0.087099       0.063053       0.083951       0.054159       0.075263       0.069561
         1.2012      0.0021685      0.0022353      0.0020979      0.0022426      0.0022074      0.0021773       0.086799       0.063245       0.083515       0.053828       0.075201       0.069168
          1.207      0.0021752      0.0022417      0.0021023      0.0022449      0.0022139      0.0021807       0.086305       0.063018       0.083079       0.053499       0.074837       0.068776
         1.2129      0.0021812      0.0022481      0.0021066      0.0022472        0.00222       0.002184       0.085769       0.062732       0.082646       0.053173       0.074425       0.068387
         1.2188      0.0021868       0.002254      0.0021108      0.0022495      0.0022256      0.0021873       0.085286        0.06245       0.082213       0.052848       0.074041       0.067999
         1.2246      0.0021932      0.0022604      0.0021151      0.0022518      0.0022319      0.0021905       0.084834       0.062204       0.081782       0.052525        0.07369       0.067613
         1.2305      0.0022003      0.0022678      0.0021193      0.0022541      0.0022391      0.0021938       0.084309       0.061901       0.081352       0.052203       0.073275       0.067228
         1.2363      0.0021995      0.0022679      0.0021234      0.0022563      0.0022387       0.002197       0.083501       0.061034       0.080923       0.051884        0.07244       0.066845
         1.2422      0.0022049      0.0022738      0.0021275      0.0022585      0.0022444      0.0022001       0.082919       0.060642       0.080495       0.051567       0.071952       0.066464
          1.248      0.0022109      0.0022804      0.0021316      0.0022607      0.0022505      0.0022033       0.082345       0.060256       0.080069       0.051251       0.071471       0.066085
         1.2539      0.0022163      0.0022869      0.0021357      0.0022629      0.0022564      0.0022064       0.081691       0.059762       0.079644       0.050938       0.070899       0.065707
         1.2598      0.0022206      0.0022918      0.0021397       0.002265      0.0022609      0.0022095       0.081056       0.059252        0.07922       0.050626       0.070326       0.065331
         1.2656       0.002225      0.0022965      0.0021437      0.0022672      0.0022654      0.0022126       0.080482       0.058817       0.078797       0.050316       0.069821       0.064956
         1.2715      0.0022297       0.002302      0.0021477      0.0022693      0.0022705      0.0022156       0.079911       0.058378       0.078376       0.050007       0.069317       0.064583
         1.2773      0.0022343      0.0023073      0.0021516      0.0022715      0.0022754      0.0022187       0.079342       0.057894       0.077955       0.049701        0.06879       0.064212
         1.2832       0.002239      0.0023122      0.0021556      0.0022736      0.0022802      0.0022217       0.078758       0.057383       0.077536       0.049396       0.068242       0.063842
         1.2891      0.0022435      0.0023164      0.0021594      0.0022757      0.0022845      0.0022246       0.078146       0.056851       0.077118       0.049092       0.067669       0.063474
         1.2949      0.0022476      0.0023203      0.0021633      0.0022777      0.0022885      0.0022276       0.077514       0.056314       0.076702       0.048791       0.067083       0.063107
         1.3008      0.0022512      0.0023237      0.0021671      0.0022798      0.0022919      0.0022305       0.076833       0.055745       0.076286       0.048491       0.066457       0.062742
         1.3066      0.0022532      0.0023258      0.0021709      0.0022818      0.0022939      0.0022334       0.076178       0.055183       0.075872       0.048193       0.065848       0.062378
         1.3125      0.0022551      0.0023276      0.0021746      0.0022839      0.0022957      0.0022363       0.075652       0.054728       0.075459       0.047896       0.065356       0.062016
         1.3184      0.0022585      0.0023305      0.0021783      0.0022859      0.0022989      0.0022391       0.075117       0.054272       0.075047       0.047601       0.064858       0.061656
         1.3242       0.002261      0.0023327       0.002182      0.0022879      0.0023012       0.002242       0.074498       0.053731       0.074636       0.047308       0.064277       0.061296
         1.3301      0.0022623      0.0023334      0.0021857      0.0022899      0.0023021      0.0022448        0.07395        0.05326       0.074227       0.047016       0.063765       0.060939
         1.3359      0.0022644      0.0023349      0.0021893      0.0022919      0.0023039      0.0022475       0.073466       0.052873       0.073818       0.046725       0.063328       0.060583
         1.3418      0.0022667       0.002337      0.0021929      0.0022939      0.0023061      0.0022503       0.072937       0.052423       0.073411       0.046436       0.062837       0.060228
         1.3477      0.0022684      0.0023379      0.0021965      0.0022958      0.0023074       0.002253       0.072405       0.051953       0.073005       0.046149       0.062333       0.059875
         1.3535        0.00227      0.0023385         0.0022      0.0022978      0.0023084      0.0022558       0.071884       0.051546         0.0726       0.045863       0.061866       0.059523
         1.3594      0.0022712      0.0023398      0.0022035      0.0022997      0.0023097      0.0022585       0.071342       0.051135       0.072197       0.045579       0.061389       0.059172
         1.3652      0.0022719       0.002341       0.002207      0.0023016      0.0023105      0.0022611       0.070814       0.050684       0.071794       0.045296         0.0609       0.058824
         1.3711      0.0022721      0.0023411      0.0022104      0.0023035      0.0023107      0.0022638       0.070329       0.050237       0.071393       0.045014       0.060433       0.058476
          1.377      0.0022718      0.0023403      0.0022139      0.0023054      0.0023101      0.0022664       0.069925       0.049857       0.070992       0.044734        0.06004        0.05813
         1.3828      0.0022721      0.0023397      0.0022172      0.0023073        0.00231       0.002269       0.069603       0.049558       0.070593       0.044455       0.059727       0.057785
         1.3887      0.0022732      0.0023397      0.0022206      0.0023092      0.0023105      0.0022716       0.069266       0.049271       0.070195       0.044178       0.059413       0.057441
         1.3945       0.002274      0.0023396      0.0022239      0.0023111      0.0023109      0.0022742       0.068928       0.049002       0.069798       0.043902       0.059107       0.057099
         1.4004      0.0022803      0.0023443      0.0022272      0.0023129      0.0023163      0.0022767       0.068906       0.049218       0.069403       0.043627       0.059199       0.056759
         1.4063      0.0022824      0.0023459      0.0022305      0.0023148      0.0023181      0.0022793       0.068524       0.048891       0.069008       0.043354       0.058843       0.056419
         1.4121      0.0022836      0.0023465      0.0022338      0.0023166       0.002319      0.0022818        0.06813       0.048529       0.068615       0.043081       0.058462       0.056081
          1.418      0.0022846      0.0023464       0.002237      0.0023184      0.0023195      0.0022842       0.067779       0.048225       0.068222       0.042811       0.058132       0.055744
         1.4238      0.0022859      0.0023468      0.0022402      0.0023202      0.0023203      0.0022867        0.06744       0.047953       0.067831       0.042541       0.057825       0.055409
         1.4297      0.0022871      0.0023473      0.0022433       0.002322      0.0023211      0.0022892       0.067142       0.047683       0.067441       0.042273        0.05754       0.055074
         1.4355      0.0022893       0.002348      0.0022465      0.0023238      0.0023226      0.0022916       0.066873        0.04744       0.067052       0.042006        0.05728       0.054742
         1.4414      0.0022874      0.0023462      0.0022496      0.0023256      0.0023208       0.002294       0.066178       0.046681       0.066664        0.04174       0.056553        0.05441
         1.4473      0.0022897      0.0023471      0.0022527      0.0023274      0.0023224      0.0022964       0.065888       0.046444       0.066278       0.041476       0.056287       0.054079
         1.4531      0.0022935      0.0023492      0.0022557      0.0023292      0.0023253      0.0022988       0.065541       0.046182       0.065892       0.041212       0.055978        0.05375
          1.459      0.0022969      0.0023513      0.0022587      0.0023309       0.002328      0.0023011       0.065015         0.0458       0.065508        0.04095        0.05552       0.053422
         1.4648      0.0022978      0.0023518      0.0022617      0.0023327      0.0023286      0.0023034       0.064448       0.045386       0.065124       0.040689       0.055028       0.053096
         1.4707      0.0022977      0.0023517      0.0022647      0.0023344      0.0023285      0.0023058       0.064014       0.045051       0.064742        0.04043       0.054642        0.05277
         1.4766      0.0022988      0.0023524      0.0022677      0.0023361      0.0023294      0.0023081       0.063619       0.044732       0.064361       0.040171       0.054285       0.052446
         1.4824      0.0022999      0.0023531      0.0022706      0.0023379      0.0023303      0.0023103       0.063158       0.044352       0.063981       0.039913       0.053862       0.052123
         1.4883      0.0022999      0.0023525      0.0022735      0.0023396      0.0023299      0.0023126       0.062703       0.043976       0.063601       0.039657       0.053445       0.051801
         1.4941      0.0022996      0.0023514      0.0022763      0.0023413      0.0023292      0.0023148         0.0623       0.043665       0.063224       0.039402       0.053086       0.051481
            1.5      0.0022994      0.0023506      0.0022792       0.002343      0.0023287      0.0023171        0.06191       0.043392       0.062847       0.039148       0.052753       0.051161
         1.5059      0.0022991      0.0023501       0.002282      0.0023447      0.0023282      0.0023193       0.061555       0.043137       0.062471       0.038894       0.052447       0.050843
         1.5117      0.0022993      0.0023499      0.0022848      0.0023464      0.0023282      0.0023215       0.061204       0.042887       0.062096       0.038642       0.052145       0.050526
         1.5176      0.0022993      0.0023497      0.0022876       0.002348       0.002328      0.0023236       0.060798       0.042612       0.061723       0.038391       0.051803        0.05021
         1.5234       0.002298      0.0023488      0.0022903      0.0023497      0.0023269      0.0023258       0.060428       0.042351        0.06135       0.038141       0.051489       0.049895
         1.5293       0.002297       0.002348       0.002293      0.0023514      0.0023259      0.0023279       0.060153       0.042149       0.060979       0.037892        0.05125       0.049581
         1.5352      0.0022967      0.0023477      0.0022957       0.002353      0.0023256      0.0023301       0.059855       0.041951       0.060609       0.037644       0.051001       0.049268
          1.541      0.0022955      0.0023471      0.0022984      0.0023547      0.0023247      0.0023322        0.05955       0.041748       0.060239       0.037398       0.050748       0.048957
         1.5469      0.0022943      0.0023464       0.002301      0.0023563      0.0023237      0.0023343       0.059388       0.041626       0.059871       0.037152       0.050607       0.048647
         1.5527      0.0022955      0.0023474      0.0023036       0.002358      0.0023247      0.0023363       0.059268       0.041546       0.059504       0.036907       0.050506       0.048337
         1.5586      0.0022975      0.0023493      0.0023062      0.0023596      0.0023267      0.0023384        0.05899       0.041365       0.059138       0.036663       0.050276       0.048029
         1.5645      0.0022977      0.0023499      0.0023087      0.0023612       0.002327      0.0023405       0.058649       0.041109       0.058773        0.03642       0.049978       0.047722
         1.5703      0.0022971      0.0023494      0.0023113      0.0023628      0.0023264      0.0023425       0.058423       0.040947       0.058409       0.036177       0.049784       0.047416
         1.5762      0.0022978      0.0023503      0.0023138      0.0023644      0.0023272      0.0023445       0.058275       0.040885       0.058046       0.035936       0.049679       0.047111
          1.582      0.0022996      0.0023527      0.0023163       0.002366      0.0023293      0.0023465       0.058082       0.040769       0.057685       0.035696       0.049524       0.046807
         1.5879      0.0023011      0.0023546      0.0023188      0.0023676       0.002331      0.0023485       0.057839       0.040588       0.057324       0.035457       0.049313       0.046504
         1.5938      0.0023022      0.0023562      0.0023212      0.0023692      0.0023323      0.0023504       0.057624       0.040447       0.056964       0.035218       0.049135       0.046203
         1.5996      0.0023038      0.0023588      0.0023236      0.0023708      0.0023344      0.0023524       0.057444       0.040313       0.056606        0.03498        0.04898       0.045902
         1.6055      0.0023102      0.0023649       0.002326      0.0023724      0.0023405      0.0023543       0.057515       0.040515       0.056248       0.034744       0.049114       0.045602
         1.6113      0.0023119      0.0023667      0.0023284       0.002374      0.0023423      0.0023563       0.057274       0.040315       0.055892       0.034508       0.048894       0.045304
         1.6172      0.0023139      0.0023687      0.0023307      0.0023755      0.0023443      0.0023582        0.05704       0.040121       0.055536       0.034273       0.048679       0.045006
          1.623       0.002316      0.0023708       0.002333      0.0023771      0.0023464      0.0023601       0.056786       0.039929       0.055182       0.034039       0.048456       0.044709
         1.6289      0.0023181      0.0023732      0.0023353      0.0023786      0.0023486      0.0023619       0.056535       0.039733       0.054829       0.033805       0.048233       0.044414
         1.6348      0.0023203      0.0023757      0.0023376      0.0023802       0.002351      0.0023638       0.056276       0.039513       0.054476       0.033573       0.047994       0.044119
         1.6406      0.0023223      0.0023779      0.0023399      0.0023817       0.002353      0.0023657       0.055995       0.039277       0.054125       0.033341       0.047735       0.043825
         1.6465      0.0023237      0.0023797      0.0023421      0.0023833      0.0023546      0.0023675       0.055768       0.039073       0.053775        0.03311        0.04752       0.043533
         1.6523      0.0023227       0.002379      0.0023443      0.0023848      0.0023538      0.0023693       0.055219       0.038404       0.053426        0.03288       0.046912       0.043241
         1.6582      0.0023257      0.0023814      0.0023465      0.0023863      0.0023565      0.0023711       0.055011        0.03825       0.053078        0.03265        0.04673        0.04295
         1.6641       0.002329      0.0023849      0.0023487      0.0023879      0.0023599      0.0023729        0.05474       0.038065       0.052731       0.032422       0.046501        0.04266
         1.6699      0.0023316       0.002388      0.0023508      0.0023894      0.0023627      0.0023747       0.054446         0.0378       0.052385       0.032194       0.046223       0.042372
         1.6758      0.0023341      0.0023901      0.0023529      0.0023909       0.002365      0.0023765        0.05418       0.037553        0.05204       0.031967       0.045965       0.042084
         1.6816       0.002337      0.0023926       0.002355      0.0023924      0.0023677      0.0023782       0.053926       0.037357       0.051696        0.03174       0.045739       0.041797
         1.6875      0.0023402      0.0023957      0.0023571      0.0023939      0.0023708        0.00238       0.053633       0.037129       0.051353       0.031515       0.045478       0.041511
         1.6934      0.0023428      0.0023982      0.0023592      0.0023954      0.0023733      0.0023817       0.053311       0.036883       0.051011        0.03129       0.045193       0.041226
         1.6992      0.0023448      0.0024005      0.0023612      0.0023969      0.0023755      0.0023834       0.053048       0.036696        0.05067       0.031066       0.044968       0.040942
         1.7051      0.0023478      0.0024038      0.0023632      0.0023984      0.0023786      0.0023851       0.052843       0.036536       0.050331       0.030842       0.044785       0.040659
         1.7109      0.0023519      0.0024078      0.0023652      0.0023999      0.0023826      0.0023868       0.052582       0.036326       0.049992       0.030619        0.04455       0.040376
         1.7168      0.0023555      0.0024116      0.0023672      0.0024014      0.0023863      0.0023885       0.052265       0.036077       0.049654       0.030397       0.044266       0.040095
         1.7227      0.0023589      0.0024151      0.0023691      0.0024029      0.0023897      0.0023902       0.051975        0.03584       0.049318       0.030176       0.044002       0.039814
         1.7285      0.0023628       0.002419       0.002371      0.0024043      0.0023937      0.0023918       0.051679       0.035608       0.048982       0.029955       0.043738       0.039535
         1.7344      0.0023667      0.0024233      0.0023729      0.0024058      0.0023977      0.0023935       0.051345        0.03535       0.048648       0.029735       0.043442       0.039256
         1.7402      0.0023704      0.0024275      0.0023748      0.0024073      0.0024016      0.0023951       0.051026       0.035076       0.048314       0.029515       0.043146       0.038978
         1.7461      0.0023747       0.002432      0.0023767      0.0024087       0.002406      0.0023967       0.050693       0.034787       0.047982       0.029296       0.042835       0.038702
          1.752       0.002379      0.0024365      0.0023785      0.0024102      0.0024104      0.0023983       0.050285       0.034447        0.04765       0.029078       0.042461       0.038426
         1.7578      0.0023821      0.0024405      0.0023803      0.0024117      0.0024139      0.0023999       0.049878       0.034079        0.04732        0.02886       0.042074        0.03815
         1.7637      0.0023855      0.0024441      0.0023821      0.0024131      0.0024174      0.0024015       0.049527       0.033733        0.04699       0.028643       0.041726       0.037876
         1.7695      0.0023896      0.0024479      0.0023839      0.0024145      0.0024213      0.0024031       0.049156       0.033397       0.046662       0.028427       0.041371       0.037603
         1.7754      0.0023935      0.0024518      0.0023857       0.002416      0.0024253      0.0024046       0.048733       0.033045       0.046335       0.028211       0.040984        0.03733
         1.7813       0.002397      0.0024559      0.0023874      0.0024174       0.002429      0.0024062       0.048308       0.032667       0.046009       0.027996       0.040582       0.037059
         1.7871      0.0024005      0.0024597      0.0023891      0.0024189      0.0024327      0.0024077       0.047895        0.03226       0.045683       0.027781       0.040173       0.036788
          1.793      0.0024044       0.002463      0.0023908      0.0024203      0.0024363      0.0024092       0.047466       0.031857       0.045359       0.027567       0.039756       0.036518
         1.7988      0.0024082      0.0024664      0.0023925      0.0024217      0.0024399      0.0024108       0.046986       0.031465       0.045036       0.027354       0.039318       0.036249
         1.8047      0.0024145      0.0024729      0.0023942      0.0024232      0.0024462      0.0024123       0.046678       0.031371       0.044714       0.027141       0.039116        0.03598
         1.8105       0.002417      0.0024757      0.0023958      0.0024246      0.0024488      0.0024138       0.046191       0.030941       0.044393       0.026928       0.038657       0.035713
         1.8164      0.0024196      0.0024787      0.0023975       0.002426      0.0024516      0.0024152       0.045719       0.030516       0.044073       0.026717       0.038209       0.035446
         1.8223       0.002422      0.0024816      0.0023991      0.0024274      0.0024542      0.0024167       0.045226       0.030063       0.043754       0.026505       0.037737        0.03518
         1.8281       0.002424      0.0024838      0.0024007      0.0024288      0.0024563      0.0024182       0.044736       0.029612       0.043436       0.026295       0.037266       0.034915
          1.834      0.0024261       0.002486      0.0024022      0.0024302      0.0024584      0.0024196        0.04427       0.029191       0.043119       0.026084       0.036823       0.034651
         1.8398      0.0024284      0.0024885      0.0024038      0.0024317      0.0024608      0.0024211       0.043782       0.028759       0.042803       0.025875       0.036362       0.034388
         1.8457      0.0024302      0.0024907      0.0024053      0.0024331      0.0024628      0.0024225        0.04327       0.028305       0.042488       0.025665        0.03588       0.034125
         1.8516      0.0024315      0.0024926      0.0024068      0.0024345      0.0024644      0.0024239       0.042792       0.027877       0.042174       0.025457       0.035427       0.033863
         1.8574      0.0024299      0.0024919      0.0024083      0.0024359      0.0024633      0.0024253       0.042089       0.027082       0.041861       0.025249        0.03468       0.033602
         1.8633      0.0024316      0.0024941      0.0024098      0.0024373      0.0024652      0.0024267        0.04163       0.026676       0.041549       0.025041       0.034248       0.033342
         1.8691      0.0024334      0.0024965      0.0024113      0.0024386      0.0024673      0.0024281       0.041138       0.026229       0.041239       0.024834       0.033779       0.033082
          1.875      0.0024348      0.0024985      0.0024127        0.00244      0.0024689      0.0024295       0.040638       0.025774       0.040929       0.024627       0.033302       0.032824
         1.8809      0.0024361      0.0025007      0.0024141      0.0024414      0.0024707      0.0024308       0.040154       0.025326        0.04062       0.024421       0.032837       0.032566
         1.8867      0.0024376      0.0025028      0.0024155      0.0024428      0.0024724      0.0024322       0.039649       0.024844       0.040312       0.024215       0.032344       0.032309
         1.8926      0.0024385      0.0025042      0.0024169      0.0024442      0.0024736      0.0024336       0.039125       0.024352       0.040006       0.024009       0.031837       0.032052
         1.8984      0.0024389      0.0025055      0.0024183      0.0024456      0.0024744      0.0024349       0.038633       0.023887         0.0397       0.023804        0.03136       0.031797
         1.9043      0.0024395       0.002507      0.0024196      0.0024469      0.0024755      0.0024362       0.038166       0.023418       0.039396         0.0236       0.030893       0.031542
         1.9102      0.0024405      0.0025084       0.002421      0.0024483      0.0024766      0.0024375       0.037681       0.022926       0.039092       0.023396       0.030405       0.031288
          1.916      0.0024411      0.0025093      0.0024223      0.0024497      0.0024774      0.0024388       0.037179       0.022435        0.03879       0.023192       0.029909       0.031035
         1.9219      0.0024416      0.0025102      0.0024236      0.0024511       0.002478      0.0024402        0.03668       0.021955       0.038488       0.022989        0.02942       0.030782
         1.9277      0.0024419      0.0025111      0.0024249      0.0024524      0.0024787      0.0024414       0.036184       0.021466       0.038188       0.022787       0.028928       0.030531
         1.9336      0.0024422      0.0025118      0.0024262      0.0024538      0.0024791      0.0024427       0.035681       0.020961       0.037888       0.022584       0.028425        0.03028
         1.9395      0.0024422      0.0025121      0.0024274      0.0024552      0.0024793       0.002444       0.035176       0.020454        0.03759       0.022382       0.027919       0.030029
         1.9453      0.0024419      0.0025122      0.0024287      0.0024565      0.0024792      0.0024453       0.034675       0.019953       0.037293       0.022181       0.027418        0.02978
         1.9512      0.0024416      0.0025121      0.0024299      0.0024579       0.002479      0.0024465       0.034179       0.019446       0.036996        0.02198       0.026917       0.029531
          1.957      0.0024412      0.0025116      0.0024311      0.0024592      0.0024785      0.0024478       0.033682       0.018941       0.036701       0.021779       0.026416       0.029283
         1.9629      0.0024405      0.0025109      0.0024323      0.0024606      0.0024779       0.002449       0.033184       0.018448       0.036407       0.021579       0.025921       0.029036
         1.9688      0.0024396      0.0025102      0.0024335      0.0024619       0.002477      0.0024502       0.032694       0.017958       0.036114       0.021379       0.025431       0.028789
         1.9746      0.0024385      0.0025091      0.0024346      0.0024633       0.002476      0.0024515       0.032211       0.017467       0.035822       0.021179       0.024944       0.028543
         1.9805      0.0024374      0.0025077      0.0024358      0.0024646      0.0024747      0.0024527       0.031734        0.01699       0.035531        0.02098       0.024467       0.028298
         1.9863      0.0024362      0.0025063      0.0024369       0.002466      0.0024734      0.0024539       0.031265       0.016524       0.035241       0.020781       0.023999       0.028054
         1.9922      0.0024349      0.0025047       0.002438      0.0024673      0.0024719      0.0024551       0.030788       0.016057       0.034952       0.020583       0.023527        0.02781
          1.998      0.0024331      0.0025027      0.0024391      0.0024687      0.0024701      0.0024563       0.030319       0.015603       0.034664       0.020384       0.023065       0.027567
         2.0039      0.0024318      0.0025003      0.0024402        0.00247      0.0024681      0.0024574       0.030113       0.015519       0.034377       0.020187       0.022917       0.027325
         2.0098      0.0024302      0.0024985      0.0024413      0.0024713      0.0024664      0.0024586       0.029651       0.015074       0.034091       0.019989       0.022463       0.027083
         2.0156      0.0024279      0.0024959      0.0024423      0.0024727       0.002464      0.0024598       0.029185        0.01462       0.033806       0.019792       0.022003       0.026842
         2.0215      0.0024254      0.0024931      0.0024434       0.002474      0.0024613      0.0024609       0.028758       0.014209       0.033522       0.019595       0.021584       0.026602
         2.0273      0.0024231      0.0024903      0.0024444      0.0024753      0.0024588      0.0024621       0.028339       0.013809        0.03324       0.019399       0.021174       0.026363
         2.0332      0.0024204      0.0024872      0.0024454      0.0024767      0.0024559      0.0024632       0.027923        0.01341       0.032958       0.019203       0.020765       0.026124
         2.0391      0.0024177      0.0024838      0.0024464       0.002478      0.0024528      0.0024644       0.027541       0.013059       0.032677       0.019007       0.020398       0.025886
         2.0449      0.0024152      0.0024809      0.0024474      0.0024793      0.0024501      0.0024655       0.027165       0.012733       0.032398       0.018812       0.020046       0.025649
         2.0508      0.0024126       0.002478      0.0024484      0.0024806      0.0024474      0.0024666       0.026779        0.01239       0.032119       0.018617       0.019681       0.025412
         2.0566      0.0024097      0.0024748      0.0024493       0.002482      0.0024443      0.0024677       0.026413        0.01206       0.031841       0.018422       0.019332       0.025176
         2.0625      0.0024071      0.0024727      0.0024503      0.0024833      0.0024419      0.0024688       0.025818         0.0114       0.031565       0.018227       0.018706       0.024941
         2.0684      0.0024043      0.0024697      0.0024512      0.0024846       0.002439      0.0024699       0.025469       0.011104       0.031289       0.018033       0.018383       0.024706
         2.0742      0.0024015      0.0024667      0.0024521      0.0024859      0.0024361       0.002471       0.025138        0.01082       0.031015       0.017839       0.018075       0.024472
         2.0801      0.0023988      0.0024638      0.0024531      0.0024872      0.0024333      0.0024721       0.024822       0.010545       0.030742       0.017645       0.017779       0.024239
         2.0859      0.0023962       0.002461      0.0024539      0.0024886      0.0024306      0.0024732       0.024507       0.010275       0.030469       0.017452       0.017486       0.024006
         2.0918      0.0023935      0.0024581      0.0024548      0.0024899      0.0024278      0.0024743       0.024203       0.010016       0.030198       0.017259       0.017204       0.023774
         2.0977      0.0023909      0.0024553      0.0024557      0.0024912      0.0024251      0.0024753       0.023909      0.0097689       0.029928       0.017066       0.016933       0.023543
         2.1035      0.0023884      0.0024525      0.0024566      0.0024925      0.0024224      0.0024764       0.023607      0.0095247       0.029659       0.016874       0.016659       0.023313
         2.1094      0.0023856      0.0024496      0.0024574      0.0024938      0.0024195      0.0024774       0.023313      0.0092861       0.029391       0.016681       0.016392       0.023083
         2.1152      0.0023829      0.0024467      0.0024582      0.0024951      0.0024167      0.0024785       0.023047      0.0090695       0.029123       0.016489       0.016151       0.022853
         2.1211      0.0023803       0.002444      0.0024591      0.0024964      0.0024141      0.0024795       0.022783      0.0088631       0.028857       0.016298       0.015915       0.022625
          2.127      0.0023776      0.0024412      0.0024599      0.0024977      0.0024113      0.0024806       0.022523      0.0086595       0.028592       0.016106       0.015683       0.022397
         2.1328      0.0023749      0.0024384      0.0024607       0.002499      0.0024085      0.0024816       0.022299      0.0084864       0.028328       0.015915       0.015484        0.02217
         2.1387      0.0023728       0.002436      0.0024615      0.0025003      0.0024062      0.0024826       0.022081      0.0083358       0.028065       0.015724       0.015299       0.021943
         2.1445      0.0023707      0.0024339      0.0024623      0.0025016      0.0024041      0.0024836       0.021836       0.008172       0.027804       0.015533       0.015094       0.021717
         2.1504      0.0023684      0.0024317       0.002463      0.0025029      0.0024018      0.0024846       0.021609      0.0080128       0.027543       0.015343       0.014901       0.021492
         2.1563      0.0023665      0.0024298      0.0024638      0.0025042      0.0023999      0.0024856       0.021401      0.0078722       0.027283       0.015152       0.014726       0.021267
         2.1621      0.0023647      0.0024281      0.0024645      0.0025055      0.0023981      0.0024866       0.021168      0.0077212       0.027024       0.014962       0.014533       0.021043
          2.168      0.0023625      0.0024262      0.0024653      0.0025068       0.002396      0.0024876        0.02094      0.0075709       0.026766       0.014773       0.014344        0.02082
         2.1738      0.0023605      0.0024245       0.002466      0.0025081      0.0023942      0.0024886       0.020745      0.0074473        0.02651       0.014583       0.014185       0.020597
         2.1797      0.0023589      0.0024233      0.0024667      0.0025094      0.0023928      0.0024896       0.020545      0.0073211       0.026254       0.014394       0.014022       0.020375
         2.1855      0.0023573      0.0024221      0.0024674      0.0025107      0.0023913      0.0024906       0.020329       0.007175          0.026       0.014204       0.013841       0.020153
         2.1914      0.0023557      0.0024208      0.0024681       0.002512      0.0023898      0.0024916       0.020119      0.0070356       0.025746       0.014015       0.013666       0.019932
         2.1973      0.0023541      0.0024195      0.0024688      0.0025133      0.0023884      0.0024925       0.019912      0.0069112       0.025493       0.013827       0.013501       0.019712
         2.2031      0.0023526      0.0024185      0.0024695      0.0025146       0.002387      0.0024935       0.020061      0.0072683       0.025242       0.013638       0.013753       0.019493
          2.209       0.002351      0.0024176      0.0024702      0.0025159      0.0023858      0.0024945       0.019863      0.0071511       0.024991        0.01345       0.013596       0.019274
         2.2148      0.0023497      0.0024171      0.0024708      0.0025172      0.0023848      0.0024954        0.01966      0.0070305       0.024742       0.013262       0.013435       0.019055
         2.2207      0.0023483      0.0024165      0.0024715      0.0025185      0.0023838      0.0024964        0.01945      0.0069007       0.024494       0.013074       0.013265       0.018837
         2.2266      0.0023467      0.0024159      0.0024721      0.0025198      0.0023826      0.0024973       0.019257      0.0067768       0.024246       0.012886       0.013107        0.01862
         2.2324      0.0023454      0.0024155      0.0024727      0.0025211      0.0023818      0.0024982       0.019073      0.0066612          0.024       0.012698       0.012958       0.018404
         2.2383      0.0023442      0.0024152      0.0024734      0.0025223       0.002381      0.0024992       0.018879      0.0065462       0.023754       0.012511       0.012805       0.018188
         2.2441       0.002343      0.0024151       0.002474      0.0025236      0.0023803      0.0025001        0.01869      0.0064327        0.02351       0.012324       0.012654       0.017973
           2.25      0.0023419      0.0024152      0.0024746      0.0025249      0.0023798       0.002501       0.018509      0.0063204       0.023267       0.012137       0.012509       0.017758
         2.2559      0.0023411      0.0024156      0.0024752      0.0025262      0.0023795       0.002502       0.018313      0.0061952       0.023025        0.01195       0.012349       0.017544
         2.2617        0.00234      0.0024159      0.0024758      0.0025275      0.0023791      0.0025029       0.018107       0.006053       0.022783       0.011763       0.012176        0.01733
         2.2676      0.0023391      0.0024164      0.0024764      0.0025288      0.0023789      0.0025038       0.017554      0.0054403       0.022543       0.011577       0.011596       0.017117
         2.2734      0.0023379      0.0024166       0.002477      0.0025301      0.0023783      0.0025047       0.017361      0.0052998       0.022304        0.01139        0.01143       0.016905
         2.2793      0.0023369      0.0024168      0.0024775      0.0025313      0.0023779      0.0025056       0.017176      0.0051747       0.022066       0.011204       0.011276       0.016693
         2.2852      0.0023359      0.0024174      0.0024781      0.0025326      0.0023776      0.0025065       0.016988      0.0050468       0.021829       0.011018        0.01112       0.016482
          2.291      0.0023349       0.002418      0.0024787      0.0025339      0.0023774      0.0025074       0.016804      0.0049105       0.021592       0.010832       0.010961       0.016271
         2.2969       0.002334      0.0024187      0.0024792      0.0025352      0.0023772      0.0025083       0.016623      0.0047695       0.021357       0.010646       0.010802       0.016061
         2.3027      0.0023331      0.0024194      0.0024798      0.0025365      0.0023771      0.0025092       0.016433      0.0046169       0.021123        0.01046       0.010632       0.015852
         2.3086      0.0023321      0.0024199      0.0024803      0.0025378      0.0023768      0.0025101       0.016239      0.0044645        0.02089       0.010275       0.010461       0.015643
         2.3145      0.0023309      0.0024204      0.0024809       0.002539      0.0023764       0.002511       0.016068      0.0043305       0.020658        0.01009        0.01031       0.015435
         2.3203      0.0023301      0.0024213      0.0024814      0.0025403      0.0023764      0.0025119       0.015907       0.004196       0.020427      0.0099043       0.010164       0.015227
         2.3262      0.0023293      0.0024222      0.0024819      0.0025416      0.0023765      0.0025128       0.015731       0.004044       0.020196      0.0097191       0.010002        0.01502
          2.332      0.0023284      0.0024229      0.0024824      0.0025429      0.0023763      0.0025136       0.015551      0.0038923       0.019967      0.0095341      0.0098376       0.014813
         2.3379      0.0023275      0.0024237      0.0024829      0.0025442      0.0023762      0.0025145        0.01538      0.0037485       0.019739      0.0093492       0.009682       0.014607
         2.3438      0.0023265      0.0024245      0.0024835      0.0025455      0.0023761      0.0025154       0.015213      0.0036029       0.019512      0.0091644      0.0095277       0.014402
         2.3496      0.0023255      0.0024253       0.002484      0.0025467      0.0023759      0.0025163       0.015052      0.0034591       0.019285      0.0089797      0.0093776       0.014197
         2.3555      0.0023245      0.0024263      0.0024845       0.002548      0.0023759      0.0025171       0.014899      0.0033178        0.01906      0.0087952      0.0092326       0.013993
         2.3613      0.0023236      0.0024272       0.002485      0.0025493      0.0023758       0.002518       0.014744      0.0031705       0.018836      0.0086107      0.0090835       0.013789
         2.3672      0.0023225       0.002428      0.0024855      0.0025506      0.0023756      0.0025189       0.014595      0.0030262       0.018613      0.0084263      0.0089389       0.013585
          2.373      0.0023214      0.0024288      0.0024859      0.0025519      0.0023755      0.0025198       0.014467      0.0028944        0.01839      0.0082421      0.0088115       0.013383
         2.3789      0.0023205      0.0024299      0.0024864      0.0025532      0.0023755      0.0025206       0.014347      0.0027613       0.018169      0.0080579      0.0086874        0.01318
         2.3848      0.0023197      0.0024309      0.0024869      0.0025544      0.0023756      0.0025215       0.014218        0.00262       0.017948      0.0078738      0.0085545       0.012979
         2.3906      0.0023187      0.0024318      0.0024874      0.0025557      0.0023755      0.0025223        0.01409      0.0024839       0.017729      0.0076898      0.0084251       0.012777
         2.3965      0.0023176      0.0024327      0.0024879       0.002557      0.0023753      0.0025232       0.013983      0.0023572        0.01751      0.0075059       0.008311       0.012577
         2.4023      0.0023165      0.0024338      0.0024883      0.0025583      0.0023753      0.0025241       0.014331      0.0026971       0.017293      0.0073221      0.0086578       0.012376
         2.4082      0.0023157      0.0024348      0.0024888      0.0025596      0.0023753      0.0025249       0.014253      0.0025904       0.017076      0.0071383      0.0085679       0.012177
         2.4141       0.002315      0.0024359      0.0024893      0.0025609      0.0023755      0.0025258       0.014187      0.0024878        0.01686      0.0069546      0.0084862       0.011978
         2.4199      0.0023144      0.0024372      0.0024897      0.0025621      0.0023758      0.0025266       0.014127       0.002383       0.016645       0.006771      0.0084069       0.011779
         2.4258      0.0023139      0.0024384      0.0024902      0.0025634      0.0023762      0.0025275       0.014073      0.0022782       0.016431      0.0065874      0.0083305       0.011581
         2.4316      0.0023135      0.0024397      0.0024906      0.0025647      0.0023765      0.0025283       0.014033      0.0021838       0.016219      0.0064039       0.008266       0.011383
         2.4375      0.0023133      0.0024412      0.0024911       0.002566      0.0023772      0.0025292       0.014004      0.0021018       0.016006      0.0062204      0.0082131       0.011186
         2.4434      0.0023133      0.0024429      0.0024915      0.0025673       0.002378        0.00253       0.013975      0.0020158       0.015795       0.006037      0.0081587       0.010989
         2.4492      0.0023134      0.0024447       0.002492      0.0025686      0.0023789      0.0025309       0.013945      0.0019172       0.015585      0.0058537      0.0080973       0.010793
         2.4551      0.0023135      0.0024464      0.0024924      0.0025698      0.0023798      0.0025317       0.013921       0.001822       0.015376      0.0056704      0.0080404       0.010597
         2.4609      0.0023138      0.0024482      0.0024929      0.0025711      0.0023808      0.0025326       0.013909      0.0017381       0.015167      0.0054871      0.0079954       0.010402
         2.4668      0.0023143      0.0024502      0.0024933      0.0025724       0.002382      0.0025334       0.013905      0.0016557        0.01496      0.0053039      0.0079552       0.010207
         2.4727      0.0023152      0.0024523      0.0024938      0.0025737      0.0023835      0.0025343        0.01341      0.0010685       0.014753      0.0051207      0.0074169       0.010013
         2.4785      0.0023159      0.0024545      0.0024942       0.002575       0.002385      0.0025351       0.013409     0.00098676       0.014547      0.0049375      0.0073786      0.0098189
         2.4844       0.002317      0.0024568      0.0024947      0.0025763      0.0023867       0.002536       0.013411     0.00090431       0.014342      0.0047544       0.007341      0.0096254
         2.4902      0.0023183      0.0024594      0.0024951      0.0025776      0.0023886      0.0025368       0.013404     0.00081392       0.014138      0.0045712      0.0072947      0.0094324
         2.4961      0.0023197      0.0024619      0.0024955      0.0025789      0.0023906      0.0025377       0.013388     0.00071845       0.013935      0.0043881      0.0072416      0.0092398
          2.502      0.0023212      0.0024646       0.002496      0.0025802      0.0023927      0.0025385       0.013376     0.00062353       0.013732       0.004205       0.007191      0.0090477
         2.5078       0.002323      0.0024675      0.0024964      0.0025815      0.0023951      0.0025394       0.013361      0.0005209       0.013531      0.0040219      0.0071349      0.0088559
         2.5137       0.002325      0.0024705      0.0024969      0.0025828      0.0023975      0.0025402       0.013331     0.00040573        0.01333      0.0038389      0.0070647      0.0086647
         2.5195       0.002327      0.0024735      0.0024973       0.002584         0.0024      0.0025411       0.013292      0.0002857        0.01313      0.0036558      0.0069876      0.0084738
         2.5254      0.0023291      0.0024766      0.0024978      0.0025853      0.0024026      0.0025419       0.013251     0.00016016       0.012931      0.0034727      0.0069066      0.0082833
         2.5313      0.0023313      0.0024797      0.0024982      0.0025866      0.0024053      0.0025428       0.013206     2.2864e-05       0.012733      0.0032896      0.0068179      0.0080933
         2.5371      0.0023338      0.0024829      0.0024986      0.0025879      0.0024081      0.0025436       0.013149    -0.00012319       0.012535      0.0031065      0.0067185      0.0079036
          2.543      0.0023363      0.0024861      0.0024991      0.0025892       0.002411      0.0025445       0.013072    -0.00027686       0.012338      0.0029234      0.0066051      0.0077143
         2.5488      0.0023387      0.0024894      0.0024995      0.0025905      0.0024138      0.0025453       0.012984    -0.00044353       0.012142      0.0027403        0.00648      0.0075254
         2.5547      0.0023411      0.0024926         0.0025      0.0025918      0.0024167      0.0025462       0.012892    -0.00062338       0.011947      0.0025571      0.0063464       0.007337
         2.5605      0.0023436      0.0024958      0.0025004      0.0025931      0.0024195       0.002547       0.012788      -0.000814       0.011753       0.002374      0.0062013      0.0071488
         2.5664      0.0023459      0.0024988      0.0025009      0.0025944      0.0024222      0.0025479       0.012674     -0.0010155       0.011559      0.0021907      0.0060455      0.0069611
         2.5723      0.0023483      0.0025018      0.0025013      0.0025957      0.0024249      0.0025488       0.012556     -0.0012257       0.011367      0.0020075      0.0058833      0.0067737
         2.5781      0.0023505      0.0025046      0.0025018      0.0025971      0.0024274      0.0025496       0.012429     -0.0014426       0.011174      0.0018242      0.0057135      0.0065867
          2.584      0.0023527      0.0025073      0.0025022      0.0025984      0.0024299      0.0025505       0.012298     -0.0016673       0.010983      0.0016409      0.0055374         0.0064
         2.5898      0.0023549      0.0025098      0.0025027      0.0025997      0.0024322      0.0025514       0.012164     -0.0018966       0.010792      0.0014575      0.0053577      0.0062137
         2.5957       0.002357      0.0025122      0.0025032       0.002601      0.0024345      0.0025522       0.012021      -0.002126       0.010602      0.0012741      0.0051728      0.0060277
         2.6016      0.0023595       0.002514      0.0025036      0.0026023      0.0024367      0.0025531       0.012265     -0.0019727       0.010413      0.0010906       0.005372       0.005842
         2.6074      0.0023613      0.0025161      0.0025041      0.0026036      0.0024387       0.002554       0.012115     -0.0022108       0.010225     0.00090703      0.0051798      0.0056567
         2.6133       0.002363       0.002518      0.0025046      0.0026049      0.0024405      0.0025548       0.011967     -0.0024486       0.010037     0.00072342      0.0049881      0.0054717
         2.6191      0.0023646      0.0025197       0.002505      0.0026062      0.0024422      0.0025557        0.01182     -0.0026891      0.0098499     0.00053973      0.0047961       0.005287
          2.625      0.0023662      0.0025212      0.0025055      0.0026075      0.0024438      0.0025566        0.01167     -0.0029314      0.0096634     0.00035597      0.0046012      0.0051026
         2.6309      0.0023677      0.0025226       0.002506      0.0026089      0.0024453      0.0025575        0.01152     -0.0031686      0.0094776     0.00017214      0.0044085      0.0049185
         2.6367       0.002369      0.0025238      0.0025065      0.0026102      0.0024466      0.0025584       0.011377     -0.0034021      0.0092925    -1.1784e-05      0.0042215      0.0047347
         2.6426      0.0023704      0.0025249      0.0025069      0.0026115      0.0024479      0.0025593       0.011237      -0.003635       0.009108    -0.00019579      0.0040358      0.0045512
         2.6484      0.0023716      0.0025258      0.0025074      0.0026128       0.002449      0.0025601       0.011094     -0.0038633      0.0089242    -0.00037989      0.0038511      0.0043679
         2.6543      0.0023727      0.0025266      0.0025079      0.0026142        0.00245       0.002561       0.010958     -0.0040861       0.008741    -0.00056409      0.0036721       0.004185
         2.6602      0.0023738      0.0025271      0.0025084      0.0026155      0.0024508      0.0025619       0.010829     -0.0043031      0.0085584    -0.00074839      0.0034999      0.0040023
          2.666      0.0023748      0.0025276      0.0025089      0.0026168      0.0024516      0.0025628       0.010707     -0.0045087      0.0083764     -0.0009328      0.0033366      0.0038198
         2.6719      0.0023758      0.0025279      0.0025094      0.0026181      0.0024523      0.0025637       0.010595     -0.0047024      0.0081951     -0.0011173      0.0031837      0.0036376
         2.6777      0.0023766      0.0025292      0.0025099      0.0026195      0.0024534      0.0025646       0.010076     -0.0052854      0.0080143      -0.001302      0.0026343      0.0034557
         2.6836      0.0023776      0.0025295      0.0025104      0.0026208      0.0024541      0.0025655      0.0099721      -0.005467      0.0078341     -0.0014867      0.0024916      0.0032739
         2.6895      0.0023787      0.0025296      0.0025109      0.0026221      0.0024547      0.0025664      0.0098777     -0.0056377      0.0076544     -0.0016716      0.0023588      0.0030925
         2.6953      0.0023798      0.0025298      0.0025115      0.0026235      0.0024554      0.0025674       0.009788      -0.005796      0.0074753     -0.0018566      0.0022343      0.0029112
         2.7012      0.0023809      0.0025299       0.002512      0.0026248      0.0024561      0.0025683      0.0097037     -0.0059414      0.0072968     -0.0020418      0.0021187      0.0027301
          2.707       0.002382        0.00253      0.0025125      0.0026262      0.0024568      0.0025692      0.0096268     -0.0060752      0.0071188      -0.002227      0.0020125      0.0025493
         2.7129      0.0023833      0.0025302      0.0025131      0.0026275      0.0024576      0.0025701      0.0095538     -0.0061993      0.0069414     -0.0024125       0.001913      0.0023686
         2.7188      0.0023846      0.0025304      0.0025136      0.0026288      0.0024583       0.002571      0.0094855     -0.0063127      0.0067644     -0.0025981       0.001821      0.0021881
         2.7246      0.0023859      0.0025307      0.0025141      0.0026302      0.0024592       0.002572      0.0094256     -0.0064149       0.006588     -0.0027838      0.0017387      0.0020078
         2.7305      0.0023875      0.0025311      0.0025147      0.0026315      0.0024602      0.0025729      0.0093679     -0.0065094       0.006412     -0.0029697      0.0016612      0.0018277
         2.7363      0.0023891      0.0025316      0.0025152      0.0026329      0.0024613      0.0025738      0.0093068     -0.0065978      0.0062366     -0.0031558      0.0015849      0.0016478
         2.7422      0.0023908      0.0025321      0.0025158      0.0026342      0.0024625      0.0025748      0.0092497      -0.006678      0.0060616      -0.003342      0.0015147       0.001468
          2.748      0.0023925      0.0025328      0.0025164      0.0026356      0.0024638      0.0025757      0.0091994     -0.0067525      0.0058871     -0.0035284      0.0014508      0.0012883
         2.7539      0.0023945      0.0025336      0.0025169       0.002637      0.0024652      0.0025767      0.0091455     -0.0068256       0.005713     -0.0037151      0.0013856      0.0011088
         2.7598      0.0023965      0.0025345      0.0025175      0.0026383      0.0024667      0.0025776      0.0090867     -0.0068954      0.0055394     -0.0039018      0.0013195     0.00092944
         2.7656      0.0023986      0.0025355      0.0025181      0.0026397      0.0024683      0.0025786        0.00903     -0.0069609      0.0053662     -0.0040888      0.0012566     0.00075019
         2.7715      0.0024009      0.0025366      0.0025187       0.002641        0.00247      0.0025795      0.0089699     -0.0070252      0.0051935      -0.004276      0.0011924     0.00057106
         2.7773      0.0024031      0.0025377      0.0025193      0.0026424      0.0024717      0.0025805       0.008902     -0.0070875      0.0050211     -0.0044634      0.0011252     0.00039204
         2.7832      0.0024054       0.002539      0.0025199      0.0026438      0.0024735      0.0025815      0.0088345     -0.0071452      0.0048492      -0.004651      0.0010606     0.00021312
         2.7891      0.0024078      0.0025403      0.0025205      0.0026451      0.0024754      0.0025825      0.0087678     -0.0072011      0.0046776     -0.0048388     0.00099736     3.4286e-05
         2.7949      0.0024103      0.0025418      0.0025211      0.0026465      0.0024774      0.0025834      0.0086947     -0.0072589      0.0045064     -0.0050269     0.00092991    -0.00014446
         2.8008      0.0024138      0.0025429      0.0025217      0.0026479      0.0024797      0.0025844      0.0090266      -0.006847      0.0043356     -0.0052151      0.0012968    -0.00032313
         2.8066      0.0024163      0.0025444      0.0025223      0.0026493      0.0024818      0.0025854      0.0089495      -0.006899      0.0041652     -0.0054036      0.0012302    -0.00050174
         2.8125      0.0024188      0.0025461      0.0025229      0.0026507      0.0024839      0.0025864      0.0088676     -0.0069483       0.003995     -0.0055924      0.0011626    -0.00068029
         2.8184      0.0024214      0.0025479      0.0025236       0.002652      0.0024861      0.0025874      0.0087852     -0.0069979      0.0038253     -0.0057814      0.0010947    -0.00085878
         2.8242       0.002424      0.0025497      0.0025242      0.0026534      0.0024883      0.0025884      0.0087011     -0.0070487      0.0036558     -0.0059706      0.0010253     -0.0010372
         2.8301      0.0024267      0.0025516      0.0025249      0.0026548      0.0024906      0.0025894      0.0086122     -0.0070986      0.0034867     -0.0061601     0.00095395     -0.0012157
         2.8359      0.0024294      0.0025536      0.0025255      0.0026562      0.0024929      0.0025904       0.008524     -0.0071449      0.0033178     -0.0063499      0.0008849     -0.0013941
         2.8418      0.0024322      0.0025557      0.0025262      0.0026576      0.0024954      0.0025914      0.0084347     -0.0071889      0.0031493     -0.0065399     0.00081641     -0.0015725
         2.8477       0.002435      0.0025579      0.0025268       0.002659      0.0024979      0.0025924       0.008339     -0.0072368       0.002981     -0.0067302     0.00074294     -0.0017508
         2.8535      0.0024378      0.0025602      0.0025275      0.0026604      0.0025005      0.0025935      0.0082424     -0.0072903       0.002813     -0.0069208     0.00066641     -0.0019292
         2.8594      0.0024406      0.0025625      0.0025282      0.0026618       0.002503      0.0025945      0.0081456     -0.0073441      0.0026452     -0.0071117     0.00058951     -0.0021076
         2.8652      0.0024435      0.0025648      0.0025289      0.0026632      0.0025057      0.0025955      0.0080432     -0.0073959      0.0024777     -0.0073029     0.00051074     -0.0022861
         2.8711      0.0024464      0.0025672      0.0025296      0.0026646      0.0025083      0.0025966      0.0079389     -0.0074475      0.0023104     -0.0074944     0.00043128     -0.0024645
          2.877      0.0024493      0.0025697      0.0025303       0.002666      0.0025109      0.0025976      0.0078362     -0.0074989      0.0021434     -0.0076862     0.00035278      -0.002643
         2.8828      0.0024512      0.0025725       0.002531      0.0026674      0.0025133      0.0025987      0.0073273     -0.0080155      0.0019766     -0.0078783     -0.0001588     -0.0028215
         2.8887      0.0024542      0.0025751      0.0025317      0.0026688      0.0025161      0.0025997      0.0072242     -0.0080627      0.0018099     -0.0080708    -0.00023535     -0.0030001
         2.8945      0.0024571      0.0025777      0.0025324      0.0026703      0.0025189      0.0026008      0.0071222     -0.0081093      0.0016435     -0.0082636    -0.00031097     -0.0031788
         2.9004      0.0024601      0.0025804      0.0025332      0.0026717      0.0025217      0.0026018      0.0070232     -0.0081527      0.0014772     -0.0084567    -0.00038342     -0.0033576
         2.9063      0.0024631      0.0025832      0.0025339      0.0026731      0.0025246      0.0026029      0.0069229     -0.0081946      0.0013111     -0.0086502    -0.00045578     -0.0035364
         2.9121      0.0024662      0.0025861      0.0025346      0.0026745      0.0025276       0.002604      0.0068221     -0.0082355      0.0011451      -0.008844    -0.00052783     -0.0037153
          2.918      0.0024693      0.0025891      0.0025354      0.0026759      0.0025306      0.0026051      0.0067243     -0.0082737     0.00097929     -0.0090383    -0.00059696     -0.0038943
         2.9238      0.0024725      0.0025922      0.0025361      0.0026774      0.0025337      0.0026061       0.006628       -0.00831     0.00081361     -0.0092328    -0.00066429     -0.0040735
         2.9297      0.0024758      0.0025955      0.0025369      0.0026788       0.002537      0.0026072      0.0065299     -0.0083451     0.00064805     -0.0094278    -0.00073195     -0.0042528
         2.9355      0.0024792      0.0025989      0.0025377      0.0026802      0.0025404      0.0026083      0.0064304     -0.0083793      0.0004826     -0.0096231    -0.00079976     -0.0044322
         2.9414      0.0024826      0.0026025      0.0025385      0.0026817      0.0025439      0.0026094      0.0063319     -0.0084142     0.00031725     -0.0098189    -0.00086721     -0.0046117
         2.9473      0.0024862      0.0026063      0.0025393      0.0026831      0.0025476      0.0026105      0.0062317     -0.0084524     0.00015198      -0.010015    -0.00093718     -0.0047914
         2.9531        0.00249      0.0026102      0.0025401      0.0026846      0.0025514      0.0026117      0.0061239     -0.0084964    -1.3212e-05      -0.010212     -0.0010137     -0.0049713
          2.959      0.0024937      0.0026143      0.0025409       0.002686      0.0025552      0.0026128      0.0060115     -0.0085442    -0.00017834      -0.010409     -0.0010945     -0.0051513
         2.9648      0.0024975      0.0026185      0.0025417      0.0026875      0.0025592      0.0026139      0.0058995     -0.0085945    -0.00034342      -0.010606     -0.0011759     -0.0053316
         2.9707      0.0025014      0.0026229      0.0025425      0.0026889      0.0025634       0.002615      0.0057823     -0.0086533    -0.00050845      -0.010804     -0.0012643      -0.005512
         2.9766      0.0025054      0.0026274      0.0025433      0.0026904      0.0025676      0.0026162      0.0056557     -0.0087238    -0.00067345      -0.011002      -0.001363     -0.0056926
         2.9824      0.0025094      0.0026319      0.0025441      0.0026919      0.0025718      0.0026173      0.0055266     -0.0087979    -0.00083844      -0.011201     -0.0014648     -0.0058734
         2.9883      0.0025135      0.0026366       0.002545      0.0026933      0.0025762      0.0026184      0.0053962     -0.0088748     -0.0010034        -0.0114     -0.0015686     -0.0060545
         2.9941      0.0025176      0.0026415      0.0025458      0.0026948      0.0025806      0.0026196      0.0052587     -0.0089625     -0.0011684        -0.0116     -0.0016811     -0.0062358
              3      0.0025233      0.0026476      0.0025467      0.0026962      0.0025865      0.0026207      0.0054536     -0.0086691     -0.0013334        -0.0118     -0.0014379     -0.0064173
         3.0059      0.0025275      0.0026526      0.0025475      0.0026977      0.0025911      0.0026219      0.0053034     -0.0087789     -0.0014984      -0.012001     -0.0015676     -0.0065991
         3.0117      0.0025318      0.0026576      0.0025484      0.0026992      0.0025957      0.0026231      0.0051486     -0.0088974     -0.0016635      -0.012202      -0.001704     -0.0067812
         3.0176      0.0025361      0.0026627      0.0025493      0.0027007      0.0026004      0.0026242      0.0049918     -0.0090217     -0.0018286      -0.012404     -0.0018441     -0.0069636
         3.0234      0.0025404      0.0026679      0.0025502      0.0027022      0.0026051      0.0026254      0.0048297     -0.0091517     -0.0019938      -0.012606     -0.0019898     -0.0071462
         3.0293      0.0025449      0.0026732      0.0025511      0.0027036        0.00261      0.0026266      0.0046613     -0.0092913      -0.002159      -0.012809     -0.0021433     -0.0073291
         3.0352      0.0025493      0.0026786       0.002552      0.0027051      0.0026148      0.0026278      0.0044898     -0.0094399     -0.0023243      -0.013012     -0.0023028     -0.0075124
          3.041      0.0025539       0.002684      0.0025529      0.0027066      0.0026198       0.002629      0.0043123     -0.0095967     -0.0024898      -0.013216     -0.0024694     -0.0076959
         3.0469      0.0025586      0.0026895      0.0025538      0.0027081      0.0026249      0.0026302      0.0041249     -0.0097648     -0.0026553       -0.01342     -0.0026466     -0.0078798
         3.0527      0.0025632       0.002695      0.0025547      0.0027096        0.00263      0.0026314      0.0039302     -0.0099452      -0.002821      -0.013625     -0.0028335      -0.008064
         3.0586      0.0025679      0.0027006      0.0025556      0.0027111      0.0026351      0.0026326      0.0037284      -0.010136     -0.0029867      -0.013831     -0.0030289     -0.0082486
         3.0645      0.0025727      0.0027062      0.0025566      0.0027126      0.0026402      0.0026338      0.0035177      -0.010335     -0.0031527      -0.014037     -0.0032336     -0.0084336
         3.0703      0.0025774      0.0027118      0.0025575      0.0027141      0.0026454       0.002635      0.0032982      -0.010546     -0.0033187      -0.014244     -0.0034479     -0.0086189
         3.0762      0.0025822      0.0027174      0.0025585      0.0027156      0.0026506      0.0026363      0.0030693      -0.010769      -0.003485      -0.014451     -0.0036734     -0.0088046
          3.082      0.0025869       0.002723      0.0025594      0.0027171      0.0026557      0.0026375      0.0028301      -0.011005     -0.0036514      -0.014659     -0.0039102     -0.0089908
         3.0879        0.00259      0.0027272      0.0025604      0.0027186      0.0026593      0.0026387       0.002263       -0.01161      -0.003818      -0.014868     -0.0044945     -0.0091773
         3.0938      0.0025947      0.0027327      0.0025614      0.0027201      0.0026645        0.00264      0.0020139      -0.011859     -0.0039848      -0.015077     -0.0047426     -0.0093643
         3.0996      0.0025994      0.0027382      0.0025624      0.0027217      0.0026695      0.0026412      0.0017558      -0.012117     -0.0041518      -0.015287     -0.0050002     -0.0095517
         3.1055       0.002604      0.0027436      0.0025633      0.0027232      0.0026745      0.0026425      0.0014905      -0.012387     -0.0043191      -0.015498      -0.005267     -0.0097395
         3.1113      0.0026086      0.0027489      0.0025643      0.0027247      0.0026795      0.0026437      0.0012169      -0.012669     -0.0044866      -0.015709     -0.0055441     -0.0099278
         3.1172      0.0026132      0.0027541      0.0025654      0.0027262      0.0026843       0.002645     0.00093509       -0.01296     -0.0046543      -0.015921     -0.0058297      -0.010117
          3.123      0.0026176      0.0027592      0.0025664      0.0027277      0.0026891      0.0026463     0.00064689      -0.013257     -0.0048223      -0.016134     -0.0061219      -0.010306
         3.1289       0.002622      0.0027642      0.0025674      0.0027293      0.0026938      0.0026475     0.00035239      -0.013561     -0.0049906      -0.016348     -0.0064207      -0.010496
         3.1348      0.0026263      0.0027691      0.0025684      0.0027308      0.0026984      0.0026488      5.262e-05      -0.013873     -0.0051591      -0.016562     -0.0067256      -0.010686
         3.1406      0.0026305      0.0027739      0.0025694      0.0027323      0.0027029      0.0026501    -0.00025133      -0.014191     -0.0053279      -0.016777     -0.0070362      -0.010877
         3.1465      0.0026346      0.0027785      0.0025705      0.0027339      0.0027072      0.0026514    -0.00056023      -0.014515     -0.0054971      -0.016993     -0.0073522      -0.011068
         3.1523      0.0026387       0.002783      0.0025715      0.0027354      0.0027115      0.0026527    -0.00087274      -0.014841     -0.0056666       -0.01721      -0.007671       -0.01126
         3.1582      0.0026427      0.0027875      0.0025726      0.0027369      0.0027158       0.002654     -0.0011881      -0.015171     -0.0058364      -0.017427     -0.0079932      -0.011452
         3.1641      0.0026467      0.0027919      0.0025737      0.0027385        0.00272      0.0026553     -0.0015089      -0.015508     -0.0060065      -0.017645     -0.0083213      -0.011645
         3.1699      0.0026506      0.0027962      0.0025747        0.00274      0.0027241      0.0026566     -0.0018349      -0.015849      -0.006177      -0.017864     -0.0086543      -0.011839
         3.1758      0.0026545      0.0028004      0.0025758      0.0027415      0.0027281      0.0026579      -0.002165      -0.016195     -0.0063479      -0.018084      -0.008992      -0.012033
         3.1816      0.0026583      0.0028044      0.0025769      0.0027431      0.0027321      0.0026592     -0.0025008      -0.016546     -0.0065191      -0.018305     -0.0093353      -0.012228
         3.1875       0.002662      0.0028084       0.002578      0.0027446      0.0027359      0.0026605      -0.002841        -0.0169     -0.0066907      -0.018526     -0.0096821      -0.012423
         3.1934      0.0026657      0.0028123      0.0025791      0.0027462      0.0027397      0.0026619     -0.0031852      -0.017258     -0.0068628      -0.018748      -0.010033      -0.012619
         3.1992      0.0026693      0.0028161      0.0025802      0.0027477      0.0027434      0.0026632      -0.003537      -0.017622     -0.0070352      -0.018972      -0.010391      -0.012816
         3.2051      0.0026729      0.0028191      0.0025813      0.0027493      0.0027467      0.0026645     -0.0036867      -0.017762     -0.0072081      -0.019196      -0.010537      -0.013013
         3.2109      0.0026762      0.0028226      0.0025824      0.0027508      0.0027501      0.0026659     -0.0040469      -0.018133     -0.0073815      -0.019421      -0.010902      -0.013211
         3.2168      0.0026794       0.002826      0.0025835      0.0027524      0.0027535      0.0026672     -0.0044125      -0.018511     -0.0075553      -0.019647      -0.011274       -0.01341
         3.2227      0.0026825      0.0028293      0.0025847      0.0027539      0.0027567      0.0026685     -0.0047828      -0.018894     -0.0077295      -0.019874       -0.01165      -0.013609
         3.2285      0.0026856      0.0028324      0.0025858      0.0027554      0.0027597      0.0026699     -0.0051561      -0.019277     -0.0079042      -0.020102      -0.012029      -0.013809
         3.2344      0.0026885      0.0028354      0.0025869       0.002757      0.0027627      0.0026712     -0.0055344      -0.019663     -0.0080795      -0.020331      -0.012411       -0.01401
         3.2402      0.0026913      0.0028382      0.0025881      0.0027585      0.0027655      0.0026726     -0.0059158      -0.020051     -0.0082552       -0.02056      -0.012795      -0.014212
         3.2461       0.002694       0.002841      0.0025892      0.0027601      0.0027683      0.0026739     -0.0062974      -0.020441     -0.0084314      -0.020791      -0.013181      -0.014414
          3.252      0.0026966      0.0028436      0.0025904      0.0027616      0.0027709      0.0026753     -0.0066818      -0.020833     -0.0086082      -0.021023      -0.013569      -0.014617
         3.2578       0.002699      0.0028461      0.0025916      0.0027632      0.0027733      0.0026767     -0.0070683      -0.021226     -0.0087855      -0.021256      -0.013959      -0.014821
         3.2637      0.0027014      0.0028484      0.0025927      0.0027647      0.0027757       0.002678     -0.0074549      -0.021619     -0.0089633       -0.02149      -0.014349      -0.015025
         3.2695      0.0027036      0.0028506      0.0025939      0.0027662      0.0027779      0.0026794     -0.0078434      -0.022012     -0.0091418      -0.021724       -0.01474      -0.015231
         3.2754      0.0027058      0.0028528      0.0025951      0.0027678      0.0027801      0.0026808     -0.0082349      -0.022408     -0.0093208       -0.02196      -0.015134      -0.015437
         3.2813      0.0027078      0.0028547      0.0025963      0.0027693      0.0027821      0.0026821     -0.0086275      -0.022804     -0.0095004      -0.022197      -0.015528      -0.015644
         3.2871      0.0027097      0.0028565      0.0025975      0.0027708      0.0027839      0.0026835     -0.0090192      -0.023198     -0.0096805      -0.022435      -0.015922      -0.015852
          3.293      0.0027114      0.0028582      0.0025987      0.0027724      0.0027857      0.0026849     -0.0094099       -0.02359     -0.0098613      -0.022674      -0.016313      -0.016061
         3.2988      0.0027136      0.0028612      0.0025999      0.0027739      0.0027883      0.0026863     -0.0099985      -0.024195      -0.010043      -0.022915      -0.016909       -0.01627
         3.3047      0.0027153      0.0028628      0.0026011      0.0027754      0.0027899      0.0026876      -0.010388      -0.024584      -0.010225      -0.023156      -0.017298      -0.016481
         3.3105      0.0027168      0.0028643      0.0026023      0.0027769      0.0027914       0.002689      -0.010776      -0.024972      -0.010408      -0.023398      -0.017686      -0.016692
         3.3164      0.0027182      0.0028656      0.0026035      0.0027784      0.0027928      0.0026904      -0.011163      -0.025359      -0.010591      -0.023642      -0.018074      -0.016904
         3.3223      0.0027195      0.0028669      0.0026048      0.0027799       0.002794      0.0026918      -0.011549      -0.025745      -0.010775      -0.023887      -0.018459      -0.017117
         3.3281      0.0027208       0.002868       0.002606      0.0027814      0.0027952      0.0026932      -0.011933      -0.026128       -0.01096      -0.024132      -0.018843      -0.017331
          3.334      0.0027219       0.002869      0.0026072      0.0027829      0.0027963      0.0026946      -0.012315      -0.026508      -0.011145      -0.024379      -0.019224      -0.017546
         3.3398      0.0027229      0.0028699      0.0026085      0.0027844      0.0027973      0.0026959      -0.012693      -0.026885      -0.011331      -0.024628      -0.019603      -0.017762
         3.3457      0.0027239      0.0028708      0.0026097      0.0027859      0.0027982      0.0026973      -0.013073      -0.027261      -0.011518      -0.024877      -0.019981      -0.017979
         3.3516      0.0027248      0.0028715       0.002611      0.0027874       0.002799      0.0026987      -0.013452      -0.027636      -0.011706      -0.025127      -0.020358      -0.018197
         3.3574      0.0027255      0.0028721      0.0026122      0.0027889      0.0027996      0.0027001      -0.013827      -0.028007      -0.011894      -0.025379      -0.020731      -0.018416
         3.3633      0.0027262      0.0028726      0.0026135      0.0027904      0.0028002      0.0027015      -0.014198      -0.028372      -0.012083      -0.025632      -0.021099      -0.018636
         3.3691      0.0027268       0.002873      0.0026147      0.0027918      0.0028008      0.0027028      -0.014566      -0.028734      -0.012273      -0.025886      -0.021465      -0.018856
          3.375      0.0027273      0.0028734       0.002616      0.0027933      0.0028012      0.0027042      -0.014931      -0.029094      -0.012463      -0.026141      -0.021828      -0.019078
         3.3809      0.0027277      0.0028736      0.0026172      0.0027947      0.0028016      0.0027056      -0.015293      -0.029451      -0.012655      -0.026398      -0.022188      -0.019301
         3.3867      0.0027281      0.0028738      0.0026185      0.0027962      0.0028018       0.002707      -0.015653      -0.029803      -0.012847      -0.026656      -0.022544      -0.019525
         3.3926      0.0027283      0.0028739      0.0026198      0.0027976       0.002802      0.0027083      -0.016008       -0.03015       -0.01304      -0.026915      -0.022895      -0.019749
         3.3984      0.0027286      0.0028739       0.002621       0.002799      0.0028021      0.0027097      -0.016357      -0.030492      -0.013234      -0.027175      -0.023241      -0.019975
         3.4043      0.0027265      0.0028708      0.0026223      0.0028004      0.0027995      0.0027111      -0.016482      -0.030582      -0.013428      -0.027436       -0.02335      -0.020202
         3.4102      0.0027265      0.0028706      0.0026236      0.0028018      0.0027994      0.0027124      -0.016824      -0.030913      -0.013624      -0.027699      -0.023687       -0.02043
          3.416      0.0027265      0.0028704      0.0026248      0.0028032      0.0027993      0.0027138       -0.01716      -0.031237       -0.01382      -0.027963      -0.024017      -0.020659
         3.4219      0.0027264      0.0028702      0.0026261      0.0028046      0.0027992      0.0027151      -0.017491      -0.031557      -0.014017      -0.028228      -0.024343      -0.020889
         3.4277      0.0027263      0.0028699      0.0026274       0.002806       0.002799      0.0027165      -0.017816      -0.031872      -0.014215      -0.028495      -0.024664       -0.02112
         3.4336      0.0027262      0.0028696      0.0026287      0.0028074      0.0027988      0.0027178      -0.018137      -0.032182      -0.014414      -0.028762      -0.024979      -0.021352
         3.4395       0.002726      0.0028693      0.0026299      0.0028087      0.0027986      0.0027192      -0.018457      -0.032487      -0.014613      -0.029031      -0.025292      -0.021585
         3.4453      0.0027258       0.002869      0.0026312        0.00281      0.0027983      0.0027205      -0.018773      -0.032788      -0.014814      -0.029301      -0.025601       -0.02182
         3.4512      0.0027255      0.0028686      0.0026325      0.0028114      0.0027979      0.0027218      -0.019081      -0.033081      -0.015015      -0.029573      -0.025902      -0.022055
          3.457      0.0027253      0.0028683      0.0026338      0.0028127      0.0027976      0.0027232      -0.019384       -0.03337      -0.015218      -0.029846      -0.026198      -0.022291
         3.4629       0.002725      0.0028679      0.0026351       0.002814      0.0027973      0.0027245      -0.019683      -0.033656      -0.015421       -0.03012      -0.026491      -0.022529
         3.4688      0.0027246      0.0028675      0.0026363      0.0028152      0.0027969      0.0027258      -0.019976      -0.033934      -0.015625      -0.030395      -0.026777      -0.022767
         3.4746      0.0027243      0.0028671      0.0026376      0.0028165      0.0027966      0.0027271      -0.020263      -0.034204       -0.01583      -0.030671      -0.027055      -0.023007
         3.4805       0.002724      0.0028668      0.0026389      0.0028178      0.0027963      0.0027284      -0.020546      -0.034472      -0.016036      -0.030949      -0.027331      -0.023248
         3.4863      0.0027237      0.0028665      0.0026401       0.002819       0.002796      0.0027297      -0.020825      -0.034737      -0.016243      -0.031228      -0.027603       -0.02349
         3.4922      0.0027234      0.0028662      0.0026414      0.0028202      0.0027957      0.0027309      -0.021099      -0.034996      -0.016451      -0.031508       -0.02787      -0.023733
          3.498      0.0027231       0.002866      0.0026427      0.0028214      0.0027954      0.0027322      -0.021369      -0.035251       -0.01666       -0.03179      -0.028132      -0.023977
         3.5039      0.0027255      0.0028694      0.0026439      0.0028226      0.0027982      0.0027335      -0.021871      -0.035762      -0.016869      -0.032072      -0.028638      -0.024222
         3.5098      0.0027252      0.0028692      0.0026452      0.0028238       0.002798      0.0027347      -0.022136      -0.036014       -0.01708      -0.032356      -0.028896      -0.024469
         3.5156       0.002725      0.0028691      0.0026465      0.0028249      0.0027978       0.002736      -0.022396      -0.036261      -0.017292      -0.032641       -0.02915      -0.024716
         3.5215      0.0027248       0.002869      0.0026477      0.0028261      0.0027977      0.0027372      -0.022652      -0.036504      -0.017504      -0.032928      -0.029399      -0.024964
         3.5273      0.0027247       0.002869       0.002649      0.0028272      0.0027976      0.0027384      -0.022904      -0.036744      -0.017718      -0.033215      -0.029645      -0.025214
         3.5332      0.0027245      0.0028691      0.0026502      0.0028283      0.0027976      0.0027396      -0.023155      -0.036982      -0.017932      -0.033504       -0.02989      -0.025465
         3.5391      0.0027244      0.0028692      0.0026515      0.0028293      0.0027975      0.0027408      -0.023402      -0.037219      -0.018147      -0.033794      -0.030131      -0.025716
         3.5449      0.0027243      0.0028693      0.0026527      0.0028304      0.0027975       0.002742      -0.023644      -0.037453      -0.018364      -0.034085      -0.030369      -0.025969
         3.5508      0.0027242      0.0028696       0.002654      0.0028314      0.0027976      0.0027432      -0.023881      -0.037685      -0.018581      -0.034377      -0.030604      -0.026223
         3.5566      0.0027242      0.0028699      0.0026552      0.0028324      0.0027978      0.0027444      -0.024116      -0.037916      -0.018799       -0.03467      -0.030836      -0.026478
         3.5625      0.0027242      0.0028702      0.0026564      0.0028334       0.002798      0.0027455       -0.02435      -0.038147      -0.019018      -0.034965      -0.031069      -0.026734
         3.5684      0.0027243      0.0028706      0.0026576      0.0028344      0.0027982      0.0027466      -0.024581      -0.038377      -0.019239       -0.03526      -0.031299      -0.026991
         3.5742      0.0027244      0.0028711      0.0026588      0.0028354      0.0027985      0.0027478       -0.02481      -0.038606       -0.01946      -0.035557      -0.031527       -0.02725
         3.5801      0.0027246      0.0028717      0.0026601      0.0028363      0.0027988      0.0027489      -0.025037      -0.038835      -0.019682      -0.035855      -0.031755      -0.027509
         3.5859      0.0027248      0.0028723      0.0026613      0.0028372      0.0027992        0.00275      -0.025262      -0.039066      -0.019905      -0.036154      -0.031982      -0.027769
         3.5918      0.0027251       0.002873      0.0026625      0.0028381      0.0027997      0.0027511      -0.025486      -0.039297      -0.020129      -0.036454      -0.032209      -0.028031
         3.5977      0.0027254      0.0028737      0.0026636      0.0028389      0.0028002      0.0027521       -0.02571       -0.03953      -0.020354      -0.036755      -0.032437      -0.028293
         3.6035      0.0027235      0.0028716      0.0026648      0.0028397      0.0027982      0.0027532      -0.025665      -0.039498       -0.02058      -0.037057      -0.032398      -0.028556
         3.6094      0.0027239      0.0028724       0.002666      0.0028405      0.0027988      0.0027542      -0.025889      -0.039736      -0.020807       -0.03736      -0.032628      -0.028821
         3.6152      0.0027243      0.0028733      0.0026672      0.0028413      0.0027995      0.0027552       -0.02611      -0.039976      -0.021034      -0.037664      -0.032858      -0.029086
         3.6211      0.0027248      0.0028742      0.0026683      0.0028421      0.0028002      0.0027562      -0.026329      -0.040218      -0.021263       -0.03797      -0.033088      -0.029353
          3.627      0.0027254      0.0028752      0.0026695      0.0028428       0.002801      0.0027572      -0.026549      -0.040462      -0.021493      -0.038276       -0.03332       -0.02962
         3.6328      0.0027261      0.0028762      0.0026706      0.0028435      0.0028018      0.0027582      -0.026773       -0.04071      -0.021723      -0.038583      -0.033555      -0.029888
         3.6387      0.0027268      0.0028773      0.0026717      0.0028442      0.0028027      0.0027592      -0.026997      -0.040961      -0.021955      -0.038891      -0.033792      -0.030158
         3.6445      0.0027275      0.0028784      0.0026729      0.0028448      0.0028036      0.0027601      -0.027221      -0.041216      -0.022187        -0.0392       -0.03403      -0.030428
         3.6504      0.0027283      0.0028795       0.002674      0.0028455      0.0028046       0.002761      -0.027447      -0.041474      -0.022421       -0.03951      -0.034271      -0.030699
         3.6563      0.0027291      0.0028806      0.0026751       0.002846      0.0028056      0.0027619      -0.027674      -0.041736      -0.022655       -0.03982      -0.034515      -0.030972
         3.6621        0.00273      0.0028817      0.0026762      0.0028466      0.0028066      0.0027628      -0.027903      -0.042001       -0.02289      -0.040132      -0.034762      -0.031245
          3.668      0.0027309      0.0028829      0.0026772      0.0028471      0.0028076      0.0027637      -0.028135       -0.04227      -0.023126      -0.040444      -0.035011      -0.031519
         3.6738      0.0027319      0.0028841      0.0026783      0.0028477      0.0028087      0.0027645       -0.02837      -0.042543      -0.023363      -0.040758      -0.035264      -0.031794
         3.6797      0.0027328      0.0028852      0.0026794      0.0028481      0.0028098      0.0027653      -0.028606      -0.042821      -0.023601      -0.041072       -0.03552      -0.032069
         3.6855      0.0027338      0.0028864      0.0026804      0.0028486      0.0028109      0.0027661      -0.028845      -0.043102       -0.02384      -0.041387       -0.03578      -0.032346
         3.6914      0.0027348      0.0028876      0.0026814       0.002849       0.002812      0.0027669      -0.029085      -0.043388      -0.024079      -0.041702      -0.036042      -0.032624
         3.6973      0.0027359      0.0028887      0.0026825      0.0028494      0.0028131      0.0027677      -0.029328      -0.043679       -0.02432      -0.042018      -0.036308      -0.032902
         3.7031      0.0027369      0.0028898      0.0026835      0.0028498      0.0028142      0.0027684      -0.029575      -0.043974      -0.024561      -0.042336      -0.036578      -0.033181
          3.709      0.0027405      0.0028941      0.0026845      0.0028501      0.0028181      0.0027692      -0.030082      -0.044518      -0.024804      -0.042653      -0.037103      -0.033461
         3.7148      0.0027416      0.0028952      0.0026855      0.0028504      0.0028192      0.0027699      -0.030333      -0.044817      -0.025047      -0.042972      -0.037377      -0.033742
         3.7207      0.0027427      0.0028962      0.0026864      0.0028507      0.0028203      0.0027705      -0.030585       -0.04512       -0.02529      -0.043291      -0.037655      -0.034023
         3.7266      0.0027438      0.0028972      0.0026874      0.0028509      0.0028214      0.0027712      -0.030841      -0.045427      -0.025535       -0.04361      -0.037936      -0.034306
         3.7324       0.002745      0.0028982      0.0026883      0.0028511      0.0028225      0.0027718      -0.031101      -0.045739      -0.025781      -0.043931      -0.038221      -0.034589
         3.7383      0.0027461      0.0028991      0.0026893      0.0028513      0.0028236      0.0027724      -0.031363      -0.046054      -0.026027      -0.044252       -0.03851      -0.034873
         3.7441      0.0027472         0.0029      0.0026902      0.0028514      0.0028246       0.002773      -0.031628      -0.046374      -0.026274      -0.044573      -0.038801      -0.035157
           3.75      0.0027484      0.0029009      0.0026911      0.0028516      0.0028256      0.0027736      -0.031898      -0.046696      -0.026522      -0.044895      -0.039097      -0.035442
         3.7559      0.0027495      0.0029017       0.002692      0.0028516      0.0028266      0.0027742      -0.032171      -0.047023      -0.026771      -0.045218      -0.039397      -0.035728
         3.7617      0.0027506      0.0029024      0.0026928      0.0028517      0.0028276      0.0027747      -0.032447      -0.047354       -0.02702      -0.045541        -0.0397      -0.036015
         3.7676      0.0027518      0.0029031      0.0026937      0.0028517      0.0028285      0.0027752      -0.032728      -0.047688       -0.02727      -0.045864      -0.040007      -0.036302
         3.7734      0.0027529      0.0029037      0.0026946      0.0028517      0.0028294      0.0027757      -0.033013      -0.048025      -0.027521      -0.046188      -0.040318       -0.03659
         3.7793      0.0027539      0.0029042      0.0026954      0.0028516      0.0028302      0.0027761        -0.0333      -0.048366      -0.027773      -0.046512      -0.040633      -0.036878
         3.7852       0.002755      0.0029047      0.0026962      0.0028516      0.0028311      0.0027765       -0.03359       -0.04871      -0.028025      -0.046837       -0.04095      -0.037167
          3.791       0.002756      0.0029051       0.002697      0.0028515      0.0028318       0.002777      -0.033886      -0.049058      -0.028278      -0.047162      -0.041272      -0.037457
         3.7969       0.002757      0.0029054      0.0026978      0.0028513      0.0028325      0.0027773      -0.034186      -0.049408      -0.028532      -0.047487      -0.041597      -0.037747
         3.8027      0.0027549      0.0029013      0.0026985      0.0028511      0.0028294      0.0027777      -0.034287      -0.049571      -0.028786      -0.047813      -0.041731      -0.038038
         3.8086      0.0027557      0.0029013      0.0026993      0.0028509      0.0028299       0.002778      -0.034595      -0.049929      -0.029041      -0.048139      -0.042064      -0.038329
         3.8145      0.0027565      0.0029013         0.0027      0.0028507      0.0028303      0.0027783      -0.034905      -0.050288      -0.029297      -0.048465        -0.0424      -0.038621
         3.8203      0.0027572      0.0029012      0.0027007      0.0028504      0.0028307      0.0027786      -0.035217      -0.050649      -0.029553      -0.048792      -0.042736      -0.038913
         3.8262      0.0027579       0.002901      0.0027014      0.0028501       0.002831      0.0027789      -0.035531      -0.051012       -0.02981      -0.049119      -0.043076      -0.039206
          3.832      0.0027586      0.0029007      0.0027021      0.0028498      0.0028312      0.0027791      -0.035851      -0.051378      -0.030068      -0.049446      -0.043419      -0.039499
         3.8379      0.0027591      0.0029003      0.0027028      0.0028494      0.0028314      0.0027793      -0.036176      -0.051746      -0.030326      -0.049773      -0.043766      -0.039792
         3.8438      0.0027596      0.0028998      0.0027034       0.002849      0.0028314      0.0027795      -0.036504      -0.052115      -0.030585        -0.0501      -0.044116      -0.040086
         3.8496        0.00276      0.0028992      0.0027041      0.0028486      0.0028313      0.0027797      -0.036832      -0.052486      -0.030844      -0.050428      -0.044466      -0.040381
         3.8555      0.0027603      0.0028985      0.0027047      0.0028481      0.0028312      0.0027798      -0.037161      -0.052858      -0.031104      -0.050755      -0.044818      -0.040676
         3.8613      0.0027605      0.0028977      0.0027053      0.0028476      0.0028309      0.0027799      -0.037492       -0.05323      -0.031365      -0.051083       -0.04517      -0.040971
         3.8672      0.0027607      0.0028968      0.0027058      0.0028471      0.0028306        0.00278      -0.037825      -0.053603      -0.031626      -0.051411      -0.045524      -0.041266
          3.873      0.0027607      0.0028957      0.0027064      0.0028465      0.0028301      0.0027801       -0.03816      -0.053977      -0.031887      -0.051739      -0.045879      -0.041562
         3.8789      0.0027607      0.0028946      0.0027069      0.0028459      0.0028296      0.0027801      -0.038497       -0.05435       -0.03215      -0.052066      -0.046236      -0.041859
         3.8848      0.0027606      0.0028933      0.0027075      0.0028452      0.0028289      0.0027801      -0.038834      -0.054723      -0.032412      -0.052394      -0.046592      -0.042155
         3.8906      0.0027604      0.0028919       0.002708      0.0028446      0.0028282      0.0027801      -0.039171      -0.055096      -0.032675      -0.052722      -0.046948      -0.042452
         3.8965      0.0027601      0.0028904      0.0027085      0.0028439      0.0028273      0.0027801      -0.039509      -0.055469      -0.032939       -0.05305      -0.047305      -0.042749
         3.9023      0.0027597      0.0028888      0.0027089      0.0028432      0.0028263        0.00278      -0.039848      -0.055841      -0.033203      -0.053377      -0.047662      -0.043046
         3.9082      0.0027592       0.002887      0.0027094      0.0028424      0.0028253      0.0027799      -0.040186      -0.056212      -0.033467      -0.053705      -0.048017      -0.043343
         3.9141      0.0027622      0.0028902      0.0027098      0.0028416      0.0028283      0.0027798      -0.040713      -0.056755      -0.033732      -0.054033      -0.048552      -0.043641
         3.9199      0.0027616      0.0028883      0.0027102      0.0028408      0.0028271      0.0027796      -0.041051      -0.057121      -0.033998       -0.05436      -0.048906      -0.043939
         3.9258      0.0027608      0.0028862      0.0027106      0.0028399      0.0028258      0.0027795      -0.041388      -0.057485      -0.034263      -0.054687      -0.049258      -0.044237
         3.9316        0.00276      0.0028841       0.002711       0.002839      0.0028243      0.0027793      -0.041725      -0.057847       -0.03453      -0.055014      -0.049609      -0.044535
         3.9375      0.0027591      0.0028818      0.0027113      0.0028381      0.0028227      0.0027791      -0.042061      -0.058206      -0.034796      -0.055341      -0.049958      -0.044834
         3.9434       0.002758      0.0028795      0.0027117      0.0028371      0.0028211      0.0027788      -0.042395      -0.058563      -0.035063      -0.055668      -0.050305      -0.045132
         3.9492      0.0027569       0.002877       0.002712      0.0028361      0.0028193      0.0027785      -0.042727      -0.058915       -0.03533      -0.055994      -0.050649      -0.045431
         3.9551      0.0027556      0.0028744      0.0027123      0.0028351      0.0028174      0.0027782      -0.043056      -0.059265      -0.035598       -0.05632      -0.050989      -0.045729
         3.9609      0.0027542      0.0028716      0.0027126      0.0028341      0.0028154      0.0027779      -0.043383       -0.05961      -0.035866      -0.056646      -0.051327      -0.046028
         3.9668      0.0027528      0.0028688      0.0027128       0.002833      0.0028132      0.0027776      -0.043708      -0.059951      -0.036134      -0.056972      -0.051662      -0.046327
         3.9727      0.0027512      0.0028659      0.0027131      0.0028319       0.002811      0.0027772      -0.044029      -0.060288      -0.036403      -0.057297      -0.051993      -0.046626
         3.9785      0.0027495      0.0028628      0.0027133      0.0028307      0.0028087      0.0027768      -0.044347       -0.06062      -0.036672      -0.057622      -0.052319      -0.046925
         3.9844      0.0027477      0.0028597      0.0027135      0.0028296      0.0028062      0.0027764      -0.044661      -0.060945      -0.036941      -0.057947       -0.05264      -0.047223
         3.9902      0.0027458      0.0028564      0.0027137      0.0028284      0.0028037      0.0027759      -0.044969      -0.061265       -0.03721      -0.058271      -0.052956      -0.047522
         3.9961      0.0027438      0.0028531      0.0027138      0.0028271       0.002801      0.0027754      -0.045271      -0.061579       -0.03748      -0.058595      -0.053265      -0.047821
          4.002      0.0027364      0.0028428       0.002714      0.0028259      0.0027922      0.0027749      -0.045337      -0.061634       -0.03775      -0.058918       -0.05333       -0.04812
         4.0078      0.0027342      0.0028392      0.0027141      0.0028246      0.0027894      0.0027744      -0.045626       -0.06193       -0.03802      -0.059242      -0.053624      -0.048419
         4.0137      0.0027319      0.0028356      0.0027142      0.0028233      0.0027864      0.0027739      -0.045908      -0.062219       -0.03829      -0.059564      -0.053911      -0.048717
         4.0195      0.0027295      0.0028319      0.0027143      0.0028219      0.0027834      0.0027733      -0.046182      -0.062499      -0.038561      -0.059886       -0.05419      -0.049016
         4.0254       0.002727      0.0028282      0.0027144      0.0028205      0.0027804      0.0027727      -0.046449      -0.062771      -0.038832      -0.060208      -0.054461      -0.049315
         4.0313      0.0027245      0.0028245      0.0027144      0.0028191      0.0027773       0.002772      -0.046709      -0.063035      -0.039103      -0.060529      -0.054725      -0.049613
         4.0371       0.002722      0.0028207      0.0027144      0.0028177      0.0027741      0.0027714      -0.046962      -0.063292      -0.039374       -0.06085      -0.054981      -0.049911
          4.043      0.0027194      0.0028168      0.0027144      0.0028162      0.0027709      0.0027707      -0.047207       -0.06354      -0.039645      -0.061171       -0.05523       -0.05021
         4.0488      0.0027168       0.002813      0.0027144      0.0028147      0.0027677        0.00277      -0.047444       -0.06378      -0.039917       -0.06149       -0.05547      -0.050508
         4.0547      0.0027141      0.0028091      0.0027144      0.0028132      0.0027644      0.0027693      -0.047673       -0.06401      -0.040188      -0.061809      -0.055701      -0.050805
         4.0605      0.0027114      0.0028052      0.0027143      0.0028116      0.0027612      0.0027685      -0.047892      -0.064231       -0.04046      -0.062128      -0.055923      -0.051103
         4.0664      0.0027087      0.0028014      0.0027143      0.0028101      0.0027579      0.0027678      -0.048104      -0.064444      -0.040732      -0.062446      -0.056136        -0.0514
         4.0723       0.002706      0.0027976      0.0027142      0.0028084      0.0027547       0.002767      -0.048306      -0.064649      -0.041004      -0.062764      -0.056341      -0.051698
         4.0781      0.0027033      0.0027938      0.0027141      0.0028068      0.0027514      0.0027662      -0.048498      -0.064845      -0.041276      -0.063081      -0.056537      -0.051995
          4.084      0.0027007        0.00279      0.0027139      0.0028051      0.0027483      0.0027653      -0.048684      -0.065032      -0.041548      -0.063397      -0.056725      -0.052292
         4.0898      0.0026981      0.0027863      0.0027138      0.0028035      0.0027451      0.0027644      -0.048861      -0.065211       -0.04182      -0.063713      -0.056904      -0.052588
         4.0957      0.0026955      0.0027827      0.0027136      0.0028017       0.002742      0.0027635      -0.049029      -0.065382      -0.042093      -0.064028      -0.057075      -0.052885
         4.1016       0.002693      0.0027791      0.0027134         0.0028       0.002739      0.0027626       -0.04919      -0.065546      -0.042365      -0.064342      -0.057239      -0.053181
         4.1074      0.0026905      0.0027756      0.0027132      0.0027982       0.002736      0.0027617      -0.049342      -0.065702      -0.042637      -0.064656      -0.057395      -0.053476
         4.1133      0.0026881      0.0027722       0.002713      0.0027964      0.0027331      0.0027607      -0.049487      -0.065852       -0.04291      -0.064969      -0.057543      -0.053772
         4.1191      0.0026914      0.0027759      0.0027128      0.0027946      0.0027366      0.0027597      -0.049879      -0.066266      -0.043182      -0.065281      -0.057946      -0.054067
          4.125      0.0026891      0.0027727      0.0027125      0.0027928      0.0027339      0.0027587      -0.050015      -0.066408      -0.043455      -0.065593      -0.058086      -0.054362
         4.1309       0.002687      0.0027696      0.0027122      0.0027909      0.0027313      0.0027577      -0.050144      -0.066545      -0.043727      -0.065903       -0.05822      -0.054656
         4.1367       0.002685      0.0027665      0.0027119       0.002789      0.0027288      0.0027566      -0.050275      -0.066675      -0.043999      -0.066214      -0.058353      -0.054951
         4.1426      0.0026829      0.0027636      0.0027116      0.0027871      0.0027263      0.0027556      -0.050403      -0.066801      -0.044272      -0.066523       -0.05848      -0.055244
         4.1484      0.0026808      0.0027608      0.0027112      0.0027852      0.0027238      0.0027545      -0.050513      -0.066924      -0.044544      -0.066832      -0.058598      -0.055538
         4.1543       0.002679      0.0027581      0.0027109      0.0027832      0.0027216      0.0027533      -0.050613      -0.067043      -0.044817       -0.06714      -0.058708      -0.055831
         4.1602      0.0026773      0.0027555      0.0027105      0.0027812      0.0027195      0.0027522      -0.050712      -0.067157      -0.045089      -0.067447      -0.058816      -0.056124
          4.166      0.0026757      0.0027531      0.0027101      0.0027792      0.0027175       0.002751      -0.050807       -0.06727      -0.045361      -0.067753      -0.058921      -0.056416
         4.1719      0.0026742      0.0027508      0.0027097      0.0027771      0.0027156      0.0027498      -0.050898      -0.067381      -0.045633      -0.068059      -0.059023      -0.056708
         4.1777      0.0026729      0.0027486      0.0027093      0.0027751      0.0027139      0.0027486      -0.050987      -0.067489      -0.045906      -0.068364      -0.059123         -0.057
         4.1836      0.0026717      0.0027465      0.0027088       0.002773      0.0027122      0.0027474      -0.051073      -0.067597      -0.046178      -0.068668      -0.059221      -0.057291
         4.1895      0.0026706      0.0027445      0.0027083      0.0027709      0.0027107      0.0027461      -0.051157      -0.067704       -0.04645      -0.068971      -0.059318      -0.057582
         4.1953      0.0026697      0.0027427      0.0027078      0.0027688      0.0027094      0.0027449       -0.05124      -0.067812      -0.046721      -0.069273      -0.059414      -0.057872
         4.2012      0.0026649      0.0027357      0.0027073      0.0027666      0.0027035      0.0027436      -0.051005      -0.067596      -0.046993      -0.069575      -0.059191      -0.058162
          4.207      0.0026642      0.0027342      0.0027068      0.0027645      0.0027024      0.0027422      -0.051087      -0.067708      -0.047265      -0.069876       -0.05929      -0.058451
         4.2129      0.0026637      0.0027328      0.0027063      0.0027623      0.0027015      0.0027409       -0.05117      -0.067822      -0.047536      -0.070176      -0.059389       -0.05874
         4.2188      0.0026633      0.0027315      0.0027057        0.00276      0.0027007      0.0027395      -0.051254      -0.067939      -0.047808      -0.070475      -0.059491      -0.059028
         4.2246      0.0026631      0.0027303      0.0027051      0.0027578         0.0027      0.0027382       -0.05134       -0.06806      -0.048079      -0.070773      -0.059596      -0.059316
         4.2305      0.0026629      0.0027292      0.0027045      0.0027556      0.0026994      0.0027368      -0.051429      -0.068182       -0.04835       -0.07107      -0.059702      -0.059604
         4.2363      0.0026629      0.0027282      0.0027039      0.0027533      0.0026989      0.0027353      -0.051518      -0.068308      -0.048621      -0.071366      -0.059811      -0.059891
         4.2422       0.002663      0.0027274      0.0027033       0.002751      0.0026986      0.0027339       -0.05161       -0.06844      -0.048892      -0.071662      -0.059924      -0.060177
          4.248      0.0026632      0.0027266      0.0027026      0.0027487      0.0026983      0.0027324      -0.051706      -0.068576      -0.049162      -0.071956      -0.060042      -0.060463
         4.2539      0.0026635      0.0027259      0.0027019      0.0027463      0.0026981       0.002731      -0.051804      -0.068716      -0.049433       -0.07225      -0.060162      -0.060748
         4.2598      0.0026639      0.0027253      0.0027012       0.002744      0.0026981      0.0027295      -0.051907      -0.068863      -0.049703      -0.072543      -0.060288      -0.061033
         4.2656      0.0026644      0.0027247      0.0027005      0.0027416      0.0026981      0.0027279      -0.052017      -0.069017      -0.049973      -0.072835      -0.060422      -0.061318
         4.2715       0.002665      0.0027242      0.0026998      0.0027392      0.0026982      0.0027264      -0.052131      -0.069176      -0.050243      -0.073126       -0.06056      -0.061601
         4.2773      0.0026657      0.0027238      0.0026991      0.0027368      0.0026983      0.0027248       -0.05225       -0.06934      -0.050513      -0.073416      -0.060703      -0.061885
         4.2832      0.0026665      0.0027235      0.0026983      0.0027344      0.0026986      0.0027233      -0.052374      -0.069513      -0.050782      -0.073705      -0.060853      -0.062167
         4.2891      0.0026673      0.0027231      0.0026975      0.0027319      0.0026989      0.0027217      -0.052506      -0.069693      -0.051051      -0.073993      -0.061011      -0.062449
         4.2949      0.0026682      0.0027228      0.0026967      0.0027294      0.0026992      0.0027201      -0.052646       -0.06988       -0.05132       -0.07428      -0.061176      -0.062731
         4.3008      0.0026691      0.0027226      0.0026959       0.002727      0.0026996      0.0027184      -0.052792      -0.070075      -0.051589      -0.074567      -0.061348      -0.063012
         4.3066      0.0026701      0.0027224      0.0026951      0.0027245         0.0027      0.0027168      -0.052943      -0.070278      -0.051857      -0.074852      -0.061526      -0.063292
         4.3125      0.0026711      0.0027221      0.0026942      0.0027219      0.0027004      0.0027151      -0.053101      -0.070488      -0.052126      -0.075136      -0.061712      -0.063572
         4.3184      0.0026722      0.0027219      0.0026934      0.0027194      0.0027008      0.0027134      -0.053268      -0.070706      -0.052394       -0.07542      -0.061907      -0.063851
         4.3242      0.0026771      0.0027269      0.0026925      0.0027169      0.0027059      0.0027117      -0.053734      -0.071221      -0.052661      -0.075702      -0.062397       -0.06413
         4.3301      0.0026781      0.0027266      0.0026916      0.0027143      0.0027063        0.00271      -0.053911       -0.07145      -0.052929      -0.075984      -0.062602      -0.064408
         4.3359      0.0026792      0.0027263      0.0026907      0.0027117      0.0027067      0.0027083      -0.054097      -0.071688      -0.053196      -0.076264      -0.062815      -0.064685
         4.3418      0.0026802       0.002726      0.0026897      0.0027091      0.0027071      0.0027065      -0.054289      -0.071933      -0.053463      -0.076544      -0.063036      -0.064962
         4.3477      0.0026812      0.0027257      0.0026888      0.0027065      0.0027075      0.0027047      -0.054487      -0.072185       -0.05373      -0.076822      -0.063263      -0.065238
         4.3535      0.0026823      0.0027252      0.0026878      0.0027038      0.0027078      0.0027029      -0.054694      -0.072446      -0.053996        -0.0771      -0.063499      -0.065513
         4.3594      0.0026832      0.0027248      0.0026868      0.0027012      0.0027081      0.0027011      -0.054908      -0.072713      -0.054262      -0.077376      -0.063742      -0.065788
         4.3652      0.0026842      0.0027243      0.0026858      0.0026985      0.0027083      0.0026993      -0.055129      -0.072988      -0.054528      -0.077652      -0.063992      -0.066062
         4.3711       0.002685      0.0027237      0.0026848      0.0026959      0.0027085      0.0026975      -0.055358       -0.07327      -0.054793      -0.077926       -0.06425      -0.066336
          4.377      0.0026857       0.002723      0.0026838      0.0026932      0.0027085      0.0026956      -0.055591      -0.073559      -0.055058        -0.0782      -0.064513      -0.066609
         4.3828      0.0026864      0.0027222      0.0026828      0.0026905      0.0027086      0.0026937      -0.055817      -0.073855      -0.055323      -0.078472      -0.064776      -0.066881
         4.3887      0.0026873      0.0027214      0.0026817      0.0026877      0.0027086      0.0026918      -0.056052      -0.074158      -0.055587      -0.078744      -0.065048      -0.067153
         4.3945      0.0026882      0.0027204      0.0026806       0.002685      0.0027086      0.0026899      -0.056307      -0.074466      -0.055851      -0.079015      -0.065332      -0.067423
         4.4004      0.0026843      0.0027128      0.0026795      0.0026823      0.0027029       0.002688      -0.056385      -0.074583      -0.056115      -0.079284      -0.065436      -0.067694
         4.4063      0.0026847      0.0027116      0.0026784      0.0026795      0.0027025      0.0026861      -0.056656      -0.074906      -0.056378      -0.079553      -0.065736      -0.067963
         4.4121      0.0026851      0.0027102      0.0026773      0.0026767       0.002702      0.0026841      -0.056931      -0.075233      -0.056642       -0.07982      -0.066039      -0.068232
          4.418      0.0026853      0.0027086      0.0026761      0.0026739      0.0027014      0.0026822      -0.057212      -0.075565      -0.056904      -0.080087      -0.066349        -0.0685
         4.4238      0.0026854       0.002707       0.002675      0.0026711      0.0027007      0.0026802      -0.057496      -0.075901      -0.057167      -0.080352      -0.066662      -0.068768
         4.4297      0.0026854      0.0027052      0.0026738      0.0026683      0.0026998      0.0026782      -0.057785      -0.076242      -0.057429      -0.080617       -0.06698      -0.069035
         4.4355      0.0026853      0.0027032      0.0026726      0.0026655      0.0026988      0.0026762      -0.058079      -0.076586       -0.05769       -0.08088      -0.067302      -0.069301
         4.4414       0.002685      0.0027011      0.0026714      0.0026627      0.0026976      0.0026741      -0.058375      -0.076932      -0.057951      -0.081142      -0.067626      -0.069566
         4.4473      0.0026846      0.0026988      0.0026702      0.0026598      0.0026963      0.0026721      -0.058674      -0.077281      -0.058212      -0.081404      -0.067953      -0.069831
         4.4531      0.0026841      0.0026964       0.002669      0.0026569      0.0026949        0.00267      -0.058976      -0.077632      -0.058473      -0.081664      -0.068283      -0.070095
          4.459      0.0026835      0.0026939      0.0026677      0.0026541      0.0026933       0.002668      -0.059281      -0.077985      -0.058733      -0.081923      -0.068615      -0.070358
         4.4648      0.0026827      0.0026911      0.0026665      0.0026512      0.0026916      0.0026659      -0.059588      -0.078339      -0.058992      -0.082182      -0.068949       -0.07062
         4.4707      0.0026817      0.0026882      0.0026652      0.0026483      0.0026897      0.0026638      -0.059898      -0.078693      -0.059252      -0.082439      -0.069284      -0.070882
         4.4766      0.0026806      0.0026852      0.0026639      0.0026454      0.0026876      0.0026617      -0.060207      -0.079046       -0.05951      -0.082695      -0.069618      -0.071143
         4.4824      0.0026793       0.002682      0.0026626      0.0026425      0.0026854      0.0026595      -0.060515        -0.0794      -0.059769       -0.08295      -0.069953      -0.071404
         4.4883      0.0026779      0.0026786      0.0026613      0.0026395       0.002683      0.0026574      -0.060825      -0.079754      -0.060027      -0.083204      -0.070288      -0.071663
         4.4941      0.0026764       0.002675        0.00266      0.0026366      0.0026805      0.0026553      -0.061133      -0.080104      -0.060285      -0.083458      -0.070621      -0.071922
            4.5      0.0026747      0.0026713      0.0026586      0.0026337      0.0026778      0.0026531       -0.06144      -0.080453      -0.060542       -0.08371      -0.070952       -0.07218
         4.5059      0.0026728      0.0026674      0.0026572      0.0026307      0.0026749      0.0026509      -0.061746        -0.0808      -0.060798      -0.083961      -0.071282      -0.072438
         4.5117      0.0026708      0.0026634      0.0026559      0.0026277      0.0026719      0.0026487      -0.062049      -0.081142      -0.061055      -0.084211      -0.071609      -0.072694
         4.5176      0.0026686      0.0026592      0.0026545      0.0026248      0.0026687      0.0026465      -0.062348      -0.081479      -0.061311       -0.08446       -0.07193       -0.07295
         4.5234      0.0026663      0.0026549      0.0026531      0.0026218      0.0026654      0.0026443      -0.062643      -0.081813      -0.061566      -0.084707      -0.072249      -0.073206
         4.5293      0.0026692      0.0026576      0.0026517      0.0026188      0.0026683      0.0026421      -0.063107       -0.08232      -0.061821      -0.084954      -0.072734       -0.07346
         4.5352      0.0026667      0.0026531      0.0026502      0.0026158      0.0026648      0.0026398      -0.063395      -0.082643      -0.062076        -0.0852      -0.073043      -0.073714
          4.541      0.0026641      0.0026485      0.0026488      0.0026128      0.0026611      0.0026376      -0.063679      -0.082961       -0.06233      -0.085445      -0.073348      -0.073967
         4.5469      0.0026613      0.0026437      0.0026473      0.0026097      0.0026574      0.0026353      -0.063956      -0.083272      -0.062583      -0.085689      -0.073646      -0.074219
         4.5527      0.0026585      0.0026388      0.0026458      0.0026067      0.0026535      0.0026331      -0.064227      -0.083576      -0.062836      -0.085931      -0.073937       -0.07447
         4.5586      0.0026555      0.0026338      0.0026444      0.0026037      0.0026495      0.0026308      -0.064492      -0.083874      -0.063089      -0.086173      -0.074223      -0.074721
         4.5645      0.0026525      0.0026286      0.0026429      0.0026006      0.0026454      0.0026285      -0.064753      -0.084163      -0.063341      -0.086414      -0.074502      -0.074971
         4.5703      0.0026493      0.0026234      0.0026413      0.0025976      0.0026412      0.0026262      -0.065007      -0.084443      -0.063593      -0.086653      -0.074772       -0.07522
         4.5762      0.0026461      0.0026182      0.0026398      0.0025945       0.002637      0.0026238      -0.065254      -0.084716      -0.063844      -0.086892      -0.075036      -0.075468
          4.582      0.0026428      0.0026128      0.0026383      0.0025914      0.0026327      0.0026215      -0.065493      -0.084981      -0.064095      -0.087129      -0.075293      -0.075715
         4.5879      0.0026394      0.0026074      0.0026367      0.0025883      0.0026282      0.0026192      -0.065725      -0.085236      -0.064345      -0.087366       -0.07554      -0.075962
         4.5938      0.0026359       0.002602      0.0026352      0.0025852      0.0026238      0.0026168      -0.065947      -0.085482      -0.064595      -0.087601      -0.075778      -0.076208
         4.5996      0.0026257      0.0025876      0.0026336      0.0025822      0.0026114      0.0026144      -0.065889      -0.085397      -0.064844      -0.087835      -0.075714      -0.076453
         4.6055      0.0026222      0.0025821       0.002632      0.0025791      0.0026069      0.0026121      -0.066095      -0.085619      -0.065093      -0.088069      -0.075932      -0.076698
         4.6113      0.0026187      0.0025767      0.0026304      0.0025759      0.0026024      0.0026097       -0.06629      -0.085832      -0.065341      -0.088301       -0.07614      -0.076941
         4.6172      0.0026152      0.0025712      0.0026288      0.0025728      0.0025979      0.0026073      -0.066476      -0.086035      -0.065589      -0.088532      -0.076338      -0.077184
          4.623      0.0026118      0.0025659      0.0026272      0.0025697      0.0025935      0.0026049      -0.066653      -0.086228      -0.065836      -0.088762      -0.076528      -0.077426
         4.6289      0.0026084      0.0025605      0.0026255      0.0025666      0.0025891      0.0026025      -0.066822      -0.086413      -0.066083      -0.088992      -0.076708      -0.077667
         4.6348      0.0026051      0.0025552      0.0026239      0.0025634      0.0025848         0.0026      -0.066987      -0.086588      -0.066329       -0.08922      -0.076883      -0.077908
         4.6406      0.0026017      0.0025499      0.0026222      0.0025603      0.0025805      0.0025976      -0.067149      -0.086754      -0.066574      -0.089447       -0.07705      -0.078147
         4.6465      0.0025984      0.0025448      0.0026205      0.0025572      0.0025762      0.0025951      -0.067297      -0.086912      -0.066819      -0.089673      -0.077207      -0.078386
         4.6523      0.0025951      0.0025397      0.0026189       0.002554       0.002572      0.0025927      -0.067435      -0.087061      -0.067064      -0.089898      -0.077354      -0.078624
         4.6582       0.002592      0.0025347      0.0026172      0.0025508      0.0025679      0.0025902      -0.067568      -0.087202      -0.067308      -0.090122      -0.077495      -0.078861
         4.6641       0.002589      0.0025298      0.0026154      0.0025477      0.0025639      0.0025877      -0.067692      -0.087335      -0.067551      -0.090345      -0.077627      -0.079098
         4.6699       0.002586       0.002525      0.0026137      0.0025445        0.00256      0.0025853      -0.067807      -0.087458      -0.067794      -0.090567       -0.07775      -0.079333
         4.6758      0.0025832      0.0025204       0.002612      0.0025413      0.0025563      0.0025828      -0.067917      -0.087574      -0.068037      -0.090787      -0.077867      -0.079568
         4.6816      0.0025805      0.0025159      0.0026102      0.0025382      0.0025526      0.0025803      -0.068022      -0.087684      -0.068278      -0.091007      -0.077978      -0.079802
         4.6875      0.0025779      0.0025115      0.0026085       0.002535      0.0025491      0.0025778       -0.06812      -0.087786       -0.06852      -0.091226      -0.078082      -0.080035
         4.6934      0.0025754      0.0025073      0.0026067      0.0025318      0.0025458      0.0025752       -0.06821      -0.087882       -0.06876      -0.091444      -0.078178      -0.080268
         4.6992      0.0025731      0.0025032       0.002605      0.0025286      0.0025425      0.0025727      -0.068295      -0.087972         -0.069      -0.091661       -0.07827      -0.080499
         4.7051       0.002571      0.0024992      0.0026032      0.0025254      0.0025394      0.0025702      -0.068374      -0.088057       -0.06924      -0.091876      -0.078355       -0.08073
         4.7109      0.0025689      0.0024955      0.0026014      0.0025222      0.0025365      0.0025676      -0.068448      -0.088135      -0.069479      -0.092091      -0.078435       -0.08096
         4.7168      0.0025671      0.0024919      0.0025996       0.002519      0.0025338      0.0025651      -0.068518       -0.08821      -0.069717      -0.092305      -0.078511      -0.081189
         4.7227      0.0025654      0.0024884      0.0025977      0.0025158      0.0025312      0.0025625      -0.068585      -0.088281      -0.069955      -0.092517      -0.078583      -0.081417
         4.7285      0.0025639      0.0024852      0.0025959      0.0025125      0.0025288        0.00256      -0.068649       -0.08835      -0.070192      -0.092729      -0.078653      -0.081645
         4.7344      0.0025691      0.0024905      0.0025941      0.0025093      0.0025341      0.0025574      -0.069005      -0.088755      -0.070429      -0.092939      -0.079034      -0.081871
         4.7402      0.0025678      0.0024875      0.0025922      0.0025061      0.0025319      0.0025548      -0.069069      -0.088825      -0.070665      -0.093149      -0.079104      -0.082097
         4.7461      0.0025667      0.0024847      0.0025904      0.0025029      0.0025299      0.0025522      -0.069129      -0.088894        -0.0709      -0.093357      -0.079172      -0.082322
          4.752      0.0025658      0.0024821      0.0025885      0.0024996      0.0025281      0.0025496      -0.069191      -0.088961      -0.071135      -0.093565       -0.07924      -0.082546
         4.7578      0.0025651      0.0024796      0.0025866      0.0024964      0.0025265       0.002547      -0.069252      -0.089028      -0.071369      -0.093771      -0.079308      -0.082769
         4.7637      0.0025644      0.0024773      0.0025847      0.0024932       0.002525      0.0025444      -0.069313      -0.089095      -0.071603      -0.093977      -0.079375      -0.082992
         4.7695       0.002564      0.0024751      0.0025828      0.0024899      0.0025237      0.0025418      -0.069374      -0.089164      -0.071835      -0.094181      -0.079444      -0.083213
         4.7754      0.0025637      0.0024732      0.0025809      0.0024867      0.0025225      0.0025391      -0.069437      -0.089235      -0.072068      -0.094385      -0.079514      -0.083434
         4.7813      0.0025636      0.0024713       0.002579      0.0024834      0.0025215      0.0025365      -0.069503      -0.089309      -0.072299      -0.094587      -0.079588      -0.083654
         4.7871      0.0025637      0.0024697      0.0025771      0.0024802      0.0025207      0.0025339      -0.069573      -0.089387      -0.072531      -0.094788      -0.079665      -0.083873
          4.793      0.0025639      0.0024682      0.0025751      0.0024769        0.00252      0.0025312      -0.069645      -0.089469      -0.072761      -0.094989      -0.079746      -0.084091
         4.7988      0.0025642      0.0024668      0.0025732      0.0024736      0.0025195      0.0025286      -0.069721      -0.089556      -0.072991      -0.095188      -0.079831      -0.084309
         4.8047      0.0025606      0.0024595      0.0025712      0.0024704      0.0025139      0.0025259      -0.069539       -0.08932       -0.07322      -0.095386      -0.079629      -0.084525
         4.8105      0.0025612      0.0024584      0.0025692      0.0024671      0.0025136      0.0025232      -0.069629      -0.089423      -0.073449      -0.095584      -0.079729      -0.084741
         4.8164       0.002562      0.0024575      0.0025673      0.0024639      0.0025135      0.0025206      -0.069727      -0.089532      -0.073676       -0.09578      -0.079836      -0.084956
         4.8223      0.0025628      0.0024566      0.0025653      0.0024606      0.0025135      0.0025179      -0.069831      -0.089649      -0.073904      -0.095975       -0.07995       -0.08517
         4.8281      0.0025638      0.0024559      0.0025633      0.0024573      0.0025136      0.0025152      -0.069941      -0.089774       -0.07413       -0.09617      -0.080071      -0.085383
          4.834      0.0025649      0.0024552      0.0025613       0.002454      0.0025138      0.0025125      -0.070062      -0.089906      -0.074356      -0.096363      -0.080201      -0.085595
         4.8398       0.002566      0.0024546      0.0025593      0.0024508       0.002514      0.0025098      -0.070194      -0.090047      -0.074581      -0.096555      -0.080341      -0.085807
         4.8457      0.0025671      0.0024541      0.0025573      0.0024475      0.0025142      0.0025071      -0.070328      -0.090197      -0.074806      -0.096746      -0.080486      -0.086017
         4.8516      0.0025683      0.0024537      0.0025552      0.0024442      0.0025146      0.0025044      -0.070465      -0.090355       -0.07503      -0.096937      -0.080637      -0.086227
         4.8574      0.0025696      0.0024533      0.0025532      0.0024409       0.002515      0.0025017      -0.070611      -0.090522      -0.075253      -0.097126      -0.080797      -0.086436
         4.8633       0.002571      0.0024529      0.0025512      0.0024376      0.0025155       0.002499      -0.070767      -0.090699      -0.075476      -0.097314      -0.080967      -0.086644
         4.8691      0.0025723      0.0024526      0.0025491      0.0024343       0.002516      0.0024963      -0.070931      -0.090886      -0.075698      -0.097501      -0.081147      -0.086851
          4.875      0.0025737      0.0024522      0.0025471      0.0024311      0.0025165      0.0024935      -0.071102      -0.091081      -0.075919      -0.097688      -0.081334      -0.087057
         4.8809      0.0025751      0.0024519       0.002545      0.0024278       0.002517      0.0024908      -0.071281      -0.091286       -0.07614      -0.097873      -0.081529      -0.087263
         4.8867      0.0025765      0.0024516      0.0025429      0.0024245      0.0025175      0.0024881      -0.071471      -0.091502       -0.07636      -0.098057      -0.081736      -0.087467
         4.8926      0.0025779      0.0024512      0.0025409      0.0024212       0.002518      0.0024853      -0.071671      -0.091728      -0.076579       -0.09824      -0.081952      -0.087671
         4.8984      0.0025792      0.0024508      0.0025388      0.0024179      0.0025184      0.0024826      -0.071876      -0.091962      -0.076797      -0.098423      -0.082176      -0.087874
         4.9043      0.0025805      0.0024503      0.0025367      0.0024146      0.0025188      0.0024798       -0.07209      -0.092205      -0.077015      -0.098604      -0.082408      -0.088076
         4.9102      0.0025817      0.0024498      0.0025346      0.0024113      0.0025191      0.0024771      -0.072312      -0.092459      -0.077232      -0.098784       -0.08265      -0.088277
          4.916      0.0025829      0.0024492      0.0025325       0.002408      0.0025193      0.0024743      -0.072541      -0.092721      -0.077449      -0.098963      -0.082899      -0.088478
         4.9219       0.002584      0.0024485      0.0025304      0.0024047      0.0025195      0.0024716      -0.072779      -0.092992      -0.077665      -0.099142      -0.083158      -0.088677
         4.9277       0.002585      0.0024478      0.0025282      0.0024014      0.0025196      0.0024688      -0.073027      -0.093273       -0.07788      -0.099319      -0.083426      -0.088876
         4.9336      0.0025858      0.0024468      0.0025261      0.0023981      0.0025195       0.002466      -0.073278      -0.093561      -0.078094      -0.099495        -0.0837      -0.089073
         4.9395      0.0025866      0.0024458       0.002524      0.0023948      0.0025194      0.0024632      -0.073536      -0.093855      -0.078308      -0.099671       -0.08398       -0.08927
         4.9453      0.0025915      0.0024508      0.0025219      0.0023915      0.0025244      0.0024605      -0.074019      -0.094422      -0.078521      -0.099845      -0.084505      -0.089466
         4.9512      0.0025921      0.0024496      0.0025197      0.0023882      0.0025241      0.0024577      -0.074286      -0.094727      -0.078733       -0.10002      -0.084796      -0.089661
          4.957      0.0025925      0.0024483      0.0025176      0.0023849      0.0025236      0.0024549      -0.074559      -0.095039      -0.078945       -0.10019      -0.085093      -0.089855
         4.9629      0.0025928      0.0024468      0.0025154      0.0023816      0.0025229      0.0024521      -0.074836      -0.095357      -0.079155       -0.10036      -0.085394      -0.090049
         4.9688       0.002593      0.0024451      0.0025133      0.0023783      0.0025222      0.0024493      -0.075118      -0.095681      -0.079366       -0.10053      -0.085701      -0.090241
         4.9746       0.002593      0.0024433      0.0025111       0.002375      0.0025212      0.0024465      -0.075406      -0.096011      -0.079575        -0.1007      -0.086015      -0.090433
         4.9805      0.0025928      0.0024414      0.0025089      0.0023717      0.0025201      0.0024437      -0.075696      -0.096345      -0.079784       -0.10087      -0.086331      -0.090624
         4.9863      0.0025925      0.0024393      0.0025068      0.0023684      0.0025189      0.0024409       -0.07599      -0.096682      -0.079992       -0.10104      -0.086652      -0.090814
         4.9922      0.0025921       0.002437      0.0025046      0.0023651      0.0025175      0.0024381       -0.07629      -0.097026      -0.080199        -0.1012      -0.086978      -0.091003
          4.998      0.0025914      0.0024345      0.0025024      0.0023618      0.0025159      0.0024353      -0.076592      -0.097373      -0.080406       -0.10137      -0.087307      -0.091191
         5.0039      0.0025839       0.002423      0.0025002      0.0023585      0.0025062      0.0024325      -0.076729      -0.097499      -0.080612       -0.10153      -0.087448      -0.091378
         5.0098      0.0025828      0.0024201       0.002498      0.0023552      0.0025041      0.0024297       -0.07703      -0.097846      -0.080817        -0.1017      -0.087777      -0.091565
         5.0156      0.0025815       0.002417      0.0024958      0.0023519      0.0025019      0.0024269       -0.07733      -0.098192      -0.081021       -0.10186      -0.088105       -0.09175
         5.0215      0.0025801      0.0024137      0.0024936      0.0023486      0.0024995      0.0024241      -0.077629      -0.098539      -0.081225       -0.10202      -0.088433      -0.091935
         5.0273      0.0025785      0.0024102      0.0024914      0.0023453      0.0024969      0.0024213      -0.077928      -0.098885      -0.081428       -0.10218       -0.08876      -0.092119
         5.0332      0.0025767      0.0024066      0.0024892       0.002342      0.0024942      0.0024185      -0.078225      -0.099229      -0.081631       -0.10234      -0.089086      -0.092302
         5.0391      0.0025748      0.0024028       0.002487      0.0023387      0.0024912      0.0024156       -0.07852       -0.09957      -0.081832        -0.1025      -0.089409      -0.092484
         5.0449      0.0025726      0.0023988      0.0024848      0.0023354      0.0024882      0.0024128      -0.078812      -0.099908      -0.082033       -0.10266       -0.08973      -0.092665
         5.0508      0.0025704      0.0023947      0.0024826      0.0023321      0.0024849        0.00241        -0.0791       -0.10024      -0.082234       -0.10281      -0.090045      -0.092846
         5.0566      0.0025679      0.0023905      0.0024803      0.0023288      0.0024815      0.0024072      -0.079383       -0.10057      -0.082433       -0.10297      -0.090356      -0.093026
         5.0625      0.0025654      0.0023861      0.0024781      0.0023255       0.002478      0.0024043      -0.079661       -0.10089      -0.082632       -0.10312      -0.090663      -0.093204
         5.0684      0.0025627      0.0023815      0.0024759      0.0023222      0.0024743      0.0024015       -0.07993       -0.10121       -0.08283       -0.10328      -0.090963      -0.093382
         5.0742      0.0025599      0.0023768      0.0024737      0.0023189      0.0024705      0.0023987      -0.080197       -0.10153      -0.083028       -0.10343      -0.091258      -0.093559
         5.0801       0.002557       0.002372      0.0024714      0.0023156      0.0024666      0.0023959      -0.080461       -0.10183      -0.083224       -0.10358      -0.091548      -0.093735
         5.0859      0.0025539      0.0023671      0.0024692      0.0023123      0.0024625       0.002393      -0.080716       -0.10213      -0.083421       -0.10373       -0.09183      -0.093911
         5.0918      0.0025507      0.0023621       0.002467       0.002309      0.0024583      0.0023902      -0.080963       -0.10242      -0.083616       -0.10388      -0.092104      -0.094085
         5.0977      0.0025474      0.0023569      0.0024647      0.0023057      0.0024541      0.0023874      -0.081203        -0.1027      -0.083811       -0.10403      -0.092371      -0.094259
         5.1035       0.002544      0.0023517      0.0024625      0.0023024      0.0024497      0.0023845      -0.081434       -0.10298      -0.084005       -0.10418      -0.092629      -0.094432
         5.1094      0.0025405      0.0023464      0.0024602      0.0022991      0.0024452      0.0023817      -0.081655       -0.10324      -0.084198       -0.10433      -0.092877      -0.094604
         5.1152       0.002537       0.002341       0.002458      0.0022958      0.0024407      0.0023789       -0.08187       -0.10349      -0.084391       -0.10447      -0.093118      -0.094775
         5.1211      0.0025333      0.0023356      0.0024558      0.0022925      0.0024361       0.002376      -0.082073       -0.10374      -0.084583       -0.10462      -0.093348      -0.094945
          5.127      0.0025297      0.0023301      0.0024535      0.0022892      0.0024315      0.0023732      -0.082265       -0.10398      -0.084775       -0.10476      -0.093568      -0.095115
         5.1328      0.0025261      0.0023246      0.0024513      0.0022859      0.0024268      0.0023704      -0.082453        -0.1042      -0.084966        -0.1049      -0.093781      -0.095284
         5.1387      0.0025224       0.002319       0.002449      0.0022827      0.0024221      0.0023675      -0.082636       -0.10442      -0.085156       -0.10505      -0.093986      -0.095451
         5.1445      0.0025186      0.0023134      0.0024468      0.0022794      0.0024173      0.0023647      -0.082807       -0.10462      -0.085346       -0.10519       -0.09418      -0.095619
         5.1504      0.0025221      0.0023168      0.0024445      0.0022761      0.0024208      0.0023619      -0.083148       -0.10504      -0.085534       -0.10533       -0.09456      -0.095785
         5.1563      0.0025183      0.0023112      0.0024423      0.0022728      0.0024161       0.002359      -0.083305       -0.10523      -0.085723       -0.10547       -0.09474       -0.09595
         5.1621      0.0025146      0.0023057        0.00244      0.0022695      0.0024113      0.0023562      -0.083454       -0.10541      -0.085911       -0.10561       -0.09491      -0.096115
          5.168      0.0025108      0.0023001      0.0024378      0.0022663      0.0024066      0.0023534      -0.083594       -0.10558      -0.086098       -0.10574       -0.09507      -0.096279
         5.1738      0.0025071      0.0022946      0.0024355       0.002263      0.0024019      0.0023505      -0.083725       -0.10574      -0.086284       -0.10588      -0.095221      -0.096442
         5.1797      0.0025034      0.0022891      0.0024333      0.0022597      0.0023972      0.0023477      -0.083848       -0.10589       -0.08647       -0.10601      -0.095363      -0.096604
         5.1855      0.0024997      0.0022836       0.002431      0.0022564      0.0023925      0.0023449      -0.083961       -0.10603      -0.086656       -0.10615      -0.095496      -0.096765
         5.1914      0.0024961      0.0022782      0.0024288      0.0022532      0.0023879       0.002342      -0.084067       -0.10616      -0.086841       -0.10628      -0.095621      -0.096926
         5.1973      0.0024925      0.0022728      0.0024265      0.0022499      0.0023833      0.0023392      -0.084166       -0.10629      -0.087025       -0.10641      -0.095737      -0.097086
         5.2031       0.002482      0.0022583      0.0024243      0.0022466      0.0023705      0.0023364      -0.083932       -0.10597      -0.087209       -0.10655      -0.095469      -0.097245
          5.209      0.0024786      0.0022531       0.002422      0.0022434      0.0023661      0.0023335      -0.084014       -0.10607      -0.087392       -0.10668      -0.095568      -0.097404
         5.2148      0.0024752       0.002248      0.0024198      0.0022401      0.0023618      0.0023307       -0.08409       -0.10616      -0.087574       -0.10681      -0.095659      -0.097561
         5.2207      0.0024719       0.002243      0.0024175      0.0022369      0.0023575      0.0023279      -0.084159       -0.10625      -0.087757       -0.10693      -0.095741      -0.097718
         5.2266      0.0024687       0.002238      0.0024152      0.0022336      0.0023534      0.0023251      -0.084224       -0.10633      -0.087938       -0.10706      -0.095818      -0.097874
         5.2324      0.0024656      0.0022332       0.002413      0.0022304      0.0023493      0.0023222      -0.084284        -0.1064       -0.08812       -0.10719      -0.095891      -0.098029
         5.2383      0.0024625      0.0022284      0.0024107      0.0022271      0.0023453      0.0023194      -0.084338       -0.10647        -0.0883       -0.10731      -0.095959      -0.098184
         5.2441      0.0024595      0.0022238      0.0024085      0.0022239      0.0023414      0.0023166      -0.084388       -0.10653       -0.08848       -0.10744       -0.09602      -0.098338
           5.25      0.0024567      0.0022192      0.0024062      0.0022206      0.0023376      0.0023138      -0.084434       -0.10659       -0.08866       -0.10756      -0.096076      -0.098491
         5.2559      0.0024539      0.0022148       0.002404      0.0022174      0.0023339       0.002311      -0.084476       -0.10664       -0.08884       -0.10769      -0.096129      -0.098643
         5.2617      0.0024513      0.0022104      0.0024018      0.0022141      0.0023303      0.0023081      -0.084516       -0.10669      -0.089018       -0.10781      -0.096178      -0.098795
         5.2676      0.0024487      0.0022062      0.0023995      0.0022109      0.0023268      0.0023053      -0.084554       -0.10674      -0.089197       -0.10793      -0.096225      -0.098946
         5.2734      0.0024463      0.0022021      0.0023973      0.0022077      0.0023234      0.0023025      -0.084592       -0.10678      -0.089375       -0.10805       -0.09627      -0.099096
         5.2793      0.0024439       0.002198       0.002395      0.0022044      0.0023201      0.0022997      -0.084627       -0.10682      -0.089552       -0.10817      -0.096313      -0.099246
         5.2852      0.0024416      0.0021941      0.0023928      0.0022012      0.0023169      0.0022969      -0.084659       -0.10686       -0.08973       -0.10828      -0.096352      -0.099395
          5.291      0.0024396      0.0021903      0.0023905       0.002198      0.0023138      0.0022941      -0.084692       -0.10689      -0.089907        -0.1084       -0.09639      -0.099543
         5.2969      0.0024375      0.0021866      0.0023883      0.0021947      0.0023109      0.0022913      -0.084728       -0.10692      -0.090083       -0.10852      -0.096429       -0.09969
         5.3027      0.0024356      0.0021831       0.002386      0.0021915       0.002308      0.0022884      -0.084762       -0.10696      -0.090259       -0.10863      -0.096467      -0.099837
         5.3086      0.0024338      0.0021797      0.0023838      0.0021883      0.0023053      0.0022856      -0.084795       -0.10699      -0.090435       -0.10875      -0.096505      -0.099983
         5.3145      0.0024322      0.0021763      0.0023815      0.0021851      0.0023028      0.0022828      -0.084833       -0.10702       -0.09061       -0.10886      -0.096546       -0.10013
         5.3203      0.0024307      0.0021731      0.0023793      0.0021819      0.0023003        0.00228      -0.084875       -0.10706      -0.090785       -0.10897      -0.096588       -0.10027
         5.3262      0.0024294      0.0021701      0.0023771      0.0021787       0.002298      0.0022772      -0.084922       -0.10709       -0.09096       -0.10908      -0.096634       -0.10042
          5.332      0.0024281      0.0021672      0.0023748      0.0021755      0.0022958      0.0022744      -0.084975       -0.10714      -0.091135       -0.10919      -0.096685       -0.10056
         5.3379      0.0024269      0.0021643      0.0023726      0.0021723      0.0022936      0.0022716      -0.085033       -0.10718      -0.091309        -0.1093      -0.096741        -0.1007
         5.3438      0.0024258      0.0021616      0.0023703      0.0021691      0.0022916      0.0022688      -0.085099       -0.10723      -0.091482       -0.10941      -0.096803       -0.10085
         5.3496      0.0024248       0.002159      0.0023681      0.0021659      0.0022897       0.002266      -0.085172       -0.10729      -0.091656       -0.10952      -0.096872       -0.10099
         5.3555      0.0024302      0.0021645      0.0023658      0.0021627      0.0022952      0.0022632      -0.085577       -0.10775      -0.091829       -0.10963      -0.097306       -0.10113
         5.3613      0.0024292      0.0021619      0.0023636      0.0021595      0.0022933      0.0022604      -0.085662       -0.10782      -0.092002       -0.10973      -0.097384       -0.10127
         5.3672      0.0024283      0.0021594      0.0023613      0.0021563      0.0022915      0.0022576      -0.085753       -0.10788      -0.092175       -0.10984      -0.097468       -0.10141
          5.373      0.0024275       0.002157      0.0023591      0.0021531      0.0022898      0.0022548      -0.085853       -0.10796      -0.092348       -0.10994      -0.097559       -0.10155
         5.3789      0.0024266      0.0021547      0.0023568      0.0021499      0.0022881      0.0022521      -0.085959       -0.10804       -0.09252       -0.11004      -0.097655       -0.10168
         5.3848      0.0024259      0.0021524      0.0023546      0.0021468      0.0022865      0.0022493       -0.08607       -0.10812      -0.092692       -0.11014      -0.097757       -0.10182
         5.3906      0.0024253      0.0021502      0.0023524      0.0021436      0.0022849      0.0022465      -0.086191       -0.10822      -0.092863       -0.11025      -0.097867       -0.10196
         5.3965      0.0024247      0.0021481      0.0023501      0.0021404      0.0022835      0.0022437      -0.086322       -0.10832      -0.093035       -0.11035      -0.097985       -0.10209
         5.4023      0.0024182      0.0021382      0.0023479      0.0021373      0.0022749      0.0022409      -0.086254       -0.10804      -0.093206       -0.11044       -0.09782       -0.10223
         5.4082      0.0024176      0.0021361      0.0023456      0.0021341      0.0022734      0.0022381       -0.08641       -0.10816      -0.093377       -0.11054       -0.09796       -0.10237
         5.4141      0.0024169      0.0021341      0.0023433       0.002131       0.002272      0.0022353      -0.086576       -0.10829      -0.093548       -0.11064      -0.098108        -0.1025
         5.4199      0.0024163      0.0021321      0.0023411      0.0021278      0.0022705      0.0022325       -0.08675       -0.10842      -0.093719       -0.11074      -0.098264       -0.10263
         5.4258      0.0024157      0.0021301      0.0023388      0.0021247      0.0022691      0.0022298      -0.086933       -0.10856      -0.093889       -0.11083      -0.098427       -0.10277
         5.4316       0.002415      0.0021281      0.0023366      0.0021215      0.0022677       0.002227      -0.087124       -0.10871      -0.094059       -0.11092      -0.098597        -0.1029
         5.4375      0.0024144      0.0021262      0.0023343      0.0021184      0.0022663      0.0022242      -0.087325       -0.10886      -0.094229       -0.11102      -0.098776       -0.10303
         5.4434      0.0024138      0.0021242       0.002332      0.0021152      0.0022649      0.0022214      -0.087537       -0.10902      -0.094399       -0.11111      -0.098964       -0.10316
         5.4492      0.0024131      0.0021223      0.0023298      0.0021121      0.0022635      0.0022186       -0.08776       -0.10919      -0.094569        -0.1112      -0.099161       -0.10329
         5.4551      0.0024124      0.0021204      0.0023275       0.002109      0.0022621      0.0022159      -0.087994       -0.10936      -0.094738       -0.11129      -0.099367       -0.10342
         5.4609      0.0024115      0.0021184      0.0023252      0.0021059      0.0022605      0.0022131      -0.088233       -0.10954      -0.094907       -0.11138      -0.099577       -0.10355
         5.4668      0.0024107      0.0021164       0.002323      0.0021028       0.002259      0.0022103      -0.088478       -0.10972      -0.095076       -0.11147      -0.099793       -0.10368
         5.4727      0.0024099      0.0021144      0.0023207      0.0020996      0.0022575      0.0022075      -0.088733       -0.10991      -0.095245       -0.11156       -0.10002       -0.10381
         5.4785      0.0024089      0.0021124      0.0023184      0.0020965      0.0022559      0.0022048      -0.088995       -0.11011      -0.095414       -0.11164       -0.10025       -0.10394
         5.4844      0.0024079      0.0021104      0.0023161      0.0020934      0.0022542       0.002202      -0.089263       -0.11031      -0.095582       -0.11173       -0.10048       -0.10406
         5.4902      0.0024069      0.0021083      0.0023138      0.0020903      0.0022526      0.0021992      -0.089538       -0.11052       -0.09575       -0.11181       -0.10072       -0.10419
         5.4961      0.0024058      0.0021062      0.0023116      0.0020872      0.0022509      0.0021964      -0.089822       -0.11073      -0.095918        -0.1119       -0.10097       -0.10432
          5.502      0.0024045       0.002104      0.0023093      0.0020841      0.0022491      0.0021937       -0.09011       -0.11094      -0.096086       -0.11198       -0.10122       -0.10444
         5.5078      0.0024033      0.0021018       0.002307       0.002081      0.0022472      0.0021909      -0.090402       -0.11115      -0.096253       -0.11206       -0.10147       -0.10457
         5.5137      0.0024019      0.0020996      0.0023047       0.002078      0.0022453      0.0021881        -0.0907       -0.11137      -0.096421       -0.11214       -0.10173       -0.10469
         5.5195      0.0024004      0.0020973      0.0023024      0.0020749      0.0022433      0.0021853      -0.091003       -0.11159      -0.096588       -0.11222       -0.10199       -0.10481
         5.5254      0.0023988      0.0020949      0.0023001      0.0020718      0.0022412      0.0021826      -0.091313       -0.11181      -0.096755        -0.1123       -0.10225       -0.10494
         5.5313       0.002397      0.0020925      0.0022977      0.0020687       0.002239      0.0021798      -0.091627       -0.11203      -0.096921       -0.11238       -0.10252       -0.10506
         5.5371      0.0023951        0.00209      0.0022954      0.0020657      0.0022367       0.002177      -0.091935       -0.11225      -0.097087       -0.11246       -0.10278       -0.10518
          5.543      0.0023932      0.0020874      0.0022931      0.0020626      0.0022344      0.0021743       -0.09224       -0.11247      -0.097254       -0.11253       -0.10305        -0.1053
         5.5488      0.0023914      0.0020848      0.0022908      0.0020596       0.002232      0.0021715      -0.092555       -0.11269      -0.097419       -0.11261       -0.10331       -0.10542
         5.5547      0.0023893      0.0020821      0.0022885      0.0020565      0.0022295      0.0021687      -0.092879       -0.11291      -0.097585       -0.11268       -0.10358       -0.10554
         5.5605      0.0023934      0.0020868      0.0022861      0.0020535      0.0022341       0.002166      -0.093366       -0.11341       -0.09775       -0.11276       -0.10408       -0.10566
         5.5664      0.0023913      0.0020841      0.0022838      0.0020504      0.0022315      0.0021632       -0.09369       -0.11363      -0.097915       -0.11283       -0.10434       -0.10577
         5.5723      0.0023889      0.0020812      0.0022814      0.0020474      0.0022288      0.0021604      -0.094016       -0.11384       -0.09808        -0.1129       -0.10461       -0.10589
         5.5781      0.0023864      0.0020783      0.0022791      0.0020444       0.002226      0.0021577      -0.094341       -0.11406      -0.098244       -0.11297       -0.10488       -0.10601
          5.584      0.0023839      0.0020754      0.0022767      0.0020414      0.0022231      0.0021549      -0.094668       -0.11427      -0.098409       -0.11304       -0.10515       -0.10612
         5.5898      0.0023812      0.0020723      0.0022744      0.0020383      0.0022202      0.0021521      -0.094996       -0.11448      -0.098572       -0.11311       -0.10541       -0.10624
         5.5957      0.0023784      0.0020692       0.002272      0.0020353      0.0022172      0.0021494      -0.095321       -0.11468      -0.098736       -0.11318       -0.10567       -0.10636
         5.6016      0.0023675       0.002057      0.0022697      0.0020323      0.0022053      0.0021466      -0.095469       -0.11445      -0.098899       -0.11325       -0.10563       -0.10647
         5.6074      0.0023645      0.0020538      0.0022673      0.0020293      0.0022021      0.0021439      -0.095789       -0.11465      -0.099062       -0.11331       -0.10588       -0.10658
         5.6133      0.0023615      0.0020506      0.0022649      0.0020263      0.0021989      0.0021411      -0.096108       -0.11484      -0.099225       -0.11338       -0.10613        -0.1067
         5.6191      0.0023585      0.0020472      0.0022625      0.0020233      0.0021956      0.0021383      -0.096427       -0.11503      -0.099387       -0.11344       -0.10639       -0.10681
          5.625      0.0023553      0.0020438      0.0022602      0.0020203      0.0021922      0.0021356      -0.096746       -0.11522      -0.099549       -0.11351       -0.10664       -0.10692
         5.6309       0.002352      0.0020404      0.0022578      0.0020174      0.0021887      0.0021328      -0.097063        -0.1154      -0.099711       -0.11357       -0.10688       -0.10703
         5.6367      0.0023486      0.0020369      0.0022554      0.0020144      0.0021852      0.0021301      -0.097378       -0.11557      -0.099872       -0.11363       -0.10712       -0.10714
         5.6426       0.002345      0.0020334       0.002253      0.0020114      0.0021816      0.0021273       -0.09769       -0.11575       -0.10003       -0.11369       -0.10736       -0.10725
         5.6484      0.0023414      0.0020298      0.0022506      0.0020085      0.0021779      0.0021245      -0.097997       -0.11592       -0.10019       -0.11375        -0.1076       -0.10736
         5.6543      0.0023377      0.0020261      0.0022481      0.0020055      0.0021742      0.0021218      -0.098296       -0.11608       -0.10035       -0.11381       -0.10782       -0.10747
         5.6602      0.0023339      0.0020224      0.0022457      0.0020025      0.0021704       0.002119      -0.098592       -0.11624       -0.10051       -0.11387       -0.10805       -0.10757
          5.666      0.0023301      0.0020187      0.0022433      0.0019996      0.0021665      0.0021163      -0.098885       -0.11639       -0.10067       -0.11392       -0.10826       -0.10768
         5.6719      0.0023261      0.0020149      0.0022409      0.0019967      0.0021626      0.0021135      -0.099168       -0.11654       -0.10083       -0.11398       -0.10847       -0.10778
         5.6777      0.0023221      0.0020111      0.0022385      0.0019937      0.0021586      0.0021108      -0.099441       -0.11667       -0.10099       -0.11404       -0.10868       -0.10789
         5.6836      0.0023181      0.0020074       0.002236      0.0019908      0.0021547       0.002108      -0.099714       -0.11681       -0.10115       -0.11409       -0.10887       -0.10799
         5.6895      0.0023141      0.0020036      0.0022336      0.0019879      0.0021507      0.0021053      -0.099986       -0.11694       -0.10131       -0.11414       -0.10907        -0.1081
         5.6953      0.0023101      0.0019998      0.0022311      0.0019849      0.0021467      0.0021025       -0.10025       -0.11706       -0.10146        -0.1142       -0.10926        -0.1082
         5.7012      0.0023059      0.0019959      0.0022287       0.001982      0.0021427      0.0020998       -0.10051       -0.11718       -0.10162       -0.11425       -0.10945        -0.1083
          5.707      0.0023017      0.0019921      0.0022262      0.0019791      0.0021386       0.002097       -0.10077        -0.1173       -0.10178        -0.1143       -0.10963       -0.10841
         5.7129      0.0022975      0.0019882      0.0022238      0.0019762      0.0021345      0.0020943       -0.10101       -0.11741       -0.10193       -0.11435        -0.1098       -0.10851
         5.7188      0.0022933      0.0019844      0.0022213      0.0019733      0.0021305      0.0020915       -0.10125       -0.11751       -0.10209        -0.1144       -0.10997       -0.10861
         5.7246      0.0022891      0.0019806      0.0022188      0.0019704      0.0021264      0.0020888       -0.10149       -0.11761       -0.10224       -0.11445       -0.11013       -0.10871
         5.7305      0.0022848      0.0019767      0.0022164      0.0019676      0.0021223      0.0020861       -0.10172        -0.1177        -0.1024       -0.11449       -0.11029        -0.1088
         5.7363      0.0022805      0.0019728      0.0022139      0.0019647      0.0021181      0.0020833       -0.10194       -0.11779       -0.10255       -0.11454       -0.11044        -0.1089
         5.7422      0.0022762       0.001969      0.0022114      0.0019618       0.002114      0.0020806       -0.10215       -0.11787        -0.1027       -0.11459       -0.11058         -0.109
          5.748      0.0022719      0.0019652      0.0022089      0.0019589      0.0021099      0.0020778       -0.10236       -0.11794       -0.10286       -0.11463       -0.11072        -0.1091
         5.7539      0.0022676      0.0019613      0.0022064      0.0019561      0.0021058      0.0020751       -0.10257       -0.11802       -0.10301       -0.11467       -0.11085       -0.10919
         5.7598      0.0022633      0.0019575      0.0022039      0.0019532      0.0021017      0.0020724       -0.10276       -0.11808       -0.10316       -0.11472       -0.11098       -0.10929
         5.7656      0.0022671      0.0019624      0.0022014      0.0019504      0.0021062      0.0020696       -0.10315       -0.11849       -0.10331       -0.11476       -0.11137       -0.10938
         5.7715      0.0022628      0.0019586      0.0021989      0.0019475      0.0021021      0.0020669       -0.10334       -0.11856       -0.10346        -0.1148        -0.1115       -0.10948
         5.7773      0.0022584      0.0019548      0.0021964      0.0019447       0.002098      0.0020642       -0.10352       -0.11861       -0.10361       -0.11484       -0.11161       -0.10957
         5.7832      0.0022542       0.001951      0.0021939      0.0019419       0.002094      0.0020615       -0.10369       -0.11867       -0.10376       -0.11488       -0.11172       -0.10966
         5.7891        0.00225      0.0019473      0.0021914       0.001939        0.00209      0.0020587       -0.10386       -0.11872       -0.10391       -0.11492       -0.11182       -0.10975
         5.7949      0.0022458      0.0019435      0.0021889      0.0019362       0.002086       0.002056       -0.10402       -0.11877       -0.10406       -0.11496       -0.11192       -0.10984
         5.8008      0.0022333      0.0019315      0.0021863      0.0019334      0.0020735      0.0020533       -0.10388       -0.11824       -0.10421       -0.11499       -0.11158       -0.10993
         5.8066      0.0022292      0.0019279      0.0021838      0.0019306      0.0020697      0.0020506       -0.10402       -0.11828       -0.10436       -0.11503       -0.11167       -0.11002
         5.8125      0.0022252      0.0019243      0.0021813      0.0019278      0.0020659      0.0020479       -0.10417       -0.11831       -0.10451       -0.11506       -0.11175       -0.11011
         5.8184      0.0022213      0.0019208      0.0021787       0.001925      0.0020621      0.0020451       -0.10431       -0.11835       -0.10465        -0.1151       -0.11184        -0.1102
         5.8242      0.0022173      0.0019172      0.0021762      0.0019222      0.0020584      0.0020424       -0.10445       -0.11838        -0.1048       -0.11513       -0.11192       -0.11029
         5.8301      0.0022134      0.0019137      0.0021737      0.0019195      0.0020546      0.0020397       -0.10458       -0.11841       -0.10494       -0.11517         -0.112       -0.11037
         5.8359      0.0022096      0.0019103      0.0021711      0.0019167       0.002051       0.002037       -0.10472       -0.11843       -0.10509        -0.1152       -0.11207       -0.11046
         5.8418      0.0022058      0.0019068      0.0021686      0.0019139      0.0020473      0.0020343       -0.10485       -0.11846       -0.10523       -0.11523       -0.11215       -0.11054
         5.8477      0.0022021      0.0019034       0.002166      0.0019112      0.0020437      0.0020316       -0.10498       -0.11848       -0.10538       -0.11526       -0.11222       -0.11063
         5.8535      0.0021984         0.0019      0.0021634      0.0019084      0.0020402      0.0020289        -0.1051        -0.1185       -0.10552       -0.11529       -0.11229       -0.11071
         5.8594      0.0021949      0.0018967      0.0021609      0.0019057      0.0020367      0.0020262       -0.10522       -0.11852       -0.10566       -0.11532       -0.11235       -0.11079
         5.8652      0.0021915      0.0018935      0.0021583      0.0019029      0.0020334      0.0020235       -0.10534       -0.11854       -0.10581       -0.11534       -0.11242       -0.11088
         5.8711       0.002188      0.0018902      0.0021557      0.0019002        0.00203      0.0020208       -0.10548       -0.11856       -0.10595       -0.11537        -0.1125       -0.11096
          5.877      0.0021845       0.001887      0.0021532      0.0018974      0.0020266      0.0020181        -0.1056       -0.11858       -0.10609        -0.1154       -0.11256       -0.11104
         5.8828      0.0021811      0.0018838      0.0021506      0.0018947      0.0020232      0.0020154       -0.10571        -0.1186       -0.10623       -0.11542       -0.11263       -0.11112
         5.8887      0.0021777      0.0018806       0.002148       0.001892      0.0020199      0.0020127       -0.10582       -0.11861       -0.10637       -0.11545       -0.11269        -0.1112
         5.8945      0.0021745      0.0018775      0.0021454      0.0018893      0.0020167        0.00201       -0.10593       -0.11862       -0.10651       -0.11547       -0.11274       -0.11127
         5.9004      0.0021713      0.0018745      0.0021428      0.0018866      0.0020136      0.0020073       -0.10604       -0.11864       -0.10665       -0.11549        -0.1128       -0.11135
         5.9063      0.0021683      0.0018715      0.0021403      0.0018839      0.0020105      0.0020047       -0.10615       -0.11865       -0.10679       -0.11552       -0.11286       -0.11143
         5.9121      0.0021654      0.0018685      0.0021377      0.0018812      0.0020075       0.002002       -0.10626       -0.11867       -0.10692       -0.11554       -0.11292       -0.11151
          5.918      0.0021625      0.0018656      0.0021351      0.0018785      0.0020046      0.0019993       -0.10637       -0.11868       -0.10706       -0.11556       -0.11298       -0.11158
         5.9238      0.0021597      0.0018628      0.0021325      0.0018758      0.0020017      0.0019966       -0.10648        -0.1187        -0.1072       -0.11558       -0.11304       -0.11166
         5.9297      0.0021569      0.0018599      0.0021299      0.0018732      0.0019988       0.001994        -0.1066       -0.11871       -0.10733        -0.1156        -0.1131       -0.11173
         5.9355      0.0021542      0.0018571      0.0021273      0.0018705      0.0019961      0.0019913       -0.10671       -0.11872       -0.10747       -0.11562       -0.11316        -0.1118
         5.9414      0.0021516      0.0018544      0.0021247      0.0018678      0.0019933      0.0019886       -0.10683       -0.11874        -0.1076       -0.11563       -0.11323       -0.11188
         5.9473       0.002149      0.0018516      0.0021221      0.0018652      0.0019906       0.001986       -0.10695       -0.11875       -0.10774       -0.11565       -0.11329       -0.11195
         5.9531      0.0021464      0.0018489      0.0021194      0.0018625      0.0019879      0.0019833       -0.10707       -0.11877       -0.10787       -0.11567       -0.11335       -0.11202
          5.959      0.0021438      0.0018463      0.0021168      0.0018599      0.0019853      0.0019806       -0.10719       -0.11878         -0.108       -0.11568       -0.11342       -0.11209
         5.9648      0.0021414      0.0018437      0.0021142      0.0018573      0.0019827       0.001978       -0.10732        -0.1188       -0.10813        -0.1157       -0.11349       -0.11216
         5.9707      0.0021465      0.0018495      0.0021116      0.0018546      0.0019882      0.0019753       -0.10773       -0.11927       -0.10826       -0.11571       -0.11393       -0.11223
         5.9766      0.0021441      0.0018469       0.002109       0.001852      0.0019857      0.0019727       -0.10785       -0.11929       -0.10839       -0.11572       -0.11399        -0.1123
         5.9824      0.0021419      0.0018443      0.0021063      0.0018494      0.0019832        0.00197       -0.10797        -0.1193       -0.10852       -0.11573       -0.11406       -0.11236
         5.9883      0.0021396      0.0018418      0.0021037      0.0018468      0.0019808      0.0019674        -0.1081       -0.11932       -0.10865       -0.11575       -0.11413       -0.11243
         5.9941      0.0021373      0.0018393      0.0021011      0.0018442      0.0019783      0.0019647       -0.10822       -0.11934       -0.10878       -0.11576        -0.1142        -0.1125
              6      0.0021276      0.0018296      0.0020985      0.0018416      0.0019685      0.0019621       -0.10805       -0.11881       -0.10891       -0.11577       -0.11383       -0.11256
         6.0059      0.0021256      0.0018272      0.0020958       0.001839      0.0019662      0.0019595       -0.10817       -0.11883       -0.10904       -0.11578        -0.1139       -0.11263
         6.0117      0.0021237      0.0018248      0.0020932      0.0018364       0.001964      0.0019568        -0.1083       -0.11885       -0.10917       -0.11578       -0.11397       -0.11269
         6.0176      0.0021218      0.0018225      0.0020906      0.0018338      0.0019618      0.0019542       -0.10843       -0.11887       -0.10929       -0.11579       -0.11405       -0.11275
         6.0234      0.0021198      0.0018201      0.0020879      0.0018312      0.0019596      0.0019516       -0.10856       -0.11889       -0.10942        -0.1158       -0.11412       -0.11282
         6.0293      0.0021179      0.0018177      0.0020853      0.0018287      0.0019574      0.0019489       -0.10869       -0.11891       -0.10954        -0.1158       -0.11419       -0.11288
         6.0352       0.002116      0.0018154      0.0020826      0.0018261      0.0019552      0.0019463       -0.10882       -0.11893       -0.10967       -0.11581       -0.11426       -0.11294
          6.041      0.0021141      0.0018131        0.00208      0.0018236       0.001953      0.0019437       -0.10895       -0.11895       -0.10979       -0.11581       -0.11433         -0.113
         6.0469      0.0021123      0.0018108      0.0020774       0.001821      0.0019509      0.0019411       -0.10908       -0.11897       -0.10991       -0.11582        -0.1144       -0.11306
         6.0527      0.0021105      0.0018085      0.0020747      0.0018185      0.0019488      0.0019385       -0.10921       -0.11899       -0.11004       -0.11582       -0.11447       -0.11312
         6.0586      0.0021086      0.0018062      0.0020721      0.0018159      0.0019466      0.0019359       -0.10934       -0.11901       -0.11016       -0.11582       -0.11455       -0.11318
         6.0645      0.0021068      0.0018039      0.0020694      0.0018134      0.0019445      0.0019333       -0.10947       -0.11902       -0.11028       -0.11583       -0.11462       -0.11324
         6.0703       0.002105      0.0018016      0.0020668      0.0018109      0.0019424      0.0019306        -0.1096       -0.11904        -0.1104       -0.11583       -0.11469       -0.11329
         6.0762      0.0021032      0.0017993      0.0020641      0.0018083      0.0019403       0.001928       -0.10973       -0.11906       -0.11052       -0.11583       -0.11476       -0.11335
          6.082      0.0021014       0.001797      0.0020614      0.0018058      0.0019382      0.0019254       -0.10986       -0.11907       -0.11064       -0.11583       -0.11483        -0.1134
         6.0879      0.0020996      0.0017947      0.0020588      0.0018033       0.001936      0.0019228       -0.10998       -0.11909       -0.11076       -0.11583       -0.11489       -0.11346
         6.0938      0.0020979      0.0017924      0.0020561      0.0018008      0.0019339      0.0019203       -0.11011        -0.1191       -0.11087       -0.11582       -0.11496       -0.11351
         6.0996       0.002096      0.0017902      0.0020535      0.0017983      0.0019318      0.0019177       -0.11024       -0.11912       -0.11099       -0.11582       -0.11503       -0.11357
         6.1055      0.0020941      0.0017879      0.0020508      0.0017958      0.0019296      0.0019151       -0.11037       -0.11913       -0.11111       -0.11582        -0.1151       -0.11362
         6.1113      0.0020922      0.0017856      0.0020481      0.0017933      0.0019275      0.0019125       -0.11049       -0.11914       -0.11122       -0.11581       -0.11516       -0.11367
         6.1172      0.0020904      0.0017832      0.0020455      0.0017909      0.0019254      0.0019099       -0.11061       -0.11915       -0.11134       -0.11581       -0.11522       -0.11372
          6.123      0.0020886      0.0017809      0.0020428      0.0017884      0.0019232      0.0019073       -0.11074       -0.11916       -0.11145        -0.1158       -0.11528       -0.11377
         6.1289      0.0020866      0.0017786      0.0020401      0.0017859       0.001921      0.0019048       -0.11087       -0.11917       -0.11157        -0.1158       -0.11535       -0.11382
         6.1348      0.0020847      0.0017763      0.0020375      0.0017835      0.0019188      0.0019022       -0.11099       -0.11917       -0.11168       -0.11579       -0.11541       -0.11387
         6.1406      0.0020827       0.001774      0.0020348       0.001781      0.0019166      0.0018996       -0.11111       -0.11918       -0.11179       -0.11578       -0.11547       -0.11392
         6.1465      0.0020807      0.0017717      0.0020321      0.0017785      0.0019144       0.001897       -0.11123       -0.11919        -0.1119       -0.11578       -0.11553       -0.11397
         6.1523      0.0020787      0.0017693      0.0020295      0.0017761      0.0019121      0.0018945       -0.11135       -0.11919       -0.11202       -0.11577       -0.11559       -0.11402
         6.1582      0.0020764      0.0017669      0.0020268      0.0017737      0.0019097      0.0018919       -0.11148       -0.11919       -0.11213       -0.11576       -0.11565       -0.11406
         6.1641      0.0020742      0.0017645      0.0020241      0.0017712      0.0019074      0.0018894       -0.11159       -0.11919       -0.11224       -0.11575        -0.1157       -0.11411
         6.1699       0.002072      0.0017621      0.0020214      0.0017688       0.001905      0.0018868        -0.1117       -0.11919       -0.11234       -0.11574       -0.11575       -0.11415
         6.1758      0.0020768      0.0017669      0.0020188      0.0017664      0.0019099      0.0018842       -0.11206       -0.11968       -0.11245       -0.11572       -0.11618        -0.1142
         6.1816      0.0020745      0.0017644      0.0020161      0.0017639      0.0019075      0.0018817       -0.11217       -0.11968       -0.11256       -0.11571       -0.11623       -0.11424
         6.1875      0.0020722       0.001762      0.0020134      0.0017615       0.001905      0.0018791       -0.11228       -0.11968       -0.11267        -0.1157       -0.11628       -0.11428
         6.1934      0.0020698      0.0017595      0.0020107      0.0017591      0.0019025      0.0018766       -0.11238       -0.11967       -0.11277       -0.11569       -0.11632       -0.11433
         6.1992      0.0020588      0.0017491       0.002008      0.0017567      0.0018918      0.0018741       -0.11209       -0.11908       -0.11288       -0.11567       -0.11587       -0.11437
         6.2051      0.0020563      0.0017465      0.0020054      0.0017543      0.0018892      0.0018715       -0.11219       -0.11906       -0.11299       -0.11566       -0.11591       -0.11441
         6.2109      0.0020537      0.0017439      0.0020027      0.0017519      0.0018866       0.001869       -0.11229       -0.11905       -0.11309       -0.11564       -0.11594       -0.11445
         6.2168      0.0020511      0.0017414          0.002      0.0017495       0.001884      0.0018664       -0.11238       -0.11904       -0.11319       -0.11562       -0.11598       -0.11449
         6.2227      0.0020485      0.0017388      0.0019973      0.0017471      0.0018814      0.0018639       -0.11247       -0.11902        -0.1133       -0.11561       -0.11601       -0.11453
         6.2285      0.0020458      0.0017361      0.0019946      0.0017447      0.0018787      0.0018614       -0.11255         -0.119        -0.1134       -0.11559       -0.11604       -0.11457
         6.2344      0.0020431      0.0017335      0.0019919      0.0017424       0.001876      0.0018589       -0.11264       -0.11898        -0.1135       -0.11557       -0.11607        -0.1146
         6.2402      0.0020403      0.0017309      0.0019892        0.00174      0.0018733      0.0018563       -0.11273       -0.11896        -0.1136       -0.11555        -0.1161       -0.11464
         6.2461      0.0020375      0.0017283      0.0019866      0.0017376      0.0018705      0.0018538       -0.11281       -0.11894        -0.1137       -0.11553       -0.11613       -0.11468
          6.252      0.0020346      0.0017256      0.0019839      0.0017353      0.0018677      0.0018513        -0.1129       -0.11892        -0.1138       -0.11551       -0.11615       -0.11471
         6.2578      0.0020316      0.0017229      0.0019812      0.0017329      0.0018649      0.0018488       -0.11297       -0.11889        -0.1139       -0.11549       -0.11617       -0.11475
         6.2637      0.0020285      0.0017202      0.0019785      0.0017306       0.001862      0.0018463       -0.11305       -0.11886         -0.114       -0.11546       -0.11619       -0.11478
         6.2695      0.0020255      0.0017175      0.0019758      0.0017282      0.0018591      0.0018437       -0.11312       -0.11883       -0.11409       -0.11544       -0.11621       -0.11481
         6.2754      0.0020224      0.0017148      0.0019731      0.0017259      0.0018562      0.0018412       -0.11319        -0.1188       -0.11419       -0.11542       -0.11622       -0.11485
         6.2813      0.0020192      0.0017122      0.0019704      0.0017235      0.0018533      0.0018387       -0.11325       -0.11877       -0.11429       -0.11539       -0.11623       -0.11488
         6.2871      0.0020161      0.0017095      0.0019677      0.0017212      0.0018504      0.0018362       -0.11331       -0.11873       -0.11438       -0.11537       -0.11624       -0.11491
          6.293      0.0020129      0.0017068       0.001965      0.0017189      0.0018475      0.0018337       -0.11336        -0.1187       -0.11448       -0.11534       -0.11625       -0.11494
         6.2988      0.0020096      0.0017041      0.0019623      0.0017165      0.0018445      0.0018312       -0.11342       -0.11867       -0.11457       -0.11532       -0.11626       -0.11497
         6.3047      0.0020064      0.0017014      0.0019596      0.0017142      0.0018416      0.0018287       -0.11348       -0.11863       -0.11466       -0.11529       -0.11627         -0.115
         6.3105      0.0020031      0.0016986      0.0019569      0.0017119      0.0018386      0.0018262       -0.11353        -0.1186       -0.11476       -0.11526       -0.11627       -0.11503
         6.3164      0.0019997      0.0016959      0.0019542      0.0017096      0.0018356      0.0018237       -0.11357       -0.11856       -0.11485       -0.11523       -0.11627       -0.11505
         6.3223      0.0019964      0.0016932      0.0019515      0.0017073      0.0018326      0.0018212       -0.11362       -0.11853       -0.11494        -0.1152       -0.11627       -0.11508
         6.3281      0.0019931      0.0016905      0.0019488       0.001705      0.0018296      0.0018188       -0.11366       -0.11849       -0.11503       -0.11517       -0.11627       -0.11511
          6.334      0.0019897      0.0016878      0.0019461      0.0017027      0.0018265      0.0018163       -0.11371       -0.11845       -0.11512       -0.11514       -0.11627       -0.11513
         6.3398      0.0019863      0.0016851      0.0019434      0.0017004      0.0018235      0.0018138       -0.11374       -0.11841       -0.11521       -0.11511       -0.11627       -0.11516
         6.3457      0.0019829      0.0016825      0.0019407      0.0016981      0.0018206      0.0018113       -0.11378       -0.11838        -0.1153       -0.11508       -0.11627       -0.11518
         6.3516      0.0019794      0.0016798       0.001938      0.0016958      0.0018175      0.0018088       -0.11382       -0.11834       -0.11538       -0.11504       -0.11626        -0.1152
         6.3574       0.001976      0.0016771      0.0019353      0.0016935      0.0018145      0.0018064       -0.11385        -0.1183       -0.11547       -0.11501       -0.11626       -0.11522
         6.3633      0.0019725      0.0016745      0.0019326      0.0016912      0.0018115      0.0018039       -0.11389       -0.11826       -0.11556       -0.11497       -0.11625       -0.11525
         6.3691       0.001969      0.0016718      0.0019299      0.0016889      0.0018085      0.0018014       -0.11393       -0.11822       -0.11564       -0.11494       -0.11625       -0.11527
          6.375      0.0019655      0.0016692      0.0019272      0.0016867      0.0018054       0.001799       -0.11396       -0.11819       -0.11573        -0.1149       -0.11625       -0.11529
         6.3809      0.0019705      0.0016738      0.0019245      0.0016844      0.0018102      0.0017965       -0.11433       -0.11865       -0.11581       -0.11486       -0.11666       -0.11531
         6.3867       0.001967      0.0016711      0.0019218      0.0016821      0.0018072       0.001794       -0.11436       -0.11861       -0.11589       -0.11483       -0.11666       -0.11532
         6.3926      0.0019636      0.0016686      0.0019191      0.0016799      0.0018042      0.0017916        -0.1144       -0.11858       -0.11598       -0.11479       -0.11666       -0.11534
         6.3984      0.0019601       0.001666      0.0019164      0.0016776      0.0018013      0.0017891       -0.11444       -0.11855       -0.11606       -0.11475       -0.11666       -0.11536
         6.4043      0.0019486       0.001656      0.0019137      0.0016753      0.0017906      0.0017866       -0.11403       -0.11787       -0.11614       -0.11471       -0.11611       -0.11537
         6.4102      0.0019452      0.0016535       0.001911      0.0016731      0.0017877      0.0017842       -0.11408       -0.11783       -0.11622       -0.11467       -0.11611       -0.11539
          6.416      0.0019419       0.001651      0.0019083      0.0016709      0.0017848      0.0017817       -0.11412        -0.1178        -0.1163       -0.11462       -0.11611        -0.1154
         6.4219      0.0019386      0.0016485      0.0019056      0.0016686      0.0017819      0.0017793       -0.11416       -0.11777       -0.11638       -0.11458       -0.11611       -0.11542
         6.4277      0.0019352       0.001646      0.0019029      0.0016664      0.0017791      0.0017768        -0.1142       -0.11774       -0.11645       -0.11454       -0.11611       -0.11543
         6.4336       0.001932      0.0016436      0.0019002      0.0016641      0.0017763      0.0017744       -0.11425       -0.11771       -0.11653       -0.11449       -0.11612       -0.11544
         6.4395      0.0019287      0.0016412      0.0018975      0.0016619      0.0017735      0.0017719       -0.11429       -0.11768       -0.11661       -0.11445       -0.11612       -0.11545
         6.4453      0.0019255      0.0016388      0.0018948      0.0016597      0.0017707      0.0017695       -0.11434       -0.11765       -0.11668        -0.1144       -0.11613       -0.11547
         6.4512      0.0019223      0.0016364      0.0018921      0.0016574      0.0017679      0.0017671       -0.11439       -0.11762       -0.11676       -0.11435       -0.11614       -0.11547
          6.457      0.0019191       0.001634      0.0018894      0.0016552      0.0017652      0.0017646       -0.11445       -0.11759       -0.11683        -0.1143       -0.11615       -0.11548
         6.4629      0.0019159      0.0016317      0.0018867       0.001653      0.0017625      0.0017622        -0.1145       -0.11757        -0.1169       -0.11425       -0.11615       -0.11549
         6.4688      0.0019129      0.0016293       0.001884      0.0016508      0.0017598      0.0017598       -0.11455       -0.11754       -0.11698        -0.1142       -0.11616        -0.1155
         6.4746      0.0019098       0.001627      0.0018813      0.0016486      0.0017572      0.0017573        -0.1146       -0.11751       -0.11705       -0.11415       -0.11617       -0.11551
         6.4805      0.0019068      0.0016248      0.0018786      0.0016464      0.0017546      0.0017549       -0.11466       -0.11749       -0.11712        -0.1141       -0.11619       -0.11551
         6.4863      0.0019039      0.0016225      0.0018759      0.0016442       0.001752      0.0017525       -0.11472       -0.11746       -0.11719       -0.11405        -0.1162       -0.11552
         6.4922      0.0019009      0.0016203      0.0018732       0.001642      0.0017495        0.00175       -0.11479       -0.11744       -0.11726         -0.114       -0.11622       -0.11552
          6.498       0.001898      0.0016181      0.0018705      0.0016398       0.001747      0.0017476       -0.11485       -0.11742       -0.11733       -0.11394       -0.11624       -0.11552
         6.5039      0.0018951      0.0016159      0.0018677      0.0016376      0.0017445      0.0017452       -0.11492       -0.11739       -0.11739       -0.11389       -0.11625       -0.11552
         6.5098      0.0018922      0.0016137       0.001865      0.0016354       0.001742      0.0017428       -0.11499       -0.11737       -0.11746       -0.11383       -0.11627       -0.11553
         6.5156      0.0018894      0.0016116      0.0018623      0.0016332      0.0017395      0.0017404       -0.11506       -0.11734       -0.11753       -0.11377       -0.11629       -0.11553
         6.5215      0.0018867      0.0016095      0.0018596       0.001631      0.0017372       0.001738       -0.11513       -0.11732       -0.11759       -0.11371       -0.11631       -0.11553
         6.5273       0.001884      0.0016074      0.0018569      0.0016288      0.0017348      0.0017355       -0.11521       -0.11729       -0.11766       -0.11365       -0.11633       -0.11552
         6.5332      0.0018813      0.0016053      0.0018542      0.0016266      0.0017324      0.0017331       -0.11529       -0.11727       -0.11772       -0.11359       -0.11636       -0.11552
         6.5391      0.0018787      0.0016032      0.0018515      0.0016245      0.0017301      0.0017307       -0.11537       -0.11724       -0.11778       -0.11353       -0.11638       -0.11552
         6.5449      0.0018761      0.0016012      0.0018488      0.0016223      0.0017278      0.0017283       -0.11546       -0.11722       -0.11784       -0.11347       -0.11641       -0.11551
         6.5508      0.0018734      0.0015992      0.0018461      0.0016201      0.0017255      0.0017259       -0.11555       -0.11719       -0.11791       -0.11341       -0.11643       -0.11551
         6.5566      0.0018709      0.0015972      0.0018434       0.001618      0.0017232      0.0017235       -0.11563       -0.11717       -0.11797       -0.11334       -0.11646        -0.1155
         6.5625      0.0018683      0.0015952      0.0018407      0.0016158       0.001721      0.0017211       -0.11572       -0.11714       -0.11803       -0.11328       -0.11649        -0.1155
         6.5684      0.0018658      0.0015932       0.001838      0.0016137      0.0017188      0.0017187       -0.11582       -0.11712       -0.11808       -0.11321       -0.11652       -0.11549
         6.5742      0.0018634      0.0015913      0.0018353      0.0016115      0.0017166      0.0017163       -0.11592       -0.11709       -0.11814       -0.11314       -0.11655       -0.11548
         6.5801      0.0018609      0.0015894      0.0018326      0.0016094      0.0017145      0.0017139       -0.11602       -0.11706        -0.1182       -0.11307       -0.11658       -0.11547
         6.5859      0.0018585      0.0015874      0.0018298      0.0016072      0.0017123      0.0017115       -0.11612       -0.11704       -0.11825         -0.113       -0.11661       -0.11546
         6.5918      0.0018641      0.0015923      0.0018271      0.0016051      0.0017175      0.0017092       -0.11661       -0.11749       -0.11831       -0.11293       -0.11709       -0.11545
         6.5977      0.0018616      0.0015903      0.0018244      0.0016029      0.0017153      0.0017068       -0.11671       -0.11746       -0.11836       -0.11286       -0.11712       -0.11543
         6.6035      0.0018516      0.0015814      0.0018217      0.0016008      0.0017059      0.0017044       -0.11642       -0.11676       -0.11842       -0.11279        -0.1166       -0.11542
         6.6094      0.0018492      0.0015796       0.001819      0.0015987      0.0017038       0.001702       -0.11653       -0.11673       -0.11847       -0.11271       -0.11664       -0.11541
         6.6152      0.0018467      0.0015777      0.0018163      0.0015965      0.0017016      0.0016996       -0.11665       -0.11669       -0.11852       -0.11264       -0.11667       -0.11539
         6.6211      0.0018443      0.0015758      0.0018136      0.0015944      0.0016995      0.0016973       -0.11676       -0.11666       -0.11857       -0.11256        -0.1167       -0.11537
          6.627      0.0018419       0.001574      0.0018109      0.0015923      0.0016974      0.0016949       -0.11688       -0.11662       -0.11862       -0.11248       -0.11674       -0.11536
         6.6328      0.0018395      0.0015722      0.0018082      0.0015902      0.0016954      0.0016925       -0.11699       -0.11658       -0.11867        -0.1124       -0.11677       -0.11534
         6.6387       0.001837      0.0015704      0.0018055      0.0015881      0.0016933      0.0016902       -0.11711       -0.11654       -0.11872       -0.11232       -0.11681       -0.11532
         6.6445      0.0018346      0.0015685      0.0018028       0.001586      0.0016912      0.0016878       -0.11724        -0.1165       -0.11877       -0.11224       -0.11684        -0.1153
         6.6504      0.0018321      0.0015667      0.0018001      0.0015839      0.0016891      0.0016854       -0.11736       -0.11646       -0.11881       -0.11216       -0.11688       -0.11527
         6.6563      0.0018296      0.0015649      0.0017974      0.0015818       0.001687      0.0016831       -0.11749       -0.11642       -0.11886       -0.11208       -0.11691       -0.11525
         6.6621      0.0018271      0.0015631      0.0017947      0.0015797      0.0016848      0.0016807       -0.11762       -0.11638       -0.11891       -0.11199       -0.11695       -0.11523
          6.668      0.0018246      0.0015613       0.001792      0.0015776      0.0016827      0.0016784       -0.11775       -0.11633       -0.11895        -0.1119       -0.11698        -0.1152
         6.6738      0.0018219      0.0015595      0.0017893      0.0015755      0.0016806       0.001676       -0.11788       -0.11628       -0.11899       -0.11182       -0.11702       -0.11518
         6.6797      0.0018193      0.0015577      0.0017865      0.0015734      0.0016784      0.0016737         -0.118       -0.11623       -0.11903       -0.11173       -0.11705       -0.11515
         6.6855      0.0018167      0.0015559      0.0017838      0.0015714      0.0016763      0.0016713       -0.11813       -0.11618       -0.11907       -0.11164       -0.11708       -0.11512
         6.6914      0.0018141      0.0015542      0.0017811      0.0015693      0.0016741       0.001669       -0.11827       -0.11613       -0.11911       -0.11155       -0.11712       -0.11509
         6.6973      0.0018114      0.0015523      0.0017784      0.0015672      0.0016719      0.0016666        -0.1184       -0.11607       -0.11915       -0.11145       -0.11715       -0.11506
         6.7031      0.0018086      0.0015506      0.0017757      0.0015652      0.0016697      0.0016643       -0.11853       -0.11601       -0.11919       -0.11136       -0.11717       -0.11503
          6.709      0.0018059      0.0015488       0.001773      0.0015631      0.0016675       0.001662       -0.11866       -0.11596       -0.11923       -0.11126        -0.1172         -0.115
         6.7148      0.0018031       0.001547      0.0017703      0.0015611      0.0016653      0.0016597       -0.11879        -0.1159       -0.11927       -0.11117       -0.11723       -0.11496
         6.7207      0.0018002      0.0015452      0.0017676       0.001559      0.0016631      0.0016573       -0.11892       -0.11583        -0.1193       -0.11107       -0.11726       -0.11493
         6.7266      0.0017973      0.0015434      0.0017649       0.001557      0.0016608       0.001655       -0.11906       -0.11577       -0.11933       -0.11097       -0.11729       -0.11489
         6.7324      0.0017944      0.0015416      0.0017622      0.0015549      0.0016585      0.0016527       -0.11919        -0.1157       -0.11937       -0.11087       -0.11731       -0.11485
         6.7383      0.0017913      0.0015398      0.0017595      0.0015529      0.0016562      0.0016504       -0.11931       -0.11563        -0.1194       -0.11077       -0.11733       -0.11481
         6.7441      0.0017883       0.001538      0.0017568      0.0015509      0.0016539      0.0016481       -0.11944       -0.11556       -0.11943       -0.11066       -0.11735       -0.11478
           6.75      0.0017853      0.0015362      0.0017541      0.0015489      0.0016515      0.0016458       -0.11956       -0.11549       -0.11946       -0.11056       -0.11737       -0.11473
         6.7559      0.0017821      0.0015344      0.0017514      0.0015468      0.0016491      0.0016434       -0.11969       -0.11542       -0.11949       -0.11045       -0.11739       -0.11469
         6.7617       0.001779      0.0015326      0.0017487      0.0015448      0.0016467      0.0016411       -0.11981       -0.11534       -0.11952       -0.11035       -0.11741       -0.11465
         6.7676      0.0017758      0.0015307       0.001746      0.0015428      0.0016443      0.0016388       -0.11993       -0.11527       -0.11955       -0.11024       -0.11743        -0.1146
         6.7734      0.0017725      0.0015289      0.0017433      0.0015408      0.0016419      0.0016366       -0.12005       -0.11519       -0.11957       -0.11013       -0.11744       -0.11456
         6.7793      0.0017692      0.0015271      0.0017406      0.0015389      0.0016394      0.0016343       -0.12016       -0.11511        -0.1196       -0.11001       -0.11745       -0.11451
         6.7852      0.0017658      0.0015252      0.0017379      0.0015369      0.0016369       0.001632       -0.12027       -0.11503       -0.11962        -0.1099       -0.11746       -0.11446
          6.791      0.0017623      0.0015234      0.0017352      0.0015349      0.0016344      0.0016297       -0.12038       -0.11495       -0.11965       -0.10979       -0.11747       -0.11441
         6.7969      0.0017665       0.001528      0.0017325      0.0015329      0.0016389      0.0016274       -0.12087       -0.11534       -0.11967       -0.10967        -0.1179       -0.11436
         6.8027      0.0017536      0.0015191      0.0017298       0.001531      0.0016282      0.0016252        -0.1205       -0.11449       -0.11969       -0.10955       -0.11728       -0.11431
         6.8086      0.0017498      0.0015172      0.0017271       0.001529      0.0016255      0.0016229        -0.1206        -0.1144       -0.11971       -0.10943       -0.11728       -0.11426
         6.8145      0.0017459      0.0015153      0.0017244       0.001527      0.0016227      0.0016206       -0.12069       -0.11431       -0.11973       -0.10931       -0.11727        -0.1142
         6.8203      0.0017418      0.0015134      0.0017217      0.0015251      0.0016199      0.0016184       -0.12078       -0.11421       -0.11975       -0.10919       -0.11726       -0.11415
         6.8262      0.0017378      0.0015114      0.0017191      0.0015232      0.0016171      0.0016161       -0.12086       -0.11411       -0.11976       -0.10906       -0.11725       -0.11409
          6.832      0.0017336      0.0015095      0.0017164      0.0015212      0.0016142      0.0016139       -0.12094         -0.114       -0.11978       -0.10894       -0.11723       -0.11403
         6.8379      0.0017294      0.0015075      0.0017137      0.0015193      0.0016112      0.0016116       -0.12102        -0.1139       -0.11979       -0.10881       -0.11721       -0.11397
         6.8438      0.0017252      0.0015055       0.001711      0.0015174      0.0016083      0.0016094       -0.12109       -0.11378       -0.11981       -0.10868       -0.11719       -0.11391
         6.8496      0.0017209      0.0015035      0.0017083      0.0015155      0.0016053      0.0016071       -0.12116       -0.11367       -0.11982       -0.10855       -0.11716       -0.11385
         6.8555      0.0017166      0.0015015      0.0017056      0.0015136      0.0016023      0.0016049       -0.12122       -0.11355       -0.11983       -0.10842       -0.11713       -0.11378
         6.8613      0.0017122      0.0014994      0.0017029      0.0015117      0.0015992      0.0016027       -0.12127       -0.11343       -0.11984       -0.10829       -0.11709       -0.11372
         6.8672      0.0017078      0.0014973      0.0017002      0.0015098      0.0015962      0.0016004       -0.12132        -0.1133       -0.11985       -0.10815       -0.11705       -0.11365
          6.873      0.0017033      0.0014953      0.0016975      0.0015079       0.001593      0.0015982       -0.12136       -0.11317       -0.11986       -0.10801         -0.117       -0.11358
         6.8789      0.0016988      0.0014931      0.0016949      0.0015061      0.0015899       0.001596       -0.12139       -0.11304       -0.11986       -0.10788       -0.11695       -0.11352
         6.8848      0.0016943       0.001491      0.0016922      0.0015042      0.0015867      0.0015938       -0.12141       -0.11291       -0.11987       -0.10773       -0.11689       -0.11344
         6.8906      0.0016897      0.0014889      0.0016895      0.0015023      0.0015835      0.0015916       -0.12143       -0.11277       -0.11987       -0.10759       -0.11683       -0.11337
         6.8965      0.0016851      0.0014867      0.0016868      0.0015005      0.0015803      0.0015894       -0.12145       -0.11262       -0.11987       -0.10745       -0.11676        -0.1133
         6.9023      0.0016805      0.0014845      0.0016841      0.0014987      0.0015771      0.0015872       -0.12145       -0.11248       -0.11988        -0.1073       -0.11669       -0.11322
         6.9082      0.0016758      0.0014823      0.0016815      0.0014968      0.0015738       0.001585       -0.12145       -0.11233       -0.11988       -0.10716       -0.11661       -0.11315
         6.9141      0.0016712      0.0014801      0.0016788       0.001495      0.0015705      0.0015829       -0.12144       -0.11217       -0.11988       -0.10701       -0.11653       -0.11307
         6.9199      0.0016665      0.0014779      0.0016761      0.0014932      0.0015672      0.0015807       -0.12142       -0.11201       -0.11987       -0.10686       -0.11644       -0.11299
         6.9258      0.0016618      0.0014757      0.0016734      0.0014914      0.0015639      0.0015785        -0.1214       -0.11185       -0.11987       -0.10671       -0.11634       -0.11291
         6.9316      0.0016572      0.0014735      0.0016708      0.0014896      0.0015606      0.0015764       -0.12136       -0.11169       -0.11987       -0.10655       -0.11624       -0.11283
         6.9375      0.0016525      0.0014712      0.0016681      0.0014879      0.0015574      0.0015742       -0.12132       -0.11152       -0.11986        -0.1064       -0.11614       -0.11275
         6.9434      0.0016479       0.001469      0.0016654      0.0014861      0.0015541      0.0015721       -0.12128       -0.11135       -0.11985       -0.10624       -0.11603       -0.11266
         6.9492      0.0016432      0.0014668      0.0016627      0.0014843      0.0015508      0.0015699       -0.12123       -0.11117       -0.11985       -0.10608       -0.11592       -0.11257
         6.9551      0.0016386      0.0014645      0.0016601      0.0014826      0.0015475      0.0015678       -0.12118       -0.11099       -0.11984       -0.10592        -0.1158       -0.11249
         6.9609      0.0016339      0.0014623      0.0016574      0.0014808      0.0015442      0.0015657       -0.12111        -0.1108       -0.11983       -0.10576       -0.11567        -0.1124
         6.9668      0.0016293      0.0014601      0.0016548      0.0014791      0.0015409      0.0015636       -0.12105       -0.11061       -0.11981        -0.1056       -0.11554       -0.11231
         6.9727      0.0016247      0.0014579      0.0016521      0.0014774      0.0015376      0.0015615       -0.12097       -0.11042        -0.1198       -0.10543       -0.11541       -0.11221
         6.9785      0.0016201      0.0014557      0.0016494      0.0014757      0.0015344      0.0015594       -0.12089       -0.11022       -0.11979       -0.10526       -0.11527       -0.11212
         6.9844      0.0016156      0.0014535      0.0016468       0.001474      0.0015311      0.0015573       -0.12081       -0.11002       -0.11977       -0.10509       -0.11513       -0.11202
         6.9902       0.001611      0.0014512      0.0016441      0.0014723      0.0015278      0.0015552       -0.12072       -0.10981       -0.11975       -0.10492       -0.11498       -0.11193
         6.9961      0.0016065      0.0014491      0.0016415      0.0014706      0.0015246      0.0015531       -0.12062        -0.1096       -0.11973       -0.10475       -0.11483       -0.11183
          7.002      0.0016013      0.0014475      0.0016388       0.001469      0.0015215       0.001551       -0.12036       -0.10896       -0.11971       -0.10457       -0.11437       -0.11173
         7.0078      0.0015969      0.0014453      0.0016362      0.0014673      0.0015183      0.0015489       -0.12026       -0.10874       -0.11969        -0.1044       -0.11421       -0.11163
         7.0137      0.0015925      0.0014432      0.0016335      0.0014657      0.0015152      0.0015469       -0.12016       -0.10851       -0.11967       -0.10422       -0.11405       -0.11153
         7.0195      0.0015881      0.0014412      0.0016309      0.0014641      0.0015121      0.0015448       -0.12005       -0.10828       -0.11964       -0.10404       -0.11388       -0.11142
         7.0254      0.0015838      0.0014391      0.0016282      0.0014625       0.001509      0.0015428       -0.11994       -0.10805       -0.11962       -0.10386       -0.11371       -0.11132
         7.0313      0.0015795      0.0014371      0.0016256      0.0014609       0.001506      0.0015408       -0.11982       -0.10781       -0.11959       -0.10367       -0.11353       -0.11121
         7.0371      0.0015752      0.0014351       0.001623      0.0014593      0.0015029      0.0015387        -0.1197       -0.10756       -0.11956       -0.10349       -0.11335        -0.1111
          7.043      0.0015709      0.0014331      0.0016203      0.0014577      0.0014999      0.0015367       -0.11957       -0.10731       -0.11953        -0.1033       -0.11316       -0.11099
         7.0488      0.0015667      0.0014311      0.0016177      0.0014562       0.001497      0.0015347       -0.11945       -0.10706        -0.1195       -0.10311       -0.11297       -0.11088
         7.0547      0.0015625      0.0014292      0.0016151      0.0014546       0.001494      0.0015327       -0.11931        -0.1068       -0.11947       -0.10292       -0.11278       -0.11076
         7.0605      0.0015584      0.0014273      0.0016124      0.0014531      0.0014911      0.0015307       -0.11917       -0.10654       -0.11943       -0.10273       -0.11258       -0.11065
         7.0664      0.0015544      0.0014255      0.0016098      0.0014516      0.0014883      0.0015287       -0.11903       -0.10627        -0.1194       -0.10253       -0.11238       -0.11053
         7.0723      0.0015503      0.0014236      0.0016072      0.0014501      0.0014855      0.0015268       -0.11889         -0.106       -0.11936       -0.10234       -0.11217       -0.11041
         7.0781      0.0015463      0.0014218      0.0016046      0.0014486      0.0014827      0.0015248       -0.11875       -0.10572       -0.11932       -0.10214       -0.11196       -0.11029
          7.084      0.0015424      0.0014201       0.001602      0.0014471        0.00148      0.0015229        -0.1186       -0.10544       -0.11928       -0.10194       -0.11175       -0.11017
         7.0898      0.0015386      0.0014184      0.0015994      0.0014457      0.0014773      0.0015209       -0.11845       -0.10516       -0.11924       -0.10173       -0.11153       -0.11004
         7.0957      0.0015348      0.0014168      0.0015968      0.0014442      0.0014747       0.001519        -0.1183       -0.10487        -0.1192       -0.10153       -0.11132       -0.10992
         7.1016      0.0015311      0.0014152      0.0015942      0.0014428      0.0014722      0.0015171       -0.11816       -0.10458       -0.11915       -0.10132        -0.1111       -0.10979
         7.1074      0.0015274      0.0014136      0.0015916      0.0014414      0.0014697      0.0015152       -0.11801       -0.10428        -0.1191       -0.10112       -0.11088       -0.10966
         7.1133      0.0015237      0.0014121       0.001589        0.00144      0.0014672      0.0015133       -0.11786       -0.10399       -0.11906       -0.10091       -0.11066       -0.10953
         7.1191      0.0015201      0.0014106      0.0015864      0.0014386      0.0014647      0.0015114       -0.11771       -0.10368       -0.11901       -0.10069       -0.11044        -0.1094
          7.125      0.0015165      0.0014092      0.0015838      0.0014373      0.0014623      0.0015095       -0.11756       -0.10338       -0.11896       -0.10048       -0.11021       -0.10927
         7.1309       0.001513      0.0014079      0.0015812      0.0014359        0.00146      0.0015076       -0.11742       -0.10307        -0.1189       -0.10027       -0.10998       -0.10913
         7.1367      0.0015095      0.0014066      0.0015786      0.0014346      0.0014578      0.0015058       -0.11727       -0.10276       -0.11885       -0.10005       -0.10976         -0.109
         7.1426      0.0015061      0.0014053       0.001576      0.0014333      0.0014555      0.0015039       -0.11713       -0.10245       -0.11879       -0.09983       -0.10954       -0.10886
         7.1484      0.0015026      0.0014042      0.0015735       0.001432      0.0014533      0.0015021       -0.11699       -0.10213       -0.11873      -0.099609       -0.10931       -0.10872
         7.1543      0.0014992       0.001403      0.0015709      0.0014307      0.0014511      0.0015003       -0.11685       -0.10182       -0.11867      -0.099386       -0.10908       -0.10858
         7.1602      0.0014957       0.001402      0.0015683      0.0014295       0.001449      0.0014985       -0.11671        -0.1015       -0.11861      -0.099162       -0.10886       -0.10844
          7.166      0.0014923      0.0014009      0.0015658      0.0014282      0.0014469      0.0014967       -0.11656       -0.10118       -0.11855      -0.098936       -0.10863       -0.10829
         7.1719       0.001489      0.0013999      0.0015632       0.001427      0.0014448      0.0014949       -0.11641       -0.10086       -0.11849      -0.098707       -0.10839       -0.10815
         7.1777      0.0014857       0.001399      0.0015607      0.0014258      0.0014428      0.0014931       -0.11626       -0.10054       -0.11842      -0.098477       -0.10816         -0.108
         7.1836      0.0014825      0.0013981      0.0015581      0.0014247      0.0014409      0.0014914       -0.11612       -0.10021       -0.11835      -0.098246       -0.10793       -0.10785
         7.1895      0.0014793      0.0013973      0.0015556      0.0014235       0.001439      0.0014896       -0.11598      -0.099887       -0.11828      -0.098012        -0.1077        -0.1077
         7.1953      0.0014761      0.0013966      0.0015531      0.0014224      0.0014371      0.0014879       -0.11584      -0.099563       -0.11821      -0.097777       -0.10748       -0.10754
         7.2012       0.001465      0.0013913      0.0015506      0.0014213      0.0014292      0.0014862       -0.11493      -0.098121       -0.11814       -0.09754       -0.10631       -0.10739
          7.207      0.0014694      0.0013978       0.001548      0.0014202      0.0014347      0.0014845       -0.11543       -0.09847       -0.11806      -0.097301       -0.10674       -0.10723
         7.2129      0.0014664      0.0013973      0.0015455      0.0014191      0.0014331      0.0014828        -0.1153      -0.098146       -0.11799       -0.09706       -0.10652       -0.10708
         7.2188      0.0014633      0.0013968       0.001543      0.0014181      0.0014314      0.0014811       -0.11516       -0.09782       -0.11791      -0.096818       -0.10629       -0.10692
         7.2246      0.0014603      0.0013964      0.0015405       0.001417      0.0014298      0.0014795       -0.11503      -0.097494       -0.11783      -0.096574       -0.10606       -0.10676
         7.2305      0.0014574       0.001396       0.001538       0.001416      0.0014283      0.0014778       -0.11489      -0.097169       -0.11774      -0.096328       -0.10584       -0.10659
         7.2363      0.0014545      0.0013957      0.0015355       0.001415      0.0014267      0.0014762       -0.11476      -0.096844       -0.11766       -0.09608       -0.10562       -0.10643
         7.2422      0.0014516      0.0013955       0.001533      0.0014141      0.0014253      0.0014746       -0.11462      -0.096522       -0.11758      -0.095831       -0.10539       -0.10626
          7.248      0.0014488      0.0013954      0.0015306      0.0014132      0.0014239       0.001473       -0.11448      -0.096202       -0.11749      -0.095581       -0.10517        -0.1061
         7.2539      0.0014459      0.0013953      0.0015281      0.0014123      0.0014225      0.0014714       -0.11435      -0.095881        -0.1174      -0.095328       -0.10495       -0.10593
         7.2598       0.001443      0.0013952      0.0015256      0.0014114      0.0014212      0.0014699       -0.11422      -0.095561       -0.11731      -0.095074       -0.10473       -0.10576
         7.2656      0.0014402      0.0013953      0.0015232      0.0014105      0.0014199      0.0014683       -0.11409      -0.095244       -0.11722      -0.094819       -0.10452       -0.10559
         7.2715      0.0014374      0.0013954      0.0015207      0.0014097      0.0014186      0.0014668       -0.11396       -0.09493       -0.11712      -0.094562       -0.10431       -0.10541
         7.2773      0.0014345      0.0013955      0.0015183      0.0014089      0.0014173      0.0014653       -0.11384      -0.094616       -0.11702      -0.094304       -0.10409       -0.10524
         7.2832      0.0014317      0.0013958      0.0015159      0.0014081      0.0014161      0.0014638       -0.11371      -0.094304       -0.11693      -0.094044       -0.10388       -0.10506
         7.2891       0.001429      0.0013961      0.0015134      0.0014074       0.001415      0.0014623       -0.11359      -0.093996       -0.11683      -0.093783       -0.10368       -0.10488
         7.2949      0.0014262      0.0013964       0.001511      0.0014066      0.0014139      0.0014608       -0.11346      -0.093689       -0.11672       -0.09352       -0.10347       -0.10471
         7.3008      0.0014236      0.0013968      0.0015086      0.0014059      0.0014128      0.0014594       -0.11335      -0.093383       -0.11662      -0.093256       -0.10327       -0.10453
         7.3066      0.0014209      0.0013973      0.0015062      0.0014053      0.0014118       0.001458       -0.11324       -0.09308       -0.11651      -0.092991       -0.10308       -0.10434
         7.3125      0.0014181      0.0013978      0.0015038      0.0014046      0.0014108      0.0014565       -0.11314      -0.092782       -0.11641      -0.092724       -0.10289       -0.10416
         7.3184      0.0014153      0.0013984      0.0015014       0.001404      0.0014097      0.0014552       -0.11304      -0.092488        -0.1163      -0.092457        -0.1027       -0.10398
         7.3242      0.0014125       0.001399       0.001499      0.0014034      0.0014087      0.0014538       -0.11293      -0.092194       -0.11618      -0.092188       -0.10251       -0.10379
         7.3301      0.0014098      0.0013997      0.0014967      0.0014029      0.0014077      0.0014524       -0.11283      -0.091903       -0.11607      -0.091918       -0.10233        -0.1036
         7.3359      0.0014069      0.0014004      0.0014943      0.0014023      0.0014067      0.0014511       -0.11273      -0.091617       -0.11596      -0.091647       -0.10215       -0.10341
         7.3418      0.0014041      0.0014011       0.001492      0.0014019      0.0014058      0.0014498       -0.11262      -0.091333       -0.11584      -0.091375       -0.10197       -0.10323
         7.3477      0.0014013       0.001402      0.0014896      0.0014014      0.0014048      0.0014485       -0.11252      -0.091055       -0.11572      -0.091102       -0.10179       -0.10303
         7.3535      0.0013985      0.0014028      0.0014873       0.001401      0.0014039      0.0014472       -0.11242      -0.090782        -0.1156      -0.090829       -0.10162       -0.10284
         7.3594      0.0013956      0.0014038       0.001485      0.0014006       0.001403       0.001446       -0.11232      -0.090512       -0.11548      -0.090554       -0.10145       -0.10265
         7.3652      0.0013928      0.0014047      0.0014827      0.0014002      0.0014021      0.0014447       -0.11221      -0.090249       -0.11535      -0.090279       -0.10128       -0.10246
         7.3711      0.0013901      0.0014057      0.0014804      0.0013998      0.0014012      0.0014435       -0.11211      -0.089993       -0.11522      -0.090003       -0.10111       -0.10226
          7.377      0.0013873      0.0014067      0.0014781      0.0013995      0.0014004      0.0014423       -0.11202      -0.089741       -0.11509      -0.089726       -0.10096       -0.10206
         7.3828      0.0013844      0.0014078      0.0014758      0.0013993      0.0013995      0.0014411       -0.11191      -0.089493       -0.11496      -0.089449        -0.1008       -0.10187
         7.3887      0.0013816      0.0014089      0.0014735       0.001399      0.0013986        0.00144        -0.1118      -0.089251       -0.11483      -0.089172       -0.10064       -0.10167
         7.3945      0.0013789      0.0014099      0.0014713      0.0013988      0.0013978      0.0014388        -0.1117      -0.089013        -0.1147      -0.088894       -0.10048       -0.10147
         7.4004      0.0013682      0.0014096       0.001469      0.0013986      0.0013922      0.0014377       -0.11077      -0.087773       -0.11456      -0.088615      -0.099443       -0.10127
         7.4063      0.0013652      0.0014108      0.0014668      0.0013985      0.0013913      0.0014366       -0.11068      -0.087556       -0.11442      -0.088337      -0.099306       -0.10107
         7.4121      0.0013689      0.0014181      0.0014645      0.0013984      0.0013968      0.0014356        -0.1112      -0.088086       -0.11428      -0.088058      -0.099849       -0.10087
          7.418      0.0013661      0.0014193      0.0014623      0.0013983      0.0013959      0.0014345        -0.1111       -0.08788       -0.11414      -0.087779      -0.099712       -0.10066
         7.4238      0.0013632      0.0014206      0.0014601      0.0013982       0.001395      0.0014335       -0.11099      -0.087677       -0.11399        -0.0875      -0.099575       -0.10046
         7.4297      0.0013604      0.0014218      0.0014579      0.0013982      0.0013942      0.0014325       -0.11087       -0.08748       -0.11385      -0.087221      -0.099436       -0.10026
         7.4355      0.0013576      0.0014231      0.0014557      0.0013983      0.0013934      0.0014315       -0.11077      -0.087291        -0.1137      -0.086943      -0.099306       -0.10005
         7.4414      0.0013547      0.0014243      0.0014536      0.0013983      0.0013925      0.0014305       -0.11066      -0.087108       -0.11355      -0.086664      -0.099179      -0.099845
         7.4473      0.0013519      0.0014255      0.0014514      0.0013984      0.0013915      0.0014296       -0.11053      -0.086928        -0.1134      -0.086386      -0.099044      -0.099639
         7.4531      0.0013493      0.0014268      0.0014493      0.0013985      0.0013908      0.0014286       -0.11041      -0.086753       -0.11324      -0.086108      -0.098913      -0.099433
          7.459      0.0013466      0.0014281      0.0014471      0.0013987        0.00139      0.0014277       -0.11031      -0.086583       -0.11309      -0.085831      -0.098797      -0.099226
         7.4648      0.0013438      0.0014293       0.001445      0.0013989      0.0013891      0.0014269       -0.11021      -0.086416       -0.11293      -0.085554      -0.098681      -0.099018
         7.4707      0.0013412      0.0014306      0.0014429      0.0013991      0.0013884       0.001426       -0.11009      -0.086255       -0.11277      -0.085278       -0.09856       -0.09881
         7.4766      0.0013386      0.0014319      0.0014408      0.0013994      0.0013876      0.0014252       -0.10999      -0.086099       -0.11261      -0.085002      -0.098449      -0.098602
         7.4824       0.001336      0.0014332      0.0014388      0.0013997      0.0013868      0.0014243        -0.1099      -0.085948       -0.11244      -0.084727      -0.098344      -0.098393
         7.4883      0.0013334      0.0014345      0.0014367         0.0014       0.001386      0.0014235        -0.1098      -0.085801       -0.11228      -0.084454      -0.098242      -0.098185
         7.4941      0.0013308      0.0014357      0.0014346      0.0014004      0.0013852      0.0014228       -0.10973      -0.085657       -0.11211      -0.084181      -0.098149      -0.097975
            7.5       0.001328       0.001437      0.0014326      0.0014007      0.0013843       0.001422       -0.10963      -0.085514       -0.11194      -0.083909      -0.098049      -0.097766
         7.5059      0.0013253      0.0014382      0.0014306      0.0014012      0.0013834      0.0014213       -0.10952      -0.085375       -0.11177      -0.083638       -0.09794      -0.097557
         7.5117      0.0013228      0.0014395      0.0014286      0.0014016      0.0013827      0.0014206       -0.10942      -0.085242       -0.11159      -0.083369      -0.097841      -0.097347
         7.5176      0.0013202      0.0014407      0.0014266      0.0014021      0.0013818      0.0014199       -0.10933       -0.08511       -0.11142      -0.083101      -0.097748      -0.097137
         7.5234      0.0013176      0.0014419      0.0014246      0.0014027      0.0013809      0.0014192       -0.10922       -0.08498       -0.11124      -0.082834      -0.097649      -0.096927
         7.5293       0.001315      0.0014431      0.0014226      0.0014032        0.00138      0.0014185       -0.10913       -0.08485       -0.11106      -0.082569      -0.097554      -0.096717
         7.5352      0.0013122      0.0014443      0.0014207      0.0014038      0.0013791      0.0014179       -0.10902       -0.08472       -0.11088      -0.082305      -0.097455      -0.096508
          7.541      0.0013097      0.0014456      0.0014187      0.0014044      0.0013783      0.0014173       -0.10889      -0.084598        -0.1107      -0.082043      -0.097345      -0.096298
         7.5469      0.0013075      0.0014467      0.0014168      0.0014051      0.0013776      0.0014167       -0.10878      -0.084483       -0.11051      -0.081782      -0.097247      -0.096088
         7.5527      0.0013051      0.0014479      0.0014149      0.0014058      0.0013768      0.0014161       -0.10869      -0.084365       -0.11033      -0.081523      -0.097161      -0.095879
         7.5586      0.0013027       0.001449       0.001413      0.0014065       0.001376      0.0014156       -0.10859      -0.084245       -0.11014      -0.081266      -0.097067      -0.095669
         7.5645      0.0013005      0.0014502      0.0014112      0.0014072      0.0013753       0.001415        -0.1085      -0.084129       -0.10995      -0.081011       -0.09698       -0.09546
         7.5703      0.0012982      0.0014513      0.0014093       0.001408      0.0013745      0.0014145       -0.10843      -0.084013       -0.10976      -0.080758        -0.0969      -0.095251
         7.5762      0.0012958      0.0014525      0.0014075      0.0014088      0.0013737       0.001414       -0.10833      -0.083894       -0.10956      -0.080507      -0.096812      -0.095042
          7.582      0.0012936      0.0014536      0.0014056      0.0014096       0.001373      0.0014135       -0.10825      -0.083779       -0.10937      -0.080258      -0.096729      -0.094834
         7.5879      0.0012913      0.0014547      0.0014038      0.0014105      0.0013722      0.0014131       -0.10819      -0.083665       -0.10917      -0.080011      -0.096658      -0.094626
         7.5938      0.0012889      0.0014558       0.001402      0.0014114      0.0013714      0.0014126       -0.10811      -0.083546       -0.10897      -0.079767      -0.096576      -0.094418
         7.5996      0.0012794      0.0014557      0.0014003      0.0014123      0.0013658      0.0014122       -0.10708      -0.082655       -0.10877      -0.079524      -0.095656       -0.09421
         7.6055      0.0012768      0.0014568      0.0013985      0.0014133      0.0013649      0.0014118       -0.10697      -0.082552       -0.10857      -0.079284      -0.095566      -0.094003
         7.6113      0.0012747      0.0014579      0.0013968      0.0014142      0.0013641      0.0014114       -0.10684       -0.08245       -0.10836      -0.079046      -0.095465      -0.093797
         7.6172      0.0012791      0.0014646       0.001395      0.0014152      0.0013695       0.001411        -0.1074      -0.083095       -0.10816      -0.078811      -0.096072       -0.09359
          7.623      0.0012769      0.0014657      0.0013933      0.0014162      0.0013688      0.0014107       -0.10731      -0.082991       -0.10795      -0.078578      -0.095987      -0.093384
         7.6289      0.0012747      0.0014667      0.0013916      0.0014173       0.001368      0.0014104       -0.10719      -0.082886       -0.10774      -0.078348      -0.095891      -0.093179
         7.6348      0.0012727      0.0014678        0.00139      0.0014184      0.0013673        0.00141       -0.10708       -0.08278       -0.10753       -0.07812      -0.095796      -0.092974
         7.6406      0.0012707      0.0014688      0.0013883      0.0014195      0.0013666      0.0014097       -0.10696      -0.082672       -0.10732      -0.077895      -0.095695       -0.09277
         7.6465       0.001269      0.0014699      0.0013867      0.0014206       0.001366      0.0014094       -0.10684      -0.082566        -0.1071      -0.077672      -0.095595      -0.092566
         7.6523      0.0012673       0.001471       0.001385      0.0014217      0.0013655      0.0014092       -0.10675      -0.082464       -0.10689      -0.077452      -0.095511      -0.092362
         7.6582      0.0012653       0.001472      0.0013834      0.0014229      0.0013648      0.0014089       -0.10665      -0.082363       -0.10667      -0.077234      -0.095425      -0.092159
         7.6641      0.0012634       0.001473      0.0013819      0.0014241      0.0013641      0.0014087       -0.10652      -0.082261       -0.10645       -0.07702      -0.095322      -0.091957
         7.6699      0.0012619       0.001474      0.0013803      0.0014253      0.0013636      0.0014084        -0.1064      -0.082157       -0.10623      -0.076808      -0.095223      -0.091755
         7.6758      0.0012602       0.001475      0.0013787      0.0014265      0.0013631      0.0014082       -0.10631      -0.082049       -0.10601      -0.076598      -0.095132      -0.091554
         7.6816      0.0012585       0.001476      0.0013772      0.0014278      0.0013625       0.001408        -0.1062      -0.081939       -0.10578      -0.076392      -0.095034      -0.091353
         7.6875      0.0012569       0.001477      0.0013757       0.001429       0.001362      0.0014078       -0.10608      -0.081834       -0.10556      -0.076188      -0.094934      -0.091153
         7.6934      0.0012555       0.001478      0.0013742      0.0014303      0.0013616      0.0014077       -0.10597      -0.081729       -0.10533      -0.075987      -0.094836      -0.090954
         7.6992      0.0012541      0.0014789      0.0013727      0.0014316      0.0013612      0.0014075       -0.10586       -0.08162        -0.1051      -0.075789      -0.094737      -0.090755
         7.7051      0.0012528      0.0014799      0.0013713      0.0014329      0.0013608      0.0014074       -0.10576      -0.081508       -0.10487      -0.075594      -0.094642      -0.090557
         7.7109      0.0012514      0.0014809      0.0013698      0.0014343      0.0013604      0.0014072       -0.10566      -0.081397       -0.10464      -0.075401      -0.094547      -0.090359
         7.7168        0.00125      0.0014818      0.0013684      0.0014356        0.00136      0.0014071       -0.10554      -0.081285       -0.10441      -0.075211      -0.094445      -0.090162
         7.7227      0.0012486      0.0014828       0.001367       0.001437      0.0013596       0.001407       -0.10542      -0.081173       -0.10418      -0.075025       -0.09434      -0.089966
         7.7285      0.0012473      0.0014837      0.0013656      0.0014384      0.0013592      0.0014069       -0.10529      -0.081058       -0.10394      -0.074841      -0.094225       -0.08977
         7.7344      0.0012462      0.0014847      0.0013643      0.0014398      0.0013589      0.0014069       -0.10514      -0.080942       -0.10371       -0.07466      -0.094099      -0.089575
         7.7402      0.0012454      0.0014857      0.0013629      0.0014412      0.0013589      0.0014068       -0.10502      -0.080829       -0.10347      -0.074481       -0.09399       -0.08938
         7.7461      0.0012445      0.0014867      0.0013616      0.0014426      0.0013588      0.0014068       -0.10492      -0.080719       -0.10323      -0.074306      -0.093897      -0.089186
          7.752      0.0012435      0.0014876      0.0013603      0.0014441      0.0013585      0.0014067       -0.10481      -0.080609       -0.10299      -0.074133      -0.093795      -0.088993
         7.7578      0.0012427      0.0014885       0.001359      0.0014455      0.0013584      0.0014067       -0.10471      -0.080495       -0.10275      -0.073963      -0.093694        -0.0888
         7.7637      0.0012417      0.0014895      0.0013578       0.001447      0.0013583      0.0014067       -0.10461      -0.080382        -0.1025      -0.073796        -0.0936      -0.088608
         7.7695      0.0012407      0.0014903      0.0013565      0.0014485       0.001358      0.0014067        -0.1045      -0.080268       -0.10226      -0.073632      -0.093491      -0.088416
         7.7754        0.00124      0.0014912      0.0013553        0.00145       0.001358      0.0014067       -0.10437      -0.080146       -0.10201      -0.073471      -0.093377      -0.088225
         7.7813      0.0012393      0.0014921      0.0013541      0.0014515      0.0013579      0.0014067       -0.10428       -0.08002       -0.10177      -0.073312      -0.093273      -0.088035
         7.7871      0.0012384       0.001493      0.0013529       0.001453      0.0013578      0.0014067       -0.10416      -0.079897       -0.10152      -0.073157      -0.093159      -0.087846
          7.793      0.0012378       0.001494      0.0013518      0.0014545      0.0013578      0.0014068       -0.10402      -0.079772       -0.10127      -0.073004      -0.093037      -0.087656
         7.7988      0.0012317      0.0014934      0.0013506       0.001456      0.0013538      0.0014068       -0.10285      -0.078983       -0.10102      -0.072853      -0.092065      -0.087468
         7.8047       0.001231      0.0014943      0.0013495      0.0014576      0.0013537      0.0014069       -0.10275      -0.078861       -0.10077      -0.072706      -0.091961       -0.08728
         7.8105      0.0012303      0.0014951      0.0013484      0.0014591      0.0013536       0.001407       -0.10262      -0.078737       -0.10052      -0.072561      -0.091839      -0.087093
         7.8164      0.0012298      0.0014959      0.0013473      0.0014607      0.0013537      0.0014071       -0.10249      -0.078609       -0.10027      -0.072419      -0.091715      -0.086906
         7.8223      0.0012351       0.001502      0.0013462      0.0014622      0.0013593      0.0014072       -0.10302      -0.079281       -0.10001       -0.07228      -0.092312       -0.08672
         7.8281      0.0012346      0.0015028      0.0013452      0.0014638      0.0013593      0.0014073        -0.1029      -0.079146      -0.099757      -0.072143       -0.09219      -0.086534
          7.834      0.0012342      0.0015038      0.0013442      0.0014654      0.0013595      0.0014074       -0.10277      -0.079009      -0.099501      -0.072009      -0.092061      -0.086349
         7.8398      0.0012339      0.0015047      0.0013432       0.001467      0.0013596      0.0014075       -0.10265      -0.078876      -0.099244      -0.071877      -0.091942      -0.086165
         7.8457      0.0012334      0.0015055      0.0013422      0.0014686      0.0013597      0.0014077       -0.10254      -0.078745      -0.098986      -0.071749      -0.091825      -0.085981
         7.8516       0.001233      0.0015064      0.0013412      0.0014702      0.0013598      0.0014078        -0.1024      -0.078611      -0.098727      -0.071622      -0.091696      -0.085798
         7.8574      0.0012327      0.0015074      0.0013403      0.0014718        0.00136       0.001408       -0.10227      -0.078476      -0.098467      -0.071499      -0.091566      -0.085615
         7.8633      0.0012325      0.0015083      0.0013394      0.0014734      0.0013603      0.0014082       -0.10213      -0.078339      -0.098206      -0.071378      -0.091434      -0.085433
         7.8691      0.0012325      0.0015092      0.0013384       0.001475      0.0013606      0.0014083       -0.10199      -0.078199      -0.097945      -0.071259        -0.0913      -0.085251
          7.875      0.0012325      0.0015102      0.0013376      0.0014766      0.0013611      0.0014085       -0.10189      -0.078063      -0.097683      -0.071143      -0.091187       -0.08507
         7.8809      0.0012322      0.0015111      0.0013367      0.0014782      0.0013612      0.0014087       -0.10181      -0.077929       -0.09742      -0.071029      -0.091084      -0.084889
         7.8867      0.0012317       0.001512      0.0013359      0.0014799      0.0013614      0.0014089       -0.10167      -0.077787      -0.097156      -0.070918       -0.09095      -0.084709
         7.8926      0.0012317       0.001513       0.001335      0.0014815      0.0013617      0.0014092       -0.10152      -0.077636      -0.096891      -0.070809      -0.090805       -0.08453
         7.8984      0.0012316       0.001514      0.0013342      0.0014831      0.0013621      0.0014094        -0.1014       -0.07749      -0.096626      -0.070703      -0.090677      -0.084351
         7.9043      0.0012315       0.001515      0.0013335      0.0014847      0.0013624      0.0014096       -0.10127       -0.07735       -0.09636      -0.070599      -0.090546      -0.084172
         7.9102      0.0012315       0.001516      0.0013327      0.0014864      0.0013628      0.0014099       -0.10113      -0.077212      -0.096093      -0.070497      -0.090411      -0.083994
          7.916      0.0012314       0.001517       0.001332       0.001488      0.0013632      0.0014102         -0.101      -0.077074      -0.095825      -0.070398      -0.090284      -0.083817
         7.9219      0.0012312       0.001518      0.0013312      0.0014897      0.0013635      0.0014104       -0.10087      -0.076933      -0.095557      -0.070301       -0.09015       -0.08364
         7.9277      0.0012312       0.001519      0.0013305      0.0014913      0.0013638      0.0014107       -0.10072      -0.076791      -0.095288      -0.070206      -0.090009      -0.083463
         7.9336      0.0012311        0.00152      0.0013299       0.001493      0.0013642       0.001411       -0.10057      -0.076654      -0.095019      -0.070113       -0.08987      -0.083287
         7.9395       0.001231      0.0015209      0.0013292      0.0014946      0.0013645      0.0014113       -0.10041      -0.076516      -0.094749      -0.070023      -0.089723      -0.083112
         7.9453      0.0012311      0.0015219      0.0013286      0.0014962      0.0013649      0.0014116       -0.10024      -0.076372      -0.094478      -0.069935      -0.089569      -0.082937
         7.9512      0.0012312       0.001523       0.001328      0.0014979      0.0013654      0.0014119       -0.10008      -0.076232      -0.094207      -0.069849      -0.089424      -0.082762
          7.957      0.0012312       0.001524      0.0013274      0.0014995      0.0013658      0.0014123      -0.099915      -0.076097      -0.093935      -0.069765      -0.089274      -0.082588
         7.9629      0.0012314       0.001525      0.0013268      0.0015012      0.0013663      0.0014126      -0.099728      -0.075955      -0.093663      -0.069683       -0.08911      -0.082414
         7.9688      0.0012317       0.001526      0.0013262      0.0015028      0.0013669      0.0014129      -0.099558      -0.075813       -0.09339      -0.069604      -0.088955      -0.082241
         7.9746      0.0012319      0.0015271      0.0013257      0.0015045      0.0013675      0.0014133      -0.099393      -0.075681      -0.093117      -0.069526      -0.088808      -0.082068
         7.9805      0.0012321      0.0015281      0.0013252      0.0015061       0.001368      0.0014137      -0.099209      -0.075553      -0.092843      -0.069451      -0.088652      -0.081896
         7.9863      0.0012324      0.0015291      0.0013247      0.0015078      0.0013686       0.001414      -0.099027       -0.07542      -0.092569      -0.069377      -0.088494      -0.081724
         7.9922      0.0012327      0.0015301      0.0013242      0.0015094      0.0013691      0.0014144      -0.098849      -0.075286      -0.092294      -0.069306      -0.088338      -0.081553
          7.998       0.001233      0.0015311      0.0013238      0.0015111      0.0013697      0.0014148       -0.09866      -0.075152      -0.092019      -0.069236      -0.088176      -0.081382
         8.0039      0.0012293      0.0015298      0.0013233      0.0015127      0.0013666      0.0014152      -0.097245      -0.074418      -0.091744      -0.069168      -0.087077      -0.081211
         8.0098      0.0012296      0.0015308      0.0013229      0.0015143      0.0013672      0.0014156      -0.097075      -0.074298      -0.091468      -0.069103      -0.086931      -0.081041
         8.0156      0.0012299      0.0015317      0.0013225       0.001516      0.0013678      0.0014161      -0.096873      -0.074171      -0.091192      -0.069039      -0.086764      -0.080871
         8.0215      0.0012305      0.0015327      0.0013221      0.0015176      0.0013685      0.0014165      -0.096668      -0.074044      -0.090915      -0.068977      -0.086596      -0.080702
         8.0273      0.0012367      0.0015377      0.0013218      0.0015193      0.0013742      0.0014169      -0.097134      -0.074723      -0.090638      -0.068916      -0.087146      -0.080533
         8.0332       0.001237      0.0015385      0.0013215      0.0015209      0.0013747      0.0014174       -0.09693      -0.074603      -0.090361      -0.068858      -0.086982      -0.080365
         8.0391      0.0012375      0.0015394      0.0013212      0.0015225      0.0013753      0.0014179      -0.096688      -0.074477      -0.090083      -0.068801      -0.086792      -0.080197
         8.0449      0.0012382      0.0015403      0.0013209      0.0015242      0.0013761      0.0014183      -0.096454      -0.074351      -0.089806      -0.068746      -0.086606      -0.080029
         8.0508      0.0012388      0.0015411      0.0013206      0.0015258      0.0013768      0.0014188      -0.096225      -0.074228      -0.089527      -0.068693      -0.086424      -0.079862
         8.0566      0.0012396       0.001542      0.0013204      0.0015274      0.0013776      0.0014193      -0.095973        -0.0741      -0.089249      -0.068641      -0.086227      -0.079695
         8.0625      0.0012407      0.0015429      0.0013201       0.001529      0.0013785      0.0014198      -0.095733      -0.073974       -0.08897      -0.068592      -0.086036      -0.079529
         8.0684      0.0012416      0.0015437      0.0013199      0.0015307      0.0013794      0.0014203      -0.095519      -0.073855      -0.088692      -0.068543      -0.085864      -0.079363
         8.0742      0.0012424      0.0015446      0.0013197      0.0015323      0.0013803      0.0014209      -0.095293      -0.073735      -0.088413      -0.068497      -0.085684      -0.079198
         8.0801      0.0012434      0.0015454      0.0013196      0.0015339      0.0013811      0.0014214      -0.095047      -0.073613      -0.088133      -0.068452      -0.085492      -0.079033
         8.0859      0.0012444      0.0015462      0.0013194      0.0015355       0.001382      0.0014219      -0.094803      -0.073489      -0.087854      -0.068408        -0.0853      -0.078868
         8.0918      0.0012455       0.001547      0.0013193      0.0015371       0.001383      0.0014225       -0.09456      -0.073366      -0.087574      -0.068366      -0.085109      -0.078703
         8.0977      0.0012466      0.0015478      0.0013192      0.0015387       0.001384       0.001423       -0.09431      -0.073247      -0.087295      -0.068326      -0.084916       -0.07854
         8.1035      0.0012477      0.0015486      0.0013191      0.0015403      0.0013849      0.0014236      -0.094053      -0.073131      -0.087015      -0.068287      -0.084719      -0.078376
         8.1094      0.0012489      0.0015494      0.0013191      0.0015419       0.001386      0.0014242      -0.093796      -0.073015      -0.086735      -0.068249      -0.084523      -0.078213
         8.1152      0.0012502      0.0015501      0.0013191      0.0015435       0.001387      0.0014248      -0.093543      -0.072903      -0.086455      -0.068213       -0.08433       -0.07805
         8.1211      0.0012515      0.0015508       0.001319      0.0015451       0.001388      0.0014254      -0.093282      -0.072784      -0.086175      -0.068179      -0.084129      -0.077888
          8.127      0.0012529      0.0015514      0.0013191      0.0015467      0.0013891       0.001426      -0.093016      -0.072656      -0.085895      -0.068145      -0.083921      -0.077726
         8.1328      0.0012544      0.0015522      0.0013191      0.0015482      0.0013903      0.0014266      -0.092757      -0.072533      -0.085615      -0.068114      -0.083719      -0.077565
         8.1387      0.0012559      0.0015529      0.0013191      0.0015498      0.0013914      0.0014273      -0.092494      -0.072417      -0.085335      -0.068083      -0.083518      -0.077403
         8.1445      0.0012575      0.0015535      0.0013192      0.0015514      0.0013926      0.0014279      -0.092224      -0.072295      -0.085055      -0.068054       -0.08331      -0.077243
         8.1504      0.0012592      0.0015542      0.0013193       0.001553      0.0013939      0.0014286      -0.091965      -0.072171      -0.084775      -0.068026      -0.083107      -0.077082
         8.1563      0.0012608      0.0015548      0.0013194      0.0015545      0.0013951      0.0014293      -0.091705      -0.072051      -0.084495      -0.067999      -0.082906      -0.076923
         8.1621      0.0012625      0.0015554      0.0013196      0.0015561      0.0013963      0.0014299      -0.091434      -0.071923      -0.084216      -0.067973      -0.082694      -0.076763
          8.168      0.0012643       0.001556      0.0013197      0.0015576      0.0013976      0.0014306      -0.091163      -0.071791      -0.083936      -0.067949       -0.08248      -0.076604
         8.1738      0.0012661      0.0015566      0.0013199      0.0015592      0.0013989      0.0014313       -0.09089      -0.071661      -0.083657      -0.067926      -0.082266      -0.076446
         8.1797      0.0012681      0.0015572      0.0013201      0.0015607      0.0014003       0.001432      -0.090615      -0.071528      -0.083377      -0.067904       -0.08205      -0.076287
         8.1855      0.0012701      0.0015579      0.0013203      0.0015623      0.0014018      0.0014328      -0.090352      -0.071398      -0.083098      -0.067883       -0.08184       -0.07613
         8.1914      0.0012721      0.0015585      0.0013206      0.0015638      0.0014032      0.0014335      -0.090092      -0.071277      -0.082819      -0.067864      -0.081637      -0.075972
         8.1973      0.0012742      0.0015589      0.0013209      0.0015653      0.0014046      0.0014343      -0.089832      -0.071146       -0.08254      -0.067845      -0.081429      -0.075816
         8.2031      0.0012747      0.0015561      0.0013211      0.0015669      0.0014037       0.001435      -0.088342      -0.070335      -0.082262      -0.067827      -0.080235      -0.075659
          8.209      0.0012769      0.0015566      0.0013215      0.0015684      0.0014052      0.0014358      -0.088086      -0.070183      -0.081984      -0.067811      -0.080019      -0.075503
         8.2148      0.0012793      0.0015572      0.0013218      0.0015699      0.0014068      0.0014366      -0.087841      -0.070028      -0.081706      -0.067795      -0.079808      -0.075348
         8.2207      0.0012816      0.0015578      0.0013222      0.0015714      0.0014084      0.0014374      -0.087606      -0.069874      -0.081428      -0.067781      -0.079603      -0.075193
         8.2266      0.0012839      0.0015584      0.0013226      0.0015729        0.00141      0.0014382      -0.087363      -0.069719      -0.081151      -0.067767      -0.079394      -0.075038
         8.2324      0.0012864       0.001559       0.001323      0.0015745      0.0014117       0.001439      -0.087126       -0.06956      -0.080874      -0.067755      -0.079185      -0.074884
         8.2383      0.0012946      0.0015634      0.0013234       0.001576      0.0014185      0.0014398      -0.087615      -0.070135      -0.080598      -0.067743      -0.079698      -0.074731
         8.2441       0.001297       0.001564      0.0013239      0.0015775      0.0014202      0.0014407      -0.087399      -0.069976      -0.080322      -0.067732      -0.079501      -0.074578
           8.25      0.0012995      0.0015646      0.0013243      0.0015789      0.0014219      0.0014415      -0.087174      -0.069809      -0.080047      -0.067722      -0.079296      -0.074425
         8.2559       0.001302      0.0015653      0.0013248      0.0015804      0.0014236      0.0014424      -0.086953      -0.069648      -0.079772      -0.067713      -0.079096      -0.074273
         8.2617      0.0013045       0.001566      0.0013254      0.0015819      0.0014254      0.0014433      -0.086747      -0.069489      -0.079498      -0.067705      -0.078905      -0.074122
         8.2676      0.0013069      0.0015665      0.0013259      0.0015834      0.0014271      0.0014442      -0.086541      -0.069318      -0.079224      -0.067697      -0.078708      -0.073971
         8.2734      0.0013094      0.0015672      0.0013265      0.0015849      0.0014288      0.0014451      -0.086328      -0.069137      -0.078951      -0.067691      -0.078504      -0.073821
         8.2793       0.001312       0.001568      0.0013271      0.0015863      0.0014307       0.001446      -0.086124      -0.068957      -0.078679      -0.067685      -0.078304      -0.073671
         8.2852      0.0013145      0.0015687      0.0013277      0.0015878      0.0014325       0.001447      -0.085926      -0.068779      -0.078407       -0.06768      -0.078109      -0.073522
          8.291       0.001317      0.0015696      0.0013283      0.0015893      0.0014343      0.0014479      -0.085727      -0.068597      -0.078136      -0.067675      -0.077913      -0.073374
         8.2969      0.0013195      0.0015704       0.001329      0.0015907      0.0014361      0.0014489      -0.085531      -0.068415      -0.077866      -0.067672      -0.077717      -0.073226
         8.3027      0.0013221      0.0015713      0.0013297      0.0015922       0.001438      0.0014498       -0.08534      -0.068234      -0.077596      -0.067669      -0.077524      -0.073079
         8.3086      0.0013246      0.0015722      0.0013304      0.0015936      0.0014399      0.0014508      -0.085153      -0.068048      -0.077327      -0.067666      -0.077332      -0.072932
         8.3145      0.0013271      0.0015732      0.0013311      0.0015951      0.0014417      0.0014518      -0.084965       -0.06786       -0.07706      -0.067665      -0.077139      -0.072786
         8.3203      0.0013296      0.0015742      0.0013319      0.0015965      0.0014437      0.0014529      -0.084777      -0.067675      -0.076793      -0.067664      -0.076947      -0.072641
         8.3262      0.0013321      0.0015752      0.0013327       0.001598      0.0014456      0.0014539      -0.084597      -0.067488      -0.076527      -0.067663      -0.076759      -0.072496
          8.332      0.0013347      0.0015763      0.0013335      0.0015994      0.0014475      0.0014549      -0.084426      -0.067303      -0.076262      -0.067664      -0.076576      -0.072352
         8.3379      0.0013371      0.0015774      0.0013343      0.0016009      0.0014495       0.001456      -0.084261      -0.067122      -0.075998      -0.067664      -0.076399      -0.072209
         8.3438      0.0013396      0.0015785      0.0013352      0.0016023      0.0014513      0.0014571      -0.084101      -0.066929      -0.075735      -0.067666      -0.076219      -0.072067
         8.3496      0.0013418      0.0015798      0.0013361      0.0016037      0.0014532      0.0014581      -0.083935       -0.06673      -0.075473      -0.067667      -0.076034      -0.071926
         8.3555      0.0013442      0.0015812       0.001337      0.0016051      0.0014552      0.0014592      -0.083754      -0.066545      -0.075212       -0.06767      -0.075847      -0.071785
         8.3613      0.0013466      0.0015826      0.0013379      0.0016066      0.0014572      0.0014604      -0.083583      -0.066371      -0.074953      -0.067673      -0.075671      -0.071645
         8.3672      0.0013489       0.001584      0.0013388       0.001608      0.0014591      0.0014615      -0.083424      -0.066196      -0.074694      -0.067676      -0.075501      -0.071506
          8.373      0.0013511      0.0015854      0.0013398      0.0016094       0.001461      0.0014626      -0.083253       -0.06602      -0.074437       -0.06768      -0.075325      -0.071367
         8.3789      0.0013533      0.0015868      0.0013408      0.0016108      0.0014629      0.0014638      -0.083082      -0.065844      -0.074181      -0.067684      -0.075148       -0.07123
         8.3848      0.0013555      0.0015882      0.0013418      0.0016122      0.0014648      0.0014649      -0.082918      -0.065668      -0.073927      -0.067689      -0.074976      -0.071093
         8.3906      0.0013577      0.0015898      0.0013429      0.0016136      0.0014667      0.0014661      -0.082748      -0.065495      -0.073673      -0.067694      -0.074801      -0.070958
         8.3965      0.0013599      0.0015913       0.001344      0.0016151      0.0014687      0.0014673      -0.082571      -0.065319      -0.073422        -0.0677      -0.074622      -0.070823
         8.4023      0.0013615      0.0015912      0.0013451      0.0016165      0.0014695      0.0014685      -0.081437      -0.064387      -0.073171      -0.067706      -0.073576      -0.070689
         8.4082      0.0013636      0.0015929      0.0013462      0.0016179      0.0014715      0.0014698      -0.081272      -0.064223      -0.072922      -0.067713       -0.07341      -0.070556
         8.4141      0.0013657      0.0015947      0.0013473      0.0016193      0.0014734       0.001471      -0.081102       -0.06406      -0.072675       -0.06772      -0.073241      -0.070425
         8.4199      0.0013678      0.0015964      0.0013485      0.0016207      0.0014754      0.0014723      -0.080933      -0.063899      -0.072429      -0.067727      -0.073074      -0.070294
         8.4258      0.0013699      0.0015983      0.0013497      0.0016221      0.0014774      0.0014735      -0.080762      -0.063742      -0.072185      -0.067735      -0.072908      -0.070164
         8.4316       0.001372      0.0016002      0.0013509      0.0016235      0.0014794      0.0014748      -0.080595      -0.063596      -0.071942      -0.067743      -0.072749      -0.070035
         8.4375       0.001374       0.001602      0.0013521      0.0016249      0.0014814      0.0014761      -0.080436      -0.063452      -0.071701      -0.067752      -0.072596      -0.069907
         8.4434      0.0013818      0.0016072      0.0013534      0.0016263      0.0014881      0.0014774      -0.081085      -0.064044      -0.071462      -0.067761      -0.073208      -0.069781
         8.4492      0.0013836      0.0016091      0.0013547      0.0016277        0.00149      0.0014788      -0.080918      -0.063896      -0.071224       -0.06777      -0.073049      -0.069655
         8.4551      0.0013856       0.001611       0.001356      0.0016291      0.0014919      0.0014801      -0.080735      -0.063749      -0.070988       -0.06778      -0.072882      -0.069531
         8.4609      0.0013877       0.001613      0.0013573      0.0016305       0.001494      0.0014815      -0.080567      -0.063614      -0.070754       -0.06779      -0.072728      -0.069408
         8.4668      0.0013896       0.001615      0.0013586      0.0016319       0.001496      0.0014828      -0.080407      -0.063482      -0.070522      -0.067801       -0.07258      -0.069286
         8.4727      0.0013915      0.0016171        0.00136      0.0016333      0.0014979      0.0014842      -0.080234       -0.06335      -0.070292      -0.067812      -0.072426      -0.069165
         8.4785      0.0013935      0.0016192      0.0013614      0.0016347         0.0015      0.0014856      -0.080065      -0.063228      -0.070063      -0.067823      -0.072278      -0.069045
         8.4844      0.0013954      0.0016212      0.0013628      0.0016361      0.0015019      0.0014871      -0.079912      -0.063112      -0.069837      -0.067835      -0.072141      -0.068927
         8.4902       0.001397      0.0016233      0.0013642      0.0016376      0.0015037      0.0014885       -0.07975      -0.062993      -0.069612      -0.067847         -0.072       -0.06881
         8.4961      0.0013987      0.0016254      0.0013657       0.001639      0.0015056      0.0014899      -0.079571      -0.062878       -0.06939      -0.067859      -0.071851      -0.068694
          8.502      0.0014005      0.0016275      0.0013672      0.0016404      0.0015075      0.0014914      -0.079393      -0.062772      -0.069169      -0.067872      -0.071706      -0.068579
         8.5078      0.0014021      0.0016296      0.0013687      0.0016418      0.0015093      0.0014929      -0.079215      -0.062665      -0.068951      -0.067885      -0.071561      -0.068466
         8.5137      0.0014038      0.0016318      0.0013702      0.0016432      0.0015112      0.0014943       -0.07902       -0.06256      -0.068734      -0.067899      -0.071409      -0.068354
         8.5195      0.0014056       0.001634      0.0013718      0.0016446      0.0015132      0.0014959      -0.078826      -0.062466       -0.06852      -0.067913      -0.071261      -0.068244
         8.5254      0.0014074      0.0016362      0.0013733      0.0016461      0.0015152      0.0014974      -0.078648       -0.06238      -0.068308      -0.067927      -0.071126      -0.068135
         8.5313      0.0014091      0.0016384      0.0013749      0.0016475       0.001517      0.0014989      -0.078462      -0.062297      -0.068098      -0.067942      -0.070988      -0.068027
         8.5371      0.0014109      0.0016406      0.0013765      0.0016489       0.001519      0.0015004      -0.078265       -0.06222       -0.06789      -0.067958      -0.070847      -0.067921
          8.543      0.0014127      0.0016427      0.0013781      0.0016503       0.001521       0.001502      -0.078088      -0.062148      -0.067685      -0.067974      -0.070719      -0.067816
         8.5488      0.0014144      0.0016449      0.0013798      0.0016518      0.0015228      0.0015036       -0.07792      -0.062077      -0.067482       -0.06799      -0.070596      -0.067713
         8.5547      0.0014159       0.001647      0.0013814      0.0016532      0.0015246      0.0015052      -0.077734       -0.06201      -0.067281      -0.068007      -0.070465      -0.067611
         8.5605      0.0014176      0.0016492      0.0013831      0.0016547      0.0015265      0.0015068      -0.077541       -0.06195      -0.067082      -0.068024      -0.070335      -0.067511
         8.5664      0.0014193      0.0016513      0.0013848      0.0016561      0.0015283      0.0015084      -0.077353      -0.061893      -0.066886      -0.068042      -0.070208      -0.067412
         8.5723      0.0014209      0.0016535      0.0013865      0.0016576      0.0015302        0.00151      -0.077147      -0.061835      -0.066692       -0.06806      -0.070071      -0.067315
         8.5781      0.0014226      0.0016557      0.0013883       0.001659      0.0015321      0.0015116      -0.076938      -0.061785        -0.0665      -0.068079      -0.069935       -0.06722
          8.584      0.0014244      0.0016578        0.00139      0.0016605      0.0015339      0.0015133      -0.076754      -0.061746      -0.066311      -0.068099      -0.069819      -0.067126
         8.5898      0.0014259      0.0016597      0.0013918      0.0016619      0.0015357       0.001515      -0.076572      -0.061705      -0.066124      -0.068119      -0.069702      -0.067033
         8.5957      0.0014275      0.0016618      0.0013936      0.0016634      0.0015374      0.0015166       -0.07637      -0.061659       -0.06594      -0.068139      -0.069573      -0.066943
         8.6016      0.0014285      0.0016628      0.0013954      0.0016649      0.0015383      0.0015183      -0.075322      -0.060993      -0.065758      -0.068161      -0.068701      -0.066854
         8.6074      0.0014303      0.0016649      0.0013973      0.0016664      0.0015402        0.00152      -0.075126      -0.060971      -0.065579      -0.068183      -0.068585      -0.066766
         8.6133       0.001432      0.0016668      0.0013991      0.0016678       0.001542      0.0015218      -0.074935      -0.060949      -0.065402      -0.068205      -0.068473      -0.066681
         8.6191      0.0014337      0.0016688       0.001401      0.0016693      0.0015438      0.0015235      -0.074746      -0.060928      -0.065227      -0.068229      -0.068361      -0.066597
          8.625      0.0014354      0.0016708      0.0014029      0.0016708      0.0015456      0.0015252      -0.074557      -0.060911      -0.065055      -0.068253      -0.068251      -0.066515
         8.6309       0.001437      0.0016728      0.0014048      0.0016723      0.0015473       0.001527      -0.074363      -0.060896      -0.064886      -0.068277       -0.06814      -0.066434
         8.6367      0.0014386      0.0016748      0.0014067      0.0016738       0.001549      0.0015288      -0.074156      -0.060884      -0.064719      -0.068303      -0.068024      -0.066356
         8.6426      0.0014403      0.0016767      0.0014086      0.0016753      0.0015508      0.0015305      -0.073948      -0.060881      -0.064555      -0.068329      -0.067911      -0.066279
         8.6484      0.0014473      0.0016814      0.0014105      0.0016768      0.0015569      0.0015323      -0.074651      -0.061536      -0.064393      -0.068356      -0.068585      -0.066204
         8.6543       0.001449      0.0016833      0.0014125      0.0016784      0.0015587      0.0015341      -0.074451      -0.061538      -0.064234      -0.068384      -0.068478       -0.06613
         8.6602      0.0014509      0.0016851      0.0014145      0.0016799      0.0015605      0.0015359      -0.074259      -0.061539      -0.064077      -0.068413      -0.068374      -0.066059
          8.666      0.0014528      0.0016869      0.0014165      0.0016814      0.0015623      0.0015378      -0.074085      -0.061545      -0.063923      -0.068442      -0.068283      -0.065989
         8.6719      0.0014545      0.0016887      0.0014185      0.0016829       0.001564      0.0015396      -0.073909      -0.061553      -0.063772      -0.068473      -0.068192      -0.065922
         8.6777      0.0014562      0.0016904      0.0014205      0.0016845      0.0015657      0.0015415       -0.07371      -0.061556      -0.063623      -0.068504      -0.068086      -0.065856
         8.6836      0.0014581      0.0016923      0.0014225       0.001686      0.0015676      0.0015433      -0.073516      -0.061565      -0.063477      -0.068536      -0.067985      -0.065792
         8.6895      0.0014599       0.001694      0.0014246      0.0016876      0.0015693      0.0015452      -0.073336       -0.06158      -0.063333       -0.06857      -0.067895       -0.06573
         8.6953      0.0014616      0.0016957      0.0014267      0.0016891       0.001571      0.0015471      -0.073146      -0.061594      -0.063193      -0.068604      -0.067799       -0.06567
         8.7012      0.0014635      0.0016975      0.0014287      0.0016907      0.0015728      0.0015489      -0.072957      -0.061615      -0.063054      -0.068639      -0.067706      -0.065612
          8.707      0.0014653      0.0016992      0.0014308      0.0016923      0.0015745      0.0015508       -0.07278      -0.061642      -0.062919      -0.068675      -0.067623      -0.065556
         8.7129       0.001467      0.0017008      0.0014329      0.0016938      0.0015762      0.0015528       -0.07259      -0.061662      -0.062786      -0.068713      -0.067529      -0.065502
         8.7188      0.0014688      0.0017025       0.001435      0.0016954      0.0015779      0.0015547      -0.072388      -0.061686      -0.062656      -0.068751      -0.067431       -0.06545
         8.7246      0.0014707      0.0017042      0.0014372       0.001697      0.0015797      0.0015566      -0.072203      -0.061722      -0.062528       -0.06879      -0.067348        -0.0654
         8.7305      0.0014725      0.0017057      0.0014393      0.0016986      0.0015814      0.0015585      -0.072027      -0.061759      -0.062403      -0.068831       -0.06727      -0.065351
         8.7363      0.0014743      0.0017073      0.0014415      0.0017001      0.0015831      0.0015605       -0.07184      -0.061794      -0.062281      -0.068872      -0.067185      -0.065305
         8.7422      0.0014763      0.0017088      0.0014436      0.0017017      0.0015848      0.0015624      -0.071655      -0.061837      -0.062161      -0.068915      -0.067104      -0.065261
          8.748      0.0014782      0.0017103      0.0014458      0.0017033      0.0015865      0.0015644      -0.071481      -0.061879      -0.062045      -0.068959       -0.06703      -0.065219
         8.7539        0.00148      0.0017117       0.001448      0.0017049      0.0015881      0.0015664      -0.071303      -0.061917       -0.06193      -0.069004      -0.066951      -0.065179
         8.7598      0.0014818      0.0017132      0.0014502      0.0017065      0.0015898      0.0015683      -0.071112      -0.061959      -0.061819      -0.069051      -0.066867      -0.065141
         8.7656      0.0014838      0.0017147      0.0014524      0.0017081      0.0015915      0.0015703      -0.070924      -0.062008       -0.06171      -0.069098      -0.066788      -0.065105
         8.7715      0.0014858      0.0017161      0.0014546      0.0017098      0.0015933      0.0015723      -0.070748      -0.062058      -0.061604      -0.069147      -0.066716      -0.065071
         8.7773      0.0014878      0.0017175      0.0014568      0.0017114       0.001595      0.0015743      -0.070569      -0.062112        -0.0615      -0.069197      -0.066644      -0.065039
         8.7832      0.0014898      0.0017189       0.001459       0.001713      0.0015967      0.0015763      -0.070389      -0.062166        -0.0614      -0.069248      -0.066571       -0.06501
         8.7891      0.0014919      0.0017202      0.0014613      0.0017146      0.0015985      0.0015783       -0.07022      -0.062221      -0.061301      -0.069301      -0.066505      -0.064982
         8.7949      0.0014939      0.0017216      0.0014635      0.0017162      0.0016001      0.0015804       -0.07005      -0.062279      -0.061206      -0.069355       -0.06644      -0.064956
         8.8008      0.0014951      0.0017213      0.0014658      0.0017178      0.0016007      0.0015824      -0.069127      -0.061783      -0.061113       -0.06941      -0.065714      -0.064933
         8.8066      0.0014971      0.0017225      0.0014681      0.0017195      0.0016023      0.0015844      -0.068969      -0.061847      -0.061023      -0.069466      -0.065657      -0.064912
         8.8125      0.0014991      0.0017236      0.0014703      0.0017211      0.0016039      0.0015864      -0.068809      -0.061911      -0.060936      -0.069524      -0.065601      -0.064892
         8.8184       0.001501      0.0017248      0.0014726      0.0017227      0.0016055      0.0015885      -0.068644      -0.061973      -0.060851      -0.069583       -0.06554      -0.064875
         8.8242       0.001503      0.0017259      0.0014749      0.0017243      0.0016071      0.0015905      -0.068484      -0.062033      -0.060769      -0.069643      -0.065481       -0.06486
         8.8301      0.0015049       0.001727      0.0014772       0.001726      0.0016086      0.0015926       -0.06832      -0.062093      -0.060689      -0.069705      -0.065421      -0.064847
         8.8359      0.0015069      0.0017281      0.0014795      0.0017276      0.0016102      0.0015946      -0.068152      -0.062157      -0.060613      -0.069768       -0.06536      -0.064836
         8.8418      0.0015089      0.0017292      0.0014818      0.0017292      0.0016118      0.0015967      -0.067993      -0.062229      -0.060538      -0.069833      -0.065307      -0.064827
         8.8477      0.0015109      0.0017302      0.0014842      0.0017309      0.0016134      0.0015988       -0.06784      -0.062301      -0.060467      -0.069899      -0.065258      -0.064821
         8.8535      0.0015172      0.0017346      0.0014865      0.0017325      0.0016188      0.0016008      -0.068577      -0.062966      -0.060398      -0.069966      -0.065959      -0.064816
         8.8594      0.0015191      0.0017355      0.0014888      0.0017341      0.0016204      0.0016029      -0.068418      -0.063036      -0.060332      -0.070034      -0.065906      -0.064814
         8.8652      0.0015211      0.0017365      0.0014912      0.0017358      0.0016219       0.001605      -0.068262      -0.063108      -0.060268      -0.070104      -0.065856      -0.064813
         8.8711       0.001523      0.0017374      0.0014935      0.0017374      0.0016234       0.001607      -0.068105      -0.063178      -0.060207      -0.070176      -0.065804      -0.064815
          8.877       0.001525      0.0017383      0.0014959       0.001739      0.0016249      0.0016091      -0.067939      -0.063245      -0.060149      -0.070248      -0.065746      -0.064819
         8.8828      0.0015271      0.0017392      0.0014982      0.0017406      0.0016264      0.0016112      -0.067776      -0.063315      -0.060093      -0.070323      -0.065691      -0.064825
         8.8887      0.0015291      0.0017401      0.0015006      0.0017423      0.0016279      0.0016133      -0.067622      -0.063386      -0.060039      -0.070398      -0.065641      -0.064833
         8.8945      0.0015311       0.001741      0.0015029      0.0017439      0.0016295      0.0016154      -0.067467      -0.063463      -0.059989      -0.070475      -0.065594      -0.064843
         8.9004      0.0015332      0.0017419      0.0015053      0.0017455       0.001631      0.0016174      -0.067316      -0.063547      -0.059941      -0.070553      -0.065551      -0.064855
         8.9063      0.0015352      0.0017426      0.0015077      0.0017471      0.0016325      0.0016195      -0.067165      -0.063627      -0.059895      -0.070633      -0.065508      -0.064869
         8.9121      0.0015374      0.0017434      0.0015101      0.0017487       0.001634      0.0016216      -0.067009        -0.0637      -0.059852      -0.070714      -0.065458      -0.064885
          8.918      0.0015395      0.0017442      0.0015124      0.0017504      0.0016356      0.0016237      -0.066862      -0.063778      -0.059812      -0.070796      -0.065416      -0.064903
         8.9238      0.0015416      0.0017449      0.0015148       0.001752       0.001637      0.0016258      -0.066726      -0.063859      -0.059774       -0.07088      -0.065381      -0.064923
         8.9297      0.0015436      0.0017455      0.0015172      0.0017536      0.0016384      0.0016279      -0.066577      -0.063935      -0.059738      -0.070965      -0.065337      -0.064946
         8.9355      0.0015457      0.0017462      0.0015196      0.0017552      0.0016399      0.0016299      -0.066424      -0.064009      -0.059706      -0.071051       -0.06529       -0.06497
         8.9414      0.0015478      0.0017469       0.001522      0.0017568      0.0016413       0.001632      -0.066281      -0.064085      -0.059675      -0.071139       -0.06525      -0.064996
         8.9473      0.0015498      0.0017475      0.0015244      0.0017584      0.0016427      0.0016341       -0.06613      -0.064153      -0.059647      -0.071228        -0.0652      -0.065025
         8.9531      0.0015519      0.0017482      0.0015268        0.00176      0.0016442      0.0016362      -0.065963      -0.064215      -0.059622      -0.071318      -0.065141      -0.065055
          8.959      0.0015542       0.001749      0.0015292      0.0017615      0.0016459      0.0016383      -0.065812      -0.064286      -0.059599       -0.07141      -0.065094      -0.065087
         8.9648      0.0015563      0.0017497      0.0015316      0.0017631      0.0016474      0.0016404      -0.065674      -0.064362      -0.059579      -0.071503      -0.065056      -0.065121
         8.9707      0.0015584      0.0017504       0.001534      0.0017647      0.0016488      0.0016424      -0.065524      -0.064433      -0.059561      -0.071597      -0.065011      -0.065158
         8.9766      0.0015607      0.0017511      0.0015364      0.0017663      0.0016504      0.0016445      -0.065371      -0.064505      -0.059545      -0.071692      -0.064963      -0.065196
         8.9824      0.0015629      0.0017518      0.0015388      0.0017678       0.001652      0.0016466      -0.065231      -0.064586      -0.059532      -0.071789      -0.064927      -0.065236
         8.9883      0.0015651      0.0017524      0.0015412      0.0017694      0.0016535      0.0016486      -0.065091      -0.064668      -0.059521      -0.071887      -0.064891      -0.065278
         8.9941      0.0015674       0.001753      0.0015436      0.0017709       0.001655      0.0016507      -0.064945      -0.064741      -0.059513      -0.071986      -0.064849      -0.065321
              9      0.0015689       0.001752       0.001546      0.0017725      0.0016554      0.0016528      -0.064099      -0.064305      -0.059507      -0.072087      -0.064197      -0.065367
         9.0059      0.0015711      0.0017526      0.0015484       0.001774      0.0016569      0.0016548      -0.063961      -0.064382      -0.059503      -0.072188       -0.06416      -0.065415
         9.0117      0.0015734      0.0017533      0.0015508      0.0017755      0.0016585      0.0016569      -0.063815      -0.064452      -0.059502      -0.072291      -0.064116      -0.065464
         9.0176      0.0015758       0.001754      0.0015532       0.001777      0.0016601      0.0016589      -0.063669       -0.06452      -0.059503      -0.072395      -0.064072      -0.065515
         9.0234      0.0015781      0.0017548      0.0015556      0.0017786      0.0016618       0.001661      -0.063535      -0.064599      -0.059506      -0.072501      -0.064039      -0.065569
         9.0293      0.0015805      0.0017555       0.001558      0.0017801      0.0016634       0.001663      -0.063403       -0.06468      -0.059512      -0.072607      -0.064008      -0.065623
         9.0352      0.0015829      0.0017562      0.0015604      0.0017816      0.0016651      0.0016651      -0.063266      -0.064756       -0.05952      -0.072715      -0.063972       -0.06568
          9.041      0.0015853      0.0017569      0.0015628      0.0017831      0.0016667      0.0016671      -0.063135      -0.064838       -0.05953      -0.072823      -0.063943      -0.065739
         9.0469      0.0015876      0.0017576      0.0015651      0.0017845      0.0016683      0.0016691      -0.063006      -0.064918      -0.059542      -0.072933      -0.063914      -0.065799
         9.0527        0.00159      0.0017583      0.0015675       0.001786        0.00167      0.0016712      -0.062872      -0.064992      -0.059557      -0.073044      -0.063879      -0.065861
         9.0586      0.0015957      0.0017626      0.0015699      0.0017875       0.001675      0.0016732      -0.063578      -0.065682      -0.059574      -0.073156      -0.064578      -0.065924
         9.0645      0.0015981      0.0017633      0.0015723      0.0017889      0.0016767      0.0016752      -0.063448      -0.065764      -0.059593      -0.073269      -0.064549       -0.06599
         9.0703      0.0016005       0.001764      0.0015747      0.0017904      0.0016783      0.0016772      -0.063319      -0.065847      -0.059614      -0.073383      -0.064522      -0.066057
         9.0762       0.001603      0.0017647      0.0015771      0.0017918        0.00168      0.0016792      -0.063184      -0.065926      -0.059638      -0.073498      -0.064489      -0.066126
          9.082      0.0016055      0.0017655      0.0015794      0.0017933      0.0016818      0.0016812      -0.063054      -0.066011      -0.059663      -0.073614      -0.064462      -0.066196
         9.0879       0.001608      0.0017662      0.0015818      0.0017947      0.0016835      0.0016832      -0.062927      -0.066095      -0.059691      -0.073731      -0.064437      -0.066268
         9.0938      0.0016105       0.001767      0.0015842      0.0017961      0.0016852      0.0016851      -0.062787      -0.066169      -0.059721      -0.073849        -0.0644      -0.066342
         9.0996      0.0016131      0.0017679      0.0015865      0.0017975      0.0016871      0.0016871      -0.062649      -0.066244      -0.059753      -0.073968      -0.064364      -0.066417
         9.1055      0.0016157      0.0017688      0.0015889      0.0017989      0.0016889      0.0016891      -0.062522      -0.066328      -0.059787      -0.074088      -0.064339      -0.066494
         9.1113      0.0016183      0.0017696      0.0015912      0.0018003      0.0016907       0.001691      -0.062393      -0.066412      -0.059823      -0.074209      -0.064313      -0.066572
         9.1172      0.0016209      0.0017705      0.0015936      0.0018016      0.0016926       0.001693      -0.062263      -0.066496      -0.059861      -0.074331      -0.064286      -0.066652
          9.123      0.0016236      0.0017715      0.0015959       0.001803      0.0016945      0.0016949      -0.062138      -0.066584      -0.059901      -0.074454      -0.064264      -0.066734
         9.1289      0.0016263      0.0017724      0.0015983      0.0018044      0.0016964      0.0016969      -0.062012      -0.066675      -0.059944      -0.074577      -0.064244      -0.066817
         9.1348       0.001629      0.0017734      0.0016006      0.0018057      0.0016983      0.0016988      -0.061887      -0.066765      -0.059988      -0.074702      -0.064222      -0.066902
         9.1406      0.0016317      0.0017743      0.0016029       0.001807      0.0017002      0.0017007      -0.061763      -0.066855      -0.060034      -0.074827      -0.064202      -0.066987
         9.1465      0.0016344      0.0017753      0.0016053      0.0018084      0.0017022      0.0017026      -0.061639      -0.066945      -0.060082      -0.074953      -0.064182      -0.067075
         9.1523      0.0016372      0.0017763      0.0016076      0.0018097      0.0017041      0.0017045      -0.061518      -0.067038      -0.060132       -0.07508      -0.064165      -0.067164
         9.1582        0.00164      0.0017773      0.0016099       0.001811      0.0017061      0.0017064      -0.061396      -0.067132      -0.060184      -0.075208      -0.064149      -0.067254
         9.1641      0.0016428      0.0017783      0.0016122      0.0018123      0.0017082      0.0017083      -0.061271      -0.067224      -0.060238      -0.075336       -0.06413      -0.067346
         9.1699      0.0016457      0.0017795      0.0016145      0.0018135      0.0017103      0.0017102      -0.061151      -0.067318      -0.060294      -0.075466      -0.064114      -0.067439
         9.1758      0.0016486      0.0017806      0.0016168      0.0018148      0.0017124       0.001712      -0.061036       -0.06742      -0.060351      -0.075596      -0.064105      -0.067533
         9.1816      0.0016515      0.0017817      0.0016191      0.0018161      0.0017145      0.0017139      -0.060917      -0.067523      -0.060411      -0.075726      -0.064095      -0.067629
         9.1875      0.0016543      0.0017829      0.0016213      0.0018173      0.0017166      0.0017157      -0.060801      -0.067627      -0.060472      -0.075858      -0.064086      -0.067726
         9.1934      0.0016572       0.001784      0.0016236      0.0018186      0.0017187      0.0017176      -0.060688      -0.067736      -0.060535       -0.07599      -0.064082      -0.067825
         9.1992      0.0016595      0.0017831      0.0016259      0.0018198      0.0017195      0.0017194      -0.059908      -0.067377        -0.0606      -0.076123      -0.063508      -0.067924
         9.2051      0.0016625      0.0017842      0.0016281       0.001821      0.0017217      0.0017212      -0.059801       -0.06749      -0.060666      -0.076256       -0.06351      -0.068025
         9.2109      0.0016655      0.0017854      0.0016304      0.0018222      0.0017239       0.001723        -0.0597       -0.06761      -0.060735      -0.076391      -0.063518      -0.068127
         9.2168      0.0016685      0.0017865      0.0016326      0.0018234       0.001726      0.0017248      -0.059603      -0.067732      -0.060805      -0.076525      -0.063528      -0.068231
         9.2227      0.0016714      0.0017876      0.0016349      0.0018246      0.0017281      0.0017266      -0.059504      -0.067853      -0.060876      -0.076661      -0.063538      -0.068335
         9.2285      0.0016744      0.0017887      0.0016371      0.0018258      0.0017303      0.0017284      -0.059406      -0.067976       -0.06095      -0.076797       -0.06355      -0.068441
         9.2344      0.0016774      0.0017899      0.0016393      0.0018269      0.0017325      0.0017302      -0.059309      -0.068101      -0.061025      -0.076933      -0.063562      -0.068548
         9.2402      0.0016804      0.0017911      0.0016415      0.0018281      0.0017347      0.0017319      -0.059213      -0.068227      -0.061102       -0.07707      -0.063576      -0.068656
         9.2461      0.0016834      0.0017922      0.0016437      0.0018292      0.0017368      0.0017337      -0.059116      -0.068355       -0.06118      -0.077208      -0.063591      -0.068766
          9.252      0.0016865      0.0017934      0.0016459      0.0018303      0.0017391      0.0017354      -0.059021      -0.068483       -0.06126      -0.077346      -0.063607      -0.068876
         9.2578      0.0016895      0.0017947      0.0016481      0.0018315      0.0017413      0.0017372      -0.058931      -0.068616      -0.061341      -0.077485      -0.063628      -0.068988
         9.2637       0.001695      0.0017986      0.0016502      0.0018326      0.0017461      0.0017389       -0.05961      -0.069311      -0.061425      -0.077625      -0.064316        -0.0691
         9.2695      0.0016981      0.0017998      0.0016524      0.0018336      0.0017483      0.0017406      -0.059526      -0.069452      -0.061509      -0.077764      -0.064344      -0.069214
         9.2754      0.0017011      0.0018009      0.0016546      0.0018347      0.0017505      0.0017423      -0.059442      -0.069594      -0.061595      -0.077905      -0.064373      -0.069328
         9.2813      0.0017042      0.0018021      0.0016567      0.0018358      0.0017527       0.001744      -0.059359      -0.069736      -0.061683      -0.078045      -0.064403      -0.069444
         9.2871      0.0017072      0.0018033      0.0016588      0.0018369      0.0017549      0.0017456      -0.059284      -0.069884      -0.061772      -0.078187      -0.064439      -0.069561
          9.293      0.0017103      0.0018044       0.001661      0.0018379      0.0017571      0.0017473      -0.059213      -0.070035      -0.061863      -0.078328      -0.064479      -0.069679
         9.2988      0.0017133      0.0018056      0.0016631      0.0018389      0.0017593      0.0017489      -0.059138      -0.070182      -0.061955       -0.07847      -0.064515      -0.069797
         9.3047      0.0017163      0.0018068      0.0016652        0.00184      0.0017615      0.0017506      -0.059064      -0.070332      -0.062048      -0.078613      -0.064553      -0.069917
         9.3105      0.0017194       0.001808      0.0016673       0.001841      0.0017637      0.0017522      -0.058994      -0.070489      -0.062143      -0.078756      -0.064597      -0.070038
         9.3164      0.0017224      0.0018092      0.0016694       0.001842      0.0017659      0.0017538      -0.058928      -0.070648      -0.062239      -0.078899      -0.064644      -0.070159
         9.3223      0.0017256      0.0018104      0.0016714       0.001843      0.0017682      0.0017554      -0.058864      -0.070808      -0.062337      -0.079043      -0.064692      -0.070282
         9.3281      0.0017287      0.0018116      0.0016735       0.001844      0.0017705       0.001757      -0.058802      -0.070975      -0.062436      -0.079187      -0.064746      -0.070405
          9.334      0.0017319      0.0018128      0.0016755      0.0018449      0.0017728      0.0017586      -0.058743      -0.071143      -0.062536      -0.079331      -0.064801      -0.070529
         9.3398      0.0017351       0.001814      0.0016776      0.0018459       0.001775      0.0017602      -0.058687       -0.07131      -0.062637      -0.079476      -0.064858      -0.070654
         9.3457      0.0017382      0.0018152      0.0016796      0.0018468      0.0017773      0.0017617      -0.058635      -0.071482       -0.06274      -0.079621      -0.064919       -0.07078
         9.3516      0.0017413      0.0018164      0.0016816      0.0018478      0.0017796      0.0017633      -0.058587      -0.071658      -0.062844      -0.079766      -0.064984      -0.070907
         9.3574      0.0017444      0.0018176      0.0016837      0.0018487      0.0017818      0.0017648      -0.058539      -0.071835       -0.06295      -0.079912       -0.06505      -0.071034
         9.3633      0.0017476      0.0018188      0.0016857      0.0018496      0.0017841      0.0017663      -0.058491      -0.072014      -0.063056      -0.080058      -0.065117      -0.071163
         9.3691      0.0017508        0.00182      0.0016876      0.0018505      0.0017864      0.0017679      -0.058447      -0.072196      -0.063164      -0.080204      -0.065188      -0.071292
          9.375      0.0017539      0.0018212      0.0016896      0.0018514      0.0017886      0.0017694      -0.058405      -0.072378      -0.063273      -0.080351       -0.06526      -0.071421
         9.3809       0.001757      0.0018224      0.0016916      0.0018523      0.0017909      0.0017709       -0.05836       -0.07256      -0.063383      -0.080498       -0.06533      -0.071552
         9.3867      0.0017602      0.0018236      0.0016935      0.0018532      0.0017932      0.0017723      -0.058315      -0.072746      -0.063494      -0.080645      -0.065403      -0.071683
         9.3926      0.0017634      0.0018248      0.0016955       0.001854      0.0017955      0.0017738      -0.058273      -0.072934      -0.063607      -0.080792      -0.065478      -0.071815
         9.3984      0.0017661      0.0018238      0.0016974      0.0018549      0.0017965      0.0017753      -0.057656      -0.072692       -0.06372       -0.08094      -0.065053      -0.071948
         9.4043      0.0017693      0.0018249      0.0016994      0.0018557      0.0017988      0.0017767      -0.057624      -0.072883      -0.063835      -0.081088      -0.065136      -0.072082
         9.4102      0.0017725      0.0018261      0.0017013      0.0018565      0.0018011      0.0017781      -0.057592      -0.073075      -0.063951      -0.081236      -0.065218      -0.072216
          9.416      0.0017758      0.0018274      0.0017032      0.0018573      0.0018034      0.0017795       -0.05756      -0.073268      -0.064068      -0.081384      -0.065301       -0.07235
         9.4219       0.001779      0.0018286       0.001705      0.0018582      0.0018057       0.001781      -0.057534      -0.073465      -0.064185      -0.081532       -0.06539      -0.072486
         9.4277      0.0017822      0.0018298      0.0017069      0.0018589       0.001808      0.0017823      -0.057511      -0.073665      -0.064304      -0.081681      -0.065482      -0.072622
         9.4336      0.0017855       0.001831      0.0017088      0.0018597      0.0018103      0.0017837      -0.057486      -0.073867      -0.064424       -0.08183      -0.065573      -0.072759
         9.4395      0.0017887      0.0018322      0.0017106      0.0018605      0.0018126      0.0017851      -0.057463      -0.074069      -0.064545      -0.081979      -0.065666      -0.072896
         9.4453      0.0017919      0.0018334      0.0017125      0.0018613      0.0018149      0.0017865      -0.057441      -0.074271      -0.064667      -0.082128       -0.06576      -0.073034
         9.4512      0.0017952      0.0018346      0.0017143       0.001862      0.0018173      0.0017878      -0.057417      -0.074477       -0.06479      -0.082277      -0.065854      -0.073172
          9.457      0.0017985      0.0018358      0.0017161      0.0018628      0.0018197      0.0017891      -0.057399      -0.074687      -0.064913      -0.082427      -0.065954      -0.073311
         9.4629      0.0018019       0.001837      0.0017179      0.0018635       0.001822      0.0017905      -0.057384      -0.074897      -0.065038      -0.082576      -0.066056       -0.07345
         9.4688      0.0018074       0.001841      0.0017197      0.0018642      0.0018268      0.0017918      -0.058057      -0.075583      -0.065164      -0.082726      -0.066739       -0.07359
         9.4746      0.0018106      0.0018422      0.0017215      0.0018649      0.0018291      0.0017931       -0.05804      -0.075792       -0.06529      -0.082876      -0.066839      -0.073731
         9.4805       0.001814      0.0018434      0.0017233      0.0018656      0.0018315      0.0017944      -0.058023      -0.076002      -0.065417      -0.083026       -0.06694      -0.073872
         9.4863      0.0018174      0.0018447       0.001725      0.0018663      0.0018339      0.0017956      -0.058016      -0.076216      -0.065546      -0.083176      -0.067049      -0.074014
         9.4922      0.0018207      0.0018459      0.0017268       0.001867      0.0018363      0.0017969      -0.058014      -0.076436      -0.065675      -0.083326      -0.067162      -0.074156
          9.498      0.0018239       0.001847      0.0017285      0.0018677      0.0018386      0.0017982      -0.058004      -0.076655      -0.065805      -0.083476      -0.067271      -0.074298
         9.5039      0.0018273      0.0018482      0.0017302      0.0018683      0.0018409      0.0017994      -0.057994      -0.076871      -0.065935      -0.083626      -0.067379      -0.074441
         9.5098      0.0018307      0.0018494      0.0017319       0.001869      0.0018433      0.0018006       -0.05799      -0.077089      -0.066067      -0.083777      -0.067491      -0.074584
         9.5156       0.001834      0.0018506      0.0017336      0.0018696      0.0018457      0.0018019      -0.057986      -0.077312      -0.066199      -0.083927      -0.067605      -0.074728
         9.5215      0.0018374      0.0018518      0.0017353      0.0018702       0.001848      0.0018031      -0.057977      -0.077533      -0.066332      -0.084078      -0.067717      -0.074872
         9.5273      0.0018408       0.001853       0.001737      0.0018709      0.0018504      0.0018043      -0.057971      -0.077755      -0.066466      -0.084228       -0.06783      -0.075017
         9.5332      0.0018441      0.0018542      0.0017387      0.0018715      0.0018528      0.0018054      -0.057967      -0.077981        -0.0666      -0.084379      -0.067946      -0.075162
         9.5391      0.0018475      0.0018554      0.0017403      0.0018721      0.0018552      0.0018066      -0.057958      -0.078206      -0.066736      -0.084529       -0.06806      -0.075308
         9.5449       0.001851      0.0018566      0.0017419      0.0018727      0.0018576      0.0018078      -0.057952       -0.07843      -0.066871       -0.08468      -0.068175      -0.075453
         9.5508      0.0018545      0.0018579      0.0017436      0.0018732      0.0018601      0.0018089      -0.057953      -0.078656      -0.067008      -0.084831      -0.068295        -0.0756
         9.5566      0.0018579      0.0018591      0.0017452      0.0018738      0.0018625        0.00181      -0.057955      -0.078886      -0.067145      -0.084982      -0.068417      -0.075746
         9.5625      0.0018614      0.0018603      0.0017468      0.0018744       0.001865      0.0018112      -0.057958      -0.079117      -0.067283      -0.085132      -0.068541      -0.075893
         9.5684      0.0018649      0.0018615      0.0017484      0.0018749      0.0018674      0.0018123      -0.057963       -0.07935      -0.067422      -0.085283      -0.068666       -0.07604
         9.5742      0.0018683      0.0018627      0.0017499      0.0018755      0.0018698      0.0018134      -0.057965      -0.079583      -0.067561      -0.085434       -0.06879      -0.076188
         9.5801      0.0018718      0.0018639      0.0017515       0.001876      0.0018723      0.0018145      -0.057964      -0.079815      -0.067701      -0.085585      -0.068913      -0.076336
         9.5859      0.0018753      0.0018652       0.001753      0.0018765      0.0018747      0.0018155      -0.057963      -0.080051      -0.067842      -0.085735      -0.069037      -0.076484
         9.5918      0.0018789      0.0018664      0.0017546       0.001877      0.0018772      0.0018166      -0.057962      -0.080289      -0.067983      -0.085886      -0.069163      -0.076632
         9.5977      0.0018824      0.0018676      0.0017561      0.0018776      0.0018797      0.0018177      -0.057961      -0.080522      -0.068124      -0.086037      -0.069286      -0.076781
         9.6035      0.0018857      0.0018665      0.0017576       0.001878      0.0018809      0.0018187       -0.05746       -0.08037      -0.068266      -0.086188      -0.068974       -0.07693
         9.6094      0.0018893      0.0018677      0.0017591      0.0018785      0.0018835      0.0018197      -0.057462      -0.080608      -0.068409      -0.086338      -0.069102      -0.077079
         9.6152       0.001893       0.001869      0.0017606       0.001879       0.001886      0.0018208       -0.05747      -0.080849      -0.068552      -0.086489      -0.069234      -0.077229
         9.6211      0.0018967      0.0018703      0.0017621      0.0018795      0.0018886      0.0018218       -0.05748      -0.081093      -0.068696      -0.086639      -0.069369      -0.077378
          9.627      0.0019003      0.0018715      0.0017635      0.0018799      0.0018911      0.0018228      -0.057491      -0.081339      -0.068841       -0.08679      -0.069506      -0.077528
         9.6328       0.001904      0.0018727       0.001765      0.0018804      0.0018936      0.0018238      -0.057506      -0.081585      -0.068985      -0.086941      -0.069645      -0.077678
         9.6387      0.0019077       0.001874      0.0017664      0.0018808      0.0018962      0.0018247      -0.057518      -0.081831      -0.069131      -0.087091      -0.069783      -0.077829
         9.6445      0.0019114      0.0018753      0.0017679      0.0018813      0.0018988      0.0018257      -0.057525      -0.082078      -0.069277      -0.087241      -0.069919       -0.07798
         9.6504      0.0019151      0.0018766      0.0017693      0.0018817      0.0019014      0.0018267      -0.057533      -0.082326      -0.069423      -0.087392      -0.070056       -0.07813
         9.6563      0.0019189      0.0018779      0.0017707      0.0018821      0.0019041      0.0018276      -0.057547      -0.082579       -0.06957      -0.087542      -0.070199      -0.078281
         9.6621      0.0019227      0.0018791      0.0017721      0.0018825      0.0019067      0.0018285      -0.057562      -0.082833      -0.069717      -0.087692      -0.070343      -0.078433
          9.668      0.0019265      0.0018804      0.0017734      0.0018829      0.0019093      0.0018295      -0.057576      -0.083081      -0.069864      -0.087842      -0.070483      -0.078584
         9.6738      0.0019319      0.0018846      0.0017748      0.0018833      0.0019141      0.0018304      -0.058213      -0.083751      -0.070012      -0.087992       -0.07114      -0.078735
         9.6797      0.0019357      0.0018859      0.0017762      0.0018837      0.0019167      0.0018313      -0.058229      -0.084005      -0.070161      -0.088142      -0.071285      -0.078887
         9.6855      0.0019395      0.0018872      0.0017775      0.0018841      0.0019194      0.0018321      -0.058248      -0.084264       -0.07031      -0.088292      -0.071434      -0.079039
         9.6914      0.0019433      0.0018885      0.0017788      0.0018844       0.001922       0.001833      -0.058267      -0.084521      -0.070459      -0.088442      -0.071582      -0.079191
         9.6973      0.0019472      0.0018898      0.0017801      0.0018848      0.0019247      0.0018339      -0.058284      -0.084777      -0.070608      -0.088592      -0.071729      -0.079343
         9.7031       0.001951      0.0018912      0.0017814      0.0018851      0.0019274      0.0018347      -0.058302      -0.085037      -0.070758      -0.088742      -0.071878      -0.079495
          9.709      0.0019549      0.0018925      0.0017827      0.0018855      0.0019301      0.0018356      -0.058325      -0.085299      -0.070909      -0.088891      -0.072031      -0.079648
         9.7148      0.0019587      0.0018938       0.001784      0.0018858      0.0019328      0.0018364      -0.058347      -0.085563      -0.071059       -0.08904      -0.072185        -0.0798
         9.7207      0.0019626      0.0018951      0.0017853      0.0018861      0.0019355      0.0018373       -0.05837      -0.085829       -0.07121       -0.08919       -0.07234      -0.079953
         9.7266      0.0019665      0.0018965      0.0017865      0.0018864      0.0019382      0.0018381      -0.058397      -0.086096      -0.071362      -0.089339      -0.072498      -0.080106
         9.7324      0.0019705      0.0018978      0.0017878      0.0018868       0.001941      0.0018389      -0.058428      -0.086368      -0.071513      -0.089488      -0.072661      -0.080258
         9.7383      0.0019745      0.0018992       0.001789      0.0018871      0.0019437      0.0018397      -0.058462      -0.086644      -0.071665      -0.089637      -0.072828      -0.080411
         9.7441      0.0019784      0.0019005      0.0017902      0.0018873      0.0019465      0.0018404      -0.058497      -0.086918      -0.071817      -0.089786      -0.072994      -0.080564
           9.75      0.0019824      0.0019019      0.0017915      0.0018876      0.0019492      0.0018412      -0.058529      -0.087189       -0.07197      -0.089935      -0.073156      -0.080717
         9.7559      0.0019863      0.0019033      0.0017927      0.0018879      0.0019519       0.001842      -0.058558      -0.087464      -0.072123      -0.090083       -0.07332       -0.08087
         9.7617      0.0019901      0.0019046      0.0017938      0.0018882      0.0019546      0.0018427      -0.058589      -0.087742      -0.072276      -0.090232      -0.073486      -0.081024
         9.7676      0.0019941       0.001906       0.001795      0.0018884      0.0019574      0.0018435      -0.058618      -0.088019      -0.072429       -0.09038      -0.073651      -0.081177
         9.7734      0.0019981      0.0019074      0.0017962      0.0018887      0.0019602      0.0018442      -0.058645      -0.088297      -0.072583      -0.090528      -0.073816       -0.08133
         9.7793      0.0020021      0.0019088      0.0017973      0.0018889       0.001963      0.0018449      -0.058677      -0.088581      -0.072736      -0.090676      -0.073987      -0.081483
         9.7852      0.0020062      0.0019103      0.0017985      0.0018892      0.0019659      0.0018456      -0.058713      -0.088868       -0.07289      -0.090824      -0.074161      -0.081637
          9.791      0.0020103      0.0019117      0.0017996      0.0018894      0.0019687      0.0018463      -0.058749      -0.089156      -0.073045      -0.090972      -0.074336       -0.08179
         9.7969      0.0020143      0.0019131      0.0018007      0.0018896      0.0019715       0.001847      -0.058785      -0.089446      -0.073199       -0.09112      -0.074512      -0.081943
         9.8027      0.0020176      0.0019117      0.0018018      0.0018898      0.0019726      0.0018477      -0.058374      -0.089399      -0.073354      -0.091267      -0.074306      -0.082097
         9.8086      0.0020216      0.0019131      0.0018029      0.0018901      0.0019754      0.0018484      -0.058411      -0.089693      -0.073509      -0.091415      -0.074485       -0.08225
         9.8145      0.0020256      0.0019144       0.001804      0.0018903      0.0019781       0.001849      -0.058448      -0.089986      -0.073664      -0.091562      -0.074663      -0.082404
         9.8203      0.0020295      0.0019158      0.0018051      0.0018905      0.0019809      0.0018497      -0.058487      -0.090282      -0.073819      -0.091709      -0.074844      -0.082557
         9.8262      0.0020335      0.0019172      0.0018061      0.0018906      0.0019837      0.0018503      -0.058525       -0.09058      -0.073974      -0.091856      -0.075025      -0.082711
          9.832      0.0020374      0.0019186      0.0018072      0.0018908      0.0019864       0.001851       -0.05856      -0.090877       -0.07413      -0.092003      -0.075205      -0.082864
         9.8379      0.0020413        0.00192      0.0018082       0.001891      0.0019892      0.0018516      -0.058591      -0.091174      -0.074286      -0.092149      -0.075383      -0.083017
         9.8438      0.0020452      0.0019214      0.0018093      0.0018912      0.0019919      0.0018522      -0.058622      -0.091474      -0.074442      -0.092296      -0.075562      -0.083171
         9.8496      0.0020491      0.0019228      0.0018103      0.0018913      0.0019947      0.0018528      -0.058657      -0.091775      -0.074598      -0.092442      -0.075745      -0.083324
         9.8555       0.002053      0.0019242      0.0018113      0.0018915      0.0019974      0.0018534      -0.058691      -0.092078      -0.074754      -0.092588      -0.075927      -0.083478
         9.8613      0.0020568      0.0019256      0.0018123      0.0018916      0.0020002       0.001854      -0.058722      -0.092384       -0.07491      -0.092734       -0.07611      -0.083631
         9.8672      0.0020607       0.001927      0.0018133      0.0018918       0.002003      0.0018546      -0.058753      -0.092692      -0.075066       -0.09288      -0.076293      -0.083784
          9.873      0.0020644      0.0019284      0.0018142      0.0018919      0.0020056      0.0018551       -0.05878      -0.092999      -0.075223      -0.093025      -0.076475      -0.083937
         9.8789      0.0020682      0.0019298      0.0018152       0.001892      0.0020084      0.0018557      -0.058805      -0.093306       -0.07538      -0.093171      -0.076655      -0.084091
         9.8848      0.0020729      0.0019342      0.0018161      0.0018921       0.002013      0.0018563      -0.059366      -0.093966      -0.075536      -0.093316      -0.077267      -0.084244
         9.8906      0.0020765      0.0019356      0.0018171      0.0018922      0.0020157      0.0018568      -0.059395      -0.094275      -0.075693      -0.093461       -0.07745      -0.084397
         9.8965      0.0020801       0.001937       0.001818      0.0018923      0.0020183      0.0018573      -0.059414      -0.094587       -0.07585      -0.093606      -0.077629       -0.08455
         9.9023      0.0020838      0.0019385      0.0018189      0.0018924       0.002021      0.0018578      -0.059433        -0.0949      -0.076007       -0.09375       -0.07781      -0.084703
         9.9082      0.0020874      0.0019399      0.0018198      0.0018925      0.0020237      0.0018584      -0.059456      -0.095212      -0.076164      -0.093895      -0.077992      -0.084856
         9.9141      0.0020909      0.0019413      0.0018207      0.0018926      0.0020263      0.0018589       -0.05947      -0.095527      -0.076321      -0.094039       -0.07817      -0.085009
         9.9199      0.0020944      0.0019427      0.0018216      0.0018927      0.0020289      0.0018594      -0.059485      -0.095843      -0.076479      -0.094183       -0.07835      -0.085161
         9.9258      0.0020979      0.0019441      0.0018225      0.0018928      0.0020315      0.0018598      -0.059506       -0.09616      -0.076636      -0.094327      -0.078533      -0.085314
         9.9316      0.0021013      0.0019456      0.0018234      0.0018928      0.0020341      0.0018603      -0.059521      -0.096479      -0.076793      -0.094471      -0.078715      -0.085467
         9.9375      0.0021049       0.001947      0.0018242      0.0018929      0.0020368      0.0018608      -0.059534        -0.0968       -0.07695      -0.094615      -0.078896      -0.085619
         9.9434      0.0021083      0.0019485      0.0018251       0.001893      0.0020394      0.0018613      -0.059553      -0.097121      -0.077108      -0.094758       -0.07908      -0.085772
         9.9492      0.0021116        0.00195      0.0018259       0.001893       0.002042      0.0018617      -0.059571      -0.097446      -0.077265      -0.094901      -0.079266      -0.085924
         9.9551       0.002115      0.0019515      0.0018267      0.0018931      0.0020447      0.0018622      -0.059586      -0.097773      -0.077423      -0.095044      -0.079451      -0.086076
         9.9609      0.0021184       0.001953      0.0018275      0.0018931      0.0020473      0.0018626      -0.059601      -0.098097       -0.07758      -0.095187      -0.079635      -0.086228
         9.9668      0.0021217      0.0019545      0.0018284      0.0018931      0.0020499       0.001863      -0.059615       -0.09842      -0.077738      -0.095329      -0.079817       -0.08638
         9.9727      0.0021249      0.0019561      0.0018291      0.0018931      0.0020525      0.0018634      -0.059626      -0.098745      -0.077895      -0.095472      -0.079999      -0.086532
         9.9785      0.0021281      0.0019576      0.0018299      0.0018932      0.0020551      0.0018638      -0.059639      -0.099072      -0.078053      -0.095614      -0.080182      -0.086684
         9.9844      0.0021313      0.0019592      0.0018307      0.0018932      0.0020576      0.0018642      -0.059649      -0.099399       -0.07821      -0.095756      -0.080365      -0.086836
         9.9902      0.0021345      0.0019607      0.0018315      0.0018932      0.0020602      0.0018646      -0.059657      -0.099725      -0.078368      -0.095898      -0.080545      -0.086987
         9.9961      0.0021377      0.0019623      0.0018322      0.0018932      0.0020628       0.001865      -0.059666       -0.10005      -0.078525      -0.096039      -0.080726      -0.087139
         10.002      0.0021395       0.001961       0.001833      0.0018932      0.0020633      0.0018654      -0.059248       -0.10008      -0.078683      -0.096181       -0.08056       -0.08729
         10.008      0.0021425      0.0019626      0.0018337      0.0018932      0.0020658      0.0018658      -0.059258       -0.10041       -0.07884      -0.096322      -0.080743      -0.087441
         10.014      0.0021455      0.0019642      0.0018344      0.0018932      0.0020683      0.0018661      -0.059263       -0.10074      -0.078998      -0.096463      -0.080922      -0.087593
          10.02      0.0021485      0.0019659      0.0018352      0.0018931      0.0020709      0.0018665      -0.059266       -0.10106      -0.079155      -0.096603      -0.081098      -0.087743
         10.025      0.0021514      0.0019676      0.0018359      0.0018931      0.0020735      0.0018668      -0.059275       -0.10139      -0.079313      -0.096744      -0.081279      -0.087894
         10.031      0.0021543      0.0019693      0.0018366      0.0018931      0.0020761      0.0018672      -0.059283       -0.10173       -0.07947      -0.096884      -0.081462      -0.088045
         10.037      0.0021572       0.001971      0.0018372       0.001893      0.0020786      0.0018675      -0.059286       -0.10206      -0.079627      -0.097024      -0.081641      -0.088196
         10.043      0.0021601      0.0019727      0.0018379       0.001893      0.0020812      0.0018678      -0.059293       -0.10238      -0.079784      -0.097164       -0.08182      -0.088346
         10.049      0.0021629      0.0019745      0.0018386      0.0018929      0.0020837      0.0018682      -0.059299       -0.10271      -0.079942      -0.097304         -0.082      -0.088496
         10.055      0.0021656      0.0019763      0.0018393      0.0018929      0.0020863      0.0018685      -0.059298       -0.10304      -0.080099      -0.097444      -0.082176      -0.088646
         10.061      0.0021685      0.0019781      0.0018399      0.0018928      0.0020889      0.0018688      -0.059298       -0.10337      -0.080256      -0.097583      -0.082351      -0.088796
         10.066      0.0021712        0.00198      0.0018405      0.0018928      0.0020915      0.0018691      -0.059302        -0.1037      -0.080413      -0.097722       -0.08253      -0.088946
         10.072      0.0021739      0.0019818      0.0018412      0.0018927       0.002094      0.0018693      -0.059303       -0.10403       -0.08057      -0.097861      -0.082708      -0.089096
         10.078      0.0021766      0.0019837      0.0018418      0.0018926      0.0020966      0.0018696      -0.059301       -0.10436      -0.080727      -0.097999      -0.082882      -0.089245
         10.084      0.0021793      0.0019856      0.0018424      0.0018925      0.0020992      0.0018699      -0.059304       -0.10469      -0.080884      -0.098138      -0.083058      -0.089395
          10.09      0.0021834      0.0019909       0.001843      0.0018925      0.0021041      0.0018702      -0.059816       -0.10531      -0.081041      -0.098276      -0.083617      -0.089544
         10.096      0.0021861      0.0019928      0.0018436      0.0018924      0.0021067      0.0018704      -0.059819       -0.10563      -0.081197      -0.098414      -0.083793      -0.089693
         10.102      0.0021887      0.0019948      0.0018442      0.0018923      0.0021093      0.0018707      -0.059822       -0.10596      -0.081354      -0.098552      -0.083968      -0.089842
         10.107      0.0021913      0.0019968      0.0018448      0.0018922      0.0021119      0.0018709      -0.059829       -0.10629       -0.08151      -0.098689      -0.084145      -0.089991
         10.113      0.0021937      0.0019989      0.0018454      0.0018921      0.0021145      0.0018711      -0.059836       -0.10662      -0.081667      -0.098826      -0.084322      -0.090139
         10.119      0.0021961      0.0020009      0.0018459       0.001892      0.0021171      0.0018714      -0.059835       -0.10695      -0.081823      -0.098964      -0.084497      -0.090288
         10.125      0.0021986       0.002003      0.0018465      0.0018918      0.0021197      0.0018716      -0.059836       -0.10728      -0.081979        -0.0991      -0.084672      -0.090436
         10.131       0.002201       0.002005       0.001847      0.0018917      0.0021223      0.0018718       -0.05984       -0.10761      -0.082135      -0.099237      -0.084847      -0.090584
         10.137      0.0022033      0.0020071      0.0018475      0.0018916      0.0021248       0.001872      -0.059838       -0.10794      -0.082291      -0.099373      -0.085018      -0.090732
         10.143      0.0022057      0.0020093      0.0018481      0.0018915      0.0021274      0.0018722      -0.059834       -0.10827      -0.082447       -0.09951      -0.085189      -0.090879
         10.148      0.0022082      0.0020114      0.0018486      0.0018913      0.0021301      0.0018724       -0.05984       -0.10859      -0.082603      -0.099646      -0.085363      -0.091027
         10.154      0.0022105      0.0020137      0.0018491      0.0018912      0.0021327      0.0018726      -0.059848       -0.10892      -0.082759      -0.099781      -0.085537      -0.091174
          10.16      0.0022128      0.0020159      0.0018496      0.0018911      0.0021354      0.0018728       -0.05985       -0.10925      -0.082914      -0.099917      -0.085708      -0.091321
         10.166      0.0022151      0.0020182      0.0018501      0.0018909       0.002138      0.0018729       -0.05985       -0.10958       -0.08307       -0.10005      -0.085878      -0.091468
         10.172      0.0022174      0.0020205      0.0018506      0.0018907      0.0021407      0.0018731      -0.059853        -0.1099      -0.083225       -0.10019       -0.08605      -0.091615
         10.178      0.0022197      0.0020228      0.0018511      0.0018906      0.0021434      0.0018733      -0.059863       -0.11023      -0.083381       -0.10032      -0.086224      -0.091762
         10.184      0.0022218      0.0020252      0.0018515      0.0018904       0.002146      0.0018734       -0.05987       -0.11056      -0.083536       -0.10046      -0.086396      -0.091908
         10.189      0.0022239      0.0020276       0.001852      0.0018903      0.0021487      0.0018736      -0.059864       -0.11088      -0.083691       -0.10059      -0.086563      -0.092054
         10.195      0.0022263        0.00203      0.0018524      0.0018901      0.0021515      0.0018737       -0.05986       -0.11121      -0.083845       -0.10073       -0.08673        -0.0922
         10.201      0.0022268      0.0020298      0.0018529      0.0018899      0.0021521      0.0018738      -0.059452       -0.11126         -0.084       -0.10086      -0.086567      -0.092346
         10.207      0.0022291      0.0020323      0.0018533      0.0018897      0.0021549       0.001874      -0.059459       -0.11159      -0.084155       -0.10099       -0.08674      -0.092492
         10.213      0.0022312      0.0020348      0.0018537      0.0018896      0.0021577      0.0018741      -0.059463       -0.11192      -0.084309       -0.10113      -0.086911      -0.092637
         10.219      0.0022334      0.0020374      0.0018542      0.0018894      0.0021604      0.0018742      -0.059466       -0.11225      -0.084463       -0.10126      -0.087079      -0.092782
         10.225      0.0022356        0.00204      0.0018546      0.0018892      0.0021633      0.0018743       -0.05947       -0.11258      -0.084617       -0.10139      -0.087249      -0.092928
          10.23      0.0022377      0.0020426       0.001855       0.001889      0.0021661      0.0018744      -0.059472        -0.1129      -0.084771       -0.10153      -0.087415      -0.093072
         10.236      0.0022399      0.0020453      0.0018554      0.0018888       0.002169      0.0018745      -0.059472       -0.11323      -0.084925       -0.10166      -0.087581      -0.093217
         10.242      0.0022421      0.0020481      0.0018558      0.0018886      0.0021719      0.0018746      -0.059474       -0.11356      -0.085079       -0.10179       -0.08775      -0.093361
         10.248      0.0022442      0.0020508      0.0018562      0.0018884      0.0021748      0.0018747      -0.059474       -0.11389      -0.085232       -0.10192      -0.087918      -0.093506
         10.254      0.0022465      0.0020536      0.0018565      0.0018882      0.0021778      0.0018748       -0.05947       -0.11421      -0.085386       -0.10205      -0.088082       -0.09365
          10.26      0.0022488      0.0020565      0.0018569      0.0018879      0.0021808      0.0018749      -0.059474       -0.11454      -0.085539       -0.10219      -0.088248      -0.093794
         10.266       0.002251      0.0020594      0.0018573      0.0018877      0.0021838      0.0018749      -0.059475       -0.11487      -0.085692       -0.10232      -0.088414      -0.093937
         10.271      0.0022532      0.0020623      0.0018576      0.0018875      0.0021869       0.001875      -0.059462       -0.11519      -0.085845       -0.10245      -0.088574      -0.094081
         10.277      0.0022555      0.0020652       0.001858      0.0018873        0.00219       0.001875      -0.059453       -0.11552      -0.085998       -0.10258      -0.088734      -0.094224
         10.283      0.0022579      0.0020683      0.0018583       0.001887      0.0021932      0.0018751      -0.059451       -0.11585       -0.08615       -0.10271      -0.088898      -0.094367
         10.289      0.0022602      0.0020713      0.0018586      0.0018868      0.0021964      0.0018751       -0.05944       -0.11617      -0.086303       -0.10284      -0.089057       -0.09451
         10.295      0.0022649      0.0020776      0.0018589      0.0018865      0.0022021      0.0018752      -0.059903       -0.11674      -0.086455       -0.10297      -0.089561      -0.094652
         10.301      0.0022675      0.0020807      0.0018593      0.0018863      0.0022055      0.0018752      -0.059898       -0.11706      -0.086607        -0.1031      -0.089721      -0.094795
         10.307        0.00227      0.0020838      0.0018596      0.0018861      0.0022088      0.0018752      -0.059899       -0.11738      -0.086759       -0.10323      -0.089883      -0.094937
         10.313      0.0022726       0.002087      0.0018599      0.0018858      0.0022121      0.0018752      -0.059892        -0.1177       -0.08691       -0.10336      -0.090042      -0.095079
         10.318      0.0022752      0.0020902      0.0018602      0.0018855      0.0022155      0.0018753      -0.059881       -0.11802      -0.087062       -0.10349      -0.090196       -0.09522
         10.324      0.0022778      0.0020934      0.0018604      0.0018853       0.002219      0.0018753       -0.05987       -0.11834      -0.087213       -0.10362      -0.090351      -0.095362
          10.33      0.0022805      0.0020967      0.0018607       0.001885      0.0022225      0.0018753      -0.059854       -0.11866      -0.087364       -0.10375      -0.090504      -0.095503
         10.336      0.0022835         0.0021       0.001861      0.0018848      0.0022262      0.0018753      -0.059833       -0.11897      -0.087515       -0.10388      -0.090656      -0.095644
         10.342      0.0022865      0.0021033      0.0018613      0.0018845      0.0022298      0.0018753      -0.059817       -0.11929      -0.087666       -0.10401      -0.090808      -0.095785
         10.348      0.0022895      0.0021067      0.0018615      0.0018842      0.0022336      0.0018753      -0.059803       -0.11961      -0.087817       -0.10413      -0.090962      -0.095926
         10.354      0.0022927      0.0021101      0.0018618      0.0018839      0.0022374      0.0018752      -0.059787       -0.11992      -0.087967       -0.10426      -0.091115      -0.096066
         10.359      0.0022959      0.0021135       0.001862      0.0018837      0.0022412      0.0018752      -0.059773       -0.12023      -0.088117       -0.10439      -0.091268      -0.096206
         10.365      0.0022993      0.0021169      0.0018623      0.0018834       0.002245      0.0018752      -0.059762       -0.12054      -0.088268       -0.10452      -0.091423      -0.096346
         10.371      0.0023027      0.0021204      0.0018625      0.0018831       0.002249      0.0018752      -0.059751       -0.12085      -0.088417       -0.10464      -0.091577      -0.096486
         10.377      0.0023063      0.0021239      0.0018627      0.0018828      0.0022531      0.0018751      -0.059736       -0.12116      -0.088567       -0.10477      -0.091729      -0.096626
         10.383      0.0023101      0.0021274      0.0018629      0.0018825      0.0022572      0.0018751      -0.059719       -0.12147      -0.088717        -0.1049       -0.09188      -0.096765
         10.389      0.0023141       0.002131      0.0018632      0.0018822      0.0022616       0.001875       -0.05971       -0.12177      -0.088866       -0.10502      -0.092036      -0.096904
         10.395      0.0023182      0.0021346      0.0018634      0.0018819      0.0022659       0.001875      -0.059713       -0.12207      -0.089015       -0.10515      -0.092196      -0.097043
           10.4      0.0023216      0.0021358      0.0018636      0.0018816      0.0022689      0.0018749      -0.059241       -0.12214      -0.089164       -0.10528      -0.092018      -0.097182
         10.406       0.002326      0.0021395      0.0018638      0.0018813      0.0022734      0.0018749      -0.059241       -0.12244      -0.089312        -0.1054      -0.092178       -0.09732
         10.412      0.0023305      0.0021432      0.0018639       0.001881       0.002278      0.0018748      -0.059248       -0.12274      -0.089461       -0.10553      -0.092341      -0.097458
         10.418      0.0023352      0.0021469      0.0018641      0.0018807      0.0022827      0.0018747      -0.059254       -0.12304      -0.089609       -0.10565      -0.092506      -0.097596
         10.424      0.0023401      0.0021507      0.0018643      0.0018803      0.0022875      0.0018747      -0.059272       -0.12334      -0.089757       -0.10578      -0.092677      -0.097734
          10.43      0.0023451      0.0021544      0.0018645        0.00188      0.0022923      0.0018746      -0.059305       -0.12364      -0.089905        -0.1059      -0.092854      -0.097872
         10.436      0.0023502      0.0021582      0.0018646      0.0018797      0.0022972      0.0018745      -0.059336       -0.12393      -0.090053       -0.10603      -0.093028      -0.098009
         10.441      0.0023554      0.0021621      0.0018648      0.0018794      0.0023021      0.0018744      -0.059366       -0.12423        -0.0902       -0.10615      -0.093204      -0.098146
         10.447      0.0023608      0.0021659      0.0018649       0.001879      0.0023072      0.0018743       -0.05941       -0.12452      -0.090348       -0.10628      -0.093387      -0.098283
         10.453      0.0023662      0.0021698      0.0018651      0.0018787      0.0023122      0.0018742      -0.059455       -0.12481      -0.090495        -0.1064      -0.093569       -0.09842
         10.459      0.0023718      0.0021737      0.0018652      0.0018784      0.0023174      0.0018741      -0.059497        -0.1251      -0.090641       -0.10653      -0.093751      -0.098556
         10.465      0.0023776      0.0021777      0.0018654       0.001878      0.0023227       0.001874      -0.059553        -0.1254      -0.090788       -0.10665      -0.093941      -0.098692
         10.471      0.0023835      0.0021816      0.0018655      0.0018777       0.002328      0.0018739      -0.059615       -0.12569      -0.090934       -0.10677      -0.094134      -0.098828
         10.477      0.0023895      0.0021856      0.0018656      0.0018773      0.0023334      0.0018738      -0.059677       -0.12598      -0.091081        -0.1069      -0.094328      -0.098964
         10.482      0.0023957      0.0021896      0.0018657       0.001877      0.0023388      0.0018736      -0.059752       -0.12627      -0.091227       -0.10702      -0.094529      -0.099099
         10.488      0.0024019      0.0021936      0.0018658      0.0018766      0.0023443      0.0018735      -0.059838       -0.12656      -0.091372       -0.10714      -0.094735      -0.099235
         10.494      0.0024083      0.0021976      0.0018659      0.0018763      0.0023498      0.0018734      -0.059925       -0.12685      -0.091518       -0.10726      -0.094941       -0.09937
           10.5      0.0024162      0.0022043       0.001866      0.0018759      0.0023572      0.0018732      -0.060423       -0.12735      -0.091663       -0.10739      -0.095445      -0.099504
         10.506      0.0024227      0.0022083      0.0018661      0.0018756      0.0023628      0.0018731      -0.060521       -0.12764      -0.091809       -0.10751      -0.095656      -0.099639
         10.512      0.0024294      0.0022124      0.0018662      0.0018752      0.0023684       0.001873      -0.060627       -0.12792      -0.091954       -0.10763       -0.09587      -0.099773
         10.518      0.0024361      0.0022165      0.0018663      0.0018748      0.0023741      0.0018728      -0.060732        -0.1282      -0.092098       -0.10775      -0.096083      -0.099907
         10.523      0.0024429      0.0022206      0.0018664      0.0018745      0.0023798      0.0018727       -0.06084       -0.12848      -0.092243       -0.10787      -0.096297       -0.10004
         10.529      0.0024499      0.0022246      0.0018664      0.0018741      0.0023856      0.0018725      -0.060956       -0.12876      -0.092387       -0.10799      -0.096516       -0.10018
         10.535       0.002457      0.0022287      0.0018665      0.0018737      0.0023915      0.0018723      -0.061071       -0.12903      -0.092531       -0.10812      -0.096733       -0.10031
         10.541      0.0024641      0.0022328      0.0018666      0.0018733      0.0023973      0.0018722      -0.061184       -0.12931      -0.092675       -0.10824       -0.09695       -0.10044
         10.547      0.0024713      0.0022369      0.0018666       0.001873      0.0024032       0.001872      -0.061304       -0.12959      -0.092819       -0.10836      -0.097171       -0.10057
         10.553      0.0024786       0.002241      0.0018667      0.0018726      0.0024092      0.0018718      -0.061427       -0.12986      -0.092962       -0.10848      -0.097395       -0.10071
         10.559      0.0024861      0.0022452      0.0018667      0.0018722      0.0024152      0.0018717      -0.061552       -0.13014      -0.093105        -0.1086       -0.09762       -0.10084
         10.564      0.0024936      0.0022493      0.0018667      0.0018718      0.0024213      0.0018715      -0.061685       -0.13042      -0.093248       -0.10872      -0.097851       -0.10097
          10.57      0.0025012      0.0022535      0.0018668      0.0018714      0.0024274      0.0018713      -0.061823        -0.1307      -0.093391       -0.10884      -0.098084        -0.1011
         10.576      0.0025089      0.0022576      0.0018668       0.001871      0.0024334      0.0018711      -0.061959       -0.13097      -0.093533       -0.10896      -0.098314       -0.10124
         10.582      0.0025166      0.0022619      0.0018668      0.0018706      0.0024396      0.0018709      -0.062098       -0.13125      -0.093676       -0.10908      -0.098548       -0.10137
         10.588      0.0025244       0.002266      0.0018668      0.0018702      0.0024458      0.0018707      -0.062242       -0.13153      -0.093818       -0.10919      -0.098787        -0.1015
         10.594      0.0025322      0.0022702      0.0018669      0.0018698       0.002452      0.0018705      -0.062389       -0.13181       -0.09396       -0.10931      -0.099026       -0.10163
           10.6      0.0025418      0.0022715      0.0018669      0.0018694      0.0024575      0.0018703      -0.062197       -0.13188      -0.094101       -0.10943      -0.099027       -0.10176
         10.605      0.0025499      0.0022757      0.0018669       0.001869      0.0024638      0.0018701      -0.062341       -0.13216      -0.094243       -0.10955      -0.099264       -0.10189
         10.611       0.002558      0.0022799      0.0018669      0.0018686      0.0024701      0.0018699      -0.062487       -0.13243      -0.094384       -0.10967      -0.099504       -0.10202
         10.617      0.0025662       0.002284      0.0018668      0.0018682      0.0024765      0.0018697      -0.062637       -0.13271      -0.094525       -0.10979      -0.099746       -0.10215
         10.623      0.0025744      0.0022882      0.0018668      0.0018678      0.0024828      0.0018694      -0.062787       -0.13299      -0.094666        -0.1099      -0.099988       -0.10228
         10.629      0.0025827      0.0022923      0.0018668      0.0018674      0.0024892      0.0018692      -0.062936       -0.13326      -0.094806       -0.11002       -0.10023       -0.10241
         10.635      0.0025911      0.0022965      0.0018668      0.0018669      0.0024956       0.001869      -0.063083       -0.13354      -0.094946       -0.11014       -0.10047       -0.10254
         10.641      0.0025995      0.0023006      0.0018668      0.0018665       0.002502      0.0018688      -0.063226       -0.13382      -0.095086       -0.11025       -0.10071       -0.10267
         10.646      0.0026079      0.0023048      0.0018667      0.0018661      0.0025084      0.0018685      -0.063375       -0.13409      -0.095226       -0.11037       -0.10095        -0.1028
         10.652      0.0026164       0.002309      0.0018667      0.0018657      0.0025149      0.0018683      -0.063529       -0.13437      -0.095366       -0.11049        -0.1012       -0.10293
         10.658       0.002625      0.0023132      0.0018667      0.0018652      0.0025214      0.0018681      -0.063675       -0.13465      -0.095505        -0.1106       -0.10144       -0.10306
         10.664      0.0026335      0.0023174      0.0018666      0.0018648      0.0025279      0.0018678      -0.063822       -0.13493      -0.095644       -0.11072       -0.10168       -0.10319
          10.67       0.002642      0.0023216      0.0018666      0.0018644      0.0025344      0.0018676      -0.063973       -0.13521      -0.095783       -0.11084       -0.10193       -0.10331
         10.676      0.0026507      0.0023258      0.0018665      0.0018639       0.002541      0.0018673       -0.06412       -0.13548      -0.095922       -0.11095       -0.10217       -0.10344
         10.682      0.0026594      0.0023301      0.0018664      0.0018635      0.0025476      0.0018671      -0.064259       -0.13576       -0.09606       -0.11107       -0.10241       -0.10357
         10.688      0.0026681      0.0023343      0.0018664      0.0018631      0.0025542      0.0018668      -0.064402       -0.13604      -0.096199       -0.11118       -0.10265        -0.1037
         10.693      0.0026768      0.0023385      0.0018663      0.0018626      0.0025608      0.0018665      -0.064549       -0.13632      -0.096337        -0.1113        -0.1029       -0.10382
         10.699      0.0026857      0.0023427      0.0018662      0.0018622      0.0025675      0.0018663      -0.064691        -0.1366      -0.096474       -0.11141       -0.10314       -0.10395
         10.705      0.0026956      0.0023495      0.0018662      0.0018617      0.0025758       0.001866      -0.065181       -0.13706      -0.096612       -0.11153       -0.10363       -0.10408
         10.711      0.0027045      0.0023538      0.0018661      0.0018613      0.0025825      0.0018657       -0.06531       -0.13734      -0.096749       -0.11164       -0.10386        -0.1042
         10.717      0.0027133      0.0023581       0.001866      0.0018609      0.0025892      0.0018655      -0.065439       -0.13762      -0.096886       -0.11175        -0.1041       -0.10433
         10.723      0.0027221      0.0023624      0.0018659      0.0018604      0.0025959      0.0018652      -0.065574        -0.1379      -0.097023       -0.11187       -0.10434       -0.10446
         10.729      0.0027311      0.0023666      0.0018658      0.0018599      0.0026026      0.0018649      -0.065705       -0.13818       -0.09716       -0.11198       -0.10458       -0.10458
         10.734      0.0027401       0.002371      0.0018657      0.0018595      0.0026095      0.0018646      -0.065825       -0.13845      -0.097296        -0.1121       -0.10481       -0.10471
          10.74       0.002749      0.0023754      0.0018656       0.001859      0.0026163      0.0018643      -0.065944       -0.13873      -0.097432       -0.11221       -0.10504       -0.10483
         10.746      0.0027579      0.0023797      0.0018655      0.0018586      0.0026231       0.001864      -0.066067       -0.13901      -0.097568       -0.11232       -0.10527       -0.10496
         10.752      0.0027669      0.0023841      0.0018654      0.0018581      0.0026299      0.0018637      -0.066185       -0.13929      -0.097704       -0.11243        -0.1055       -0.10508
         10.758      0.0027759      0.0023885      0.0018653      0.0018577      0.0026368      0.0018634      -0.066301       -0.13958       -0.09784       -0.11255       -0.10574       -0.10521
         10.764      0.0027849      0.0023929      0.0018651      0.0018572      0.0026437      0.0018631      -0.066418       -0.13986      -0.097975       -0.11266       -0.10597       -0.10533
          10.77      0.0027939      0.0023972       0.001865      0.0018567      0.0026506      0.0018628       -0.06653       -0.14014       -0.09811       -0.11277        -0.1062       -0.10546
         10.775      0.0028029      0.0024017      0.0018649      0.0018562      0.0026575      0.0018625      -0.066635       -0.14041      -0.098245       -0.11288       -0.10642       -0.10558
         10.781      0.0028119      0.0024061      0.0018648      0.0018558      0.0026644      0.0018622      -0.066739       -0.14069      -0.098379         -0.113       -0.10664       -0.10571
         10.787       0.002821      0.0024106      0.0018646      0.0018553      0.0026714      0.0018619      -0.066844       -0.14097      -0.098514       -0.11311       -0.10687       -0.10583
         10.793      0.0028301      0.0024152      0.0018645      0.0018548      0.0026784      0.0018616      -0.066951       -0.14125      -0.098648       -0.11322        -0.1071       -0.10595
         10.799      0.0028407      0.0024169      0.0018643      0.0018544      0.0026846      0.0018613      -0.066765       -0.14136      -0.098782       -0.11333       -0.10712       -0.10608
         10.805      0.0028496      0.0024215      0.0018642      0.0018539      0.0026916       0.001861       -0.06687       -0.14164      -0.098915       -0.11344       -0.10735        -0.1062
         10.811      0.0028585      0.0024262       0.001864      0.0018534      0.0026986      0.0018606      -0.066972       -0.14193      -0.099049       -0.11355       -0.10757       -0.10632
         10.816      0.0028675      0.0024308      0.0018639      0.0018529      0.0027056      0.0018603      -0.067074       -0.14221      -0.099182       -0.11366        -0.1078       -0.10644
         10.822      0.0028765      0.0024354      0.0018637      0.0018524      0.0027127        0.00186      -0.067174       -0.14249      -0.099315       -0.11377       -0.10802       -0.10657
         10.828      0.0028856      0.0024401      0.0018636      0.0018519      0.0027198      0.0018596      -0.067264       -0.14276      -0.099448       -0.11388       -0.10823       -0.10669
         10.834      0.0028947      0.0024448      0.0018634      0.0018515       0.002727      0.0018593      -0.067351       -0.14304       -0.09958       -0.11399       -0.10845       -0.10681
          10.84      0.0029036      0.0024496      0.0018632       0.001851      0.0027341       0.001859      -0.067441       -0.14332      -0.099712        -0.1141       -0.10866       -0.10693
         10.846      0.0029127      0.0024544       0.001863      0.0018505      0.0027413      0.0018586       -0.06753        -0.1436      -0.099844       -0.11421       -0.10888       -0.10705
         10.852      0.0029218      0.0024592      0.0018629        0.00185      0.0027485      0.0018583      -0.067614       -0.14388      -0.099976       -0.11432       -0.10909       -0.10717
         10.857      0.0029308      0.0024641      0.0018627      0.0018495      0.0027558      0.0018579      -0.067701       -0.14416       -0.10011       -0.11443        -0.1093       -0.10729
         10.863      0.0029399       0.002469      0.0018625       0.001849      0.0027631      0.0018576       -0.06779       -0.14443       -0.10024       -0.11454       -0.10951       -0.10741
         10.869       0.002949      0.0024739      0.0018623      0.0018485      0.0027704      0.0018572      -0.067873       -0.14471       -0.10037       -0.11465       -0.10973       -0.10754
         10.875      0.0029582      0.0024788      0.0018621       0.001848      0.0027777      0.0018569      -0.067951       -0.14499        -0.1005       -0.11476       -0.10993       -0.10766
         10.881      0.0029675      0.0024838      0.0018619      0.0018475      0.0027851      0.0018565      -0.068031       -0.14526       -0.10063       -0.11486       -0.11014       -0.10778
         10.887      0.0029767      0.0024888      0.0018617       0.001847      0.0027925      0.0018562      -0.068106       -0.14554       -0.10076       -0.11497       -0.11035        -0.1079
         10.893      0.0029859      0.0024939      0.0018615      0.0018465         0.0028      0.0018558      -0.068178       -0.14581       -0.10089       -0.11508       -0.11055       -0.10801
         10.898      0.0029951      0.0024989      0.0018613       0.001846      0.0028074      0.0018555      -0.068253       -0.14608       -0.10102       -0.11519       -0.11075       -0.10813
         10.904      0.0030045       0.002504      0.0018611      0.0018455       0.002815      0.0018551      -0.068328       -0.14635       -0.10115       -0.11529       -0.11096       -0.10825
          10.91      0.0030142       0.002512      0.0018609       0.001845      0.0028239      0.0018547      -0.068772       -0.14676       -0.10128        -0.1154       -0.11138       -0.10837
         10.916      0.0030235      0.0025172      0.0018607      0.0018445      0.0028315      0.0018544       -0.06884       -0.14703       -0.10141       -0.11551       -0.11158       -0.10849
         10.922      0.0030327      0.0025224      0.0018605       0.001844      0.0028391       0.001854      -0.068904        -0.1473       -0.10154       -0.11562       -0.11178       -0.10861
         10.928       0.003042      0.0025277      0.0018602      0.0018434      0.0028467      0.0018536      -0.068967       -0.14757       -0.10167       -0.11572       -0.11197       -0.10873
         10.934      0.0030513      0.0025329        0.00186      0.0018429      0.0028543      0.0018532      -0.069031       -0.14784        -0.1018       -0.11583       -0.11217       -0.10885
         10.939      0.0030608      0.0025382      0.0018598      0.0018424      0.0028621      0.0018528      -0.069092       -0.14811       -0.10193       -0.11594       -0.11236       -0.10896
         10.945      0.0030703      0.0025436      0.0018595      0.0018419      0.0028699      0.0018525      -0.069153       -0.14837       -0.10205       -0.11604       -0.11256       -0.10908
         10.951      0.0030799       0.002549      0.0018593      0.0018414      0.0028777      0.0018521      -0.069213       -0.14864       -0.10218       -0.11615       -0.11275        -0.1092
         10.957      0.0030895      0.0025544      0.0018591      0.0018409      0.0028856      0.0018517      -0.069272        -0.1489       -0.10231       -0.11625       -0.11294       -0.10932
         10.963      0.0030991      0.0025599      0.0018588      0.0018403      0.0028935      0.0018513       -0.06933       -0.14917       -0.10244       -0.11636       -0.11313       -0.10943
         10.969      0.0031088      0.0025654      0.0018586      0.0018398      0.0029015      0.0018509      -0.069388       -0.14943       -0.10256       -0.11646       -0.11332       -0.10955
         10.975      0.0031185       0.002571      0.0018583      0.0018393      0.0029095      0.0018505      -0.069446       -0.14969       -0.10269       -0.11657       -0.11351       -0.10967
          10.98      0.0031283      0.0025766      0.0018581      0.0018388      0.0029176      0.0018501      -0.069509       -0.14995       -0.10282       -0.11667        -0.1137       -0.10978
         10.986      0.0031381      0.0025822      0.0018578      0.0018382      0.0029257      0.0018497      -0.069572       -0.15021       -0.10295       -0.11678        -0.1139        -0.1099
         10.992      0.0031481      0.0025879      0.0018576      0.0018377      0.0029338      0.0018493      -0.069631       -0.15047       -0.10307       -0.11688       -0.11408       -0.11001
         10.998      0.0031588      0.0025912      0.0018573      0.0018372       0.002941      0.0018489      -0.069454       -0.15055        -0.1032       -0.11699       -0.11409       -0.11013
         11.004      0.0031687      0.0025969       0.001857      0.0018366      0.0029492      0.0018485      -0.069515       -0.15081       -0.10332       -0.11709       -0.11428       -0.11025
          11.01      0.0031787      0.0026027      0.0018568      0.0018361      0.0029574      0.0018481      -0.069574       -0.15107       -0.10345       -0.11719       -0.11447       -0.11036
         11.016      0.0031887      0.0026086      0.0018565      0.0018356      0.0029658      0.0018477      -0.069633       -0.15132       -0.10357        -0.1173       -0.11466       -0.11048
         11.021       0.003199      0.0026144      0.0018562       0.001835      0.0029742      0.0018473      -0.069698       -0.15158        -0.1037        -0.1174       -0.11485       -0.11059
         11.027      0.0032092      0.0026203      0.0018559      0.0018345      0.0029826      0.0018469      -0.069762       -0.15183       -0.10382       -0.11751       -0.11504        -0.1107
         11.033      0.0032195      0.0026262      0.0018557       0.001834       0.002991      0.0018464      -0.069824       -0.15208       -0.10395       -0.11761       -0.11522       -0.11082
         11.039        0.00323      0.0026322      0.0018554      0.0018334      0.0029996       0.001846      -0.069887       -0.15233       -0.10407       -0.11771       -0.11541       -0.11093
         11.045      0.0032404      0.0026382      0.0018551      0.0018329      0.0030082      0.0018456      -0.069955       -0.15258        -0.1042       -0.11781        -0.1156       -0.11105
         11.051      0.0032509      0.0026444      0.0018548      0.0018323      0.0030168      0.0018452      -0.070022       -0.15284       -0.10432       -0.11792       -0.11579       -0.11116
         11.057      0.0032614      0.0026505      0.0018545      0.0018318      0.0030255      0.0018448      -0.070086       -0.15309       -0.10445       -0.11802       -0.11597       -0.11127
         11.063       0.003272      0.0026566      0.0018542      0.0018313      0.0030342      0.0018443      -0.070153       -0.15334       -0.10457       -0.11812       -0.11616       -0.11139
         11.068      0.0032827      0.0026627      0.0018539      0.0018307       0.003043      0.0018439      -0.070222       -0.15358       -0.10469       -0.11822       -0.11635        -0.1115
         11.074      0.0032936       0.002669      0.0018536      0.0018302      0.0030519      0.0018435       -0.07029       -0.15383       -0.10482       -0.11832       -0.11654       -0.11161
          11.08      0.0033045      0.0026752      0.0018533      0.0018296      0.0030608      0.0018431       -0.07036       -0.15408       -0.10494       -0.11843       -0.11673       -0.11173
         11.086      0.0033155      0.0026815       0.001853      0.0018291      0.0030698      0.0018426      -0.070432       -0.15432       -0.10506       -0.11853       -0.11692       -0.11184
         11.092      0.0033266      0.0026878      0.0018527      0.0018285      0.0030788      0.0018422      -0.070505       -0.15456       -0.10519       -0.11863        -0.1171       -0.11195
         11.098      0.0033377      0.0026941      0.0018524       0.001828      0.0030878      0.0018417      -0.070582        -0.1548       -0.10531       -0.11873       -0.11729       -0.11206
         11.104      0.0033489      0.0027005      0.0018521      0.0018274      0.0030969      0.0018413      -0.070663       -0.15504       -0.10543       -0.11883       -0.11748       -0.11218
         11.109      0.0033601       0.002707      0.0018518      0.0018269       0.003106      0.0018409      -0.070744       -0.15528       -0.10555       -0.11893       -0.11767       -0.11229
         11.115      0.0033706      0.0027163      0.0018515      0.0018263       0.003116      0.0018404      -0.071167       -0.15562       -0.10567       -0.11903       -0.11804        -0.1124
         11.121      0.0033819      0.0027228      0.0018511      0.0018258      0.0031252        0.00184      -0.071248       -0.15586        -0.1058       -0.11913       -0.11823       -0.11251
         11.127      0.0033933      0.0027293      0.0018508      0.0018252      0.0031345      0.0018395      -0.071332        -0.1561       -0.10592       -0.11923       -0.11842       -0.11262
         11.133      0.0034047      0.0027359      0.0018505      0.0018246      0.0031438      0.0018391      -0.071417       -0.15634       -0.10604       -0.11933       -0.11861       -0.11273
         11.139      0.0034162      0.0027426      0.0018502      0.0018241      0.0031531      0.0018386      -0.071504       -0.15657       -0.10616       -0.11943        -0.1188       -0.11284
         11.145      0.0034278      0.0027492      0.0018498      0.0018235      0.0031625      0.0018382      -0.071593       -0.15681       -0.10628       -0.11953         -0.119       -0.11295
          11.15      0.0034394      0.0027559      0.0018495       0.001823      0.0031719      0.0018377      -0.071684       -0.15705        -0.1064       -0.11963       -0.11919       -0.11306
         11.156      0.0034509      0.0027626      0.0018492      0.0018224      0.0031813      0.0018373       -0.07178       -0.15728       -0.10652       -0.11973       -0.11938       -0.11317
         11.162      0.0034626      0.0027694      0.0018488      0.0018218      0.0031908      0.0018368      -0.071881       -0.15752       -0.10664       -0.11983       -0.11958       -0.11328
         11.168      0.0034745      0.0027762      0.0018485      0.0018213      0.0032003      0.0018364      -0.071985       -0.15775       -0.10676       -0.11993       -0.11978       -0.11339
         11.174      0.0034863       0.002783      0.0018482      0.0018207      0.0032099      0.0018359      -0.072089       -0.15798       -0.10688       -0.12003       -0.11997        -0.1135
          11.18      0.0034982      0.0027899      0.0018478      0.0018201      0.0032195      0.0018354      -0.072196       -0.15822         -0.107       -0.12012       -0.12017       -0.11361
         11.186      0.0035102      0.0027967      0.0018475      0.0018196      0.0032291       0.001835      -0.072306       -0.15845       -0.10712       -0.12022       -0.12037       -0.11372
         11.191      0.0035221      0.0028036      0.0018471       0.001819      0.0032387      0.0018345      -0.072418       -0.15868       -0.10724       -0.12032       -0.12057       -0.11383
         11.197      0.0035342      0.0028106      0.0018468      0.0018184      0.0032484       0.001834      -0.072531        -0.1589       -0.10736       -0.12042       -0.12077       -0.11394
         11.203      0.0035467      0.0028154      0.0018464      0.0018179      0.0032569      0.0018336      -0.072474       -0.15896       -0.10747       -0.12052       -0.12081       -0.11405
         11.209      0.0035589      0.0028224      0.0018461      0.0018173      0.0032667      0.0018331      -0.072593       -0.15919       -0.10759       -0.12061       -0.12102       -0.11415
         11.215      0.0035711      0.0028294      0.0018457      0.0018167      0.0032764      0.0018326      -0.072714       -0.15942       -0.10771       -0.12071       -0.12122       -0.11426
         11.221      0.0035834      0.0028364      0.0018453      0.0018162      0.0032862      0.0018322      -0.072838       -0.15964       -0.10783       -0.12081       -0.12142       -0.11437
         11.227      0.0035958      0.0028436       0.001845      0.0018156      0.0032961      0.0018317      -0.072969       -0.15987       -0.10795       -0.12091       -0.12162       -0.11448
         11.232      0.0036082      0.0028507      0.0018446       0.001815       0.003306      0.0018312      -0.073105       -0.16009       -0.10806         -0.121       -0.12183       -0.11459
         11.238      0.0036206      0.0028578      0.0018442      0.0018144      0.0033159      0.0018307      -0.073241       -0.16032       -0.10818        -0.1211       -0.12203       -0.11469
         11.244       0.003633       0.002865      0.0018439      0.0018139      0.0033258      0.0018302      -0.073376       -0.16054        -0.1083        -0.1212       -0.12224        -0.1148
          11.25      0.0036455      0.0028722      0.0018435      0.0018133      0.0033357      0.0018298      -0.073512       -0.16076       -0.10841       -0.12129       -0.12244       -0.11491
         11.256      0.0036581      0.0028794      0.0018431      0.0018127      0.0033457      0.0018293      -0.073648       -0.16098       -0.10853       -0.12139       -0.12265       -0.11501
         11.262      0.0036706      0.0028867      0.0018428      0.0018121      0.0033557      0.0018288      -0.073788        -0.1612       -0.10865       -0.12148       -0.12285       -0.11512
         11.268      0.0036831       0.002894      0.0018424      0.0018116      0.0033657      0.0018283      -0.073933       -0.16142       -0.10876       -0.12158       -0.12306       -0.11523
         11.273      0.0036958      0.0029013       0.001842       0.001811      0.0033758      0.0018278       -0.07408       -0.16164       -0.10888       -0.12168       -0.12327       -0.11533
         11.279      0.0037085      0.0029087      0.0018416      0.0018104      0.0033858      0.0018273      -0.074225       -0.16185         -0.109       -0.12177       -0.12347       -0.11544
         11.285      0.0037212       0.002916      0.0018412      0.0018098      0.0033959      0.0018269       -0.07437       -0.16207       -0.10911       -0.12187       -0.12368       -0.11554
         11.291      0.0037341      0.0029233      0.0018408      0.0018092       0.003406      0.0018264      -0.074523       -0.16229       -0.10923       -0.12196       -0.12389       -0.11565
         11.297       0.003747      0.0029307      0.0018405      0.0018086      0.0034162      0.0018259      -0.074676        -0.1625       -0.10934       -0.12206       -0.12409       -0.11575
         11.303      0.0037599      0.0029381      0.0018401      0.0018081      0.0034264      0.0018254      -0.074826       -0.16271       -0.10946       -0.12215        -0.1243       -0.11586
         11.309      0.0037729      0.0029455      0.0018397      0.0018075      0.0034366      0.0018249      -0.074979       -0.16293       -0.10957       -0.12225       -0.12451       -0.11596
         11.314      0.0037859       0.002953      0.0018393      0.0018069      0.0034468      0.0018244      -0.075138       -0.16314       -0.10969       -0.12234       -0.12472       -0.11607
          11.32      0.0037987       0.002963      0.0018389      0.0018063      0.0034583      0.0018239      -0.075508       -0.16344        -0.1098       -0.12243       -0.12505       -0.11617
         11.326      0.0038119      0.0029706      0.0018385      0.0018057      0.0034686      0.0018234      -0.075665       -0.16365       -0.10991       -0.12253       -0.12525       -0.11628
         11.332       0.003825      0.0029781      0.0018381      0.0018051      0.0034789      0.0018229      -0.075822       -0.16385       -0.11003       -0.12262       -0.12546       -0.11638
         11.338       0.003838      0.0029856      0.0018377      0.0018045      0.0034892      0.0018224      -0.075979       -0.16406       -0.11014       -0.12272       -0.12566       -0.11649
         11.344      0.0038511      0.0029932      0.0018373       0.001804      0.0034995      0.0018219       -0.07614       -0.16427       -0.11026       -0.12281       -0.12587       -0.11659
          11.35      0.0038643      0.0030008      0.0018369      0.0018034      0.0035099      0.0018214      -0.076307       -0.16447       -0.11037        -0.1229       -0.12608       -0.11669
         11.355      0.0038776      0.0030084      0.0018365      0.0018028      0.0035202      0.0018209      -0.076473       -0.16468       -0.11048         -0.123       -0.12629        -0.1168
         11.361      0.0038908       0.003016      0.0018361      0.0018022      0.0035306      0.0018204      -0.076632       -0.16488       -0.11059       -0.12309       -0.12649        -0.1169
         11.367      0.0039042      0.0030237      0.0018357      0.0018016      0.0035411      0.0018199      -0.076797       -0.16508       -0.11071       -0.12318        -0.1267         -0.117
         11.373      0.0039177      0.0030314      0.0018352       0.001801      0.0035516      0.0018194      -0.076967       -0.16529       -0.11082       -0.12328       -0.12691       -0.11711
         11.379      0.0039313       0.003039      0.0018348      0.0018004      0.0035621      0.0018188      -0.077131       -0.16549       -0.11093       -0.12337       -0.12711       -0.11721
         11.385      0.0039448      0.0030467      0.0018344      0.0017998      0.0035727      0.0018183       -0.07729       -0.16569       -0.11104       -0.12346       -0.12731       -0.11731
         11.391      0.0039583      0.0030545       0.001834      0.0017992      0.0035832      0.0018178      -0.077454       -0.16589       -0.11116       -0.12355       -0.12752       -0.11741
         11.396      0.0039719      0.0030622      0.0018336      0.0017986      0.0035938      0.0018173      -0.077619       -0.16609       -0.11127       -0.12364       -0.12772       -0.11752
         11.402      0.0039855      0.0030677      0.0018332       0.001798      0.0036028      0.0018168      -0.077659       -0.16614       -0.11138       -0.12374       -0.12781       -0.11762
         11.408      0.0039992      0.0030755      0.0018327      0.0017974      0.0036134      0.0018163      -0.077821       -0.16634       -0.11149       -0.12383       -0.12801       -0.11772
         11.414      0.0040131      0.0030833      0.0018323      0.0017968      0.0036242      0.0018158      -0.077985       -0.16654        -0.1116       -0.12392       -0.12821       -0.11782
          11.42       0.004027      0.0030912      0.0018319      0.0017962       0.003635      0.0018152      -0.078146       -0.16674       -0.11171       -0.12401       -0.12842       -0.11792
         11.426      0.0040409       0.003099      0.0018315      0.0017956      0.0036457      0.0018147      -0.078305       -0.16693       -0.11182        -0.1241       -0.12862       -0.11802
         11.432      0.0040548      0.0031069       0.001831       0.001795      0.0036565      0.0018142      -0.078465       -0.16713       -0.11193       -0.12419       -0.12882       -0.11812
         11.438      0.0040689      0.0031148      0.0018306      0.0017944      0.0036674      0.0018137      -0.078628       -0.16733       -0.11204       -0.12428       -0.12902       -0.11823
         11.443       0.004083      0.0031227      0.0018302      0.0017938      0.0036783      0.0018132      -0.078787       -0.16752       -0.11215       -0.12437       -0.12922       -0.11833
         11.449      0.0040972      0.0031306      0.0018297      0.0017932      0.0036892      0.0018126       -0.07894       -0.16772       -0.11226       -0.12447       -0.12942       -0.11843
         11.455      0.0041114      0.0031386      0.0018293      0.0017926      0.0037002      0.0018121      -0.079089       -0.16791       -0.11237       -0.12456       -0.12962       -0.11853
         11.461      0.0041257      0.0031466      0.0018288       0.001792      0.0037113      0.0018116      -0.079236       -0.16811       -0.11248       -0.12465       -0.12981       -0.11863
         11.467      0.0041399      0.0031545      0.0018284      0.0017914      0.0037223       0.001811      -0.079383        -0.1683       -0.11259       -0.12474       -0.13001       -0.11873
         11.473      0.0041542      0.0031626       0.001828      0.0017908      0.0037334      0.0018105      -0.079537        -0.1685        -0.1127       -0.12483       -0.13021       -0.11883
         11.479      0.0041687      0.0031708      0.0018275      0.0017902      0.0037446        0.00181      -0.079693        -0.1687       -0.11281       -0.12492        -0.1304       -0.11893
         11.484      0.0041835      0.0031789      0.0018271      0.0017896      0.0037559      0.0018095      -0.079838       -0.16889       -0.11292       -0.12501        -0.1306       -0.11903
          11.49      0.0041982       0.003187      0.0018266       0.001789      0.0037672      0.0018089      -0.079978       -0.16909       -0.11303        -0.1251       -0.13079       -0.11912
         11.496      0.0042128      0.0031951      0.0018262      0.0017884      0.0037785      0.0018084      -0.080116       -0.16928       -0.11314       -0.12518       -0.13099       -0.11922
         11.502      0.0042276      0.0032032      0.0018257      0.0017878      0.0037899      0.0018079      -0.080248       -0.16948       -0.11325       -0.12527       -0.13118       -0.11932
         11.508      0.0042424      0.0032115      0.0018253      0.0017872      0.0038014      0.0018073      -0.080376       -0.16968       -0.11335       -0.12536       -0.13137       -0.11942
         11.514      0.0042573      0.0032197      0.0018248      0.0017866      0.0038129      0.0018068      -0.080505       -0.16987       -0.11346       -0.12545       -0.13156       -0.11952
          11.52      0.0042723       0.003228      0.0018244       0.001786      0.0038245      0.0018063      -0.080627       -0.17007       -0.11357       -0.12554       -0.13174       -0.11962
         11.525      0.0042874      0.0032363      0.0018239      0.0017854      0.0038362      0.0018057      -0.080744       -0.17027       -0.11368       -0.12563       -0.13193       -0.11972
         11.531      0.0043034      0.0032474      0.0018235      0.0017848      0.0038499      0.0018052      -0.081018       -0.17056       -0.11378       -0.12572       -0.13222       -0.11981
         11.537      0.0043187      0.0032558       0.001823      0.0017842      0.0038617      0.0018046      -0.081124       -0.17076       -0.11389       -0.12581        -0.1324       -0.11991
         11.543      0.0043341      0.0032642      0.0018226      0.0017836      0.0038736      0.0018041      -0.081222       -0.17096         -0.114       -0.12589       -0.13258       -0.12001
         11.549      0.0043495      0.0032726      0.0018221      0.0017829      0.0038856      0.0018036       -0.08132       -0.17116        -0.1141       -0.12598       -0.13276       -0.12011
         11.555      0.0043649      0.0032811      0.0018216      0.0017823      0.0038976       0.001803      -0.081413       -0.17136       -0.11421       -0.12607       -0.13293        -0.1202
         11.561      0.0043803      0.0032896      0.0018212      0.0017817      0.0039096      0.0018025      -0.081496       -0.17156       -0.11432       -0.12616       -0.13311        -0.1203
         11.566      0.0043957      0.0032982      0.0018207      0.0017811      0.0039218      0.0018019      -0.081582       -0.17177       -0.11442       -0.12624       -0.13328        -0.1204
         11.572      0.0044113      0.0033068      0.0018202      0.0017805       0.003934      0.0018014      -0.081666       -0.17197       -0.11453       -0.12633       -0.13346        -0.1205
         11.578       0.004427      0.0033154      0.0018198      0.0017799      0.0039463      0.0018008      -0.081738       -0.17218       -0.11464       -0.12642       -0.13363       -0.12059
         11.584      0.0044426      0.0033241      0.0018193      0.0017793      0.0039587      0.0018003      -0.081804       -0.17239       -0.11474       -0.12651        -0.1338       -0.12069
          11.59      0.0044583      0.0033329      0.0018188      0.0017787      0.0039711      0.0017998      -0.081866       -0.17259       -0.11485       -0.12659       -0.13396       -0.12079
         11.596       0.004474      0.0033416      0.0018184      0.0017781      0.0039836      0.0017992      -0.081917        -0.1728       -0.11495       -0.12668       -0.13412       -0.12088
         11.602      0.0044893      0.0033485      0.0018179      0.0017774      0.0039949      0.0017987      -0.081818       -0.17292       -0.11506       -0.12677       -0.13418       -0.12098
         11.607      0.0045053      0.0033574      0.0018174      0.0017768      0.0040076      0.0017981      -0.081864       -0.17314       -0.11516       -0.12685       -0.13435       -0.12107
         11.613      0.0045213      0.0033662      0.0018169      0.0017762      0.0040204      0.0017976      -0.081897       -0.17335       -0.11527       -0.12694        -0.1345       -0.12117
         11.619      0.0045373      0.0033751      0.0018165      0.0017756      0.0040332       0.001797       -0.08192       -0.17356       -0.11537       -0.12702       -0.13466       -0.12126
         11.625      0.0045532       0.003384       0.001816       0.001775      0.0040461      0.0017965       -0.08194       -0.17378       -0.11547       -0.12711       -0.13481       -0.12136
         11.631       0.004569       0.003393      0.0018155      0.0017744      0.0040589      0.0017959      -0.081955       -0.17399       -0.11558        -0.1272       -0.13496       -0.12145
         11.637      0.0045849       0.003402       0.001815      0.0017738      0.0040718      0.0017954      -0.081965       -0.17421       -0.11568       -0.12728       -0.13511       -0.12155
         11.643       0.004601      0.0034111      0.0018145      0.0017731      0.0040849      0.0017948      -0.081968       -0.17442       -0.11579       -0.12737       -0.13526       -0.12164
         11.648       0.004617      0.0034202      0.0018141      0.0017725      0.0040981      0.0017942      -0.081966       -0.17464       -0.11589       -0.12745        -0.1354       -0.12174
         11.654       0.004633      0.0034294      0.0018136      0.0017719      0.0041112      0.0017937      -0.081964       -0.17486       -0.11599       -0.12754       -0.13554       -0.12183
          11.66      0.0046491      0.0034385      0.0018131      0.0017713      0.0041244      0.0017931      -0.081956       -0.17507        -0.1161       -0.12762       -0.13569       -0.12193
         11.666      0.0046651      0.0034477      0.0018126      0.0017707      0.0041377      0.0017926      -0.081939       -0.17529        -0.1162       -0.12771       -0.13582       -0.12202
         11.672      0.0046811      0.0034569      0.0018121      0.0017701      0.0041509       0.001792      -0.081914       -0.17551        -0.1163       -0.12779       -0.13596       -0.12212
         11.678      0.0046971      0.0034661      0.0018116      0.0017694      0.0041643      0.0017915      -0.081885       -0.17573       -0.11641       -0.12788       -0.13609       -0.12221
         11.684      0.0047131      0.0034754      0.0018111      0.0017688      0.0041776      0.0017909      -0.081857       -0.17595       -0.11651       -0.12796       -0.13622        -0.1223
         11.689      0.0047292      0.0034846      0.0018107      0.0017682      0.0041911      0.0017903      -0.081823       -0.17617       -0.11661       -0.12805       -0.13635        -0.1224
         11.695      0.0047452      0.0034939      0.0018102      0.0017676      0.0042046      0.0017898      -0.081775       -0.17638       -0.11671       -0.12813       -0.13648       -0.12249
         11.701       0.004761      0.0035033      0.0018097       0.001767       0.004218      0.0017892      -0.081722        -0.1766       -0.11681       -0.12821        -0.1366       -0.12258
         11.707      0.0047768      0.0035126      0.0018092      0.0017664      0.0042315      0.0017887      -0.081669       -0.17682       -0.11692        -0.1283       -0.13672       -0.12268
         11.713      0.0047926      0.0035219      0.0018087      0.0017657       0.004245      0.0017881      -0.081607       -0.17705       -0.11702       -0.12838       -0.13684       -0.12277
         11.719      0.0048083      0.0035313      0.0018082      0.0017651      0.0042586      0.0017875      -0.081539       -0.17726       -0.11712       -0.12847       -0.13695       -0.12286
         11.725      0.0048239      0.0035407      0.0018077      0.0017645      0.0042721       0.001787      -0.081468       -0.17748       -0.11722       -0.12855       -0.13707       -0.12295
          11.73      0.0048395      0.0035501      0.0018072      0.0017639      0.0042857      0.0017864       -0.08139        -0.1777       -0.11732       -0.12863       -0.13718       -0.12305
         11.736      0.0048565      0.0035626      0.0018067      0.0017633      0.0043016      0.0017858      -0.081485       -0.17798       -0.11742       -0.12872       -0.13738       -0.12314
         11.742      0.0048719      0.0035721      0.0018062      0.0017626      0.0043152      0.0017853      -0.081396        -0.1782       -0.11752        -0.1288       -0.13748       -0.12323
         11.748      0.0048871      0.0035816      0.0018057       0.001762      0.0043288      0.0017847      -0.081304       -0.17842       -0.11762       -0.12888       -0.13758       -0.12332
         11.754      0.0049021      0.0035911      0.0018052      0.0017614      0.0043423      0.0017841      -0.081206       -0.17864       -0.11772       -0.12896       -0.13768       -0.12341
          11.76      0.0049171      0.0036007      0.0018047      0.0017608       0.004356      0.0017836        -0.0811       -0.17885       -0.11782       -0.12905       -0.13777       -0.12351
         11.766       0.004932      0.0036103      0.0018042      0.0017601      0.0043696       0.001783      -0.080989       -0.17907       -0.11793       -0.12913       -0.13786        -0.1236
         11.771      0.0049467      0.0036199      0.0018037      0.0017595      0.0043833      0.0017824      -0.080872       -0.17929       -0.11802       -0.12921       -0.13795       -0.12369
         11.777      0.0049615      0.0036295      0.0018032      0.0017589       0.004397      0.0017819      -0.080753       -0.17951       -0.11812       -0.12929       -0.13803       -0.12378
         11.783      0.0049762      0.0036391      0.0018027      0.0017583      0.0044107      0.0017813       -0.08063       -0.17972       -0.11822       -0.12938       -0.13812       -0.12387
         11.789      0.0049909      0.0036488      0.0018021      0.0017577      0.0044244      0.0017807      -0.080501       -0.17994       -0.11832       -0.12946        -0.1382       -0.12396
         11.795      0.0050053      0.0036585      0.0018016       0.001757      0.0044382      0.0017801      -0.080361       -0.18016       -0.11842       -0.12954       -0.13827       -0.12405
         11.801      0.0050175      0.0036656      0.0018011      0.0017564      0.0044501      0.0017796      -0.079972       -0.18032       -0.11852       -0.12962       -0.13822       -0.12414
         11.807      0.0050314      0.0036752      0.0018006      0.0017558      0.0044637       0.001779      -0.079814       -0.18053       -0.11862        -0.1297       -0.13828       -0.12423
         11.813      0.0050451      0.0036848      0.0018001      0.0017552      0.0044773      0.0017784      -0.079649       -0.18074       -0.11872       -0.12978       -0.13834       -0.12432
         11.818      0.0050584      0.0036945      0.0017996      0.0017545      0.0044909      0.0017778      -0.079477       -0.18096       -0.11882       -0.12987        -0.1384       -0.12441
         11.824      0.0050716      0.0037042      0.0017991      0.0017539      0.0045044      0.0017773      -0.079297       -0.18117       -0.11892       -0.12995       -0.13844        -0.1245
          11.83      0.0050847      0.0037139      0.0017986      0.0017533      0.0045179      0.0017767      -0.079109       -0.18138       -0.11901       -0.13003       -0.13849       -0.12459
         11.836      0.0050976      0.0037236       0.001798      0.0017527      0.0045314      0.0017761      -0.078915       -0.18159       -0.11911       -0.13011       -0.13853       -0.12468
         11.842      0.0051101      0.0037333      0.0017975       0.001752      0.0045449      0.0017755      -0.078717        -0.1818       -0.11921       -0.13019       -0.13857       -0.12477
         11.848      0.0051222       0.003743       0.001797      0.0017514      0.0045582       0.001775      -0.078516         -0.182       -0.11931       -0.13027        -0.1386       -0.12486
         11.854      0.0051341      0.0037528      0.0017965      0.0017508      0.0045715      0.0017744      -0.078304       -0.18221       -0.11941       -0.13035       -0.13862       -0.12495
         11.859      0.0051458      0.0037625       0.001796      0.0017502      0.0045848      0.0017738       -0.07808       -0.18241        -0.1195       -0.13043       -0.13864       -0.12504
         11.865      0.0051573      0.0037723      0.0017955      0.0017495      0.0045981      0.0017732      -0.077851       -0.18262        -0.1196       -0.13051       -0.13866       -0.12513
         11.871      0.0051684       0.003782      0.0017949      0.0017489      0.0046113      0.0017727      -0.077622       -0.18282        -0.1197       -0.13059       -0.13867       -0.12522
         11.877      0.0051793      0.0037918      0.0017944      0.0017483      0.0046244      0.0017721      -0.077389       -0.18302       -0.11979       -0.13067       -0.13868        -0.1253
         11.883      0.0051898      0.0038016      0.0017939      0.0017477      0.0046374      0.0017715      -0.077149       -0.18323       -0.11989       -0.13075       -0.13869       -0.12539
         11.889         0.0052      0.0038114      0.0017934       0.001747      0.0046504      0.0017709        -0.0769       -0.18342       -0.11999       -0.13083       -0.13868       -0.12548
         11.895      0.0052097      0.0038212      0.0017928      0.0017464      0.0046632      0.0017703      -0.076635       -0.18362       -0.12008       -0.13091       -0.13867       -0.12557
           11.9      0.0052191       0.003831      0.0017923      0.0017458      0.0046761      0.0017698      -0.076366       -0.18381       -0.12018       -0.13099       -0.13865       -0.12566
         11.906      0.0052284      0.0038408      0.0017918      0.0017452      0.0046889      0.0017692      -0.076102       -0.18401       -0.12028       -0.13107       -0.13863       -0.12574
         11.912      0.0052373      0.0038507      0.0017913      0.0017445      0.0047016      0.0017686      -0.075829        -0.1842       -0.12037       -0.13115       -0.13861       -0.12583
         11.918      0.0052456      0.0038605      0.0017907      0.0017439      0.0047141       0.001768      -0.075542       -0.18439       -0.12047       -0.13123       -0.13857       -0.12592
         11.924      0.0052535      0.0038703      0.0017902      0.0017433      0.0047266      0.0017674      -0.075255       -0.18458       -0.12056       -0.13131       -0.13854       -0.12601
          11.93      0.0052611      0.0038802      0.0017897      0.0017426       0.004739      0.0017668      -0.074964       -0.18477       -0.12066       -0.13138        -0.1385       -0.12609
         11.936      0.0052684      0.0038901      0.0017891       0.001742      0.0047513      0.0017663      -0.074656       -0.18495       -0.12075       -0.13146       -0.13844       -0.12618
         11.941      0.0052798      0.0039031      0.0017886      0.0017414      0.0047664      0.0017657      -0.074596       -0.18518       -0.12085       -0.13154       -0.13852       -0.12627
         11.947      0.0052863       0.003913      0.0017881      0.0017408      0.0047785      0.0017651      -0.074285       -0.18536       -0.12094       -0.13162       -0.13846       -0.12635
         11.953      0.0052923      0.0039229      0.0017875      0.0017401      0.0047905      0.0017645      -0.073966       -0.18554       -0.12104        -0.1317       -0.13839       -0.12644
         11.959      0.0052978      0.0039329       0.001787      0.0017395      0.0048024      0.0017639      -0.073634       -0.18572       -0.12113       -0.13178       -0.13832       -0.12653
         11.965      0.0053026      0.0039428      0.0017865      0.0017389      0.0048142      0.0017633      -0.073293        -0.1859       -0.12123       -0.13185       -0.13823       -0.12661
         11.971      0.0053068      0.0039527      0.0017859      0.0017383      0.0048257      0.0017628      -0.072944       -0.18607       -0.12132       -0.13193       -0.13814        -0.1267
         11.977      0.0053107      0.0039627      0.0017854      0.0017376      0.0048372      0.0017622      -0.072591       -0.18625       -0.12142       -0.13201       -0.13804       -0.12679
         11.982      0.0053141      0.0039726      0.0017849       0.001737      0.0048485      0.0017616      -0.072238       -0.18642       -0.12151       -0.13209       -0.13794       -0.12687
         11.988      0.0053167      0.0039825      0.0017843      0.0017364      0.0048594       0.001761      -0.071876       -0.18659       -0.12161       -0.13216       -0.13783       -0.12696
         11.994      0.0053188      0.0039925      0.0017838      0.0017357      0.0048703      0.0017604      -0.071499       -0.18676        -0.1217       -0.13224       -0.13771       -0.12704
             12      0.0053117      0.0039985      0.0017833      0.0017351       0.004877      0.0017598      -0.070731       -0.18687       -0.12179       -0.13232       -0.13737       -0.12713
         12.006      0.0053124      0.0040084      0.0017827      0.0017345      0.0048874      0.0017592       -0.07034       -0.18703       -0.12189        -0.1324       -0.13723       -0.12721
         12.012      0.0053126      0.0040183      0.0017822      0.0017339      0.0048977      0.0017586       -0.06994       -0.18719       -0.12198       -0.13247       -0.13708        -0.1273
         12.018      0.0053123      0.0040283      0.0017816      0.0017332      0.0049079      0.0017581      -0.069531       -0.18735       -0.12207       -0.13255       -0.13692       -0.12738
         12.023      0.0053111      0.0040383      0.0017811      0.0017326      0.0049179      0.0017575      -0.069111        -0.1875       -0.12217       -0.13263       -0.13675       -0.12747
         12.029      0.0053094      0.0040483      0.0017806       0.001732      0.0049277      0.0017569       -0.06868       -0.18765       -0.12226        -0.1327       -0.13657       -0.12755
         12.035      0.0053071      0.0040583        0.00178      0.0017313      0.0049373      0.0017563      -0.068246        -0.1878       -0.12235       -0.13278       -0.13638       -0.12764
         12.041       0.005304      0.0040683      0.0017795      0.0017307      0.0049466      0.0017557      -0.067813       -0.18795       -0.12244       -0.13286       -0.13619       -0.12772
         12.047      0.0052998      0.0040783      0.0017789      0.0017301      0.0049555      0.0017551      -0.067369       -0.18809       -0.12254       -0.13293       -0.13599       -0.12781
         12.053      0.0052949      0.0040883      0.0017784      0.0017295      0.0049642      0.0017545      -0.066913       -0.18823       -0.12263       -0.13301       -0.13577       -0.12789
         12.059      0.0052892      0.0040984      0.0017778      0.0017288      0.0049726      0.0017539      -0.066446       -0.18837       -0.12272       -0.13308       -0.13553       -0.12797
         12.064      0.0052828      0.0041085      0.0017773      0.0017282      0.0049809      0.0017533      -0.065963        -0.1885       -0.12281       -0.13316       -0.13529       -0.12806
          12.07      0.0052759      0.0041186      0.0017768      0.0017276       0.004989      0.0017527      -0.065469       -0.18863        -0.1229       -0.13324       -0.13503       -0.12814
         12.076      0.0052681      0.0041287      0.0017762      0.0017269      0.0049967      0.0017521      -0.064976       -0.18876         -0.123       -0.13331       -0.13477       -0.12823
         12.082      0.0052591      0.0041388      0.0017757      0.0017263       0.005004      0.0017516      -0.064474       -0.18889       -0.12309       -0.13339       -0.13449       -0.12831
         12.088      0.0052492      0.0041488      0.0017751      0.0017257       0.005011       0.001751       -0.06395       -0.18902       -0.12318       -0.13346        -0.1342       -0.12839
         12.094      0.0052388      0.0041589      0.0017746       0.001725      0.0050178      0.0017504      -0.063416       -0.18914       -0.12327       -0.13354       -0.13389       -0.12848
           12.1      0.0052278       0.004169       0.001774      0.0017244      0.0050244      0.0017498      -0.062877       -0.18926       -0.12336       -0.13361       -0.13358       -0.12856
         12.105      0.0052159      0.0041791      0.0017735      0.0017238      0.0050306      0.0017492      -0.062328       -0.18937       -0.12345       -0.13369       -0.13325       -0.12864
         12.111      0.0052034      0.0041892      0.0017729      0.0017232      0.0050367      0.0017486      -0.061768       -0.18948       -0.12354       -0.13376       -0.13291       -0.12872
         12.117      0.0051908      0.0041994      0.0017724      0.0017225      0.0050427       0.001748      -0.061194       -0.18959       -0.12363       -0.13384       -0.13256       -0.12881
         12.123      0.0051779      0.0042095      0.0017718      0.0017219      0.0050488      0.0017474      -0.060606        -0.1897       -0.12372       -0.13391        -0.1322       -0.12889
         12.129      0.0051649      0.0042197      0.0017713      0.0017213      0.0050549      0.0017468      -0.059996       -0.18981       -0.12381       -0.13399       -0.13182       -0.12897
         12.135      0.0051515      0.0042299      0.0017707      0.0017206      0.0050609      0.0017462       -0.05936       -0.18991        -0.1239       -0.13406       -0.13143       -0.12905
         12.141      0.0051378      0.0042401      0.0017702        0.00172      0.0050668      0.0017456      -0.058718       -0.19001       -0.12399       -0.13413       -0.13103       -0.12914
         12.146       0.005138      0.0042534      0.0017696      0.0017194      0.0050778       0.001745      -0.058566       -0.19015       -0.12408       -0.13421       -0.13093       -0.12922
         12.152      0.0051251      0.0042637      0.0017691      0.0017188      0.0050843      0.0017444      -0.057874       -0.19024       -0.12417       -0.13428        -0.1305        -0.1293
         12.158      0.0051106      0.0042739      0.0017685      0.0017181      0.0050905      0.0017438      -0.057145       -0.19033       -0.12426       -0.13436       -0.13004       -0.12938
         12.164      0.0050957      0.0042842      0.0017679      0.0017175      0.0050963      0.0017432      -0.056418       -0.19042       -0.12435       -0.13443       -0.12958       -0.12946
          12.17      0.0050817      0.0042944      0.0017674      0.0017169      0.0051026      0.0017426      -0.055669        -0.1905       -0.12444        -0.1345       -0.12911       -0.12955
         12.176      0.0050672      0.0043047      0.0017668      0.0017162       0.005109       0.001742       -0.05488       -0.19058       -0.12453       -0.13458       -0.12861       -0.12963
         12.182      0.0050519      0.0043149      0.0017663      0.0017156       0.005115      0.0017414      -0.054087       -0.19066       -0.12462       -0.13465        -0.1281       -0.12971
         12.188      0.0050375      0.0043252      0.0017657       0.001715      0.0051215      0.0017408      -0.053274       -0.19073       -0.12471       -0.13472       -0.12758       -0.12979
         12.193      0.0050229      0.0043355      0.0017652      0.0017143      0.0051283      0.0017402       -0.05241        -0.1908        -0.1248        -0.1348       -0.12703       -0.12987
         12.199      0.0049982       0.004341      0.0017646      0.0017137       0.005133      0.0017396       -0.05072       -0.19079       -0.12488       -0.13487       -0.12603       -0.12995
         12.205      0.0049845      0.0043513       0.001764      0.0017131      0.0051407       0.001739      -0.049774       -0.19085       -0.12497       -0.13494       -0.12543       -0.13003
         12.211      0.0049699      0.0043615      0.0017635      0.0017125      0.0051482      0.0017384      -0.048802       -0.19091       -0.12506       -0.13502       -0.12482       -0.13011
         12.217      0.0049556      0.0043716      0.0017629      0.0017118      0.0051559      0.0017379      -0.047812       -0.19097       -0.12515       -0.13509        -0.1242       -0.13019
         12.223      0.0049418      0.0043818      0.0017624      0.0017112      0.0051642      0.0017373      -0.046774       -0.19102       -0.12524       -0.13516       -0.12355       -0.13027
         12.229      0.0049274      0.0043919      0.0017618      0.0017106      0.0051724      0.0017367      -0.045715       -0.19107       -0.12533       -0.13523       -0.12288       -0.13035
         12.234      0.0049136       0.004402      0.0017612      0.0017099      0.0051809      0.0017361      -0.044643       -0.19111       -0.12541       -0.13531       -0.12221       -0.13043
          12.24      0.0049007      0.0044121      0.0017607      0.0017093      0.0051904      0.0017355      -0.043509       -0.19115        -0.1255       -0.13538       -0.12151       -0.13051
         12.246      0.0048868      0.0044222      0.0017601      0.0017087      0.0051997      0.0017349      -0.042338       -0.19119       -0.12559       -0.13545       -0.12077       -0.13059
         12.252      0.0048728      0.0044323      0.0017596      0.0017081      0.0052089      0.0017343      -0.041174       -0.19122       -0.12568       -0.13552       -0.12004       -0.13067
         12.258      0.0048608      0.0044423       0.001759      0.0017074      0.0052193      0.0017337      -0.039969       -0.19125       -0.12576        -0.1356       -0.11929       -0.13075
         12.264      0.0048494      0.0044523      0.0017584      0.0017068      0.0052308      0.0017331      -0.038696       -0.19127       -0.12585       -0.13567       -0.11851       -0.13083
          12.27      0.0048382      0.0044624      0.0017579      0.0017062      0.0052426      0.0017325      -0.037383       -0.19129       -0.12594       -0.13574       -0.11771       -0.13091
         12.275      0.0048276      0.0044724      0.0017573      0.0017055      0.0052552      0.0017319      -0.036028       -0.19131       -0.12602       -0.13581       -0.11689       -0.13099
         12.281      0.0048167      0.0044823      0.0017567      0.0017049      0.0052681      0.0017313      -0.034629       -0.19132       -0.12611       -0.13588       -0.11604       -0.13107
         12.287      0.0048061      0.0044922      0.0017562      0.0017043      0.0052814      0.0017307      -0.033213       -0.19133        -0.1262       -0.13595       -0.11518       -0.13115
         12.293      0.0047975      0.0045021      0.0017556      0.0017037      0.0052961      0.0017301      -0.031753       -0.19133       -0.12628       -0.13603       -0.11431       -0.13123
         12.299      0.0047892      0.0045119      0.0017551       0.001703      0.0053118      0.0017295      -0.030216       -0.19133       -0.12637        -0.1361        -0.1134       -0.13131
         12.305      0.0047801      0.0045217      0.0017545      0.0017024      0.0053274      0.0017289      -0.028655       -0.19132       -0.12645       -0.13617       -0.11247       -0.13138
         12.311      0.0047725      0.0045315      0.0017539      0.0017018      0.0053441      0.0017283      -0.027082       -0.19132       -0.12654       -0.13624       -0.11154       -0.13146
         12.316      0.0047663      0.0045412      0.0017534      0.0017011      0.0053623      0.0017277      -0.025434        -0.1913       -0.12663       -0.13631       -0.11058       -0.13154
         12.322      0.0047597       0.004551      0.0017528      0.0017005       0.005381      0.0017271      -0.023732       -0.19128       -0.12671       -0.13638       -0.10958       -0.13162
         12.328      0.0047542      0.0045608      0.0017522      0.0016999      0.0054003      0.0017264      -0.022056       -0.19126        -0.1268       -0.13645        -0.1086        -0.1317
         12.334      0.0047517      0.0045704      0.0017517      0.0016993      0.0054218      0.0017258      -0.020345       -0.19124       -0.12688       -0.13652       -0.10763       -0.13178
          12.34      0.0047502      0.0045801      0.0017511      0.0016986      0.0054453      0.0017252      -0.018506       -0.19121       -0.12697       -0.13659       -0.10661       -0.13185
         12.346      0.0047473      0.0045897      0.0017505       0.001698      0.0054688      0.0017246      -0.016618       -0.19117       -0.12705       -0.13666       -0.10554       -0.13193
         12.352      0.0047536      0.0046029        0.00175      0.0016974      0.0054888       0.001724      -0.015864       -0.19121       -0.12714       -0.13673       -0.10511       -0.13201
         12.357      0.0047527      0.0046125      0.0017494      0.0016967      0.0055138      0.0017234      -0.013979       -0.19117       -0.12722        -0.1368       -0.10406       -0.13209
         12.363      0.0047525      0.0046221      0.0017488      0.0016961      0.0055403      0.0017228      -0.012019       -0.19112       -0.12731       -0.13687       -0.10297       -0.13216
         12.369      0.0047514      0.0046316      0.0017482      0.0016955      0.0055669      0.0017222      -0.010043       -0.19107       -0.12739       -0.13694       -0.10186       -0.13224
         12.375      0.0047515       0.004641      0.0017477      0.0016949      0.0055943      0.0017216     -0.0080737       -0.19102       -0.12748       -0.13701       -0.10076       -0.13232
         12.381      0.0047549      0.0046505      0.0017471      0.0016942      0.0056243       0.001721     -0.0060748       -0.19096       -0.12756       -0.13708      -0.099676       -0.13239
         12.387      0.0047598      0.0046601      0.0017465      0.0016936      0.0056566      0.0017204     -0.0039986       -0.19089       -0.12764       -0.13715      -0.098565       -0.13247
         12.393      0.0047643      0.0046696       0.001746       0.001693      0.0056897      0.0017198     -0.0018731       -0.19082       -0.12773       -0.13722      -0.097426       -0.13255
         12.398      0.0047918      0.0046736      0.0017454      0.0016924      0.0057514      0.0017192      0.0018572        -0.1906       -0.12781       -0.13729      -0.095743       -0.13262
         12.404      0.0048004      0.0046829      0.0017448      0.0016917      0.0057885      0.0017186      0.0040119       -0.19052        -0.1279       -0.13736      -0.094634        -0.1327
          12.41      0.0048092      0.0046923      0.0017442      0.0016911      0.0058266       0.001718      0.0061878       -0.19044       -0.12798       -0.13743      -0.093514       -0.13278
         12.416      0.0048205      0.0047018      0.0017437      0.0016905      0.0058664      0.0017174      0.0083336       -0.19035       -0.12806        -0.1375      -0.092437       -0.13285
         12.422      0.0048339      0.0047112      0.0017431      0.0016898      0.0059087      0.0017168        0.01053       -0.19026       -0.12815       -0.13757       -0.09136       -0.13293
         12.428      0.0048465      0.0047205      0.0017425      0.0016892      0.0059513      0.0017162       0.012744       -0.19017       -0.12823       -0.13763      -0.090266       -0.13301
         12.434       0.004861      0.0047299       0.001742      0.0016886      0.0059949      0.0017156       0.014901       -0.19008       -0.12831        -0.1377      -0.089222       -0.13308
         12.439      0.0048808      0.0047392      0.0017414       0.001688       0.006043       0.001715       0.017108       -0.18998        -0.1284       -0.13777      -0.088217       -0.13316
         12.445      0.0049016      0.0047486      0.0017408      0.0016873      0.0060938      0.0017144       0.019411       -0.18986       -0.12848       -0.13784      -0.087174       -0.13323
         12.451      0.0049201      0.0047581      0.0017402      0.0016867      0.0061434      0.0017138       0.021676       -0.18975       -0.12856       -0.13791      -0.086122       -0.13331
         12.457      0.0049406      0.0047676      0.0017397      0.0016861      0.0061948      0.0017132       0.023916       -0.18964       -0.12864       -0.13798      -0.085116       -0.13338
         12.463      0.0049637      0.0047768      0.0017391      0.0016855      0.0062492      0.0017126       0.026217       -0.18953       -0.12873       -0.13805      -0.084115       -0.13346
         12.469      0.0049852      0.0047861      0.0017385      0.0016848      0.0063033       0.001712         0.0285       -0.18942       -0.12881       -0.13811      -0.083106       -0.13353
         12.475      0.0050079      0.0047954      0.0017379      0.0016842      0.0063577      0.0017114       0.030713        -0.1893       -0.12889       -0.13818      -0.082147       -0.13361
          12.48      0.0050346      0.0048047      0.0017374      0.0016836      0.0064157      0.0017108       0.032945       -0.18917       -0.12897       -0.13825      -0.081232       -0.13368
         12.486      0.0050623       0.004814      0.0017368       0.001683      0.0064759      0.0017102        0.03522       -0.18905       -0.12906       -0.13832      -0.080314       -0.13376
         12.492      0.0050899      0.0048233      0.0017362      0.0016823      0.0065364      0.0017096       0.037466       -0.18892       -0.12914       -0.13839      -0.079417       -0.13383
         12.498      0.0051194      0.0048325      0.0017356      0.0016817      0.0065981       0.001709       0.039667        -0.1888       -0.12922       -0.13845      -0.078572       -0.13391
         12.504      0.0051505      0.0048417      0.0017351      0.0016811      0.0066614      0.0017084       0.041861       -0.18867        -0.1293       -0.13852      -0.077756       -0.13398
          12.51      0.0051823      0.0048508      0.0017345      0.0016805       0.006726      0.0017078       0.044054       -0.18854       -0.12938       -0.13859      -0.076954       -0.13406
         12.516      0.0052147      0.0048598      0.0017339      0.0016798      0.0067915      0.0017072        0.04623        -0.1884       -0.12946       -0.13865      -0.076175       -0.13413
         12.521      0.0052477       0.004869      0.0017333      0.0016792      0.0068574      0.0017066       0.048361       -0.18827       -0.12955       -0.13872       -0.07543       -0.13421
         12.527       0.005282      0.0048781      0.0017328      0.0016786      0.0069239      0.0017059       0.050433       -0.18814       -0.12963       -0.13879      -0.074737       -0.13428
         12.533      0.0053184      0.0048871      0.0017322       0.001678      0.0069922      0.0017053       0.052498         -0.188       -0.12971       -0.13886      -0.074082       -0.13435
         12.539      0.0053554      0.0048963      0.0017316      0.0016773      0.0070623      0.0017047       0.054591       -0.18786       -0.12979       -0.13892      -0.073426       -0.13443
         12.545      0.0053918      0.0049053       0.001731      0.0016767      0.0071319      0.0017041       0.056631       -0.18772       -0.12987       -0.13899      -0.072795        -0.1345
         12.551      0.0054298      0.0049143      0.0017304      0.0016761      0.0072014      0.0017035       0.058587       -0.18758       -0.12995       -0.13906      -0.072234       -0.13458
         12.557      0.0054426       0.004927      0.0017299      0.0016755      0.0072426      0.0017029       0.059677       -0.18755       -0.13003       -0.13912      -0.071706       -0.13465
         12.563      0.0054818      0.0049357      0.0017293      0.0016748      0.0073155      0.0017023       0.061696       -0.18741       -0.13011       -0.13919      -0.071145       -0.13472
         12.568        0.00552      0.0049445      0.0017287      0.0016742      0.0073868      0.0017017       0.063639       -0.18727       -0.13019       -0.13926      -0.070607        -0.1348
         12.574       0.005559      0.0049534      0.0017281      0.0016736      0.0074584      0.0017011       0.065525       -0.18712       -0.13027       -0.13932      -0.070112       -0.13487
          12.58       0.005599      0.0049623      0.0017276       0.001673       0.007531      0.0017005       0.067396       -0.18699       -0.13035       -0.13939      -0.069646       -0.13494
         12.586      0.0056386       0.004971       0.001727      0.0016724      0.0076028      0.0016999       0.069218       -0.18685       -0.13043       -0.13945      -0.069204       -0.13502
         12.592      0.0056779      0.0049798      0.0017264      0.0016717       0.007674      0.0016993       0.070992       -0.18671       -0.13051       -0.13952      -0.068784       -0.13509
         12.598      0.0057169      0.0049886      0.0017258      0.0016711      0.0077445      0.0016987       0.072711       -0.18657       -0.13059       -0.13959       -0.06839       -0.13516
         12.604      0.0058093      0.0049918      0.0017252      0.0016705      0.0078567      0.0016981       0.075218       -0.18624       -0.13067       -0.13965       -0.06843       -0.13523
         12.609      0.0058533      0.0050006      0.0017247      0.0016699      0.0079277      0.0016975       0.076802        -0.1861       -0.13075       -0.13972      -0.068179       -0.13531
         12.615      0.0058956      0.0050093      0.0017241      0.0016692      0.0079986      0.0016969       0.078398       -0.18596       -0.13083       -0.13978      -0.067902       -0.13538
         12.621      0.0059372      0.0050181      0.0017235      0.0016686      0.0080669      0.0016963       0.079882       -0.18582       -0.13091       -0.13985      -0.067667       -0.13545
         12.627      0.0059805       0.005027      0.0017229       0.001668      0.0081347      0.0016957       0.081296       -0.18568       -0.13099       -0.13991      -0.067488       -0.13552
         12.633      0.0060238      0.0050357      0.0017223      0.0016674      0.0082028      0.0016951       0.082711       -0.18555       -0.13107       -0.13998      -0.067316        -0.1356
         12.639      0.0060663      0.0050444      0.0017218      0.0016668       0.008269      0.0016945       0.084057       -0.18541       -0.13114       -0.14004      -0.067165       -0.13567
         12.645      0.0061105      0.0050531      0.0017212      0.0016661      0.0083341      0.0016939       0.085317       -0.18527       -0.13122       -0.14011      -0.067075       -0.13574
          12.65       0.006157      0.0050618      0.0017206      0.0016655      0.0084009      0.0016933        0.08659       -0.18513        -0.1313       -0.14018      -0.067014       -0.13581
         12.656      0.0062027      0.0050703        0.00172      0.0016649       0.008468      0.0016927       0.087876         -0.185       -0.13138       -0.14024      -0.066946       -0.13588
         12.662      0.0062476      0.0050788      0.0017194      0.0016643       0.008533      0.0016921       0.089095       -0.18486       -0.13146        -0.1403      -0.066895       -0.13595
         12.668      0.0062931      0.0050873      0.0017189      0.0016637      0.0085974      0.0016915       0.090273       -0.18473       -0.13154       -0.14037      -0.066872       -0.13603
         12.674      0.0063384      0.0050957      0.0017183       0.001663       0.008662      0.0016908       0.091451        -0.1846       -0.13162       -0.14043      -0.066852        -0.1361
          12.68      0.0063825      0.0051041      0.0017177      0.0016624       0.008725      0.0016902       0.092593       -0.18447       -0.13169        -0.1405      -0.066833       -0.13617
         12.686      0.0064259      0.0051123      0.0017171      0.0016618      0.0087867      0.0016896       0.093697       -0.18434       -0.13177       -0.14056      -0.066821       -0.13624
         12.691      0.0064686      0.0051206      0.0017165      0.0016612      0.0088476       0.001689       0.094776       -0.18422       -0.13185       -0.14063      -0.066812       -0.13631
         12.697      0.0065106      0.0051289      0.0017159      0.0016606      0.0089061      0.0016884       0.095779        -0.1841       -0.13193       -0.14069      -0.066822       -0.13638
         12.703      0.0065532      0.0051372      0.0017154      0.0016599      0.0089625      0.0016878       0.096705       -0.18397         -0.132       -0.14076      -0.066869       -0.13645
         12.709      0.0065972      0.0051455      0.0017148      0.0016593      0.0090193      0.0016872       0.097623       -0.18385       -0.13208       -0.14082      -0.066941       -0.13652
         12.715      0.0066413      0.0051537      0.0017142      0.0016587      0.0090764      0.0016866       0.098543       -0.18372       -0.13216       -0.14088      -0.067016       -0.13659
         12.721      0.0066847      0.0051618      0.0017136      0.0016581      0.0091323       0.001686       0.099439        -0.1836       -0.13224       -0.14095      -0.067092       -0.13666
         12.727      0.0067276      0.0051699       0.001713      0.0016575      0.0091873      0.0016854        0.10031       -0.18348       -0.13231       -0.14101      -0.067172       -0.13673
         12.732      0.0067698      0.0051779      0.0017124      0.0016568      0.0092412      0.0016848        0.10116       -0.18337       -0.13239       -0.14108      -0.067257        -0.1368
         12.738      0.0068112      0.0051858      0.0017119      0.0016562      0.0092934      0.0016842        0.10196       -0.18326       -0.13247       -0.14114      -0.067349       -0.13687
         12.744      0.0068525      0.0051937      0.0017113      0.0016556      0.0093446      0.0016836        0.10273       -0.18315       -0.13254        -0.1412       -0.06745       -0.13694
          12.75      0.0068941      0.0052016      0.0017107       0.001655      0.0093957       0.001683        0.10349       -0.18304       -0.13262       -0.14127       -0.06756       -0.13702
         12.756      0.0069357      0.0052095      0.0017101      0.0016544      0.0094459      0.0016824        0.10423       -0.18293        -0.1327       -0.14133      -0.067678       -0.13708
         12.762       0.006938      0.0052216      0.0017095      0.0016538      0.0094846      0.0016818        0.10485       -0.18294       -0.13277       -0.14139      -0.067292       -0.13715
         12.768      0.0069785      0.0052293      0.0017089      0.0016531      0.0095339      0.0016812        0.10557       -0.18283       -0.13285       -0.14146      -0.067413       -0.13722
         12.773      0.0070181      0.0052369      0.0017084      0.0016525      0.0095823      0.0016806        0.10627       -0.18273       -0.13293       -0.14152      -0.067527       -0.13729
         12.779      0.0070561      0.0052446      0.0017078      0.0016519      0.0096298        0.00168        0.10695       -0.18264         -0.133       -0.14158      -0.067628       -0.13736
         12.785      0.0070931      0.0052524      0.0017072      0.0016513      0.0096754      0.0016794        0.10759       -0.18255       -0.13308       -0.14165      -0.067729       -0.13743
         12.791       0.007131      0.0052602      0.0017066      0.0016507      0.0097203      0.0016788         0.1082       -0.18245       -0.13315       -0.14171       -0.06785        -0.1375
         12.797      0.0071691      0.0052677       0.001706      0.0016501      0.0097655      0.0016782        0.10882       -0.18236       -0.13323       -0.14177      -0.067973       -0.13757
         12.803      0.0072563      0.0052695      0.0017054      0.0016494      0.0098181      0.0016776        0.10948        -0.1821       -0.13331       -0.14183      -0.068731       -0.13764
         12.809      0.0072934       0.005277      0.0017049      0.0016488      0.0098594       0.001677        0.11001       -0.18201       -0.13338        -0.1419      -0.068871       -0.13771
         12.814      0.0073301      0.0052844      0.0017043      0.0016482      0.0099013      0.0016764        0.11056       -0.18193       -0.13346       -0.14196      -0.069004       -0.13778
          12.82      0.0073657      0.0052919      0.0017037      0.0016476      0.0099425      0.0016758         0.1111       -0.18185       -0.13353       -0.14202      -0.069127       -0.13785
         12.826      0.0074014      0.0052994      0.0017031       0.001647      0.0099831      0.0016752        0.11161       -0.18177       -0.13361       -0.14208      -0.069258       -0.13792
         12.832       0.007437      0.0053068      0.0017025      0.0016464       0.010024      0.0016746        0.11214        -0.1817       -0.13368       -0.14215      -0.069388       -0.13798
         12.838      0.0074717      0.0053142      0.0017019      0.0016457       0.010065       0.001674        0.11266       -0.18163       -0.13376       -0.14221      -0.069508       -0.13805
         12.844      0.0075063      0.0053216      0.0017014      0.0016451       0.010105      0.0016734        0.11318       -0.18156       -0.13383       -0.14227      -0.069631       -0.13812
          12.85      0.0075406      0.0053288      0.0017008      0.0016445       0.010147      0.0016728        0.11372       -0.18149       -0.13391       -0.14233      -0.069751       -0.13819
         12.855      0.0075734      0.0053362      0.0017002      0.0016439       0.010188      0.0016722        0.11426       -0.18144       -0.13398       -0.14239      -0.069852       -0.13826
         12.861      0.0076054      0.0053436      0.0016996      0.0016433       0.010229      0.0016716        0.11479       -0.18138       -0.13406       -0.14246      -0.069948       -0.13833
         12.867      0.0076376      0.0053509       0.001699      0.0016427       0.010269       0.001671        0.11532       -0.18133       -0.13413       -0.14252      -0.070046       -0.13839
         12.873      0.0076683      0.0053581      0.0016984      0.0016421       0.010311      0.0016704        0.11587       -0.18128        -0.1342       -0.14258      -0.070128       -0.13846
         12.879      0.0076973      0.0053656      0.0016979      0.0016415       0.010351      0.0016698         0.1164       -0.18124       -0.13428       -0.14264      -0.070195       -0.13853
         12.885      0.0077265      0.0053731      0.0016973      0.0016408       0.010391      0.0016691        0.11691        -0.1812       -0.13435        -0.1427      -0.070268        -0.1386
         12.891      0.0077568      0.0053805      0.0016967      0.0016402       0.010431      0.0016685        0.11741       -0.18116       -0.13443       -0.14276      -0.070359       -0.13867
         12.896      0.0077871      0.0053879      0.0016961      0.0016396       0.010473      0.0016679        0.11795       -0.18113        -0.1345       -0.14282      -0.070451       -0.13873
         12.902      0.0078162      0.0053954      0.0016955       0.001639       0.010516      0.0016673        0.11851       -0.18111       -0.13457       -0.14289      -0.070523        -0.1388
         12.908      0.0078434      0.0054029      0.0016949      0.0016384       0.010559      0.0016667        0.11908       -0.18109       -0.13465       -0.14295      -0.070574       -0.13887
         12.914      0.0078698      0.0054106      0.0016943      0.0016378       0.010601      0.0016661        0.11963       -0.18108       -0.13472       -0.14301      -0.070619       -0.13893
          12.92      0.0078961      0.0054182      0.0016938      0.0016372       0.010644      0.0016655         0.1202       -0.18106        -0.1348       -0.14307      -0.070663         -0.139
         12.926      0.0079212      0.0054259      0.0016932      0.0016366       0.010688      0.0016649        0.12078       -0.18106       -0.13487       -0.14313      -0.070693       -0.13907
         12.932      0.0079445      0.0054337      0.0016926      0.0016359       0.010732      0.0016643        0.12136       -0.18106       -0.13494       -0.14319      -0.070707       -0.13914
         12.938      0.0079674      0.0054418       0.001692      0.0016353       0.010776      0.0016637        0.12191       -0.18107       -0.13502       -0.14325      -0.070717        -0.1392
         12.943      0.0079905        0.00545      0.0016914      0.0016347        0.01082      0.0016631        0.12247       -0.18107       -0.13509       -0.14331      -0.070729       -0.13927
         12.949      0.0080134      0.0054581      0.0016908      0.0016341       0.010865      0.0016625        0.12305       -0.18109       -0.13516       -0.14337      -0.070742       -0.13934
         12.955      0.0080356      0.0054662      0.0016902      0.0016335       0.010911      0.0016619        0.12365       -0.18111       -0.13523       -0.14343      -0.070747        -0.1394
         12.961      0.0080562      0.0054747      0.0016897      0.0016329       0.010959      0.0016613        0.12426       -0.18113       -0.13531       -0.14349       -0.07073       -0.13947
         12.967       0.008075      0.0054833      0.0016891      0.0016323       0.011007      0.0016607        0.12487       -0.18117       -0.13538       -0.14355      -0.070693       -0.13954
         12.973      0.0080646      0.0054975      0.0016885      0.0016317       0.011057      0.0016601        0.12547       -0.18127       -0.13545       -0.14361      -0.070235        -0.1396
         12.979      0.0080829      0.0055065      0.0016879      0.0016311       0.011105      0.0016595        0.12607        -0.1813       -0.13552       -0.14367      -0.070193       -0.13967
         12.984      0.0081011      0.0055157      0.0016873      0.0016305       0.011154      0.0016589        0.12667       -0.18134        -0.1356       -0.14373      -0.070149       -0.13973
          12.99       0.008119      0.0055247      0.0016867      0.0016299       0.011205      0.0016583         0.1273       -0.18139       -0.13567       -0.14379      -0.070105        -0.1398
         12.996      0.0081354      0.0055342      0.0016862      0.0016292       0.011257      0.0016577        0.12794       -0.18145       -0.13574       -0.14385      -0.070038       -0.13987
         13.002       0.008191      0.0055379      0.0016856      0.0016286       0.011309      0.0016571        0.12859       -0.18142       -0.13581       -0.14391      -0.070507       -0.13993
         13.008      0.0082043       0.005548       0.001685       0.001628       0.011363      0.0016565        0.12926       -0.18149       -0.13589       -0.14397      -0.070402          -0.14
         13.014      0.0082156      0.0055586      0.0016844      0.0016274       0.011419       0.001656        0.12992       -0.18157       -0.13596       -0.14403      -0.070266       -0.14006
          13.02      0.0082259      0.0055695      0.0016838      0.0016268       0.011474      0.0016554        0.13056       -0.18165       -0.13603       -0.14409      -0.070115       -0.14013
         13.025      0.0082362      0.0055805      0.0016832      0.0016262        0.01153      0.0016548        0.13121       -0.18173        -0.1361       -0.14415      -0.069964       -0.14019
         13.031      0.0082455      0.0055919      0.0016826      0.0016256       0.011587      0.0016542        0.13186       -0.18181       -0.13617       -0.14421      -0.069797       -0.14026
         13.037      0.0082535      0.0056037      0.0016821       0.001625       0.011645      0.0016536        0.13252        -0.1819       -0.13624       -0.14427      -0.069607       -0.14033
         13.043      0.0082612      0.0056157      0.0016815      0.0016244       0.011704       0.001653        0.13317       -0.18199       -0.13632       -0.14433       -0.06941       -0.14039
         13.049      0.0082681       0.005628      0.0016809      0.0016238       0.011764      0.0016524        0.13384       -0.18208       -0.13639       -0.14439        -0.0692       -0.14046
         13.055      0.0082735      0.0056407      0.0016803      0.0016232       0.011826      0.0016518        0.13452       -0.18218       -0.13646       -0.14445      -0.068963       -0.14052
         13.061      0.0082779      0.0056537      0.0016797      0.0016226       0.011888      0.0016512        0.13518       -0.18227       -0.13653        -0.1445      -0.068709       -0.14059
         13.066       0.008282      0.0056669      0.0016791       0.001622        0.01195      0.0016506        0.13584       -0.18237        -0.1366       -0.14456      -0.068448       -0.14065
         13.072      0.0082854      0.0056805      0.0016785      0.0016214       0.012015        0.00165        0.13651       -0.18247       -0.13667       -0.14462      -0.068173       -0.14072
         13.078      0.0082881      0.0056946       0.001678      0.0016208       0.012081      0.0016494        0.13719       -0.18258       -0.13674       -0.14468      -0.067881       -0.14078
         13.084      0.0082901       0.005709      0.0016774      0.0016202       0.012148      0.0016488        0.13787       -0.18269       -0.13681       -0.14474      -0.067574       -0.14084
          13.09      0.0082908      0.0057237      0.0016768      0.0016196       0.012216      0.0016482        0.13857       -0.18279       -0.13688        -0.1448      -0.067236       -0.14091
         13.096      0.0082896      0.0057391      0.0016762      0.0016189       0.012286      0.0016476        0.13926        -0.1829       -0.13695       -0.14486      -0.066866       -0.14097
         13.102      0.0082881       0.005755      0.0016756      0.0016183       0.012356       0.001647        0.13993       -0.18301       -0.13702       -0.14491       -0.06648       -0.14104
         13.107      0.0082862      0.0057712       0.001675      0.0016177       0.012427      0.0016464        0.14061       -0.18311       -0.13709       -0.14497      -0.066076        -0.1411
         13.113      0.0082831      0.0057877      0.0016744      0.0016171       0.012499      0.0016458        0.14129       -0.18321       -0.13716       -0.14503      -0.065644       -0.14117
         13.119      0.0082791      0.0058046      0.0016739      0.0016165       0.012571      0.0016452        0.14197       -0.18331       -0.13723       -0.14509      -0.065194       -0.14123
         13.125      0.0082748      0.0058219      0.0016733      0.0016159       0.012645      0.0016446        0.14264       -0.18341        -0.1373       -0.14515      -0.064729       -0.14129
         13.131      0.0082692      0.0058396      0.0016727      0.0016153       0.012721       0.001644        0.14333       -0.18351       -0.13737       -0.14521      -0.064229       -0.14136
         13.137       0.008262      0.0058579      0.0016721      0.0016147       0.012796      0.0016434          0.144        -0.1836       -0.13744       -0.14526      -0.063695       -0.14142
         13.143      0.0082551      0.0058763      0.0016715      0.0016141        0.01287      0.0016428        0.14465       -0.18369       -0.13751       -0.14532      -0.063159       -0.14149
         13.148      0.0082487      0.0058951      0.0016709      0.0016135       0.012947      0.0016422        0.14531       -0.18378       -0.13758       -0.14538       -0.06262       -0.14155
         13.154      0.0082408      0.0059145      0.0016704      0.0016129       0.013027      0.0016416          0.146       -0.18387       -0.13765       -0.14544      -0.062039       -0.14161
          13.16      0.0082309      0.0059344      0.0016698      0.0016123       0.013106       0.001641        0.14667       -0.18396       -0.13772       -0.14549      -0.061411       -0.14168
         13.166      0.0082207      0.0059547      0.0016692      0.0016117       0.013184      0.0016404        0.14732       -0.18404       -0.13779       -0.14555      -0.060765       -0.14174
         13.172      0.0082101      0.0059753      0.0016686      0.0016111       0.013263      0.0016398        0.14797       -0.18411       -0.13786       -0.14561      -0.060102        -0.1418
         13.178      0.0081798      0.0059997       0.001668      0.0016105       0.013343      0.0016393        0.14864       -0.18416       -0.13793       -0.14567      -0.059027       -0.14187
         13.184      0.0081674      0.0060209      0.0016674      0.0016099        0.01342      0.0016387        0.14926       -0.18422         -0.138       -0.14572      -0.058309       -0.14193
         13.189      0.0081553      0.0060423      0.0016669      0.0016093       0.013497      0.0016381        0.14986       -0.18428       -0.13807       -0.14578      -0.057587       -0.14199
         13.195      0.0081434      0.0060641      0.0016663      0.0016087       0.013576      0.0016375        0.15046       -0.18434       -0.13814       -0.14584      -0.056854       -0.14205
         13.201      0.0081587      0.0060849      0.0016657      0.0016081       0.013656      0.0016369        0.15095       -0.18439       -0.13821        -0.1459      -0.056592       -0.14212
         13.207      0.0081456      0.0061075      0.0016651      0.0016075       0.013736      0.0016363        0.15155       -0.18445       -0.13827       -0.14595      -0.055817       -0.14218
         13.213      0.0081308      0.0061308      0.0016645      0.0016069       0.013817      0.0016357        0.15214        -0.1845       -0.13834       -0.14601      -0.054993       -0.14224
         13.219      0.0081154      0.0061543      0.0016639      0.0016063       0.013895      0.0016351         0.1527       -0.18454       -0.13841       -0.14607      -0.054146       -0.14231
         13.225         0.0081      0.0061778      0.0016633      0.0016057       0.013971      0.0016345        0.15325       -0.18457       -0.13848       -0.14612      -0.053294       -0.14237
          13.23       0.008084      0.0062017      0.0016628      0.0016051       0.014048      0.0016339        0.15378        -0.1846       -0.13855       -0.14618      -0.052422       -0.14243
         13.236      0.0080682      0.0062258      0.0016622      0.0016045       0.014124      0.0016333        0.15431       -0.18463       -0.13862       -0.14624      -0.051537       -0.14249
         13.242      0.0080524      0.0062503      0.0016616      0.0016039       0.014201      0.0016327        0.15484       -0.18466       -0.13868       -0.14629      -0.050637       -0.14256
         13.248      0.0080354      0.0062752       0.001661      0.0016033       0.014278      0.0016321        0.15537       -0.18467       -0.13875       -0.14635      -0.049696       -0.14262
         13.254      0.0080181      0.0063002      0.0016604      0.0016027       0.014352      0.0016315        0.15586       -0.18468       -0.13882       -0.14641      -0.048744       -0.14268
          13.26      0.0080018      0.0063252      0.0016598      0.0016022       0.014427       0.001631        0.15636        -0.1847       -0.13889       -0.14646      -0.047804       -0.14274
         13.266      0.0079836       0.006351      0.0016593      0.0016016       0.014505      0.0016304        0.15689       -0.18471       -0.13896       -0.14652        -0.0468        -0.1428
         13.271      0.0079634      0.0063776      0.0016587       0.001601       0.014579      0.0016298        0.15739       -0.18471       -0.13902       -0.14657      -0.045735       -0.14287
         13.277      0.0079442      0.0064039      0.0016581      0.0016004        0.01465      0.0016292        0.15785       -0.18469       -0.13909       -0.14663      -0.044686       -0.14293
         13.283      0.0079251      0.0064306      0.0016575      0.0015998       0.014723      0.0016286        0.15833       -0.18468       -0.13916       -0.14669      -0.043626       -0.14299
         13.289      0.0079037       0.006458      0.0016569      0.0015992       0.014794       0.001628         0.1588       -0.18466       -0.13923       -0.14674      -0.042497       -0.14305
         13.295      0.0078822      0.0064852      0.0016564      0.0015986        0.01486      0.0016274        0.15923       -0.18463       -0.13929        -0.1468      -0.041362       -0.14311
         13.301      0.0078622      0.0065122      0.0016558       0.001598       0.014925      0.0016268        0.15964        -0.1846       -0.13936       -0.14685      -0.040259       -0.14317
         13.307      0.0078427      0.0065399      0.0016552      0.0015974       0.014993      0.0016262        0.16007       -0.18457       -0.13943       -0.14691      -0.039147       -0.14323
         13.313      0.0078235      0.0065678      0.0016546      0.0015968       0.015062      0.0016256        0.16053       -0.18453       -0.13949       -0.14696      -0.038004        -0.1433
         13.318      0.0078016      0.0065962       0.001654      0.0015962       0.015132       0.001625        0.16103       -0.18447       -0.13956       -0.14702      -0.036771       -0.14336
         13.324      0.0077765      0.0066256      0.0016534      0.0015956       0.015198      0.0016245        0.16148       -0.18441       -0.13963       -0.14708      -0.035463       -0.14342
          13.33      0.0077523      0.0066547      0.0016529       0.001595       0.015256      0.0016239        0.16187       -0.18434       -0.13969       -0.14713      -0.034188       -0.14348
         13.336      0.0077299       0.006684      0.0016523      0.0015944       0.015319      0.0016233        0.16229       -0.18429       -0.13976       -0.14719      -0.032937       -0.14354
         13.342      0.0077054      0.0067141      0.0016517      0.0015938        0.01538      0.0016227        0.16271       -0.18422       -0.13983       -0.14724      -0.031603        -0.1436
         13.348      0.0076806      0.0067442      0.0016511      0.0015932       0.015435      0.0016221        0.16309       -0.18414       -0.13989        -0.1473      -0.030273       -0.14366
         13.354      0.0076582       0.006774      0.0016505      0.0015927       0.015493      0.0016215        0.16348       -0.18408       -0.13996       -0.14735       -0.02899       -0.14372
         13.359      0.0076339       0.006805      0.0016499      0.0015921       0.015553      0.0016209        0.16392       -0.18399       -0.14003       -0.14741      -0.027611       -0.14378
         13.365      0.0076077      0.0068371      0.0016494      0.0015915       0.015609      0.0016203        0.16432        -0.1839       -0.14009       -0.14746      -0.026168       -0.14384
         13.371      0.0075824      0.0068691      0.0016488      0.0015909       0.015661      0.0016197        0.16471        -0.1838       -0.14016       -0.14752      -0.024742        -0.1439
         13.377      0.0075566      0.0069016      0.0016482      0.0015903       0.015714      0.0016192        0.16511       -0.18369       -0.14023       -0.14757      -0.023278       -0.14396
         13.383      0.0075174      0.0069348      0.0016476      0.0015897       0.015754      0.0016186        0.16557       -0.18352       -0.14029       -0.14763      -0.021456       -0.14402
         13.389      0.0074914      0.0069675       0.001647      0.0015891       0.015801       0.001618        0.16595       -0.18341       -0.14036       -0.14768       -0.01997       -0.14408
         13.395      0.0074646      0.0070011      0.0016465      0.0015885       0.015847      0.0016174        0.16634       -0.18328       -0.14042       -0.14774      -0.018435       -0.14414
           13.4      0.0074617      0.0070375      0.0016459      0.0015879       0.015897      0.0016168        0.16645       -0.18323       -0.14049       -0.14779      -0.017496        -0.1442
         13.406      0.0074339      0.0070725      0.0016453      0.0015873       0.015944      0.0016162        0.16687        -0.1831       -0.14055       -0.14785      -0.015887       -0.14426
         13.412       0.007404      0.0071083      0.0016447      0.0015868       0.015984      0.0016156        0.16726       -0.18295       -0.14062        -0.1479      -0.014217       -0.14432
         13.418       0.007375      0.0071436      0.0016441      0.0015862        0.01602      0.0016151         0.1676       -0.18282       -0.14068       -0.14795      -0.012599       -0.14438
         13.424      0.0073466        0.00718      0.0016436      0.0015856       0.016058      0.0016145        0.16797       -0.18269       -0.14075       -0.14801      -0.010958       -0.14444
          13.43      0.0073168       0.007218       0.001643       0.001585       0.016092      0.0016139        0.16834       -0.18254       -0.14082       -0.14806     -0.0092361        -0.1445
         13.436      0.0072871      0.0072557      0.0016424      0.0015844        0.01612      0.0016133        0.16867       -0.18237       -0.14088       -0.14812     -0.0075311       -0.14456
         13.441      0.0072585      0.0072933      0.0016418      0.0015838       0.016147      0.0016127        0.16899       -0.18222       -0.14095       -0.14817     -0.0058579       -0.14462
         13.447      0.0072308       0.007332      0.0016412      0.0015832       0.016175      0.0016121        0.16934       -0.18205       -0.14101       -0.14822     -0.0041661       -0.14468
         13.453      0.0072029      0.0073711      0.0016407      0.0015826       0.016204      0.0016115        0.16971       -0.18187       -0.14108       -0.14828     -0.0024303       -0.14474
         13.459      0.0071736      0.0074112      0.0016401      0.0015821       0.016232       0.001611        0.17011        -0.1817       -0.14114       -0.14833    -0.00063262        -0.1448
         13.465      0.0071434       0.007453      0.0016395      0.0015815       0.016259      0.0016104        0.17051       -0.18153       -0.14121       -0.14839      0.0012143       -0.14486
         13.471      0.0071125       0.007496      0.0016389      0.0015809       0.016284      0.0016098        0.17092       -0.18135       -0.14127       -0.14844      0.0031249       -0.14492
         13.477      0.0070792      0.0075403      0.0016383      0.0015803       0.016303      0.0016092        0.17132       -0.18116       -0.14133       -0.14849      0.0051104       -0.14498
         13.482      0.0070455      0.0075859      0.0016378      0.0015797       0.016315      0.0016086        0.17166       -0.18098        -0.1414       -0.14855      0.0070953       -0.14504
         13.488      0.0070141      0.0076319      0.0016372      0.0015791       0.016324       0.001608        0.17199       -0.18078       -0.14146        -0.1486      0.0090394        -0.1451
         13.494      0.0069827      0.0076782      0.0016366      0.0015785       0.016332      0.0016074        0.17236       -0.18056       -0.14153       -0.14865       0.011015       -0.14516
           13.5      0.0069504      0.0077253       0.001636       0.001578       0.016338      0.0016069        0.17272       -0.18035       -0.14159       -0.14871        0.01302       -0.14521
         13.506       0.006918      0.0077736      0.0016354      0.0015774       0.016344      0.0016063        0.17311       -0.18014       -0.14166       -0.14876       0.015058       -0.14527
         13.512      0.0068841      0.0078237      0.0016349      0.0015768       0.016348      0.0016057        0.17351       -0.17994       -0.14172       -0.14881       0.017175       -0.14533
         13.518      0.0068493      0.0078748      0.0016343      0.0015762       0.016345      0.0016051        0.17387       -0.17973       -0.14178       -0.14887       0.019304       -0.14539
         13.523      0.0068155      0.0079269      0.0016337      0.0015756        0.01634      0.0016045        0.17423       -0.17953       -0.14185       -0.14892       0.021421       -0.14545
         13.529      0.0067813      0.0079809      0.0016331       0.001575       0.016335       0.001604        0.17461       -0.17933       -0.14191       -0.14897       0.023586       -0.14551
         13.535      0.0067471      0.0080363      0.0016325      0.0015745       0.016325      0.0016034        0.17497       -0.17914       -0.14198       -0.14903       0.025758       -0.14556
         13.541      0.0067137      0.0080931       0.001632      0.0015739       0.016316      0.0016028        0.17533       -0.17895       -0.14204       -0.14908       0.027934       -0.14562
         13.547      0.0066792       0.008152      0.0016314      0.0015733       0.016306      0.0016022        0.17572       -0.17877        -0.1421       -0.14913       0.030184       -0.14568
         13.553      0.0066448      0.0082129      0.0016308      0.0015727       0.016293      0.0016016        0.17611       -0.17858       -0.14217       -0.14918       0.032453       -0.14574
         13.559      0.0066111      0.0082745      0.0016302      0.0015721       0.016283       0.001601        0.17654       -0.17841       -0.14223       -0.14924       0.034743        -0.1458
         13.564      0.0065746      0.0083366      0.0016297      0.0015716       0.016273      0.0016005          0.177       -0.17829       -0.14229       -0.14929        0.03711       -0.14586
          13.57      0.0065369      0.0083964      0.0016291       0.001571       0.016255      0.0015999        0.17742       -0.17822       -0.14236       -0.14934       0.039405       -0.14591
         13.576      0.0065011      0.0084545      0.0016285      0.0015704       0.016237      0.0015993        0.17785       -0.17813       -0.14242        -0.1494       0.041639       -0.14597
         13.582      0.0064631      0.0085142      0.0016279      0.0015698       0.016218      0.0015987        0.17834       -0.17806       -0.14248       -0.14945       0.043985       -0.14603
         13.588      0.0064169      0.0085748      0.0016274      0.0015692       0.016171      0.0015981        0.17885       -0.17789       -0.14255        -0.1495       0.046565       -0.14609
         13.594      0.0063811      0.0086295      0.0016268      0.0015687       0.016149      0.0015976        0.17926       -0.17791       -0.14261       -0.14955        0.04868       -0.14614
           13.6      0.0063618      0.0086791      0.0016262      0.0015681        0.01621       0.001597        0.17978       -0.17836       -0.14267        -0.1496       0.050359        -0.1462
         13.605      0.0063212      0.0087285      0.0016256      0.0015675       0.016176      0.0015964        0.18027       -0.17837       -0.14273       -0.14966        0.05257       -0.14626
         13.611      0.0062808      0.0087754       0.001625      0.0015669       0.016144      0.0015958        0.18082       -0.17837        -0.1428       -0.14971       0.054781       -0.14632
         13.617      0.0062376      0.0088201      0.0016245      0.0015663       0.016101      0.0015952        0.18139       -0.17835       -0.14286       -0.14976       0.057035       -0.14637
         13.623      0.0061943      0.0088635      0.0016239      0.0015658       0.016046      0.0015947        0.18189       -0.17831       -0.14292       -0.14981       0.059215       -0.14643
         13.629      0.0061536      0.0089049      0.0016233      0.0015652       0.015992      0.0015941        0.18239       -0.17825       -0.14298       -0.14987       0.061292       -0.14649
         13.635      0.0061131      0.0089443      0.0016227      0.0015646       0.015941      0.0015935        0.18298       -0.17817       -0.14305       -0.14992       0.063428       -0.14654
         13.641      0.0060705      0.0089826      0.0016222       0.001564       0.015878      0.0015929        0.18355       -0.17806       -0.14311       -0.14997        0.06556        -0.1466
         13.646      0.0060272      0.0090179      0.0016216      0.0015635       0.015806      0.0015924        0.18408       -0.17794       -0.14317       -0.15002       0.067632       -0.14666
         13.652      0.0059829      0.0090509       0.001621      0.0015629       0.015718      0.0015918        0.18457       -0.17774       -0.14323       -0.15007        0.06965       -0.14672
         13.658      0.0059372      0.0090852      0.0016204      0.0015623       0.015616      0.0015912        0.18503       -0.17748        -0.1433       -0.15012        0.07168       -0.14677
         13.664      0.0058909      0.0091198      0.0016199      0.0015617       0.015508      0.0015906        0.18546       -0.17721       -0.14336       -0.15018       0.073693       -0.14683
          13.67      0.0058441      0.0091528      0.0016193      0.0015611       0.015391      0.0015901        0.18586        -0.1769       -0.14342       -0.15023       0.075656       -0.14689
         13.676      0.0057966      0.0091857      0.0016187      0.0015606       0.015264      0.0015895        0.18623       -0.17655       -0.14348       -0.15028       0.077584       -0.14694
         13.682      0.0057476      0.0092185      0.0016181        0.00156       0.015126      0.0015889        0.18655       -0.17618       -0.14354       -0.15033       0.079487         -0.147
         13.688      0.0056965      0.0092508      0.0016176      0.0015594       0.014979      0.0015883        0.18686       -0.17577        -0.1436       -0.15038        0.08141       -0.14705
         13.693      0.0056455      0.0092833       0.001617      0.0015588       0.014829      0.0015878        0.18719       -0.17533       -0.14367       -0.15043       0.083329       -0.14711
         13.699      0.0055954      0.0093156      0.0016164      0.0015583       0.014674      0.0015872        0.18747       -0.17487       -0.14373       -0.15048       0.085159       -0.14717
         13.705      0.0055433      0.0093475      0.0016159      0.0015577       0.014508      0.0015866        0.18769       -0.17436       -0.14379       -0.15053       0.086955       -0.14722
         13.711      0.0054898      0.0093801      0.0016153      0.0015571       0.014336       0.001586        0.18792       -0.17383       -0.14385       -0.15059        0.08878       -0.14728
         13.717       0.005436      0.0094132      0.0016147      0.0015566        0.01416      0.0015855        0.18813       -0.17327       -0.14391       -0.15064       0.090575       -0.14734
         13.723      0.0053805      0.0094466      0.0016141       0.001556       0.013977      0.0015849        0.18832       -0.17269       -0.14397       -0.15069       0.092365       -0.14739
         13.729      0.0053241      0.0094799      0.0016136      0.0015554       0.013793      0.0015843        0.18854        -0.1721       -0.14403       -0.15074        0.09419       -0.14745
         13.734      0.0052689      0.0095131       0.001613      0.0015548       0.013612      0.0015837        0.18877       -0.17149       -0.14409       -0.15079       0.095983        -0.1475
          13.74      0.0052138      0.0095462      0.0016124      0.0015543       0.013428      0.0015832        0.18895       -0.17086       -0.14416       -0.15084       0.097693       -0.14756
         13.746      0.0051569      0.0095794      0.0016118      0.0015537       0.013237      0.0015826        0.18911        -0.1702       -0.14422       -0.15089       0.099403       -0.14761
         13.752      0.0050999      0.0096125      0.0016113      0.0015531       0.013047       0.001582        0.18929       -0.16954       -0.14428       -0.15094        0.10112       -0.14767
         13.758      0.0050438      0.0096455      0.0016107      0.0015526        0.01286      0.0015814        0.18947       -0.16886       -0.14434       -0.15099        0.10279       -0.14773
         13.764      0.0049874      0.0096782      0.0016101       0.001552        0.01267      0.0015809         0.1896       -0.16816        -0.1444       -0.15104        0.10439       -0.14778
          13.77      0.0049296      0.0097101      0.0016096      0.0015514       0.012476      0.0015803        0.18972       -0.16746       -0.14446       -0.15109        0.10599       -0.14784
         13.775      0.0048717      0.0097417       0.001609      0.0015508       0.012284      0.0015797        0.18988       -0.16673       -0.14452       -0.15114         0.1076       -0.14789
         13.781      0.0048147      0.0097733      0.0016084      0.0015503       0.012096      0.0015791        0.19004       -0.16599       -0.14458       -0.15119        0.10918       -0.14795
         13.787      0.0047578      0.0098047      0.0016078      0.0015497       0.011907      0.0015786        0.19018       -0.16524       -0.14464       -0.15124        0.11071         -0.148
         13.793      0.0046997      0.0098345      0.0016073      0.0015491       0.011716       0.001578        0.19035       -0.16441        -0.1447       -0.15129        0.11227       -0.14806
         13.799      0.0046451      0.0098391      0.0016067      0.0015486       0.011524      0.0015774         0.1901       -0.16367       -0.14476       -0.15134        0.11305       -0.14811
         13.805      0.0045882      0.0098678      0.0016061       0.001548       0.011339      0.0015769        0.19022        -0.1629       -0.14482       -0.15139        0.11448       -0.14817
         13.811       0.004532      0.0098957      0.0016056      0.0015474       0.011156      0.0015763        0.19032       -0.16211       -0.14488       -0.15144        0.11587       -0.14822
         13.816      0.0044759      0.0099228       0.001605      0.0015469       0.010974      0.0015757        0.19039       -0.16132       -0.14494       -0.15149         0.1172       -0.14828
         13.822      0.0044187      0.0099488      0.0016044      0.0015463       0.010791      0.0015752        0.19047       -0.16052         -0.145       -0.15154        0.11853       -0.14833
         13.828      0.0043621      0.0099738      0.0016038      0.0015457       0.010613      0.0015746        0.19058       -0.15972       -0.14506       -0.15159        0.11987       -0.14839
         13.834      0.0043066       0.009998      0.0016033      0.0015452       0.010437       0.001574        0.19067        -0.1589       -0.14512       -0.15164        0.12114       -0.14844
          13.84      0.0042503       0.010021      0.0016027      0.0015446       0.010261      0.0015734        0.19074       -0.15808       -0.14518       -0.15169        0.12239        -0.1485
         13.846      0.0041945       0.010043      0.0016021       0.001544       0.010088      0.0015729        0.19084       -0.15726       -0.14524       -0.15174        0.12365       -0.14855
         13.852      0.0041402       0.010064      0.0016016      0.0015435      0.0099201      0.0015723        0.19093       -0.15643        -0.1453       -0.15179        0.12483       -0.14861
         13.857      0.0040858       0.010084       0.001601      0.0015429      0.0097526      0.0015717        0.19098        -0.1556       -0.14536       -0.15184        0.12596       -0.14866
         13.863      0.0040318       0.010102      0.0016004      0.0015423      0.0095881      0.0015712        0.19103       -0.15477       -0.14542       -0.15189        0.12707       -0.14871
         13.869       0.003979       0.010119      0.0015999      0.0015418      0.0094267      0.0015706        0.19105       -0.15393       -0.14548       -0.15194         0.1281       -0.14877
         13.875      0.0039249       0.010134      0.0015993      0.0015412      0.0092623        0.00157        0.19101       -0.15309       -0.14554       -0.15199        0.12908       -0.14882
         13.881      0.0038705       0.010149      0.0015987      0.0015406         0.0091      0.0015695        0.19102       -0.15224        -0.1456       -0.15204         0.1301       -0.14888
         13.887      0.0038173       0.010161      0.0015982      0.0015401      0.0089423      0.0015689        0.19103        -0.1514       -0.14566       -0.15209        0.13107       -0.14893
         13.893      0.0037637       0.010172      0.0015976      0.0015395      0.0087848      0.0015683          0.191       -0.15057       -0.14571       -0.15214          0.132       -0.14899
         13.898      0.0037105       0.010181       0.001597      0.0015389        0.00863      0.0015678        0.19101       -0.14973       -0.14577       -0.15219        0.13294       -0.14904
         13.904      0.0036588       0.010189      0.0015965      0.0015384      0.0084799      0.0015672        0.19096        -0.1489       -0.14583       -0.15224        0.13379       -0.14909
          13.91      0.0036061       0.010195      0.0015959      0.0015378      0.0083276      0.0015666        0.19086       -0.14807       -0.14589       -0.15228        0.13458       -0.14915
         13.916      0.0035529         0.0102      0.0015953      0.0015373      0.0081761      0.0015661         0.1908       -0.14724       -0.14595       -0.15233        0.13542        -0.1492
         13.922      0.0035007       0.010203      0.0015948      0.0015367      0.0080287      0.0015655        0.19073       -0.14641       -0.14601       -0.15238        0.13621       -0.14925
         13.928      0.0034482       0.010205      0.0015942      0.0015361      0.0078814      0.0015649        0.19063        -0.1456       -0.14607       -0.15243        0.13696       -0.14931
         13.934      0.0033957       0.010204      0.0015936      0.0015356      0.0077363      0.0015644        0.19056        -0.1448       -0.14613       -0.15248        0.13773       -0.14936
         13.939      0.0033448       0.010202      0.0015931       0.001535      0.0075964      0.0015638        0.19049         -0.144       -0.14618       -0.15253        0.13847       -0.14941
         13.945      0.0032939       0.010199      0.0015925      0.0015345      0.0074569      0.0015632        0.19035       -0.14322       -0.14624       -0.15258        0.13913       -0.14947
         13.951      0.0032425       0.010194      0.0015919      0.0015339      0.0073177      0.0015627        0.19023       -0.14246        -0.1463       -0.15263         0.1398       -0.14952
         13.957      0.0031921       0.010187      0.0015914      0.0015333      0.0071826      0.0015621        0.19011       -0.14171       -0.14636       -0.15267        0.14045       -0.14958
         13.963      0.0031421       0.010178      0.0015908      0.0015328      0.0070488      0.0015616        0.18993       -0.14097       -0.14642       -0.15272        0.14102       -0.14963
         13.969      0.0030917       0.010168      0.0015902      0.0015322       0.006915       0.001561        0.18973       -0.14024       -0.14648       -0.15277        0.14157       -0.14968
         13.975      0.0030417       0.010157      0.0015897      0.0015317      0.0067835      0.0015604        0.18954       -0.13953       -0.14653       -0.15282        0.14211       -0.14973
          13.98      0.0029921       0.010144      0.0015891      0.0015311      0.0066539      0.0015599        0.18931       -0.13883       -0.14659       -0.15287        0.14261       -0.14979
         13.986      0.0029429       0.010129      0.0015885      0.0015305      0.0065263      0.0015593        0.18908       -0.13817       -0.14665       -0.15292        0.14309       -0.14984
         13.992      0.0028948       0.010113       0.001588        0.00153      0.0064023      0.0015587        0.18881       -0.13752       -0.14671       -0.15296         0.1435       -0.14989
         13.998      0.0028506       0.010067      0.0015874      0.0015294       0.006285      0.0015582         0.1878       -0.13727       -0.14676       -0.15301        0.14296       -0.14995
         14.004      0.0028017       0.010049      0.0015868      0.0015289      0.0061602      0.0015576        0.18742       -0.13668       -0.14682       -0.15306        0.14327          -0.15
          14.01      0.0027529        0.01003      0.0015863      0.0015283      0.0060362      0.0015571        0.18699       -0.13612       -0.14688       -0.15311        0.14352       -0.15005
         14.016      0.0027037       0.010009      0.0015857      0.0015277      0.0059123      0.0015565        0.18654       -0.13557       -0.14694       -0.15316        0.14376        -0.1501
         14.021      0.0026549       0.009988      0.0015852      0.0015272      0.0057905      0.0015559        0.18609       -0.13505       -0.14699        -0.1532        0.14399       -0.15016
         14.027      0.0026068      0.0099655      0.0015846      0.0015266       0.005671      0.0015554        0.18558       -0.13457       -0.14705       -0.15325        0.14416       -0.15021
         14.033       0.002559       0.009942       0.001584      0.0015261      0.0055524      0.0015548        0.18502       -0.13411       -0.14711        -0.1533        0.14426       -0.15026
         14.039      0.0025113      0.0099178      0.0015835      0.0015255      0.0054349      0.0015542        0.18439       -0.13368       -0.14717       -0.15335        0.14429       -0.15031
         14.045      0.0024636      0.0098932      0.0015829       0.001525      0.0053174      0.0015537        0.18368       -0.13328       -0.14722       -0.15339        0.14424       -0.15037
         14.051      0.0024154       0.009868      0.0015823      0.0015244      0.0051996      0.0015531        0.18292        -0.1329       -0.14728       -0.15344        0.14415       -0.15042
         14.057      0.0023672      0.0098419      0.0015818      0.0015239      0.0050827      0.0015526        0.18215       -0.13256       -0.14734       -0.15349        0.14404       -0.15047
         14.063      0.0023193      0.0098156      0.0015812      0.0015233      0.0049672       0.001552        0.18131       -0.13226        -0.1474       -0.15354        0.14386       -0.15052
         14.068      0.0022713      0.0097898      0.0015807      0.0015228      0.0048516      0.0015515        0.18039       -0.13198       -0.14745       -0.15358        0.14361       -0.15058
         14.074      0.0022233      0.0097635      0.0015801      0.0015222      0.0047371      0.0015509        0.17943       -0.13173       -0.14751       -0.15363        0.14333       -0.15063
          14.08      0.0021761      0.0097367      0.0015795      0.0015216      0.0046247      0.0015503         0.1784       -0.13152       -0.14757       -0.15368        0.14296       -0.15068
         14.086      0.0021289      0.0097107       0.001579      0.0015211      0.0045125      0.0015498        0.17724       -0.13133       -0.14762       -0.15373        0.14246       -0.15073
         14.092      0.0020814      0.0096847      0.0015784      0.0015205      0.0043999      0.0015492        0.17598       -0.13117       -0.14768       -0.15377        0.14187       -0.15078
         14.098      0.0020341      0.0096587      0.0015779        0.00152      0.0042882      0.0015487        0.17462       -0.13105       -0.14774       -0.15382        0.14119       -0.15084
         14.104      0.0019866      0.0096334      0.0015773      0.0015194      0.0041766      0.0015481        0.17317       -0.13095       -0.14779       -0.15387        0.14041       -0.15089
         14.109      0.0019387      0.0096089      0.0015767      0.0015189      0.0040647      0.0015475        0.17162       -0.13088       -0.14785       -0.15392        0.13956       -0.15094
         14.115      0.0018908      0.0095847      0.0015762      0.0015183      0.0039533       0.001547        0.16999       -0.13085        -0.1479       -0.15396        0.13862       -0.15099
         14.121      0.0018431       0.009561      0.0015756      0.0015178      0.0038426      0.0015464         0.1682       -0.13083       -0.14796       -0.15401        0.13754       -0.15104
         14.127      0.0017954      0.0095381      0.0015751      0.0015172      0.0037323      0.0015459        0.16628       -0.13084       -0.14802       -0.15406        0.13632       -0.15109
         14.133      0.0017475      0.0095164      0.0015745      0.0015167      0.0036222      0.0015453        0.16425       -0.13088       -0.14807        -0.1541        0.13501       -0.15114
         14.139         0.0017      0.0094959      0.0015739      0.0015161      0.0035134      0.0015448        0.16209       -0.13094       -0.14813       -0.15415        0.13356        -0.1512
         14.145      0.0016529      0.0094757      0.0015734      0.0015156      0.0034061      0.0015442        0.15976       -0.13103       -0.14819        -0.1542        0.13195       -0.15125
          14.15      0.0016061      0.0094565      0.0015728       0.001515      0.0032997      0.0015437        0.15727       -0.13116       -0.14824       -0.15424        0.13018        -0.1513
         14.156      0.0015595      0.0094391      0.0015723      0.0015145      0.0031943      0.0015431        0.15458        -0.1313        -0.1483       -0.15429        0.12821       -0.15135
         14.162      0.0015134      0.0094231      0.0015717      0.0015139      0.0030901      0.0015425        0.15167       -0.13145       -0.14835       -0.15434        0.12602        -0.1514
         14.168      0.0014675      0.0094086      0.0015711      0.0015134      0.0029867       0.001542        0.14853       -0.13162       -0.14841       -0.15438        0.12362       -0.15145
         14.174      0.0014219      0.0093953      0.0015706      0.0015128      0.0028846      0.0015414        0.14516        -0.1318       -0.14846       -0.15443        0.12098        -0.1515
          14.18      0.0013769      0.0093829        0.00157      0.0015123      0.0027842      0.0015409        0.14152         -0.132       -0.14852       -0.15448        0.11808       -0.15155
         14.186      0.0013325      0.0093721      0.0015695      0.0015117      0.0026853      0.0015403         0.1376       -0.13221       -0.14858       -0.15452         0.1149        -0.1516
         14.191      0.0012888      0.0093624      0.0015689      0.0015112      0.0025883      0.0015398        0.13337       -0.13242       -0.14863       -0.15457        0.11141       -0.15166
         14.197      0.0012461      0.0093539      0.0015684      0.0015106      0.0024941      0.0015392        0.12882       -0.13265       -0.14869       -0.15461        0.10759       -0.15171
         14.203      0.0012114      0.0093422      0.0015678      0.0015101      0.0024155      0.0015387        0.12322       -0.13339       -0.14874       -0.15466        0.10261       -0.15176
         14.209      0.0011709      0.0093371      0.0015672      0.0015095      0.0023263      0.0015381         0.1179       -0.13363        -0.1488       -0.15471       0.098019       -0.15181
         14.215      0.0011317      0.0093336      0.0015667       0.001509      0.0022402      0.0015376        0.11211       -0.13387       -0.14885       -0.15475       0.092975       -0.15186
         14.221      0.0010942      0.0093309      0.0015661      0.0015085      0.0021579       0.001537        0.10585       -0.13412       -0.14891        -0.1548       0.087437       -0.15191
         14.227      0.0010585      0.0093303      0.0015656      0.0015079      0.0020795      0.0015365       0.099088       -0.13438       -0.14896       -0.15485       0.081411       -0.15196
         14.232      0.0010246      0.0093321       0.001565      0.0015074      0.0020051      0.0015359       0.091811       -0.13463       -0.14902       -0.15489       0.074868       -0.15201
         14.238     0.00099314      0.0093343      0.0015645      0.0015068      0.0019359      0.0015354       0.083987       -0.13485       -0.14907       -0.15494        0.06777       -0.15206
         14.244     0.00096444      0.0093374      0.0015639      0.0015063      0.0018725      0.0015348       0.075603       -0.13509       -0.14913       -0.15498       0.060105       -0.15211
          14.25     0.00093846      0.0093424      0.0015634      0.0015057      0.0018147      0.0015343       0.066677       -0.13532       -0.14918       -0.15503       0.051896       -0.15216
         14.256     0.00091555      0.0093485      0.0015628      0.0015052      0.0017632      0.0015337       0.057228       -0.13554       -0.14924       -0.15507       0.043161       -0.15221
         14.262      0.0008961      0.0093561      0.0015622      0.0015046      0.0017186      0.0015332       0.047238       -0.13575       -0.14929       -0.15512       0.033881       -0.15226
         14.268      0.0008804      0.0093656      0.0015617      0.0015041      0.0016815      0.0015326       0.036756       -0.13595       -0.14935       -0.15517       0.024108       -0.15231
         14.273     0.00086868      0.0093763      0.0015611      0.0015036      0.0016521      0.0015321       0.025865       -0.13613        -0.1494       -0.15521       0.013922       -0.15236
         14.279     0.00086148      0.0093881      0.0015606       0.001503      0.0016314      0.0015315       0.014615       -0.13629       -0.14946       -0.15526      0.0033727       -0.15241
         14.285     0.00085909      0.0094013        0.00156      0.0015025      0.0016198       0.001531      0.0031604       -0.13642       -0.14951        -0.1553     -0.0073883       -0.15246
         14.291     0.00086138      0.0094148      0.0015595      0.0015019       0.001617      0.0015304     -0.0082984       -0.13651       -0.14957       -0.15535      -0.018162       -0.15251
         14.297     0.00086832      0.0094279      0.0015589      0.0015014      0.0016228      0.0015299      -0.019694       -0.13657       -0.14962       -0.15539      -0.028878       -0.15256
         14.303     0.00088003      0.0094415      0.0015584      0.0015008      0.0016374      0.0015293      -0.030942       -0.13663       -0.14967       -0.15544      -0.039452       -0.15261
         14.309     0.00089624      0.0094563      0.0015578      0.0015003        0.00166      0.0015288      -0.041916       -0.13666       -0.14973       -0.15548      -0.049753       -0.15266
         14.314     0.00091703      0.0094717      0.0015573      0.0014998      0.0016908      0.0015282      -0.052525       -0.13666       -0.14978       -0.15553      -0.059693       -0.15271
          14.32     0.00094241       0.009487      0.0015567      0.0014992      0.0017296      0.0015277      -0.062655       -0.13663       -0.14984       -0.15557       -0.06916       -0.15276
         14.326     0.00097176      0.0095025      0.0015562      0.0014987      0.0017753      0.0015271      -0.072251       -0.13657       -0.14989       -0.15562      -0.078098       -0.15281
         14.332      0.0010049      0.0095182      0.0015556      0.0014981      0.0018272      0.0015266      -0.081319       -0.13646       -0.14994       -0.15566      -0.086507       -0.15286
         14.338      0.0010416      0.0095334      0.0015551      0.0014976      0.0018851       0.001526      -0.089802       -0.13632          -0.15       -0.15571      -0.094336       -0.15291
         14.344      0.0010813      0.0095483      0.0015545      0.0014971      0.0019478      0.0015255      -0.097709       -0.13614       -0.15005       -0.15575       -0.10159       -0.15296
          14.35      0.0011241      0.0095627       0.001554      0.0014965      0.0020152      0.0015249       -0.10508       -0.13591       -0.15011        -0.1558       -0.10831       -0.15301
         14.355      0.0011696      0.0095751      0.0015534       0.001496      0.0020868      0.0015244       -0.11192       -0.13562       -0.15016       -0.15584       -0.11449       -0.15306
         14.361      0.0012173      0.0095865      0.0015529      0.0014955      0.0021616      0.0015239       -0.11828       -0.13531       -0.15021       -0.15589        -0.1202        -0.1531
         14.367      0.0012679       0.009599      0.0015523      0.0014949      0.0022405      0.0015233       -0.12422       -0.13498       -0.15027       -0.15593       -0.12547       -0.15315
         14.373       0.001321       0.009612      0.0015518      0.0014944       0.002323      0.0015228       -0.12966       -0.13466       -0.15032       -0.15598       -0.13026        -0.1532
         14.379      0.0013758      0.0096232      0.0015512      0.0014938      0.0024074      0.0015222       -0.13471       -0.13434       -0.15037       -0.15602       -0.13466       -0.15325
         14.385      0.0014328      0.0096333      0.0015507      0.0014933      0.0024948      0.0015217       -0.13943       -0.13397       -0.15043       -0.15607       -0.13872        -0.1533
         14.391      0.0014922      0.0096452      0.0015501      0.0014928      0.0025851      0.0015211       -0.14374       -0.13356       -0.15048       -0.15611       -0.14237       -0.15335
         14.396      0.0015525      0.0096589      0.0015496      0.0014922      0.0026763      0.0015206       -0.14771       -0.13317       -0.15053       -0.15616        -0.1457        -0.1534
         14.402      0.0016121      0.0096901       0.001549      0.0014917      0.0027666      0.0015201       -0.15119       -0.13283       -0.15059        -0.1562       -0.14858       -0.15345
         14.408      0.0016845      0.0096807      0.0015485      0.0014912      0.0028727      0.0015195       -0.15402        -0.1334       -0.15064       -0.15625       -0.15097        -0.1535
         14.414      0.0017507      0.0096934      0.0015479      0.0014906      0.0029702       0.001519       -0.15729       -0.13299       -0.15069       -0.15629       -0.15358       -0.15354
          14.42      0.0018184      0.0097065      0.0015474      0.0014901      0.0030692      0.0015184        -0.1603       -0.13255       -0.15075       -0.15633       -0.15593       -0.15359
         14.426      0.0018877      0.0097211      0.0015468      0.0014896      0.0031696      0.0015179       -0.16313        -0.1321        -0.1508       -0.15638        -0.1581       -0.15364
         14.432      0.0019592      0.0097364      0.0015463       0.001489      0.0032725      0.0015173       -0.16576       -0.13165       -0.15085       -0.15642       -0.16007       -0.15369
         14.438       0.002032      0.0097511      0.0015457      0.0014885      0.0033761      0.0015168       -0.16815       -0.13119       -0.15091       -0.15647       -0.16181       -0.15374
         14.443      0.0021055      0.0097668      0.0015452       0.001488      0.0034799      0.0015163        -0.1704       -0.13069       -0.15096       -0.15651       -0.16339       -0.15379
         14.449      0.0021808      0.0097842      0.0015446      0.0014874      0.0035855      0.0015157       -0.17256       -0.13019       -0.15101       -0.15656       -0.16489       -0.15384
         14.455       0.002258      0.0098031      0.0015441      0.0014869      0.0036928      0.0015152       -0.17454       -0.12967       -0.15106        -0.1566       -0.16619       -0.15388
         14.461      0.0023367      0.0098268      0.0015435      0.0014864      0.0038014      0.0015146       -0.17635       -0.12915       -0.15112       -0.15664       -0.16735       -0.15393
         14.467      0.0024168      0.0098522       0.001543      0.0014858       0.003911      0.0015141       -0.17801       -0.12871       -0.15117       -0.15669       -0.16838       -0.15398
         14.473      0.0024982      0.0098742      0.0015424      0.0014853       0.004021      0.0015136       -0.17953        -0.1283       -0.15122       -0.15673       -0.16927       -0.15403
         14.479       0.002581      0.0098968      0.0015419      0.0014848      0.0041318       0.001513       -0.18092       -0.12784       -0.15127       -0.15677       -0.17004       -0.15408
         14.484       0.002665      0.0099225      0.0015414      0.0014842      0.0042433      0.0015125       -0.18219       -0.12739       -0.15133       -0.15682       -0.17069       -0.15412
          14.49      0.0027502      0.0099481      0.0015408      0.0014837      0.0043552      0.0015119       -0.18335       -0.12697       -0.15138       -0.15686       -0.17125       -0.15417
         14.496      0.0028365      0.0099749      0.0015403      0.0014832      0.0044676      0.0015114       -0.18438       -0.12655       -0.15143       -0.15691        -0.1717       -0.15422
         14.502      0.0029246       0.010003      0.0015397      0.0014826       0.004581      0.0015109        -0.1853       -0.12617       -0.15148       -0.15695       -0.17206       -0.15427
         14.508       0.003014       0.010031      0.0015392      0.0014821       0.004695      0.0015103       -0.18617       -0.12581       -0.15153       -0.15699       -0.17236       -0.15432
         14.514      0.0031041       0.010061      0.0015386      0.0014816      0.0048088      0.0015098       -0.18696       -0.12546       -0.15159       -0.15704       -0.17261       -0.15436
          14.52      0.0031952       0.010092      0.0015381       0.001481      0.0049225      0.0015092       -0.18764       -0.12516       -0.15164       -0.15708       -0.17277       -0.15441
         14.525      0.0032878       0.010121      0.0015375      0.0014805      0.0050367      0.0015087       -0.18825        -0.1249       -0.15169       -0.15712       -0.17287       -0.15446
         14.531      0.0033815       0.010149       0.001537        0.00148      0.0051508      0.0015082       -0.18878       -0.12463       -0.15174       -0.15717       -0.17291       -0.15451
         14.537      0.0034767       0.010177      0.0015365      0.0014795      0.0052653      0.0015076       -0.18922       -0.12437       -0.15179       -0.15721       -0.17288       -0.15455
         14.543      0.0035736       0.010205      0.0015359      0.0014789      0.0053805      0.0015071       -0.18963       -0.12413       -0.15185       -0.15725       -0.17281        -0.1546
         14.549      0.0036718       0.010233      0.0015354      0.0014784      0.0054961      0.0015066       -0.19001        -0.1239        -0.1519        -0.1573       -0.17273       -0.15465
         14.555      0.0037704       0.010261      0.0015348      0.0014779      0.0056107       0.001506       -0.19034       -0.12368       -0.15195       -0.15734       -0.17261        -0.1547
         14.561      0.0038703       0.010289      0.0015343      0.0014773      0.0057253      0.0015055       -0.19059       -0.12347         -0.152       -0.15738       -0.17243       -0.15474
         14.566       0.003972       0.010317      0.0015337      0.0014768      0.0058407       0.001505       -0.19081       -0.12327       -0.15205       -0.15743       -0.17222       -0.15479
         14.572      0.0040748       0.010345      0.0015332      0.0014763      0.0059559      0.0015044       -0.19102       -0.12308        -0.1521       -0.15747         -0.172       -0.15484
         14.578      0.0041779       0.010372      0.0015327      0.0014758      0.0060703      0.0015039       -0.19116       -0.12288       -0.15216       -0.15751       -0.17174       -0.15489
         14.584      0.0042827       0.010402      0.0015321      0.0014752      0.0061851      0.0015034       -0.19125       -0.12271       -0.15221       -0.15756       -0.17144       -0.15493
          14.59      0.0043894        0.01043      0.0015316      0.0014747      0.0063004      0.0015028       -0.19131       -0.12256       -0.15226        -0.1576       -0.17113       -0.15498
         14.596      0.0044971       0.010456       0.001531      0.0014742      0.0064151      0.0015023       -0.19135       -0.12242       -0.15231       -0.15764        -0.1708       -0.15503
         14.602      0.0046029       0.010505      0.0015305      0.0014737      0.0065311      0.0015018       -0.19138       -0.12219       -0.15236       -0.15768       -0.17048       -0.15507
         14.607      0.0047132       0.010533        0.00153      0.0014731      0.0066464      0.0015012       -0.19137       -0.12202       -0.15241       -0.15773       -0.17012       -0.15512
         14.613      0.0048245       0.010563      0.0015294      0.0014726      0.0067615      0.0015007       -0.19135       -0.12188       -0.15246       -0.15777       -0.16975       -0.15517
         14.619      0.0049409       0.010545      0.0015289      0.0014721      0.0068659      0.0015002       -0.19087       -0.12247       -0.15251       -0.15781       -0.16921       -0.15521
         14.625      0.0050542       0.010574      0.0015283      0.0014716      0.0069797      0.0014996       -0.19079       -0.12234       -0.15257       -0.15786       -0.16882       -0.15526
         14.631      0.0051689       0.010602      0.0015278       0.001471      0.0070935      0.0014991       -0.19068       -0.12221       -0.15262        -0.1579        -0.1684       -0.15531
         14.637      0.0052849        0.01063      0.0015273      0.0014705      0.0072071      0.0014986       -0.19056       -0.12207       -0.15267       -0.15794       -0.16798       -0.15535
         14.643      0.0054015       0.010659      0.0015267        0.00147      0.0073201       0.001498       -0.19041       -0.12194       -0.15272       -0.15798       -0.16753        -0.1554
         14.648      0.0055199       0.010688      0.0015262      0.0014695      0.0074335      0.0014975       -0.19021       -0.12182       -0.15277       -0.15803       -0.16707       -0.15545
         14.654      0.0056405       0.010717      0.0015257       0.001469      0.0075472       0.001497       -0.19001       -0.12171       -0.15282       -0.15807       -0.16661       -0.15549
          14.66      0.0057615       0.010745      0.0015251      0.0014684      0.0076599      0.0014964        -0.1898        -0.1216       -0.15287       -0.15811       -0.16614       -0.15554
         14.666      0.0058837       0.010773      0.0015246      0.0014679      0.0077724      0.0014959       -0.18954       -0.12147       -0.15292       -0.15815       -0.16564       -0.15559
         14.672      0.0060081       0.010802       0.001524      0.0014674      0.0078857      0.0014954       -0.18928       -0.12135       -0.15297       -0.15819       -0.16514       -0.15563
         14.678      0.0061335       0.010831      0.0015235      0.0014669      0.0079986      0.0014948       -0.18903       -0.12124       -0.15302       -0.15824       -0.16465       -0.15568
         14.684      0.0062597        0.01086       0.001523      0.0014663      0.0081108      0.0014943       -0.18875       -0.12112       -0.15307       -0.15828       -0.16415       -0.15573
         14.689       0.006387        0.01089      0.0015224      0.0014658      0.0082231      0.0014938       -0.18845       -0.12101       -0.15312       -0.15832       -0.16364       -0.15577
         14.695      0.0065136       0.010921      0.0015219      0.0014653      0.0083336      0.0014933       -0.18814       -0.12091       -0.15317       -0.15836       -0.16315       -0.15582
         14.701      0.0066411       0.010951      0.0015214      0.0014648      0.0084428      0.0014927       -0.18776       -0.12082       -0.15322       -0.15841        -0.1626       -0.15586
         14.707      0.0067716        0.01098      0.0015208      0.0014643      0.0085532      0.0014922       -0.18735       -0.12071       -0.15327       -0.15845       -0.16204       -0.15591
         14.713      0.0069023       0.011012      0.0015203      0.0014637      0.0086633      0.0014917       -0.18696       -0.12061       -0.15332       -0.15849        -0.1615       -0.15596
         14.719      0.0070343       0.011044      0.0015197      0.0014632       0.008773      0.0014911       -0.18652       -0.12055       -0.15337       -0.15853       -0.16095         -0.156
         14.725      0.0071688       0.011075      0.0015192      0.0014627      0.0088828      0.0014906       -0.18606       -0.12048       -0.15342       -0.15857       -0.16039       -0.15605
          14.73      0.0073024       0.011106      0.0015187      0.0014622      0.0089912      0.0014901        -0.1856       -0.12039       -0.15347       -0.15862       -0.15982       -0.15609
         14.736      0.0074369       0.011139      0.0015181      0.0014617      0.0090989      0.0014896       -0.18504       -0.12033       -0.15352       -0.15866       -0.15922       -0.15614
         14.742       0.007575        0.01117      0.0015176      0.0014612      0.0092073       0.001489       -0.18446       -0.12029       -0.15357        -0.1587       -0.15861       -0.15618
         14.748      0.0077135         0.0112      0.0015171      0.0014606      0.0093146      0.0014885       -0.18389       -0.12023       -0.15362       -0.15874         -0.158       -0.15623
         14.754      0.0078542       0.011231      0.0015165      0.0014601      0.0094226       0.001488       -0.18324       -0.12015       -0.15367       -0.15878       -0.15735       -0.15628
          14.76      0.0079985       0.011264       0.001516      0.0014596      0.0095323      0.0014875       -0.18259        -0.1201       -0.15372       -0.15882       -0.15671       -0.15632
         14.766      0.0081422       0.011295      0.0015155      0.0014591      0.0096401      0.0014869       -0.18199       -0.12005       -0.15377       -0.15887       -0.15611       -0.15637
         14.771      0.0082864       0.011327      0.0015149      0.0014586       0.009747      0.0014864        -0.1813       -0.11998       -0.15382       -0.15891       -0.15545       -0.15641
         14.777       0.008436       0.011361      0.0015144      0.0014581      0.0098569      0.0014859       -0.18057        -0.1199       -0.15387       -0.15895       -0.15477       -0.15646
         14.783      0.0085864       0.011395      0.0015139      0.0014575      0.0099662      0.0014854       -0.17986       -0.11987       -0.15392       -0.15899       -0.15413        -0.1565
         14.789      0.0087377       0.011428      0.0015133       0.001457       0.010074      0.0014848        -0.1791       -0.11984       -0.15397       -0.15903       -0.15347       -0.15655
         14.795      0.0088941        0.01146      0.0015128      0.0014565       0.010184      0.0014843       -0.17831        -0.1198       -0.15402       -0.15907       -0.15278       -0.15659
         14.801      0.0090477       0.011518      0.0015123       0.001456       0.010304      0.0014838       -0.17774       -0.11958       -0.15407       -0.15911       -0.15219       -0.15664
         14.807      0.0092087       0.011551      0.0015117      0.0014555       0.010414      0.0014833       -0.17693       -0.11953       -0.15412       -0.15916        -0.1515       -0.15668
         14.813      0.0093726       0.011585      0.0015112       0.001455       0.010526      0.0014827       -0.17612       -0.11949       -0.15417        -0.1592       -0.15083       -0.15673
         14.818      0.0095362        0.01162      0.0015107      0.0014545       0.010637      0.0014822       -0.17532       -0.11948       -0.15422       -0.15924       -0.15018       -0.15677
         14.824        0.00972       0.011612      0.0015102      0.0014539       0.010736      0.0014817       -0.17423       -0.12009       -0.15427       -0.15928       -0.14958       -0.15682
          14.83      0.0098863       0.011645      0.0015096      0.0014534       0.010844      0.0014812       -0.17333       -0.12009       -0.15431       -0.15932       -0.14891       -0.15686
         14.836       0.010059       0.011679      0.0015091      0.0014529       0.010955      0.0014807       -0.17239       -0.12007       -0.15436       -0.15936        -0.1482       -0.15691
         14.842       0.010234       0.011713      0.0015086      0.0014524       0.011067      0.0014801       -0.17143       -0.12006       -0.15441        -0.1594       -0.14749       -0.15695
         14.848       0.010411       0.011748       0.001508      0.0014519       0.011178      0.0014796       -0.17043       -0.12006       -0.15446       -0.15944       -0.14678         -0.157
         14.854       0.010594       0.011782      0.0015075      0.0014514       0.011291      0.0014791       -0.16943       -0.12006       -0.15451       -0.15948       -0.14607       -0.15704
         14.859       0.010778       0.011816       0.001507      0.0014509       0.011405      0.0014786       -0.16845       -0.12006       -0.15456       -0.15952       -0.14537       -0.15709
         14.865       0.010962       0.011852      0.0015064      0.0014504       0.011517       0.001478       -0.16746       -0.12007       -0.15461       -0.15957        -0.1447       -0.15713
         14.871       0.011148       0.011887      0.0015059      0.0014498       0.011628      0.0014775       -0.16642        -0.1201       -0.15466       -0.15961       -0.14401       -0.15718
         14.877       0.011337       0.011922      0.0015054      0.0014493        0.01174       0.001477       -0.16532       -0.12012       -0.15471       -0.15965       -0.14329       -0.15722
         14.883       0.011531       0.011957      0.0015049      0.0014488       0.011853      0.0014765       -0.16417       -0.12013       -0.15475       -0.15969       -0.14255       -0.15727
         14.889        0.01173       0.011992      0.0015043      0.0014483       0.011968       0.001476       -0.16299       -0.12015        -0.1548       -0.15973       -0.14181       -0.15731
         14.895       0.011932       0.012027      0.0015038      0.0014478       0.012083      0.0014755       -0.16184       -0.12018       -0.15485       -0.15977       -0.14109       -0.15736
           14.9       0.012135       0.012061      0.0015033      0.0014473       0.012196      0.0014749       -0.16068       -0.12022        -0.1549       -0.15981       -0.14039        -0.1574
         14.906       0.012341       0.012096      0.0015027      0.0014468       0.012311      0.0014744        -0.1595       -0.12025       -0.15495       -0.15985       -0.13968       -0.15745
         14.912       0.012551       0.012133      0.0015022      0.0014463       0.012427      0.0014739       -0.15831       -0.12029         -0.155       -0.15989       -0.13898       -0.15749
         14.918        0.01276       0.012169      0.0015017      0.0014458       0.012541      0.0014734        -0.1571       -0.12034       -0.15504       -0.15993       -0.13829       -0.15753
         14.924       0.012972       0.012203      0.0015012      0.0014453       0.012654      0.0014729       -0.15581       -0.12039       -0.15509       -0.15997       -0.13756       -0.15758
          14.93        0.01319        0.01224      0.0015006      0.0014448        0.01277      0.0014723       -0.15446       -0.12042       -0.15514       -0.16001        -0.1368       -0.15762
         14.936       0.013412       0.012276      0.0015001      0.0014443       0.012886      0.0014718       -0.15309       -0.12047       -0.15519       -0.16005       -0.13606       -0.15767
         14.941       0.013639       0.012311      0.0014996      0.0014437       0.013003      0.0014713        -0.1517       -0.12052       -0.15524       -0.16009       -0.13531       -0.15771
         14.947       0.013872       0.012347      0.0014991      0.0014432       0.013122      0.0014708       -0.15029       -0.12058       -0.15528       -0.16013       -0.13457       -0.15775
         14.953       0.014104       0.012384      0.0014985      0.0014427        0.01324      0.0014703       -0.14887       -0.12066       -0.15533       -0.16017       -0.13384        -0.1578
         14.959       0.014339        0.01242       0.001498      0.0014422       0.013357      0.0014698       -0.14742       -0.12073       -0.15538       -0.16021       -0.13311       -0.15784
         14.965       0.014583       0.012455      0.0014975      0.0014417       0.013477      0.0014692       -0.14594       -0.12078       -0.15543       -0.16025       -0.13237       -0.15789
         14.971       0.014833       0.012491       0.001497      0.0014412       0.013599      0.0014687       -0.14445       -0.12083       -0.15548       -0.16029       -0.13162       -0.15793
         14.977       0.015084       0.012528      0.0014964      0.0014407        0.01372      0.0014682       -0.14295       -0.12088       -0.15552       -0.16033       -0.13089       -0.15797
         14.982       0.015335       0.012565      0.0014959      0.0014402       0.013841      0.0014677       -0.14144       -0.12095       -0.15557       -0.16037       -0.13018       -0.15802
         14.988        0.01559       0.012603      0.0014954      0.0014397       0.013962      0.0014672       -0.13989       -0.12104       -0.15562       -0.16041       -0.12947       -0.15806
         14.994       0.015848       0.012639      0.0014949      0.0014392       0.014083      0.0014667       -0.13831       -0.12113       -0.15567       -0.16045       -0.12875       -0.15811
             15       0.016112       0.012691      0.0014943      0.0014387       0.014216      0.0014662         -0.137       -0.12089       -0.15571       -0.16049       -0.12799       -0.15815
         15.006       0.016378       0.012728      0.0014938      0.0014382       0.014338      0.0014656       -0.13534       -0.12095       -0.15576       -0.16053       -0.12724       -0.15819
         15.012       0.016647       0.012766      0.0014933      0.0014377       0.014462      0.0014651       -0.13368       -0.12102       -0.15581       -0.16057       -0.12651       -0.15824
         15.018       0.016922       0.012803      0.0014928      0.0014372       0.014586      0.0014646       -0.13199        -0.1211       -0.15586       -0.16061       -0.12579       -0.15828
         15.023         0.0172        0.01284      0.0014923      0.0014367        0.01471      0.0014641       -0.13028        -0.1212        -0.1559       -0.16065       -0.12508       -0.15832
         15.029       0.017477       0.012851      0.0014917      0.0014362       0.014814      0.0014636       -0.12828       -0.12182       -0.15595       -0.16069       -0.12456       -0.15837
         15.035       0.017762       0.012887      0.0014912      0.0014357       0.014939      0.0014631       -0.12652       -0.12191         -0.156       -0.16073       -0.12385       -0.15841
         15.041       0.018047       0.012925      0.0014907      0.0014352       0.015063      0.0014626       -0.12471       -0.12199       -0.15605       -0.16077       -0.12312       -0.15845
         15.047       0.018334       0.012965      0.0014902      0.0014347       0.015189      0.0014621       -0.12291       -0.12208       -0.15609       -0.16081       -0.12242        -0.1585
         15.053       0.018627       0.013003      0.0014896      0.0014342       0.015315      0.0014615       -0.12107       -0.12218       -0.15614       -0.16085       -0.12173       -0.15854
         15.059       0.018921       0.013042      0.0014891      0.0014337       0.015441       0.001461        -0.1192       -0.12228       -0.15619       -0.16089       -0.12102       -0.15858
         15.064       0.019216       0.013081      0.0014886      0.0014332       0.015568      0.0014605       -0.11732       -0.12236       -0.15623       -0.16093       -0.12032       -0.15863
          15.07       0.019519        0.01312      0.0014881      0.0014327       0.015696        0.00146       -0.11542       -0.12243       -0.15628       -0.16097       -0.11961       -0.15867
         15.076        0.01983       0.013158      0.0014876      0.0014322       0.015825      0.0014595       -0.11347       -0.12251       -0.15633       -0.16101       -0.11891       -0.15871
         15.082       0.020138       0.013198       0.001487      0.0014317       0.015955       0.001459       -0.11151       -0.12263       -0.15637       -0.16105       -0.11822       -0.15876
         15.088       0.020448        0.01324      0.0014865      0.0014312       0.016086      0.0014585        -0.1095       -0.12274       -0.15642       -0.16109       -0.11754        -0.1588
         15.094       0.020766        0.01328       0.001486      0.0014307       0.016218       0.001458       -0.10745       -0.12285       -0.15647       -0.16113       -0.11684       -0.15884
           15.1       0.021086       0.013319      0.0014855      0.0014302        0.01635      0.0014575        -0.1054       -0.12296       -0.15652       -0.16116       -0.11616       -0.15888
         15.105       0.021408        0.01336       0.001485      0.0014297       0.016483       0.001457       -0.10328       -0.12307       -0.15656        -0.1612       -0.11547       -0.15893
         15.111       0.021733       0.013402      0.0014845      0.0014292       0.016617      0.0014564       -0.10114       -0.12316       -0.15661       -0.16124       -0.11476       -0.15897
         15.117       0.022061       0.013442      0.0014839      0.0014287       0.016751      0.0014559      -0.099032       -0.12327       -0.15665       -0.16128        -0.1141       -0.15901
         15.123       0.022393       0.013483      0.0014834      0.0014282       0.016887      0.0014554      -0.096855        -0.1234        -0.1567       -0.16132       -0.11343       -0.15905
         15.129       0.022724       0.013524      0.0014829      0.0014277       0.017022      0.0014549      -0.094615        -0.1235       -0.15675       -0.16136       -0.11273        -0.1591
         15.135       0.023054       0.013566      0.0014824      0.0014272       0.017158      0.0014544      -0.092432       -0.12362       -0.15679        -0.1614       -0.11208       -0.15914
         15.141       0.023392       0.013609      0.0014819      0.0014267       0.017296      0.0014539       -0.09022       -0.12376       -0.15684       -0.16144       -0.11144       -0.15918
         15.146       0.023737       0.013651      0.0014814      0.0014262       0.017437      0.0014534      -0.087879       -0.12387       -0.15689       -0.16148       -0.11075       -0.15923
         15.152       0.024082       0.013692      0.0014808      0.0014257       0.017576      0.0014529      -0.085552       -0.12397       -0.15693       -0.16152       -0.11007       -0.15927
         15.158       0.024428       0.013735      0.0014803      0.0014252       0.017718      0.0014524      -0.083208       -0.12412       -0.15698       -0.16155       -0.10942       -0.15931
         15.164       0.024777        0.01378      0.0014798      0.0014247       0.017864      0.0014519      -0.080752       -0.12427       -0.15703       -0.16159       -0.10875       -0.15935
          15.17       0.025127       0.013823      0.0014793      0.0014242       0.018008      0.0014514      -0.078264        -0.1244       -0.15707       -0.16163       -0.10807       -0.15939
         15.176       0.025475       0.013865      0.0014788      0.0014237       0.018151      0.0014509      -0.075774       -0.12452       -0.15712       -0.16167       -0.10739       -0.15944
         15.182       0.025824        0.01391      0.0014783      0.0014232       0.018297      0.0014504      -0.073233       -0.12464       -0.15716       -0.16171       -0.10671       -0.15948
         15.188       0.026175       0.013954      0.0014777      0.0014227       0.018444      0.0014499      -0.070659       -0.12475       -0.15721       -0.16175       -0.10601       -0.15952
         15.193        0.02652       0.013998      0.0014772      0.0014222       0.018591      0.0014494      -0.068059       -0.12487       -0.15726       -0.16179       -0.10533       -0.15956
         15.199       0.026914       0.014036      0.0014767      0.0014217       0.018736      0.0014489      -0.065924       -0.12463        -0.1573       -0.16182        -0.1046       -0.15961
         15.205       0.027267       0.014079      0.0014762      0.0014212       0.018885      0.0014483      -0.063261       -0.12475       -0.15735       -0.16186       -0.10392       -0.15965
         15.211       0.027609       0.014123      0.0014757      0.0014208       0.019033      0.0014478      -0.060536       -0.12485       -0.15739        -0.1619       -0.10321       -0.15969
         15.217       0.027946       0.014167      0.0014752      0.0014203       0.019181      0.0014473      -0.057786       -0.12492       -0.15744       -0.16194       -0.10249       -0.15973
         15.223       0.028286       0.014211      0.0014747      0.0014198       0.019332      0.0014468      -0.055012       -0.12504       -0.15748       -0.16198       -0.10179       -0.15977
         15.229       0.028627       0.014256      0.0014741      0.0014193       0.019485      0.0014463      -0.052196       -0.12515       -0.15753       -0.16202       -0.10109       -0.15982
         15.234       0.028874       0.014293      0.0014736      0.0014188       0.019622      0.0014458      -0.048928       -0.12565       -0.15758       -0.16206       -0.10048       -0.15986
          15.24       0.029201       0.014334      0.0014731      0.0014183       0.019773      0.0014453      -0.046019       -0.12573       -0.15762       -0.16209      -0.099738        -0.1599
         15.246       0.029517       0.014378      0.0014726      0.0014178       0.019926      0.0014448      -0.043061       -0.12581       -0.15767       -0.16213      -0.098992       -0.15994
         15.252       0.029821       0.014422      0.0014721      0.0014173       0.020077      0.0014443      -0.040064       -0.12588       -0.15771       -0.16217       -0.09823       -0.15998
         15.258       0.030112       0.014465      0.0014716      0.0014168       0.020228      0.0014438       -0.03706       -0.12594       -0.15776       -0.16221      -0.097463       -0.16002
         15.264       0.030399       0.014507      0.0014711      0.0014163       0.020376      0.0014433      -0.034094       -0.12599        -0.1578       -0.16225      -0.096709       -0.16007
          15.27       0.030691       0.014551      0.0014706      0.0014158       0.020529      0.0014428      -0.031144       -0.12598       -0.15785       -0.16228      -0.095927       -0.16011
         15.275       0.030979       0.014602      0.0014701      0.0014154       0.020691      0.0014423       -0.02813       -0.12599       -0.15789       -0.16232      -0.095137       -0.16015
         15.281       0.031254       0.014649      0.0014695      0.0014149        0.02085      0.0014418      -0.025038       -0.12604       -0.15794       -0.16236      -0.094359       -0.16019
         15.287       0.031513        0.01469       0.001469      0.0014144       0.021002      0.0014413      -0.021862       -0.12601       -0.15798        -0.1624      -0.093505       -0.16023
         15.293       0.031761       0.014736      0.0014685      0.0014139       0.021156      0.0014408      -0.018686       -0.12585       -0.15803       -0.16244      -0.092557       -0.16027
         15.299       0.032006       0.014792       0.001468      0.0014134       0.021322      0.0014403      -0.015549       -0.12572       -0.15807       -0.16247      -0.091621       -0.16032
         15.305       0.032231       0.014851      0.0014675      0.0014129       0.021489      0.0014398      -0.012355       -0.12556       -0.15812       -0.16251      -0.090643       -0.16036
         15.311       0.032432       0.014916       0.001467      0.0014124        0.02166      0.0014393     -0.0091425       -0.12536       -0.15816       -0.16255      -0.089608        -0.1604
         15.316       0.032627       0.014985      0.0014665      0.0014119       0.021836      0.0014388     -0.0059998        -0.1252       -0.15821       -0.16259      -0.088615       -0.16044
         15.322       0.032822       0.015054       0.001466      0.0014114       0.022013      0.0014383     -0.0029043       -0.12499       -0.15825       -0.16263      -0.087609       -0.16048
         15.328       0.032999       0.015137      0.0014655       0.001411       0.022202      0.0014378     0.00022193       -0.12473        -0.1583       -0.16266      -0.086516       -0.16052
         15.334       0.033179       0.015227       0.001465      0.0014105       0.022405      0.0014373      0.0033476       -0.12456       -0.15834        -0.1627      -0.085483       -0.16056
          15.34       0.033331       0.015318      0.0014645        0.00141       0.022605      0.0014368      0.0064531       -0.12441       -0.15839       -0.16274       -0.08445        -0.1606
         15.346       0.033468       0.015421      0.0014639      0.0014095        0.02282      0.0014363      0.0096435       -0.12425       -0.15843       -0.16278       -0.08335       -0.16065
         15.352       0.033608       0.015529      0.0014634       0.001409       0.023046      0.0014358       0.012742        -0.1242       -0.15848       -0.16281      -0.082351       -0.16069
         15.357       0.033699       0.015634      0.0014629      0.0014085        0.02326      0.0014353       0.015754       -0.12417       -0.15852       -0.16285      -0.081346       -0.16073
         15.363       0.033755       0.015751      0.0014624       0.001408       0.023486      0.0014349        0.01889        -0.1241       -0.15857       -0.16289      -0.080225       -0.16077
         15.369       0.033812       0.015876      0.0014619      0.0014076       0.023731      0.0014344       0.022017       -0.12421       -0.15861       -0.16293      -0.079217       -0.16081
         15.375       0.033865       0.015994      0.0014614      0.0014071       0.023971      0.0014339       0.025082       -0.12438       -0.15866       -0.16296      -0.078284       -0.16085
         15.381       0.033901       0.016112      0.0014609      0.0014066       0.024212      0.0014334       0.028161       -0.12457        -0.1587         -0.163       -0.07733       -0.16089
         15.387       0.033927       0.016232      0.0014604      0.0014061       0.024459      0.0014329       0.031215       -0.12481       -0.15874       -0.16304       -0.07641       -0.16093
         15.393       0.033928       0.016349      0.0014599      0.0014056       0.024701      0.0014324       0.034229       -0.12506       -0.15879       -0.16307      -0.075486       -0.16097
         15.398       0.034014       0.016492      0.0014594      0.0014051       0.024981      0.0014319       0.036906       -0.12528       -0.15883       -0.16311      -0.074656       -0.16101
         15.404       0.033989       0.016609      0.0014589      0.0014047       0.025226      0.0014314        0.03981       -0.12561       -0.15888       -0.16315      -0.073787       -0.16105
          15.41       0.033944        0.01673      0.0014584      0.0014042       0.025479      0.0014309       0.042781       -0.12596       -0.15892       -0.16319      -0.072868       -0.16109
         15.416        0.03391       0.016848      0.0014579      0.0014037       0.025739      0.0014304       0.045712        -0.1264       -0.15897       -0.16322      -0.072041       -0.16113
         15.422       0.033854       0.016959      0.0014574      0.0014032       0.025979      0.0014299       0.048399       -0.12682       -0.15901       -0.16326      -0.071248       -0.16118
         15.428       0.033771        0.01707      0.0014569      0.0014027        0.02622      0.0014294       0.051175       -0.12719       -0.15905        -0.1633      -0.070357       -0.16122
         15.434       0.033707       0.017186      0.0014564      0.0014023       0.026474      0.0014289       0.053897       -0.12756        -0.1591       -0.16333      -0.069483       -0.16126
         15.439       0.033493       0.017318      0.0014559      0.0014018       0.026721      0.0014284       0.056461       -0.12818       -0.15914       -0.16337      -0.068588        -0.1613
         15.445       0.033374       0.017432      0.0014554      0.0014013       0.026964      0.0014279       0.059082       -0.12854       -0.15919       -0.16341       -0.06765       -0.16134
         15.451       0.033249       0.017548      0.0014548      0.0014008       0.027211      0.0014274        0.06166       -0.12891       -0.15923       -0.16345      -0.066701       -0.16138
         15.457         0.0331       0.017666      0.0014543      0.0014003       0.027455       0.001427       0.064166       -0.12929       -0.15927       -0.16348      -0.065728       -0.16142
         15.463       0.032944       0.017785      0.0014538      0.0013998       0.027705      0.0014265       0.066731       -0.12966       -0.15932       -0.16352      -0.064708       -0.16146
         15.469       0.032789       0.017904      0.0014533      0.0013994       0.027961       0.001426       0.069295       -0.13003       -0.15936       -0.16356      -0.063672        -0.1615
         15.475        0.03264       0.018024      0.0014528      0.0013989       0.028216      0.0014255       0.071739       -0.13038        -0.1594       -0.16359      -0.062651       -0.16154
          15.48       0.032487       0.018148      0.0014523      0.0013984        0.02847       0.001425       0.074059       -0.13071       -0.15945       -0.16363      -0.061619       -0.16158
         15.486       0.032323       0.018274      0.0014518      0.0013979       0.028726      0.0014245       0.076335       -0.13104       -0.15949       -0.16367      -0.060562       -0.16162
         15.492       0.032135       0.018401      0.0014513      0.0013975        0.02898       0.001424        0.07862       -0.13138       -0.15953        -0.1637      -0.059448       -0.16166
         15.498       0.031941       0.018529      0.0014508       0.001397       0.029237      0.0014235       0.080901       -0.13171       -0.15958       -0.16374      -0.058294        -0.1617
         15.504       0.031745       0.018659      0.0014503      0.0013965       0.029495       0.001423       0.083125       -0.13202       -0.15962       -0.16378      -0.057118       -0.16174
          15.51       0.031544       0.018791      0.0014498       0.001396       0.029754      0.0014225       0.085303       -0.13233       -0.15967       -0.16381      -0.055915       -0.16178
         15.516       0.031337       0.018926      0.0014493      0.0013955       0.030016       0.001422       0.087469       -0.13264       -0.15971       -0.16385      -0.054676       -0.16182
         15.521       0.031131       0.019063      0.0014488      0.0013951       0.030281      0.0014216       0.089597       -0.13294       -0.15975       -0.16389      -0.053419       -0.16186
         15.527       0.030927       0.019201      0.0014483      0.0013946       0.030546      0.0014211       0.091667       -0.13323        -0.1598       -0.16392      -0.052147        -0.1619
         15.533       0.030722        0.01934      0.0014478      0.0013941        0.03081      0.0014206       0.093689        -0.1335       -0.15984       -0.16396      -0.050849       -0.16194
         15.539       0.030517       0.019482      0.0014473      0.0013936       0.031075      0.0014201       0.095661       -0.13376       -0.15988         -0.164      -0.049529       -0.16198
         15.545       0.030305       0.019626      0.0014468      0.0013932       0.031337      0.0014196       0.097571       -0.13401       -0.15993       -0.16403      -0.048174       -0.16202
         15.551       0.030087       0.019774      0.0014463      0.0013927         0.0316      0.0014191        0.09946       -0.13425       -0.15997       -0.16407      -0.046765       -0.16206
         15.557       0.029873       0.019925      0.0014458      0.0013922       0.031868      0.0014186        0.10132       -0.13448       -0.16001        -0.1641      -0.045338        -0.1621
         15.563       0.029661       0.020079      0.0014453      0.0013917       0.032137      0.0014181        0.10314       -0.13471       -0.16005       -0.16414      -0.043893       -0.16214
         15.568       0.029443       0.020234      0.0014448      0.0013913       0.032401      0.0014177        0.10492       -0.13492        -0.1601       -0.16418      -0.042403       -0.16218
         15.574       0.029224        0.02039      0.0014443      0.0013908       0.032664      0.0014172        0.10668       -0.13512       -0.16014       -0.16421      -0.040884       -0.16222
          15.58       0.029011       0.020551      0.0014439      0.0013903       0.032929      0.0014167        0.10838       -0.13531       -0.16018       -0.16425      -0.039342       -0.16225
         15.586       0.028794       0.020716      0.0014434      0.0013898       0.033191      0.0014162        0.11004       -0.13547       -0.16023       -0.16429      -0.037756       -0.16229
         15.592       0.028576       0.020883      0.0014429      0.0013894       0.033451      0.0014157        0.11165       -0.13563       -0.16027       -0.16432      -0.036142       -0.16233
         15.598       0.028409       0.021044      0.0014424      0.0013889       0.033706      0.0014152        0.11302       -0.13585       -0.16031       -0.16436      -0.034777       -0.16237
         15.604       0.028196       0.021218      0.0014419      0.0013884       0.033965      0.0014148        0.11458       -0.13598       -0.16035       -0.16439      -0.033106       -0.16241
         15.609       0.027983       0.021395      0.0014414      0.0013879       0.034224      0.0014143        0.11611       -0.13611        -0.1604       -0.16443      -0.031398       -0.16245
         15.615       0.027772       0.021574      0.0014409      0.0013875       0.034479      0.0014138        0.11761       -0.13622       -0.16044       -0.16447      -0.029668       -0.16249
         15.621       0.027558       0.021756      0.0014404       0.001387       0.034726      0.0014133        0.11905       -0.13631       -0.16048        -0.1645      -0.027905       -0.16253
         15.627       0.027344       0.021942      0.0014399      0.0013865       0.034972      0.0014128        0.12047       -0.13641       -0.16052       -0.16454      -0.026108       -0.16257
         15.633       0.027133        0.02213      0.0014394      0.0013861       0.035215      0.0014123        0.12186       -0.13649       -0.16057       -0.16457      -0.024283       -0.16261
         15.639       0.026922       0.022319      0.0014389      0.0013856       0.035447      0.0014118        0.12321       -0.13654       -0.16061       -0.16461      -0.022431       -0.16265
         15.645       0.026658       0.022536      0.0014384      0.0013851       0.035656      0.0014114        0.12444       -0.13656       -0.16065       -0.16464      -0.020315       -0.16269
          15.65       0.026455       0.022732      0.0014379      0.0013846       0.035878      0.0014109        0.12571       -0.13658       -0.16069       -0.16468      -0.018423       -0.16273
         15.656       0.026256       0.022932      0.0014374      0.0013842       0.036098      0.0014104        0.12696       -0.13659       -0.16074       -0.16472      -0.016511       -0.16276
         15.662       0.026057       0.023134      0.0014369      0.0013837        0.03631      0.0014099        0.12818       -0.13659       -0.16078       -0.16475      -0.014571        -0.1628
         15.668       0.025862        0.02334      0.0014364      0.0013832       0.036516      0.0014094        0.12936       -0.13657       -0.16082       -0.16479      -0.012615       -0.16284
         15.674       0.025671       0.023549      0.0014359      0.0013828       0.036718       0.001409        0.13052       -0.13654       -0.16086       -0.16482      -0.010644       -0.16288
          15.68        0.02548       0.023761      0.0014354      0.0013823        0.03691      0.0014085        0.13163       -0.13649       -0.16091       -0.16486     -0.0086543       -0.16292
         15.686       0.025289       0.023975      0.0014349      0.0013818       0.037089       0.001408        0.13271       -0.13643       -0.16095       -0.16489     -0.0066475       -0.16296
         15.691       0.025104       0.024192      0.0014345      0.0013814       0.037266      0.0014075        0.13378       -0.13634       -0.16099       -0.16493     -0.0046255         -0.163
         15.697       0.024923       0.024412       0.001434      0.0013809        0.03744       0.001407        0.13483       -0.13625       -0.16103       -0.16496     -0.0025928       -0.16304
         15.703       0.024744       0.024636      0.0014335      0.0013804       0.037602      0.0014066        0.13584       -0.13615       -0.16107         -0.165    -0.00055613       -0.16307
         15.709       0.024566       0.024863       0.001433        0.00138       0.037753      0.0014061        0.13681       -0.13603       -0.16112       -0.16504      0.0014951       -0.16311
         15.715       0.024391       0.025093      0.0014325      0.0013795       0.037896      0.0014056        0.13776       -0.13589       -0.16116       -0.16507      0.0035588       -0.16315
         15.721       0.024224       0.025327       0.001432       0.001379       0.038036      0.0014051         0.1387       -0.13573        -0.1612       -0.16511      0.0056174       -0.16319
         15.727       0.024063       0.025565      0.0014315      0.0013786       0.038173      0.0014046        0.13963       -0.13555       -0.16124       -0.16514      0.0076816       -0.16323
         15.732       0.023901       0.025806       0.001431      0.0013781       0.038298      0.0014042        0.14053       -0.13536       -0.16128       -0.16518      0.0097602       -0.16327
         15.738       0.023742       0.026049      0.0014305      0.0013776        0.03841      0.0014037        0.14139       -0.13514       -0.16133       -0.16521       0.011839       -0.16331
         15.744       0.023583       0.026296        0.00143      0.0013772       0.038512      0.0014032        0.14223        -0.1349       -0.16137       -0.16525       0.013925       -0.16334
          15.75       0.023426       0.026548      0.0014295      0.0013767       0.038606      0.0014027        0.14306       -0.13465       -0.16141       -0.16528       0.016023       -0.16338
         15.756       0.023272       0.026802      0.0014291      0.0013762       0.038688      0.0014022        0.14386       -0.13439       -0.16145       -0.16532       0.018112       -0.16342
         15.762        0.02312       0.027058      0.0014286      0.0013758        0.03876      0.0014018        0.14463        -0.1341       -0.16149       -0.16535       0.020201       -0.16346
         15.768       0.022971       0.027318      0.0014281      0.0013753       0.038823      0.0014013         0.1454       -0.13379       -0.16153       -0.16539       0.022291        -0.1635
         15.773       0.022824       0.027582      0.0014276      0.0013748       0.038877      0.0014008        0.14614       -0.13347       -0.16158       -0.16542       0.024369       -0.16354
         15.779       0.022678       0.027849      0.0014271      0.0013744        0.03892      0.0014003        0.14685       -0.13313       -0.16162       -0.16546       0.026448       -0.16357
         15.785       0.022533       0.028121      0.0014266      0.0013739       0.038951      0.0013999        0.14755       -0.13277       -0.16166       -0.16549       0.028533       -0.16361
         15.791       0.022389       0.028396      0.0014261      0.0013734        0.03897      0.0013994        0.14822       -0.13238        -0.1617       -0.16553       0.030607       -0.16365
         15.797       0.022247       0.028674      0.0014256       0.001373       0.038977      0.0013989        0.14886       -0.13197       -0.16174       -0.16556        0.03267       -0.16369
         15.803       0.022138       0.028945      0.0014252      0.0013725       0.038985      0.0013984         0.1493        -0.1316       -0.16178        -0.1656       0.034409       -0.16373
         15.809       0.022004        0.02923      0.0014247       0.001372       0.038976       0.001398        0.14989       -0.13116       -0.16182       -0.16563       0.036416       -0.16376
         15.814       0.021867       0.029518      0.0014242      0.0013716        0.03895      0.0013975        0.15046       -0.13069       -0.16186       -0.16567        0.03843        -0.1638
          15.82       0.021731        0.02981      0.0014237      0.0013711       0.038915       0.001397        0.15101        -0.1302       -0.16191        -0.1657       0.040435       -0.16384
         15.826       0.021602       0.030108      0.0014232      0.0013707       0.038878      0.0013965        0.15154        -0.1297       -0.16195       -0.16574       0.042398       -0.16388
         15.832       0.021476       0.030408      0.0014227      0.0013702       0.038834      0.0013961        0.15207       -0.12916       -0.16199       -0.16577       0.044358       -0.16392
         15.838       0.021347       0.030711      0.0014222      0.0013697       0.038774      0.0013956        0.15259       -0.12861       -0.16203       -0.16581        0.04632       -0.16395
         15.844       0.021218       0.031016      0.0014218      0.0013693         0.0387      0.0013951        0.15306       -0.12803       -0.16207       -0.16584       0.048245       -0.16399
          15.85       0.021058       0.031343      0.0014213      0.0013688       0.038573      0.0013946        0.15354       -0.12736       -0.16211       -0.16588       0.050375       -0.16403
         15.855       0.020938       0.031657      0.0014208      0.0013684        0.03849      0.0013942        0.15397       -0.12675       -0.16215       -0.16591       0.052221       -0.16407
         15.861       0.020826       0.031975      0.0014203      0.0013679       0.038409      0.0013937         0.1544       -0.12612       -0.16219       -0.16594       0.054042        -0.1641
         15.867       0.020713       0.032295      0.0014198      0.0013674        0.03832      0.0013932        0.15483       -0.12546       -0.16223       -0.16598       0.055852       -0.16414
         15.873       0.020601       0.032619      0.0014193       0.001367       0.038219      0.0013928        0.15522       -0.12478       -0.16227       -0.16601       0.057633       -0.16418
         15.879       0.020491       0.032946      0.0014188      0.0013665       0.038114      0.0013923         0.1556       -0.12408       -0.16232       -0.16605       0.059383       -0.16422
         15.885       0.020384       0.033276      0.0014184      0.0013661       0.038001      0.0013918        0.15596       -0.12335       -0.16236       -0.16608       0.061097       -0.16425
         15.891       0.020279       0.033611      0.0014179      0.0013656       0.037883      0.0013913        0.15629       -0.12259        -0.1624       -0.16612       0.062778       -0.16429
         15.896       0.020176       0.033949      0.0014174      0.0013651       0.037763      0.0013909        0.15664       -0.12182       -0.16244       -0.16615       0.064465       -0.16433
         15.902       0.020072       0.034291      0.0014169      0.0013647       0.037635      0.0013904        0.15698       -0.12101       -0.16248       -0.16619       0.066138       -0.16437
         15.908       0.019971       0.034634      0.0014164      0.0013642       0.037499      0.0013899        0.15727       -0.12017       -0.16252       -0.16622       0.067744        -0.1644
         15.914       0.019877       0.034981      0.0014159      0.0013638       0.037365      0.0013895        0.15756       -0.11932       -0.16256       -0.16625       0.069311       -0.16444
          15.92       0.019782       0.035332      0.0014155      0.0013633       0.037227       0.001389        0.15784       -0.11843        -0.1626       -0.16629       0.070871       -0.16448
         15.926       0.019689       0.035687       0.001415      0.0013629       0.037079      0.0013885        0.15808        -0.1175       -0.16264       -0.16632       0.072381       -0.16452
         15.932       0.019602       0.036046      0.0014145      0.0013624       0.036938      0.0013881        0.15832       -0.11655       -0.16268       -0.16636       0.073858       -0.16455
         15.938       0.019514       0.036406       0.001414      0.0013619       0.036791      0.0013876        0.15857       -0.11557       -0.16272       -0.16639       0.075334       -0.16459
         15.943       0.019426       0.036767      0.0014135      0.0013615       0.036634      0.0013871        0.15878       -0.11457       -0.16276       -0.16643        0.07676       -0.16463
         15.949       0.019344        0.03713      0.0014131       0.001361       0.036482      0.0013866        0.15897       -0.11353        -0.1628       -0.16646       0.078134       -0.16466
         15.955       0.019264       0.037498      0.0014126      0.0013606       0.036329      0.0013862        0.15917       -0.11246       -0.16284       -0.16649       0.079495        -0.1647
         15.961       0.019184       0.037867      0.0014121      0.0013601       0.036169      0.0013857        0.15932       -0.11137       -0.16288       -0.16653        0.08081       -0.16474
         15.967       0.019114       0.038242      0.0014116      0.0013597       0.036018      0.0013852        0.15945       -0.11025       -0.16292       -0.16656       0.082058       -0.16478
         15.973        0.01905        0.03862      0.0014111      0.0013592       0.035877      0.0013848        0.15959       -0.10909       -0.16296        -0.1666       0.083288       -0.16481
         15.979       0.018984       0.038998      0.0014107      0.0013587       0.035731      0.0013843        0.15975       -0.10791         -0.163       -0.16663       0.084516       -0.16485
         15.984        0.01892       0.039378      0.0014102      0.0013583       0.035586      0.0013838        0.15993       -0.10669       -0.16304       -0.16666       0.085749       -0.16489
          15.99       0.018861       0.039765      0.0014097      0.0013578       0.035448      0.0013834         0.1601       -0.10545       -0.16308        -0.1667       0.086957       -0.16492
         15.996       0.018805       0.040152      0.0014092      0.0013574        0.03531      0.0013829        0.16026       -0.10417       -0.16312       -0.16673       0.088126       -0.16496
         16.002       0.018783        0.04051      0.0014087      0.0013569       0.035208      0.0013824         0.1603       -0.10285       -0.16316       -0.16676       0.089015         -0.165
         16.008       0.018729         0.0409      0.0014083      0.0013565        0.03507       0.001382        0.16047       -0.10151        -0.1632        -0.1668       0.090169       -0.16503
         16.014       0.018682       0.041295      0.0014078       0.001356       0.034937      0.0013815        0.16061       -0.10012       -0.16324       -0.16683       0.091263       -0.16507
          16.02       0.018639        0.04169      0.0014073      0.0013556       0.034816       0.001381        0.16082      -0.098692       -0.16328       -0.16687       0.092399       -0.16511
         16.025       0.018592       0.042082      0.0014068      0.0013551       0.034687      0.0013806        0.16104      -0.097247       -0.16332        -0.1669       0.093526       -0.16514
         16.031       0.018551       0.042477      0.0014064      0.0013547       0.034557      0.0013801        0.16116      -0.095765       -0.16336       -0.16693        0.09455       -0.16518
         16.037       0.018523        0.04287      0.0014059      0.0013542       0.034451      0.0013797        0.16134      -0.094243        -0.1634       -0.16697       0.095575       -0.16522
         16.043       0.018493       0.043264      0.0014054      0.0013538        0.03435      0.0013792        0.16164      -0.092701       -0.16344         -0.167        0.09669       -0.16525
         16.049       0.018463       0.043662      0.0014049      0.0013533       0.034243      0.0013787         0.1619      -0.091117       -0.16348       -0.16703       0.097781       -0.16529
         16.055       0.018364       0.044057      0.0014045      0.0013529       0.034037      0.0013783        0.16229      -0.089498       -0.16352       -0.16707       0.099175       -0.16533
         16.061       0.018337       0.044453       0.001404      0.0013524       0.033934      0.0013778        0.16259      -0.087828       -0.16356        -0.1671        0.10026       -0.16536
         16.066        0.01831       0.044841      0.0014035       0.001352       0.033835      0.0013773        0.16295      -0.086142        -0.1636       -0.16713        0.10138        -0.1654
         16.072       0.018281       0.045233       0.001403      0.0013515       0.033733      0.0013769        0.16331      -0.084433       -0.16364       -0.16717         0.1025       -0.16544
         16.078       0.018254       0.045627      0.0014026      0.0013511       0.033631      0.0013764        0.16367      -0.082674       -0.16368        -0.1672        0.10362       -0.16547
         16.084       0.018229       0.046013      0.0014021      0.0013506       0.033532      0.0013759        0.16406      -0.080883       -0.16372       -0.16723        0.10474       -0.16551
          16.09       0.018205       0.046397      0.0014016      0.0013502       0.033436      0.0013755        0.16448      -0.079073       -0.16376       -0.16727        0.10586       -0.16555
         16.096       0.018179        0.04678      0.0014011      0.0013497       0.033338       0.001375        0.16492      -0.077234        -0.1638        -0.1673          0.107       -0.16558
         16.102       0.018154       0.047161      0.0014007      0.0013493        0.03324      0.0013746        0.16536      -0.075359       -0.16384       -0.16733        0.10814       -0.16562
         16.107       0.018133       0.047537      0.0014002      0.0013488       0.033149      0.0013741        0.16584       -0.07344       -0.16388       -0.16737        0.10929       -0.16565
         16.113       0.018108       0.047907      0.0013997      0.0013484       0.033056      0.0013736        0.16639      -0.071487       -0.16392        -0.1674         0.1105       -0.16569
         16.119       0.018079        0.04827      0.0013992      0.0013479       0.032953      0.0013732        0.16694      -0.069509       -0.16395       -0.16743        0.11171       -0.16573
         16.125       0.018049       0.048634      0.0013988      0.0013475       0.032846      0.0013727        0.16747      -0.067488       -0.16399       -0.16747         0.1129       -0.16576
         16.131       0.018019       0.048991      0.0013983       0.001347       0.032741      0.0013723        0.16805      -0.065432       -0.16403        -0.1675        0.11413        -0.1658
         16.137       0.017989       0.049339      0.0013978      0.0013466       0.032639      0.0013718        0.16868       -0.06336       -0.16407       -0.16753        0.11538       -0.16584
         16.143       0.017957       0.049682      0.0013973      0.0013461       0.032533      0.0013713        0.16934      -0.061251       -0.16411       -0.16757        0.11666       -0.16587
         16.148       0.017917        0.05002      0.0013969      0.0013457       0.032415      0.0013709           0.17      -0.059108       -0.16415        -0.1676        0.11795       -0.16591
         16.154       0.017873       0.050344      0.0013964      0.0013452       0.032288      0.0013704        0.17064      -0.056933       -0.16419       -0.16763        0.11922       -0.16594
          16.16       0.017826       0.050654      0.0013959      0.0013448       0.032151        0.00137        0.17126      -0.054716       -0.16423       -0.16767        0.12047       -0.16598
         16.166       0.017777       0.050956      0.0013955      0.0013443        0.03201      0.0013695        0.17187      -0.052474       -0.16427        -0.1677         0.1217       -0.16601
         16.172       0.017733       0.051253       0.001395      0.0013439       0.031876       0.001369        0.17246      -0.050203       -0.16431       -0.16773         0.1229       -0.16605
         16.178       0.017691       0.051537      0.0013945      0.0013435       0.031745      0.0013686        0.17308      -0.047908       -0.16434       -0.16776         0.1241       -0.16609
         16.184       0.017645       0.051798      0.0013941       0.001343       0.031608      0.0013681        0.17372      -0.045613       -0.16438        -0.1678        0.12532       -0.16612
         16.189       0.017594       0.052046      0.0013936      0.0013426       0.031464      0.0013677        0.17439      -0.043286       -0.16442       -0.16783        0.12655       -0.16616
         16.195       0.017538       0.052289      0.0013931      0.0013421       0.031311      0.0013672        0.17504      -0.040912       -0.16446       -0.16786        0.12778       -0.16619
         16.201       0.017491        0.05243      0.0013926      0.0013417       0.031162      0.0013668        0.17563      -0.038531        -0.1645        -0.1679        0.12886       -0.16623
         16.207       0.017435       0.052646      0.0013922      0.0013412       0.031009      0.0013663        0.17626      -0.036174       -0.16454       -0.16793        0.13004       -0.16627
         16.213       0.017374       0.052845      0.0013917      0.0013408       0.030845      0.0013658        0.17688      -0.033758       -0.16458       -0.16796        0.13122        -0.1663
         16.219       0.017308       0.053021      0.0013912      0.0013403        0.03067      0.0013654        0.17745      -0.031326       -0.16462       -0.16799        0.13235       -0.16634
         16.225       0.017248       0.053176      0.0013908      0.0013399       0.030505      0.0013649        0.17799      -0.028904       -0.16465       -0.16803        0.13342       -0.16637
          16.23       0.017194       0.053323      0.0013903      0.0013395       0.030348      0.0013645        0.17854      -0.026451       -0.16469       -0.16806        0.13449       -0.16641
         16.236       0.017137       0.053452      0.0013898       0.001339       0.030186       0.001364        0.17908      -0.023984       -0.16473       -0.16809        0.13554       -0.16644
         16.242       0.017085       0.053546      0.0013894      0.0013386       0.030034      0.0013636        0.17964      -0.021552       -0.16477       -0.16812        0.13657       -0.16648
         16.248       0.017027        0.05363      0.0013889      0.0013381       0.029871      0.0013631        0.18018      -0.019123       -0.16481       -0.16816        0.13757       -0.16651
         16.254       0.016967       0.053714      0.0013884      0.0013377       0.029707      0.0013627        0.18073      -0.016661       -0.16485       -0.16819        0.13861       -0.16655
          16.26       0.016917       0.053758       0.001388      0.0013372       0.029554      0.0013622        0.18126       -0.01418       -0.16488       -0.16822        0.13959       -0.16658
         16.266       0.016812       0.053771      0.0013875      0.0013368       0.029312      0.0013618        0.18147       -0.01181       -0.16492       -0.16825        0.14036       -0.16662
         16.271       0.016753       0.053767       0.001387      0.0013364       0.029141      0.0013613         0.1819     -0.0093342       -0.16496       -0.16829        0.14124       -0.16665
         16.277       0.016682       0.053748      0.0013866      0.0013359       0.028954      0.0013608        0.18233     -0.0068603         -0.165       -0.16832        0.14212       -0.16669
         16.283       0.016617       0.053711      0.0013861      0.0013355        0.02878      0.0013604        0.18277     -0.0044569       -0.16504       -0.16835        0.14299       -0.16673
         16.289       0.016559       0.053649      0.0013856       0.001335       0.028615      0.0013599        0.18323     -0.0020347       -0.16508       -0.16838        0.14385       -0.16676
         16.295         0.0165       0.053562      0.0013852      0.0013346       0.028448      0.0013595         0.1837      0.0003962       -0.16511       -0.16842         0.1447        -0.1668
         16.301       0.016443       0.053462      0.0013847      0.0013342       0.028286       0.001359        0.18416      0.0028028       -0.16515       -0.16845        0.14554       -0.16683
         16.307       0.016382       0.053336      0.0013842      0.0013337       0.028112      0.0013586        0.18456      0.0052539       -0.16519       -0.16848        0.14632       -0.16687
         16.313       0.016318       0.053177      0.0013838      0.0013333       0.027934      0.0013581        0.18496      0.0076956       -0.16523       -0.16851        0.14709        -0.1669
         16.318       0.016265       0.053008      0.0013833      0.0013329       0.027776      0.0013577         0.1854       0.010067       -0.16527       -0.16855        0.14786       -0.16694
         16.324        0.01621       0.052823      0.0013828      0.0013324        0.02761      0.0013572        0.18577         0.0125        -0.1653       -0.16858        0.14858       -0.16697
          16.33       0.016147       0.052586      0.0013824       0.001332       0.027432      0.0013568        0.18618       0.014931       -0.16534       -0.16861        0.14931       -0.16701
         16.336       0.016093       0.052324      0.0013819      0.0013315       0.027273      0.0013563        0.18667       0.017195       -0.16538       -0.16864        0.15006       -0.16704
         16.342       0.016055       0.052055      0.0013815      0.0013311       0.027131      0.0013559          0.187       0.019467       -0.16542       -0.16867        0.15065       -0.16708
         16.348       0.016001       0.051758       0.001381      0.0013307       0.026964      0.0013554        0.18731        0.02181       -0.16546       -0.16871        0.15126       -0.16711
         16.354       0.015959       0.051457      0.0013805      0.0013302       0.026819       0.001355        0.18776       0.024085       -0.16549       -0.16874        0.15194       -0.16715
         16.359       0.015935       0.051153      0.0013801      0.0013298       0.026694      0.0013545        0.18805       0.026391       -0.16553       -0.16877        0.15246       -0.16718
         16.365       0.015885       0.050789      0.0013796      0.0013293       0.026524      0.0013541        0.18833       0.028834       -0.16557        -0.1688        0.15302       -0.16722
         16.371        0.01584       0.050366      0.0013791      0.0013289        0.02636      0.0013536        0.18863       0.031165       -0.16561       -0.16883        0.15354       -0.16725
         16.377       0.015793       0.049951      0.0013787      0.0013285       0.026194      0.0013532        0.18879       0.033387       -0.16564       -0.16887        0.15394       -0.16728
         16.383       0.015733       0.049522      0.0013782       0.001328       0.026011      0.0013527        0.18901       0.035636       -0.16568        -0.1689        0.15441       -0.16732
         16.389       0.015675       0.049068      0.0013778      0.0013276       0.025829      0.0013523        0.18927         0.0379       -0.16572       -0.16893        0.15491       -0.16735
         16.395       0.015627       0.048603      0.0013773      0.0013272       0.025662      0.0013518        0.18958       0.040199       -0.16576       -0.16896        0.15542       -0.16739
           16.4       0.015603       0.047807      0.0013768      0.0013267       0.025477      0.0013514        0.18985       0.042923       -0.16579       -0.16899        0.15577       -0.16742
         16.406       0.015576       0.047259      0.0013764      0.0013263       0.025322      0.0013509        0.19017       0.045446       -0.16583       -0.16902        0.15627       -0.16746
         16.412       0.015537       0.046671      0.0013759      0.0013259        0.02514      0.0013505        0.19028       0.048018       -0.16587       -0.16906        0.15661       -0.16749
         16.418       0.015486       0.046181      0.0013755      0.0013254       0.024957        0.00135        0.19043       0.050507       -0.16591       -0.16909        0.15706       -0.16753
         16.424       0.015436       0.045681       0.001375       0.001325       0.024782      0.0013496        0.19063       0.052771       -0.16594       -0.16912         0.1575       -0.16756
          16.43       0.015392       0.045102      0.0013745      0.0013246       0.024594      0.0013492        0.19077       0.055438       -0.16598       -0.16915        0.15793        -0.1676
         16.436       0.015343       0.044507      0.0013741      0.0013241       0.024397      0.0013487        0.19089       0.058143       -0.16602       -0.16918        0.15836       -0.16763
         16.441       0.015292       0.043961      0.0013736      0.0013237       0.024213      0.0013483        0.19108       0.060548       -0.16606       -0.16921        0.15881       -0.16766
         16.447       0.015243       0.043405      0.0013732      0.0013233       0.024025      0.0013478        0.19129       0.063198       -0.16609       -0.16925        0.15933        -0.1677
         16.453       0.015199       0.042767      0.0013727      0.0013228       0.023829      0.0013474        0.19145       0.065929       -0.16613       -0.16928        0.15979       -0.16773
         16.459       0.015156       0.042163      0.0013722      0.0013224        0.02364      0.0013469        0.19161       0.068661       -0.16617       -0.16931        0.16027       -0.16777
         16.465       0.015109       0.041579      0.0013718       0.001322       0.023443      0.0013465        0.19173       0.071608        -0.1662       -0.16934         0.1608        -0.1678
         16.471       0.015031       0.041169      0.0013713      0.0013215       0.023242       0.001346        0.19183       0.074207       -0.16624       -0.16937        0.16139       -0.16784
         16.477       0.014981       0.040683      0.0013709      0.0013211       0.023062      0.0013456        0.19192       0.076849       -0.16628        -0.1694        0.16189       -0.16787
         16.482       0.014932       0.040174      0.0013704      0.0013207       0.022877      0.0013451        0.19208       0.079766       -0.16632       -0.16944        0.16252        -0.1679
         16.488       0.014884       0.039637        0.00137      0.0013202       0.022688      0.0013447        0.19226       0.082877       -0.16635       -0.16947         0.1632       -0.16794
         16.494       0.014835        0.03921      0.0013695      0.0013198       0.022518      0.0013443        0.19239        0.08569       -0.16639        -0.1695        0.16384       -0.16797
           16.5       0.014785       0.038746       0.001369      0.0013194       0.022347      0.0013438        0.19256        0.08835       -0.16643       -0.16953        0.16446       -0.16801
         16.506       0.014737       0.038285      0.0013686       0.001319       0.022176      0.0013434        0.19273       0.091163       -0.16646       -0.16956        0.16513       -0.16804
         16.512       0.014691       0.037862      0.0013681      0.0013185       0.022015      0.0013429        0.19285       0.093873        -0.1665       -0.16959        0.16576       -0.16807
         16.518       0.014648       0.037432      0.0013677      0.0013181       0.021856      0.0013425        0.19298         0.0966       -0.16654       -0.16962        0.16641       -0.16811
         16.523       0.014604       0.037005      0.0013672      0.0013177       0.021691       0.001342         0.1931        0.09978       -0.16657       -0.16965        0.16718       -0.16814
         16.529       0.014565       0.036648      0.0013668      0.0013172       0.021543      0.0013416        0.19319        0.10293       -0.16661       -0.16969        0.16795       -0.16818
         16.535       0.014521        0.03631      0.0013663      0.0013168       0.021402      0.0013412        0.19321        0.10552       -0.16665       -0.16972        0.16855       -0.16821
         16.541       0.014475       0.035945      0.0013659      0.0013164       0.021257      0.0013407        0.19323        0.10797       -0.16668       -0.16975        0.16912       -0.16824
         16.547       0.014426       0.035628      0.0013654      0.0013159       0.021112      0.0013403        0.19328        0.11083       -0.16672       -0.16978        0.16984       -0.16828
         16.553       0.014374       0.035297      0.0013649      0.0013155        0.02096      0.0013398        0.19333        0.11399       -0.16676       -0.16981        0.17066       -0.16831
         16.559       0.014321       0.034993      0.0013645      0.0013151       0.020816      0.0013394        0.19341        0.11694       -0.16679       -0.16984        0.17146       -0.16835
         16.564        0.01427       0.034694       0.001364      0.0013147       0.020678       0.001339        0.19349         0.1197       -0.16683       -0.16987        0.17221       -0.16838
          16.57       0.014219        0.03445      0.0013636      0.0013142       0.020551      0.0013385        0.19358        0.12248       -0.16687        -0.1699        0.17301       -0.16841
         16.576       0.014169       0.034285      0.0013631      0.0013138       0.020438      0.0013381        0.19368        0.12544        -0.1669       -0.16993        0.17391       -0.16845
         16.582       0.014122       0.034116      0.0013627      0.0013134       0.020326      0.0013376        0.19379        0.12873       -0.16694       -0.16997         0.1749       -0.16848
         16.588       0.014075       0.033979      0.0013622       0.001313       0.020218      0.0013372        0.19389        0.13217       -0.16698          -0.17        0.17594       -0.16851
         16.594       0.014027        0.03395      0.0013618      0.0013125        0.02013      0.0013368        0.19399        0.13577       -0.16701       -0.17003        0.17708       -0.16855
           16.6       0.013989       0.034295      0.0013613      0.0013121       0.020113      0.0013363          0.194        0.13957       -0.16705       -0.17006        0.17832       -0.16858
         16.605       0.013943       0.034253      0.0013609      0.0013117       0.020039      0.0013359        0.19408        0.14195       -0.16708       -0.17009        0.17908       -0.16861
         16.611       0.013895       0.034345      0.0013604      0.0013112       0.019981      0.0013354        0.19416        0.14496       -0.16712       -0.17012        0.18005       -0.16865
         16.617       0.013848       0.034613        0.00136      0.0013108       0.019958       0.001335        0.19423        0.14732       -0.16716       -0.17015        0.18088       -0.16868
         16.623       0.013801       0.034785      0.0013595      0.0013104       0.019928      0.0013346        0.19429        0.14872       -0.16719       -0.17018         0.1814       -0.16871
         16.629       0.013755       0.034901      0.0013591        0.00131       0.019891      0.0013341        0.19435        0.14978       -0.16723       -0.17021        0.18181       -0.16875
         16.635       0.013708        0.03498      0.0013586      0.0013095       0.019849      0.0013337        0.19442        0.15064       -0.16727       -0.17024        0.18214       -0.16878
         16.641       0.013658       0.034995      0.0013582      0.0013091       0.019794      0.0013333        0.19449        0.15137        -0.1673       -0.17027        0.18243       -0.16881
         16.646       0.013608       0.034996      0.0013577      0.0013087       0.019737      0.0013328        0.19457        0.15215       -0.16734        -0.1703        0.18274       -0.16885
         16.652       0.013561       0.035036      0.0013573      0.0013083       0.019692      0.0013324        0.19466        0.15267       -0.16737       -0.17033        0.18299       -0.16888
         16.658       0.013516        0.03496      0.0013568      0.0013079        0.01963      0.0013319        0.19474        0.15292       -0.16741       -0.17037        0.18312       -0.16891
         16.664       0.013469       0.034858      0.0013564      0.0013074       0.019562      0.0013315        0.19481        0.15351       -0.16745        -0.1704        0.18334       -0.16895
          16.67       0.013423       0.034996      0.0013559       0.001307        0.01953      0.0013311         0.1949        0.15446       -0.16748       -0.17043        0.18373       -0.16898
         16.676       0.013361       0.034705      0.0013555      0.0013066       0.019424      0.0013306        0.19495        0.15385       -0.16752       -0.17046        0.18356       -0.16901
         16.682       0.013315       0.034463       0.001355      0.0013062       0.019337      0.0013302        0.19503         0.1541       -0.16755       -0.17049        0.18366       -0.16905
         16.688       0.013269        0.03425      0.0013546      0.0013057       0.019253      0.0013298        0.19508        0.15454       -0.16759       -0.17052         0.1838       -0.16908
         16.693       0.013224       0.034057      0.0013541      0.0013053       0.019175      0.0013293        0.19513        0.15485       -0.16762       -0.17055         0.1839       -0.16911
         16.699       0.013179       0.033827      0.0013537      0.0013049        0.01909      0.0013289         0.1952        0.15515       -0.16766       -0.17058        0.18401       -0.16915
         16.705       0.013131       0.033601      0.0013532      0.0013045       0.019002      0.0013285        0.19526        0.15555        -0.1677       -0.17061        0.18414       -0.16918
         16.711       0.013083       0.033384      0.0013528      0.0013041       0.018916       0.001328        0.19531        0.15594       -0.16773       -0.17064        0.18426       -0.16921
         16.717       0.013037       0.033157      0.0013523      0.0013036        0.01883      0.0013276        0.19537        0.15635       -0.16777       -0.17067        0.18439       -0.16925
         16.723       0.012991       0.032932      0.0013519      0.0013032       0.018744      0.0013272        0.19542        0.15683        -0.1678        -0.1707        0.18454       -0.16928
         16.729       0.012946       0.032719      0.0013514      0.0013028       0.018661      0.0013267        0.19547        0.15732       -0.16784       -0.17073        0.18468       -0.16931
         16.734       0.012902       0.032504       0.001351      0.0013024       0.018578      0.0013263        0.19553        0.15773       -0.16787       -0.17076        0.18482       -0.16934
          16.74       0.012858       0.032279      0.0013505       0.001302       0.018494      0.0013259         0.1956        0.15814       -0.16791       -0.17079        0.18496       -0.16938
         16.746       0.012812       0.032048      0.0013501      0.0013015       0.018408      0.0013254        0.19565        0.15856       -0.16795       -0.17082        0.18509       -0.16941
         16.752       0.012767       0.031816      0.0013497      0.0013011       0.018321       0.001325         0.1957        0.15898       -0.16798       -0.17085        0.18521       -0.16944
         16.758        0.01272       0.031587      0.0013492      0.0013007       0.018234      0.0013246        0.19575        0.15942       -0.16802       -0.17088        0.18535       -0.16948
         16.764       0.012674       0.031359      0.0013488      0.0013003       0.018147      0.0013241        0.19581        0.15985       -0.16805       -0.17091        0.18549       -0.16951
          16.77       0.012628       0.031129      0.0013483      0.0012999       0.018059      0.0013237        0.19585        0.16028       -0.16809       -0.17094        0.18561       -0.16954
         16.775       0.012582         0.0309      0.0013479      0.0012994       0.017973      0.0013233        0.19588        0.16073       -0.16812       -0.17097        0.18574       -0.16957
         16.781       0.012537       0.030679      0.0013474       0.001299       0.017888      0.0013228        0.19592        0.16119       -0.16816         -0.171        0.18587       -0.16961
         16.787       0.012492       0.030462       0.001347      0.0012986       0.017803      0.0013224        0.19597        0.16161       -0.16819       -0.17103          0.186       -0.16964
         16.793       0.012447       0.030243      0.0013465      0.0012982       0.017719       0.001322        0.19601        0.16202       -0.16823       -0.17106        0.18612       -0.16967
         16.799       0.012407       0.030048      0.0013461      0.0012978       0.017645      0.0013215          0.196        0.16218       -0.16826       -0.17109        0.18614        -0.1697
         16.805       0.012362       0.029831      0.0013457      0.0012973        0.01756      0.0013211        0.19604        0.16262        -0.1683       -0.17112        0.18627       -0.16974
         16.811       0.012316       0.029618      0.0013452      0.0012969       0.017476      0.0013207        0.19607        0.16304       -0.16833       -0.17115        0.18639       -0.16977
         16.816       0.012271       0.029407      0.0013448      0.0012965       0.017392      0.0013203         0.1961        0.16344       -0.16837       -0.17118        0.18651        -0.1698
         16.822       0.012226       0.029196      0.0013443      0.0012961       0.017309      0.0013198        0.19615        0.16384        -0.1684       -0.17121        0.18663       -0.16983
         16.828        0.01218       0.028988      0.0013439      0.0012957       0.017225      0.0013194         0.1962        0.16425       -0.16844       -0.17124        0.18676       -0.16987
         16.834       0.012134       0.028781      0.0013434      0.0012953       0.017141       0.001319        0.19623        0.16465       -0.16847       -0.17127        0.18688        -0.1699
          16.84       0.012087       0.028575       0.001343      0.0012949       0.017057      0.0013185        0.19626        0.16504       -0.16851        -0.1713          0.187       -0.16993
         16.846       0.012042       0.028372      0.0013426      0.0012944       0.016974      0.0013181         0.1963        0.16543       -0.16854       -0.17133        0.18712       -0.16996
         16.852       0.011997       0.028176      0.0013421       0.001294       0.016893      0.0013177        0.19633        0.16582       -0.16858       -0.17136        0.18724          -0.17
         16.857       0.011951        0.02798      0.0013417      0.0012936       0.016812      0.0013173        0.19636        0.16618       -0.16861       -0.17139        0.18734       -0.17003
         16.863       0.011905       0.027784      0.0013412      0.0012932        0.01673      0.0013168        0.19639        0.16653       -0.16865       -0.17142        0.18745       -0.17006
         16.869        0.01186       0.027589      0.0013408      0.0012928       0.016649      0.0013164        0.19642        0.16689       -0.16868       -0.17145        0.18755       -0.17009
         16.875       0.011815       0.027399      0.0013404      0.0012924       0.016569       0.001316        0.19644        0.16724       -0.16872       -0.17148        0.18765       -0.17012
         16.881       0.011763        0.02721      0.0013399      0.0012919       0.016483      0.0013155        0.19645        0.16753       -0.16875       -0.17151        0.18774       -0.17016
         16.887       0.011719       0.027023      0.0013395      0.0012915       0.016404      0.0013151        0.19648        0.16786       -0.16879       -0.17154        0.18784       -0.17019
         16.893       0.011674       0.026837       0.001339      0.0012911       0.016325      0.0013147        0.19652        0.16819       -0.16882       -0.17157        0.18794       -0.17022
         16.898       0.011629       0.026655      0.0013386      0.0012907       0.016246      0.0013143        0.19655        0.16852       -0.16886        -0.1716        0.18805       -0.17025
         16.904       0.011583       0.026475      0.0013382      0.0012903       0.016168      0.0013138        0.19657        0.16883       -0.16889       -0.17163        0.18814       -0.17029
          16.91       0.011539       0.026297      0.0013377      0.0012899        0.01609      0.0013134        0.19659        0.16915       -0.16893       -0.17166        0.18823       -0.17032
         16.916       0.011495       0.026122      0.0013373      0.0012895       0.016014       0.001313        0.19661        0.16946       -0.16896       -0.17169        0.18832       -0.17035
         16.922        0.01145       0.025948      0.0013368      0.0012891       0.015937      0.0013126        0.19663        0.16976         -0.169       -0.17172        0.18841       -0.17038
         16.928       0.011405       0.025776      0.0013364      0.0012886        0.01586      0.0013121        0.19663        0.17006       -0.16903       -0.17175        0.18849       -0.17041
         16.934       0.011361       0.025606       0.001336      0.0012882       0.015785      0.0013117        0.19664        0.17036       -0.16907       -0.17178        0.18857       -0.17045
         16.939       0.011318       0.025438      0.0013355      0.0012878        0.01571      0.0013113        0.19665        0.17065        -0.1691       -0.17181        0.18865       -0.17048
         16.945       0.011274       0.025272      0.0013351      0.0012874       0.015636      0.0013109        0.19667        0.17093       -0.16913       -0.17183        0.18873       -0.17051
         16.951        0.01123       0.025108      0.0013347       0.001287       0.015562      0.0013104        0.19668        0.17121       -0.16917       -0.17186        0.18881       -0.17054
         16.957       0.011186       0.024945      0.0013342      0.0012866       0.015487        0.00131        0.19668        0.17148        -0.1692       -0.17189        0.18888       -0.17057
         16.963       0.011142       0.024783      0.0013338      0.0012862       0.015413      0.0013096        0.19667        0.17175       -0.16924       -0.17192        0.18895        -0.1706
         16.969       0.011101       0.024624      0.0013333      0.0012858       0.015342      0.0013092        0.19666        0.17202       -0.16927       -0.17195        0.18901       -0.17064
         16.975       0.011058       0.024468      0.0013329      0.0012854       0.015271      0.0013087        0.19666        0.17228       -0.16931       -0.17198        0.18908       -0.17067
          16.98       0.011016       0.024314      0.0013325      0.0012849       0.015199      0.0013083        0.19666        0.17254       -0.16934       -0.17201        0.18914        -0.1707
         16.986       0.010975        0.02416       0.001332      0.0012845        0.01513      0.0013079        0.19664         0.1728       -0.16937       -0.17204         0.1892       -0.17073
         16.992       0.010933       0.024009      0.0013316      0.0012841        0.01506      0.0013075        0.19663        0.17306       -0.16941       -0.17207        0.18926       -0.17076
         16.998       0.010896       0.023881      0.0013312      0.0012837          0.015      0.0013071        0.19658        0.17318       -0.16944        -0.1721        0.18926       -0.17079
         17.004       0.010855       0.023732      0.0013307      0.0012833        0.01493      0.0013066        0.19657        0.17343       -0.16948       -0.17213        0.18931       -0.17083
          17.01       0.010813       0.023585      0.0013303      0.0012829       0.014861      0.0013062        0.19656        0.17368       -0.16951       -0.17216        0.18938       -0.17086
         17.016        0.01077       0.023439      0.0013299      0.0012825       0.014791      0.0013058        0.19657        0.17393       -0.16955       -0.17219        0.18945       -0.17089
         17.021       0.010728       0.023295      0.0013294      0.0012821       0.014722      0.0013054        0.19656        0.17418       -0.16958       -0.17221        0.18951       -0.17092
         17.027       0.010687       0.023152       0.001329      0.0012817       0.014654       0.001305        0.19653        0.17443       -0.16961       -0.17224        0.18956       -0.17095
         17.033       0.010646       0.023011      0.0013286      0.0012813       0.014586      0.0013045        0.19651        0.17467       -0.16965       -0.17227        0.18961       -0.17098
         17.039       0.010604       0.022871      0.0013281      0.0012809       0.014519      0.0013041        0.19651        0.17491       -0.16968        -0.1723        0.18967       -0.17102
         17.045       0.010561       0.022732      0.0013277      0.0012805        0.01445      0.0013037         0.1965        0.17515       -0.16972       -0.17233        0.18973       -0.17105
         17.051       0.010519       0.022596      0.0013273      0.0012801       0.014383      0.0013033        0.19648        0.17539       -0.16975       -0.17236        0.18978       -0.17108
         17.057       0.010478        0.02246      0.0013268      0.0012796       0.014316      0.0013029        0.19646        0.17562       -0.16978       -0.17239        0.18984       -0.17111
         17.063       0.010437       0.022326      0.0013264      0.0012792        0.01425      0.0013024        0.19644        0.17586       -0.16982       -0.17242        0.18989       -0.17114
         17.068       0.010396       0.022193       0.001326      0.0012788       0.014184       0.001302        0.19641         0.1761       -0.16985       -0.17245        0.18994       -0.17117
         17.074       0.010355       0.022062      0.0013255      0.0012784       0.014119      0.0013016        0.19637        0.17633       -0.16988       -0.17248        0.18998        -0.1712
          17.08       0.010313       0.021933      0.0013251       0.001278       0.014052      0.0013012        0.19634        0.17657       -0.16992        -0.1725        0.19002       -0.17123
         17.086       0.010265       0.021807      0.0013247      0.0012776       0.013982      0.0013008        0.19629        0.17676       -0.16995       -0.17253        0.19005       -0.17127
         17.092       0.010223       0.021679      0.0013242      0.0012772       0.013917      0.0013003        0.19626          0.177       -0.16999       -0.17256        0.19009        -0.1713
         17.098       0.010182       0.021553      0.0013238      0.0012768       0.013852      0.0012999        0.19622        0.17722       -0.17002       -0.17259        0.19013       -0.17133
         17.104       0.010141       0.021428      0.0013234      0.0012764       0.013787      0.0012995        0.19617        0.17745       -0.17005       -0.17262        0.19016       -0.17136
         17.109         0.0101       0.021304      0.0013229       0.001276       0.013723      0.0012991        0.19611        0.17768       -0.17009       -0.17265        0.19018       -0.17139
         17.115       0.010059       0.021181      0.0013225      0.0012756        0.01366      0.0012987        0.19604        0.17791       -0.17012       -0.17268        0.19021       -0.17142
         17.121       0.010019        0.02106      0.0013221      0.0012752       0.013597      0.0012983        0.19599        0.17814       -0.17015       -0.17271        0.19024       -0.17145
         17.127       0.009977       0.020939      0.0013217      0.0012748       0.013533      0.0012978        0.19591        0.17837       -0.17019       -0.17273        0.19026       -0.17148
         17.133      0.0099347       0.020819      0.0013212      0.0012744       0.013468      0.0012974        0.19582         0.1786       -0.17022       -0.17276        0.19026       -0.17151
         17.139      0.0098932       0.020702      0.0013208       0.001274       0.013405       0.001297        0.19574        0.17882       -0.17025       -0.17279        0.19027       -0.17155
         17.145      0.0098522       0.020587      0.0013204      0.0012736       0.013343      0.0012966        0.19566        0.17906       -0.17029       -0.17282        0.19029       -0.17158
          17.15      0.0098112        0.02047      0.0013199      0.0012732        0.01328      0.0012962        0.19557        0.17929       -0.17032       -0.17285         0.1903       -0.17161
         17.156      0.0097702       0.020355      0.0013195      0.0012728       0.013218      0.0012958        0.19546        0.17952       -0.17035       -0.17288        0.19029       -0.17164
         17.162      0.0097286       0.020242      0.0013191      0.0012724       0.013155      0.0012953        0.19536        0.17975       -0.17039       -0.17291        0.19029       -0.17167
         17.168      0.0096858        0.02013      0.0013187       0.001272       0.013092      0.0012949        0.19525        0.17998       -0.17042       -0.17293        0.19029        -0.1717
         17.174      0.0096432       0.020018      0.0013182      0.0012716       0.013029      0.0012945        0.19514        0.18021       -0.17045       -0.17296        0.19029       -0.17173
          17.18      0.0096011       0.019908      0.0013178      0.0012712       0.012966      0.0012941        0.19502        0.18044       -0.17049       -0.17299        0.19028       -0.17176
         17.186      0.0095576       0.019799      0.0013174      0.0012708       0.012903      0.0012937        0.19488        0.18068       -0.17052       -0.17302        0.19026       -0.17179
         17.191      0.0095138       0.019691      0.0013169      0.0012704        0.01284      0.0012933        0.19475        0.18091       -0.17055       -0.17305        0.19024       -0.17182
         17.197      0.0094771       0.019596      0.0013165        0.00127       0.012785      0.0012929        0.19451        0.18114       -0.17059       -0.17308        0.19015       -0.17185
         17.203      0.0094333        0.01949      0.0013161      0.0012696       0.012723      0.0012924        0.19436        0.18138       -0.17062        -0.1731        0.19012       -0.17188
         17.209      0.0093897       0.019385      0.0013157      0.0012692        0.01266       0.001292         0.1942        0.18162       -0.17065       -0.17313        0.19009       -0.17192
         17.215      0.0093464        0.01928      0.0013152      0.0012688       0.012598      0.0012916        0.19399        0.18185       -0.17069       -0.17316        0.19003       -0.17195
         17.221      0.0093012       0.019176      0.0013148      0.0012684       0.012534      0.0012912        0.19377        0.18209       -0.17072       -0.17319        0.18996       -0.17198
         17.227      0.0092544       0.019075      0.0013144       0.001268       0.012469      0.0012908        0.19357        0.18233       -0.17075       -0.17322         0.1899       -0.17201
         17.232       0.009208       0.018973       0.001314      0.0012676       0.012405      0.0012904        0.19337        0.18257       -0.17079       -0.17325        0.18984       -0.17204
         17.238       0.009163       0.018871      0.0013135      0.0012672       0.012342        0.00129        0.19314        0.18282       -0.17082       -0.17327        0.18977       -0.17207
         17.244      0.0091182        0.01877      0.0013131      0.0012668       0.012279      0.0012896         0.1929        0.18307       -0.17085        -0.1733        0.18969        -0.1721
          17.25      0.0090725       0.018671      0.0013127      0.0012664       0.012216      0.0012891        0.19264        0.18332       -0.17088       -0.17333         0.1896       -0.17213
         17.256      0.0090256       0.018571      0.0013123       0.001266       0.012152      0.0012887        0.19238        0.18357       -0.17092       -0.17336         0.1895       -0.17216
         17.262      0.0089788       0.018473      0.0013118      0.0012656       0.012088      0.0012883        0.19209        0.18382       -0.17095       -0.17339        0.18939       -0.17219
         17.268      0.0089334       0.018375      0.0013114      0.0012652       0.012025      0.0012879        0.19177        0.18407       -0.17098       -0.17341        0.18925       -0.17222
         17.273       0.008887       0.018279       0.001311      0.0012648       0.011962      0.0012875        0.19143        0.18432       -0.17102       -0.17344         0.1891       -0.17225
         17.279      0.0088381       0.018183      0.0013106      0.0012644       0.011897      0.0012871         0.1911        0.18458       -0.17105       -0.17347        0.18897       -0.17228
         17.285      0.0087896       0.018089      0.0013101       0.001264       0.011832      0.0012867        0.19078        0.18483       -0.17108        -0.1735        0.18883       -0.17231
         17.291      0.0087399       0.017998      0.0013097      0.0012636       0.011768      0.0012863        0.19043        0.18498       -0.17111       -0.17353        0.18865       -0.17234
         17.297      0.0086928       0.017904      0.0013093      0.0012632       0.011705      0.0012859        0.19002        0.18522       -0.17115       -0.17355        0.18845       -0.17237
         17.303      0.0086431       0.017811      0.0013089      0.0012628       0.011639      0.0012855        0.18957        0.18549       -0.17118       -0.17358        0.18824        -0.1724
         17.309      0.0085925       0.017717      0.0013084      0.0012624       0.011573       0.001285        0.18914        0.18577       -0.17121       -0.17361        0.18804       -0.17243
         17.314      0.0085425       0.017624       0.001308       0.001262       0.011508      0.0012846        0.18872        0.18604       -0.17124       -0.17364        0.18785       -0.17246
          17.32      0.0084928       0.017534      0.0013076      0.0012616       0.011443      0.0012842        0.18829         0.1863       -0.17128       -0.17367        0.18764       -0.17249
         17.326      0.0084433       0.017443      0.0013072      0.0012612       0.011379      0.0012838        0.18784        0.18656       -0.17131       -0.17369        0.18742       -0.17252
         17.332      0.0083944       0.017355      0.0013068      0.0012608       0.011315      0.0012834        0.18738         0.1868       -0.17134       -0.17372        0.18719       -0.17255
         17.338      0.0083453       0.017267      0.0013063      0.0012604       0.011252       0.001283        0.18688        0.18706       -0.17137       -0.17375        0.18694       -0.17258
         17.344      0.0082953       0.017178      0.0013059        0.00126       0.011188      0.0012826        0.18631        0.18735       -0.17141       -0.17378        0.18665       -0.17261
          17.35      0.0082449        0.01709      0.0013055      0.0012596       0.011123      0.0012822        0.18572        0.18763       -0.17144       -0.17381        0.18634       -0.17264
         17.355      0.0081953       0.017002      0.0013051      0.0012592        0.01106      0.0012818        0.18513        0.18791       -0.17147       -0.17383        0.18604       -0.17267
         17.361      0.0081463       0.016914      0.0013047      0.0012588       0.010997      0.0012814        0.18453        0.18819        -0.1715       -0.17386        0.18572        -0.1727
         17.367      0.0080977       0.016827      0.0013042      0.0012584       0.010935       0.001281        0.18389        0.18846       -0.17154       -0.17389        0.18538       -0.17273
         17.373      0.0080497       0.016741      0.0013038       0.001258       0.010873      0.0012806         0.1832        0.18875       -0.17157       -0.17392          0.185       -0.17276
         17.379      0.0080012       0.016654      0.0013034      0.0012577       0.010811      0.0012802        0.18245        0.18905        -0.1716       -0.17394        0.18459       -0.17279
         17.385      0.0079512        0.01657       0.001303      0.0012573       0.010749      0.0012797        0.18167        0.18936       -0.17163       -0.17397        0.18417       -0.17282
         17.391         0.0079       0.016486      0.0013026      0.0012569       0.010685      0.0012793        0.18086         0.1897       -0.17167         -0.174        0.18373       -0.17285
         17.396       0.007849       0.016401      0.0013021      0.0012565       0.010622      0.0012789        0.18004        0.19001        -0.1717       -0.17403        0.18327       -0.17288
         17.402      0.0077948       0.016327      0.0013017      0.0012561       0.010558      0.0012785        0.17902        0.19035       -0.17173       -0.17405        0.18268       -0.17291
         17.408       0.007743       0.016242      0.0013013      0.0012557       0.010494      0.0012781        0.17807         0.1907       -0.17176       -0.17408        0.18214       -0.17294
         17.414      0.0076914       0.016158      0.0013009      0.0012553       0.010431      0.0012777        0.17708        0.19105       -0.17179       -0.17411        0.18159       -0.17297
          17.42      0.0076419       0.016074      0.0013005      0.0012549       0.010369      0.0012773        0.17609        0.19137       -0.17183       -0.17414        0.18102         -0.173
         17.426      0.0075925       0.015991      0.0013001      0.0012545       0.010309      0.0012769        0.17507         0.1917       -0.17186       -0.17417        0.18042       -0.17303
         17.432      0.0075426       0.015905      0.0012996      0.0012541       0.010247      0.0012765        0.17399        0.19206       -0.17189       -0.17419         0.1798       -0.17306
         17.438      0.0074946       0.015821      0.0012992      0.0012537       0.010188      0.0012761        0.17287        0.19241       -0.17192       -0.17422        0.17915       -0.17309
         17.443      0.0074482       0.015738      0.0012988      0.0012533        0.01013      0.0012757        0.17172        0.19276       -0.17196       -0.17425        0.17847       -0.17312
         17.449      0.0074016       0.015657      0.0012984       0.001253       0.010074      0.0012753        0.17052         0.1931       -0.17199       -0.17427        0.17776       -0.17315
         17.455      0.0073544       0.015574       0.001298      0.0012526       0.010016      0.0012749        0.16924        0.19341       -0.17202        -0.1743        0.17699       -0.17318
         17.461      0.0073064        0.01549      0.0012975      0.0012522      0.0099578      0.0012745        0.16792        0.19375       -0.17205       -0.17433        0.17619       -0.17321
         17.467       0.007259       0.015406      0.0012971      0.0012518      0.0099006      0.0012741        0.16657        0.19412       -0.17208       -0.17436        0.17538       -0.17324
         17.473      0.0072129       0.015324      0.0012967      0.0012514      0.0098451      0.0012737        0.16517        0.19444       -0.17211       -0.17438        0.17452       -0.17327
         17.479      0.0071668        0.01524      0.0012963       0.001251      0.0097896      0.0012733        0.16366        0.19476       -0.17215       -0.17441         0.1736        -0.1733
         17.484      0.0071215       0.015154      0.0012959      0.0012506      0.0097349      0.0012729        0.16213         0.1951       -0.17218       -0.17444        0.17265       -0.17333
          17.49      0.0070784        0.01507      0.0012955      0.0012502      0.0096828      0.0012725        0.16057        0.19542       -0.17221       -0.17447        0.17169       -0.17336
         17.496      0.0070324       0.014996      0.0012951      0.0012498        0.00963      0.0012721        0.15896        0.19556       -0.17224       -0.17449        0.17062       -0.17339
         17.502      0.0069918       0.014912      0.0012946      0.0012494      0.0095811      0.0012717        0.15729        0.19588       -0.17227       -0.17452        0.16958       -0.17342
         17.508      0.0069533       0.014828      0.0012942      0.0012491      0.0095351      0.0012713        0.15549        0.19624       -0.17231       -0.17455        0.16846       -0.17345
         17.514      0.0069152       0.014746      0.0012938      0.0012487      0.0094906      0.0012709        0.15355        0.19661       -0.17234       -0.17458        0.16725       -0.17348
          17.52      0.0068793       0.014664      0.0012934      0.0012483      0.0094485      0.0012705        0.15153        0.19692       -0.17237        -0.1746        0.16597       -0.17351
         17.525      0.0068471       0.014581       0.001293      0.0012479        0.00941      0.0012701         0.1495        0.19721        -0.1724       -0.17463        0.16469       -0.17353
         17.531      0.0068148       0.014497      0.0012926      0.0012475      0.0093722      0.0012697        0.14741        0.19755       -0.17243       -0.17466        0.16337       -0.17356
         17.537      0.0067844       0.014411      0.0012922      0.0012471      0.0093365      0.0012693        0.14524        0.19791       -0.17246       -0.17468        0.16202       -0.17359
         17.543      0.0067587       0.014326      0.0012917      0.0012467       0.009306      0.0012689        0.14302        0.19826       -0.17249       -0.17471        0.16064       -0.17362
         17.549      0.0067345       0.014241      0.0012913      0.0012463      0.0092777      0.0012685        0.14072        0.19859       -0.17253       -0.17474         0.1592       -0.17365
         17.555      0.0067116       0.014156      0.0012909       0.001246      0.0092517      0.0012681        0.13834        0.19894       -0.17256       -0.17476        0.15771       -0.17368
         17.561      0.0066945       0.014072      0.0012905      0.0012456      0.0092323      0.0012677        0.13587        0.19933       -0.17259       -0.17479         0.1562       -0.17371
         17.566      0.0066826       0.013983      0.0012901      0.0012452       0.009218      0.0012673        0.13335        0.19974       -0.17262       -0.17482        0.15467       -0.17374
         17.572      0.0066734       0.013893      0.0012897      0.0012448       0.009207      0.0012669        0.13076        0.20018       -0.17265       -0.17485        0.15311       -0.17377
         17.578      0.0066701       0.013803      0.0012893      0.0012444      0.0092028      0.0012665        0.12811        0.20069       -0.17268       -0.17487        0.15156        -0.1738
         17.584      0.0066719       0.013718      0.0012889       0.001244      0.0092059      0.0012661         0.1254        0.20119       -0.17271        -0.1749        0.14998       -0.17383
          17.59      0.0066765       0.013636      0.0012884      0.0012436      0.0092124      0.0012657        0.12265        0.20161       -0.17275       -0.17493        0.14836       -0.17386
         17.596      0.0066874       0.013548       0.001288      0.0012433      0.0092249      0.0012653        0.11984        0.20205       -0.17278       -0.17495        0.14673       -0.17388
         17.602      0.0066947       0.013457      0.0012876      0.0012429      0.0092403      0.0012649        0.11642        0.20273       -0.17281       -0.17498        0.14477       -0.17391
         17.607      0.0067174       0.013369      0.0012872      0.0012425      0.0092686      0.0012645        0.11347        0.20346       -0.17284       -0.17501         0.1432       -0.17394
         17.613      0.0067491        0.01329      0.0012868      0.0012421      0.0093083      0.0012641        0.11051        0.20412       -0.17287       -0.17503        0.14163       -0.17397
         17.619      0.0067873       0.013215      0.0012864      0.0012417      0.0093552      0.0012637        0.10761        0.20476        -0.1729       -0.17506        0.14013         -0.174
         17.625      0.0068312       0.013144       0.001286      0.0012413      0.0094094      0.0012633         0.1047        0.20541       -0.17293       -0.17509        0.13865       -0.17403
         17.631      0.0068831       0.013075      0.0012856       0.001241      0.0094722      0.0012629         0.1018        0.20603       -0.17296       -0.17511         0.1372       -0.17406
         17.637      0.0069434       0.013005      0.0012852      0.0012406      0.0095434      0.0012625       0.098945        0.20667         -0.173       -0.17514        0.13585       -0.17409
         17.643      0.0070135       0.012945      0.0012848      0.0012402      0.0096272      0.0012621       0.096152        0.20742       -0.17303       -0.17517        0.13461       -0.17412
         17.648      0.0070913       0.012893      0.0012844      0.0012398      0.0097188      0.0012617       0.093411          0.208       -0.17306       -0.17519        0.13338       -0.17415
         17.654      0.0071786       0.012831      0.0012839      0.0012394       0.009816      0.0012613       0.090805        0.20859       -0.17309       -0.17522        0.13233       -0.17417
          17.66      0.0072735       0.012766      0.0012835       0.001239      0.0099262      0.0012609       0.088311        0.20984       -0.17312       -0.17525        0.13163        -0.1742
         17.666      0.0073754       0.012749      0.0012831      0.0012387       0.010042      0.0012605        0.08587        0.20994       -0.17315       -0.17527        0.13052       -0.17423
         17.672      0.0074889       0.012699      0.0012827      0.0012383        0.01016      0.0012601       0.083564        0.21018       -0.17318        -0.1753        0.12968       -0.17426
         17.678      0.0076115       0.012644      0.0012823      0.0012379       0.010283      0.0012597       0.081432        0.21051       -0.17321       -0.17533        0.12906       -0.17429
         17.684      0.0077407       0.012599      0.0012819      0.0012375       0.010412      0.0012593       0.079462        0.21087       -0.17324       -0.17535        0.12858       -0.17432
         17.689      0.0078782        0.01255      0.0012815      0.0012371       0.010543       0.001259       0.077662        0.21111       -0.17327       -0.17538        0.12822       -0.17435
         17.695      0.0080268       0.012498      0.0012811      0.0012368       0.010679      0.0012586       0.076041        0.21137       -0.17331       -0.17541        0.12806       -0.17437
         17.701      0.0081724       0.012426      0.0012807      0.0012364       0.010798      0.0012582       0.074661        0.21148       -0.17334       -0.17543        0.12805        -0.1744
         17.707      0.0083332       0.012376      0.0012803       0.001236       0.010935      0.0012578       0.073481        0.21174       -0.17337       -0.17546        0.12824       -0.17443
         17.713      0.0085004       0.012322      0.0012799      0.0012356       0.011069      0.0012574         0.0725        0.21196        -0.1734       -0.17549        0.12858       -0.17446
         17.719      0.0086759       0.012266      0.0012795      0.0012352       0.011204       0.001257       0.071716        0.21222       -0.17343       -0.17551         0.1291       -0.17449
         17.725      0.0088584       0.012212      0.0012791      0.0012349       0.011338      0.0012566       0.071168         0.2125       -0.17346       -0.17554        0.12981       -0.17452
          17.73      0.0090427       0.012161      0.0012787      0.0012345       0.011467      0.0012562       0.070859        0.21273       -0.17349       -0.17557        0.13063       -0.17455
         17.736      0.0092253       0.012108      0.0012782      0.0012341       0.011587      0.0012558       0.070737        0.21291       -0.17352       -0.17559        0.13154       -0.17457
         17.742      0.0094124       0.012052      0.0012778      0.0012337       0.011702      0.0012554       0.070773        0.21307       -0.17355       -0.17562        0.13255        -0.1746
         17.748      0.0096061       0.011995      0.0012774      0.0012333       0.011812       0.001255       0.071035        0.21322       -0.17358       -0.17564         0.1337       -0.17463
         17.754      0.0097965       0.011937       0.001277       0.001233       0.011913      0.0012546       0.071515        0.21337       -0.17361       -0.17567        0.13496       -0.17466
          17.76       0.009982        0.01188      0.0012766      0.0012326       0.012003      0.0012542       0.072191        0.21352       -0.17364        -0.1757        0.13629       -0.17469
         17.766       0.010167        0.01182      0.0012762      0.0012322       0.012084      0.0012539       0.073068        0.21366       -0.17367       -0.17572        0.13771       -0.17472
         17.771       0.010351       0.011759      0.0012758      0.0012318       0.012158      0.0012535       0.074089         0.2138        -0.1737       -0.17575        0.13919       -0.17475
         17.777       0.010535       0.011698      0.0012754      0.0012314       0.012226      0.0012531       0.075223        0.21396       -0.17373       -0.17578        0.14071       -0.17477
         17.783       0.010715       0.011639       0.001275      0.0012311       0.012285      0.0012527       0.076583         0.2141       -0.17377        -0.1758        0.14231        -0.1748
         17.789       0.010883       0.011579      0.0012746      0.0012307       0.012329      0.0012523        0.07809        0.21422        -0.1738       -0.17583         0.1439       -0.17483
         17.795       0.011039       0.011518      0.0012742      0.0012303       0.012363      0.0012519       0.079653        0.21433       -0.17383       -0.17585        0.14547       -0.17486
         17.801       0.011209       0.011456      0.0012738      0.0012299       0.012402      0.0012515       0.081259        0.21452       -0.17386       -0.17588        0.14712       -0.17489
         17.807       0.011359       0.011395      0.0012734      0.0012296       0.012424      0.0012511       0.083034        0.21465       -0.17389       -0.17591        0.14873       -0.17491
         17.813       0.011501       0.011334       0.001273      0.0012292       0.012438      0.0012507       0.084912        0.21478       -0.17392       -0.17593        0.15035       -0.17494
         17.818       0.011632       0.011273      0.0012726      0.0012288       0.012442      0.0012503       0.086895         0.2149       -0.17395       -0.17596        0.15196       -0.17497
         17.824        0.01175       0.011211      0.0012722      0.0012284       0.012437        0.00125       0.088894          0.215       -0.17398       -0.17599        0.15351         -0.175
          17.83       0.011862       0.011149      0.0012718      0.0012281       0.012428      0.0012496       0.090876        0.21511       -0.17401       -0.17601        0.15502       -0.17503
         17.836       0.011968       0.011087      0.0012714      0.0012277       0.012414      0.0012492       0.092975        0.21521       -0.17404       -0.17604        0.15655       -0.17506
         17.842       0.012062       0.011025       0.001271      0.0012273       0.012391      0.0012488       0.095149        0.21531       -0.17407       -0.17606        0.15807       -0.17508
         17.848       0.012144       0.010963      0.0012706      0.0012269       0.012363      0.0012484       0.097288        0.21543        -0.1741       -0.17609        0.15952       -0.17511
         17.854       0.012224       0.010902      0.0012702      0.0012266       0.012335       0.001248       0.099349        0.21554       -0.17413       -0.17612        0.16092       -0.17514
         17.859       0.012299       0.010842      0.0012698      0.0012262       0.012304      0.0012476        0.10146        0.21562       -0.17416       -0.17614         0.1623       -0.17517
         17.865       0.012359        0.01078      0.0012694      0.0012258       0.012265      0.0012472        0.10362        0.21569       -0.17419       -0.17617        0.16364        -0.1752
         17.871       0.012411       0.010718       0.001269      0.0012254       0.012222      0.0012468        0.10573        0.21578       -0.17422       -0.17619        0.16495       -0.17522
         17.877        0.01246       0.010657      0.0012686      0.0012251       0.012179      0.0012465        0.10779        0.21587       -0.17425       -0.17622        0.16621       -0.17525
         17.883       0.012498       0.010595      0.0012682      0.0012247       0.012131      0.0012461        0.10989        0.21595       -0.17428       -0.17625        0.16746       -0.17528
         17.889       0.012525       0.010534      0.0012678      0.0012243       0.012078      0.0012457        0.11197        0.21602       -0.17431       -0.17627        0.16865       -0.17531
         17.895       0.012546       0.010472      0.0012674      0.0012239       0.012024      0.0012453          0.114        0.21609       -0.17434        -0.1763        0.16981       -0.17534
           17.9       0.012562       0.010411       0.001267      0.0012236       0.011969      0.0012449        0.11597        0.21618       -0.17437       -0.17632        0.17093       -0.17536
         17.906       0.012574        0.01035      0.0012666      0.0012232       0.011913      0.0012445        0.11792        0.21625        -0.1744       -0.17635        0.17201       -0.17539
         17.912       0.012579       0.010289      0.0012662      0.0012228       0.011854      0.0012441        0.11976        0.21626       -0.17443       -0.17637        0.17299       -0.17542
         17.918       0.012578       0.010229      0.0012658      0.0012224       0.011795      0.0012438        0.12163        0.21632       -0.17446        -0.1764          0.174       -0.17545
         17.924       0.012573       0.010169      0.0012654      0.0012221       0.011735      0.0012434        0.12345        0.21638       -0.17449       -0.17643        0.17497       -0.17547
          17.93       0.012566       0.010109       0.001265      0.0012217       0.011674       0.001243        0.12524        0.21644       -0.17452       -0.17645        0.17592        -0.1755
         17.936       0.012554       0.010049      0.0012646      0.0012213       0.011613      0.0012426        0.12699         0.2165       -0.17455       -0.17648        0.17684       -0.17553
         17.941       0.012538      0.0099897      0.0012642       0.001221       0.011552      0.0012422        0.12866        0.21653       -0.17458        -0.1765        0.17769       -0.17556
         17.947       0.012517      0.0099299      0.0012638      0.0012206       0.011488      0.0012418        0.13028        0.21657       -0.17461       -0.17653        0.17852       -0.17559
         17.953       0.012493      0.0098702      0.0012634      0.0012202       0.011425      0.0012415        0.13189        0.21662       -0.17464       -0.17655        0.17934       -0.17561
         17.959       0.012471      0.0098108       0.001263      0.0012198       0.011363      0.0012411        0.13343        0.21666       -0.17467       -0.17658        0.18013       -0.17564
         17.965        0.01245      0.0097515      0.0012626      0.0012195       0.011302      0.0012407        0.13493        0.21669        -0.1747       -0.17661        0.18089       -0.17567
         17.971       0.012421      0.0096921      0.0012622      0.0012191       0.011238      0.0012403        0.13644        0.21672       -0.17473       -0.17663        0.18164        -0.1757
         17.977       0.012389      0.0096328      0.0012618      0.0012187       0.011174      0.0012399         0.1379        0.21675       -0.17476       -0.17666        0.18236       -0.17572
         17.982       0.012359      0.0095738      0.0012614      0.0012184       0.011112      0.0012395        0.13931        0.21678       -0.17479       -0.17668        0.18306       -0.17575
         17.988       0.012324      0.0095152       0.001261       0.001218       0.011048      0.0012392         0.1407        0.21681       -0.17482       -0.17671        0.18374       -0.17578
         17.994       0.012286      0.0094569      0.0012606      0.0012176       0.010984      0.0012388        0.14203        0.21683       -0.17485       -0.17673        0.18438       -0.17581
             18       0.012263      0.0093979      0.0012602      0.0012172       0.010925      0.0012384        0.14344        0.21687       -0.17488       -0.17676         0.1851       -0.17583
         18.006       0.012226      0.0093399      0.0012598      0.0012169       0.010863       0.001238        0.14472        0.21688       -0.17491       -0.17678        0.18571       -0.17586
         18.012       0.012186      0.0092819      0.0012594      0.0012165         0.0108      0.0012376        0.14596        0.21688       -0.17493       -0.17681         0.1863       -0.17589
         18.018        0.01215      0.0092241       0.001259      0.0012161       0.010738      0.0012372        0.14718        0.21689       -0.17496       -0.17684        0.18688       -0.17592
         18.023       0.012113      0.0091668      0.0012587      0.0012158       0.010678      0.0012369        0.14833        0.21689       -0.17499       -0.17686        0.18743       -0.17594
         18.029       0.012075      0.0091088      0.0012583      0.0012154       0.010617      0.0012365        0.14948        0.21688       -0.17502       -0.17689        0.18797       -0.17597
         18.035       0.012036      0.0090509      0.0012579       0.001215       0.010555      0.0012361        0.15063        0.21689       -0.17505       -0.17691        0.18852         -0.176
         18.041       0.011996      0.0089939      0.0012575      0.0012147       0.010495      0.0012357        0.15172        0.21689       -0.17508       -0.17694        0.18903       -0.17603
         18.047       0.011955       0.008937      0.0012571      0.0012143       0.010435      0.0012353        0.15276        0.21688       -0.17511       -0.17696        0.18951       -0.17605
         18.053       0.011917      0.0088797      0.0012567      0.0012139       0.010375       0.001235         0.1538        0.21687       -0.17514       -0.17699           0.19       -0.17608
         18.059       0.011879      0.0088231      0.0012563      0.0012136       0.010317      0.0012346        0.15479        0.21686       -0.17517       -0.17701        0.19047       -0.17611
         18.064       0.011839      0.0087669      0.0012559      0.0012132       0.010258      0.0012342        0.15574        0.21684        -0.1752       -0.17704         0.1909       -0.17613
          18.07       0.011798      0.0087103      0.0012555      0.0012128       0.010199      0.0012338        0.15666        0.21681       -0.17523       -0.17706        0.19132       -0.17616
         18.076       0.011756      0.0086535      0.0012551      0.0012125        0.01014      0.0012334        0.15757        0.21679       -0.17526       -0.17709        0.19173       -0.17619
         18.082       0.011716       0.008597      0.0012547      0.0012121       0.010082      0.0012331        0.15844        0.21676       -0.17529       -0.17711        0.19213       -0.17622
         18.088       0.011677      0.0085411      0.0012543      0.0012117       0.010025      0.0012327        0.15927        0.21673       -0.17532       -0.17714        0.19251       -0.17624
         18.094       0.011639      0.0084855      0.0012539      0.0012114      0.0099683      0.0012323        0.16009         0.2167       -0.17535       -0.17716        0.19288       -0.17627
           18.1       0.011599      0.0084295      0.0012535       0.001211      0.0099114      0.0012319        0.16089        0.21666       -0.17537       -0.17719        0.19324        -0.1763
         18.105       0.011561      0.0083733      0.0012532      0.0012106      0.0098549      0.0012315        0.16167        0.21663        -0.1754       -0.17721        0.19359       -0.17632
         18.111       0.011522      0.0083177      0.0012528      0.0012103      0.0097988      0.0012312        0.16243         0.2166       -0.17543       -0.17724        0.19393       -0.17635
         18.117       0.011486      0.0082642      0.0012524      0.0012099       0.009745      0.0012308        0.16316        0.21649       -0.17546       -0.17727        0.19422       -0.17638
         18.123       0.011449      0.0082092       0.001252      0.0012095      0.0096904      0.0012304        0.16384        0.21644       -0.17549       -0.17729        0.19451       -0.17641
         18.129       0.011413      0.0081544      0.0012516      0.0012092      0.0096364        0.00123        0.16452        0.21639       -0.17552       -0.17732        0.19481       -0.17643
         18.135       0.011376      0.0080996      0.0012512      0.0012088      0.0095823      0.0012297        0.16518        0.21634       -0.17555       -0.17734         0.1951       -0.17646
         18.141        0.01134      0.0080443      0.0012508      0.0012084      0.0095281      0.0012293        0.16581        0.21628       -0.17558       -0.17737        0.19537       -0.17649
         18.146       0.011306      0.0079895      0.0012504      0.0012081      0.0094749      0.0012289        0.16642        0.21622       -0.17561       -0.17739        0.19563       -0.17651
         18.152       0.011272      0.0079355        0.00125      0.0012077      0.0094228      0.0012285          0.167        0.21616       -0.17564       -0.17742        0.19588       -0.17654
         18.158       0.011239      0.0078814      0.0012496      0.0012073      0.0093706      0.0012281        0.16757        0.21609       -0.17566       -0.17744        0.19612       -0.17657
         18.164       0.011203       0.007827      0.0012493       0.001207      0.0093175      0.0012278        0.16812        0.21601       -0.17569       -0.17747        0.19634       -0.17659
          18.17       0.011168      0.0077726      0.0012489      0.0012066      0.0092647      0.0012274        0.16866        0.21594       -0.17572       -0.17749        0.19657       -0.17662
         18.176       0.011136      0.0077182      0.0012485      0.0012063      0.0092128       0.001227        0.16918        0.21586       -0.17575       -0.17752        0.19678       -0.17665
         18.182       0.011103      0.0076641      0.0012481      0.0012059      0.0091613      0.0012266        0.16968        0.21578       -0.17578       -0.17754        0.19698       -0.17668
         18.188       0.011071      0.0076103      0.0012477      0.0012055        0.00911      0.0012263        0.17014        0.21569       -0.17581       -0.17756        0.19716        -0.1767
         18.193       0.011039      0.0075565      0.0012473      0.0012052      0.0090589      0.0012259        0.17061         0.2156       -0.17584       -0.17759        0.19734       -0.17673
         18.199       0.011018      0.0075016      0.0012469      0.0012048      0.0090104      0.0012255        0.17112        0.21552       -0.17587       -0.17761        0.19756       -0.17676
         18.205       0.010987      0.0074482      0.0012465      0.0012044      0.0089599      0.0012251        0.17154        0.21542        -0.1759       -0.17764        0.19772       -0.17678
         18.211       0.010956      0.0073949      0.0012461      0.0012041      0.0089091      0.0012248        0.17199        0.21531       -0.17592       -0.17766        0.19788       -0.17681
         18.217       0.010923       0.007341      0.0012458      0.0012037      0.0088574      0.0012244        0.17244        0.21519       -0.17595       -0.17769        0.19803       -0.17684
         18.223       0.010892      0.0072871      0.0012454      0.0012034      0.0088064       0.001224        0.17284        0.21508       -0.17598       -0.17771        0.19817       -0.17686
         18.229       0.010862      0.0072335       0.001245       0.001203      0.0087562      0.0012236        0.17322        0.21496       -0.17601       -0.17774         0.1983       -0.17689
         18.234       0.010832      0.0071799      0.0012446      0.0012026      0.0087057      0.0012233        0.17361        0.21484       -0.17604       -0.17776        0.19843       -0.17692
          18.24       0.010802      0.0071266      0.0012442      0.0012023      0.0086554      0.0012229        0.17399        0.21472       -0.17607       -0.17779        0.19855       -0.17694
         18.246       0.010774       0.007074      0.0012438      0.0012019      0.0086063      0.0012225        0.17435         0.2146        -0.1761       -0.17781        0.19867       -0.17697
         18.252       0.010747      0.0070217      0.0012434      0.0012016      0.0085574      0.0012222        0.17469        0.21446       -0.17612       -0.17784        0.19877         -0.177
         18.258       0.010717      0.0069691      0.0012431      0.0012012      0.0085078      0.0012218        0.17506         0.2143       -0.17615       -0.17786        0.19886       -0.17702
         18.264       0.010687      0.0069162      0.0012427      0.0012008      0.0084575      0.0012214        0.17542        0.21415       -0.17618       -0.17789        0.19895       -0.17705
          18.27       0.010658      0.0068633      0.0012423      0.0012005      0.0084076       0.001221        0.17575          0.214       -0.17621       -0.17791        0.19904       -0.17708
         18.275        0.01063      0.0068106      0.0012419      0.0012001      0.0083582      0.0012207        0.17606        0.21384       -0.17624       -0.17794        0.19911        -0.1771
         18.281       0.010601      0.0067581      0.0012415      0.0011998      0.0083085      0.0012203        0.17637        0.21367       -0.17627       -0.17796        0.19917       -0.17713
         18.287       0.010573      0.0067056      0.0012411      0.0011994      0.0082588      0.0012199        0.17667        0.21349        -0.1763       -0.17799        0.19921       -0.17715
         18.293       0.010545       0.006653      0.0012407       0.001199      0.0082093      0.0012196        0.17696        0.21331       -0.17632       -0.17801        0.19926       -0.17718
         18.299       0.010517      0.0066007      0.0012404      0.0011987        0.00816      0.0012192        0.17724        0.21312       -0.17635       -0.17803         0.1993       -0.17721
         18.305       0.010489      0.0065485        0.00124      0.0011983      0.0081104      0.0012188        0.17751         0.2129       -0.17638       -0.17806        0.19931       -0.17723
         18.311       0.010461      0.0064961      0.0012396       0.001198      0.0080608      0.0012184        0.17777        0.21268       -0.17641       -0.17808        0.19932       -0.17726
         18.316       0.010434      0.0064433      0.0012392      0.0011976      0.0080111      0.0012181        0.17805        0.21247       -0.17644       -0.17811        0.19934       -0.17729
         18.322       0.010406      0.0063935      0.0012388      0.0011972      0.0079631      0.0012177         0.1783        0.21216       -0.17647       -0.17813        0.19929       -0.17731
         18.328        0.01038      0.0063416      0.0012384      0.0011969      0.0079141      0.0012173        0.17854        0.21194       -0.17649       -0.17816        0.19929       -0.17734
         18.334       0.010354      0.0062901      0.0012381      0.0011965      0.0078655       0.001217        0.17881        0.21171       -0.17652       -0.17818        0.19929       -0.17737
          18.34       0.010327      0.0062388      0.0012377      0.0011962      0.0078165      0.0012166        0.17906        0.21145       -0.17655       -0.17821        0.19927       -0.17739
         18.346       0.010299      0.0061875      0.0012373      0.0011958      0.0077671      0.0012162        0.17927        0.21116       -0.17658       -0.17823        0.19921       -0.17742
         18.352       0.010272      0.0061354      0.0012369      0.0011955      0.0077172      0.0012158         0.1795        0.21086       -0.17661       -0.17825        0.19915       -0.17744
         18.357       0.010244      0.0060832      0.0012365      0.0011951      0.0076671      0.0012155        0.17974        0.21056       -0.17663       -0.17828        0.19909       -0.17747
         18.363       0.010218      0.0060315      0.0012362      0.0011947      0.0076175      0.0012151        0.17996        0.21025       -0.17666        -0.1783        0.19902        -0.1775
         18.369       0.010193      0.0059793      0.0012358      0.0011944      0.0075679      0.0012147        0.18019        0.20992       -0.17669       -0.17833        0.19894       -0.17752
         18.375       0.010167      0.0059269      0.0012354       0.001194      0.0075176      0.0012144        0.18044        0.20957       -0.17672       -0.17835        0.19885       -0.17755
         18.381       0.010138      0.0058749       0.001235      0.0011937      0.0074669       0.001214        0.18067         0.2092       -0.17675       -0.17838        0.19874       -0.17758
         18.387       0.010111      0.0058229      0.0012346      0.0011933      0.0074163      0.0012136        0.18087        0.20882       -0.17677        -0.1784        0.19862        -0.1776
         18.393       0.010086      0.0057703      0.0012342       0.001193       0.007366      0.0012133        0.18108        0.20845        -0.1768       -0.17842         0.1985       -0.17763
         18.398       0.010067      0.0057143      0.0012339      0.0011926      0.0073144      0.0012129        0.18124        0.20807       -0.17683       -0.17845        0.19837       -0.17765
         18.404       0.010041      0.0056617      0.0012335      0.0011922      0.0072633      0.0012125        0.18146        0.20767       -0.17686       -0.17847        0.19822       -0.17768
          18.41       0.010014      0.0056093      0.0012331      0.0011919      0.0072122      0.0012122        0.18165        0.20722       -0.17689        -0.1785        0.19805       -0.17771
         18.416      0.0099892      0.0055572      0.0012327      0.0011915      0.0071616      0.0012118        0.18184        0.20677       -0.17691       -0.17852        0.19787       -0.17773
         18.422      0.0099661      0.0055053      0.0012323      0.0011912      0.0071116      0.0012114        0.18204         0.2063       -0.17694       -0.17855        0.19767       -0.17776
         18.428      0.0099433      0.0054531       0.001232      0.0011908      0.0070612      0.0012111        0.18219        0.20579       -0.17697       -0.17857        0.19744       -0.17778
         18.434      0.0099197      0.0054005      0.0012316      0.0011905      0.0070101      0.0012107        0.18236        0.20525         -0.177       -0.17859        0.19719       -0.17781
         18.439      0.0098946      0.0053484      0.0012312      0.0011901      0.0069588      0.0012103        0.18257         0.2047       -0.17703       -0.17862        0.19694       -0.17784
         18.445      0.0098684      0.0052977      0.0012308      0.0011898      0.0069084        0.00121        0.18277        0.20412       -0.17705       -0.17864        0.19667       -0.17786
         18.451      0.0098423      0.0052467      0.0012304      0.0011894      0.0068577      0.0012096        0.18294        0.20349       -0.17708       -0.17867        0.19635       -0.17789
         18.457      0.0098164      0.0051949      0.0012301      0.0011891      0.0068061      0.0012092        0.18307        0.20283       -0.17711       -0.17869        0.19599       -0.17791
         18.463      0.0097893      0.0051434      0.0012297      0.0011887      0.0067544      0.0012089         0.1832        0.20213       -0.17714       -0.17871        0.19561       -0.17794
         18.469      0.0097636      0.0050921      0.0012293      0.0011884      0.0067031      0.0012085        0.18335        0.20139       -0.17716       -0.17874        0.19521       -0.17797
         18.475      0.0097415      0.0050401      0.0012289       0.001188      0.0066518      0.0012081        0.18349         0.2006       -0.17719       -0.17876        0.19477       -0.17799
          18.48      0.0097204      0.0049874      0.0012286      0.0011876      0.0066001      0.0012078        0.18353        0.19978       -0.17722       -0.17879        0.19427       -0.17802
         18.486      0.0097007      0.0049357      0.0012282      0.0011873      0.0065493      0.0012074        0.18361        0.19892       -0.17725       -0.17881        0.19376       -0.17804
         18.492      0.0096845      0.0048852      0.0012278      0.0011869      0.0065003       0.001207        0.18369        0.19801       -0.17728       -0.17883        0.19321       -0.17807
         18.498      0.0096651      0.0048351      0.0012274      0.0011866      0.0064507      0.0012067         0.1837        0.19704        -0.1773       -0.17886        0.19259       -0.17809
         18.504      0.0096608      0.0047851      0.0012271      0.0011862      0.0064047      0.0012063        0.18333          0.196       -0.17733       -0.17888         0.1918       -0.17812
          18.51      0.0096363      0.0047363      0.0012267      0.0011859      0.0063547       0.001206        0.18334         0.1949       -0.17736       -0.17891        0.19109       -0.17815
         18.516      0.0096049      0.0046885      0.0012263      0.0011855      0.0063041      0.0012056        0.18335        0.19373       -0.17739       -0.17893        0.19032       -0.17817
         18.521      0.0095767      0.0046408      0.0012259      0.0011852      0.0062542      0.0012052        0.18333        0.19248       -0.17741       -0.17895         0.1895        -0.1782
         18.527      0.0095562      0.0045961      0.0012255      0.0011848      0.0062085      0.0012049        0.18328        0.19108       -0.17744       -0.17898        0.18855       -0.17822
         18.533      0.0095291      0.0045502      0.0012252      0.0011845      0.0061604      0.0012045        0.18335        0.18967       -0.17747         -0.179        0.18763       -0.17825
         18.539      0.0095002      0.0045058      0.0012248      0.0011841      0.0061131      0.0012041        0.18342        0.18818        -0.1775       -0.17903        0.18665       -0.17827
         18.545      0.0094683      0.0044633      0.0012244      0.0011838       0.006067      0.0012038        0.18352        0.18657       -0.17752       -0.17905        0.18559        -0.1783
         18.551      0.0094347      0.0044223       0.001224      0.0011834       0.006022      0.0012034        0.18359        0.18487       -0.17755       -0.17907        0.18446       -0.17832
         18.557      0.0094016      0.0043833      0.0012237      0.0011831      0.0059791       0.001203        0.18365        0.18311       -0.17758        -0.1791        0.18328       -0.17835
         18.563      0.0093676       0.004347      0.0012233      0.0011827      0.0059385      0.0012027        0.18371        0.18126       -0.17761       -0.17912        0.18203       -0.17838
         18.568      0.0093327      0.0043134      0.0012229      0.0011824      0.0059004      0.0012023        0.18375         0.1793       -0.17763       -0.17914        0.18071        -0.1784
         18.574      0.0092993      0.0042824      0.0012225       0.001182      0.0058653       0.001202        0.18379        0.17727       -0.17766       -0.17917        0.17932       -0.17843
          18.58      0.0092671      0.0042546      0.0012222      0.0011817      0.0058337      0.0012016        0.18385        0.17512       -0.17769       -0.17919        0.17787       -0.17845
         18.586      0.0092328      0.0042305      0.0012218      0.0011813      0.0058054      0.0012012        0.18391        0.17285       -0.17771       -0.17922        0.17633       -0.17848
         18.592       0.009198      0.0042111      0.0012214       0.001181      0.0057816      0.0012009        0.18394        0.17053       -0.17774       -0.17924        0.17474        -0.1785
         18.598      0.0091541      0.0041968      0.0012211      0.0011806      0.0057613      0.0012005        0.18385        0.16789       -0.17777       -0.17926         0.1729       -0.17853
         18.604      0.0091201      0.0041867      0.0012207      0.0011803      0.0057472      0.0012002        0.18389        0.16542        -0.1778       -0.17929        0.17122       -0.17855
         18.609      0.0090859      0.0041823      0.0012203      0.0011799      0.0057388      0.0011998        0.18392        0.16292       -0.17782       -0.17931        0.16954       -0.17858
         18.615      0.0090518      0.0041851      0.0012199      0.0011796      0.0057373      0.0011994        0.18395        0.16045       -0.17785       -0.17933        0.16788        -0.1786
         18.621      0.0090171      0.0041931      0.0012196      0.0011792      0.0057408      0.0011991        0.18397        0.15801       -0.17788       -0.17936        0.16625       -0.17863
         18.627      0.0089822      0.0042073      0.0012192      0.0011789      0.0057502      0.0011987        0.18399        0.15563       -0.17791       -0.17938        0.16467       -0.17866
         18.633      0.0089478      0.0042295      0.0012188      0.0011786      0.0057671      0.0011984        0.18401        0.15341       -0.17793        -0.1794        0.16322       -0.17868
         18.639      0.0089144      0.0042575      0.0012184      0.0011782      0.0057894       0.001198        0.18403        0.15137       -0.17796       -0.17943        0.16191       -0.17871
         18.645      0.0088803      0.0042907      0.0012181      0.0011779      0.0058158      0.0011976        0.18404        0.14952       -0.17799       -0.17945        0.16074       -0.17873
          18.65      0.0088456      0.0043294      0.0012177      0.0011775      0.0058468      0.0011973        0.18411        0.14787       -0.17801       -0.17948        0.15975       -0.17876
         18.656      0.0088091      0.0043728      0.0012173      0.0011772       0.005881      0.0011969        0.18416        0.14647       -0.17804        -0.1795        0.15895       -0.17878
         18.662      0.0087714      0.0044196       0.001217      0.0011768      0.0059169      0.0011966        0.18418        0.14531       -0.17807       -0.17952         0.1583       -0.17881
         18.668      0.0087359      0.0044688      0.0012166      0.0011765      0.0059545      0.0011962        0.18422        0.14446       -0.17809       -0.17955        0.15788       -0.17883
         18.674      0.0087007      0.0045185      0.0012162      0.0011761      0.0059913      0.0011958        0.18427        0.14392       -0.17812       -0.17957        0.15768       -0.17886
          18.68      0.0086636      0.0045686      0.0012158      0.0011758      0.0060267      0.0011955        0.18428        0.14367       -0.17815       -0.17959        0.15766       -0.17888
         18.686      0.0086276       0.004618      0.0012155      0.0011754      0.0060606      0.0011951        0.18431        0.14372       -0.17818       -0.17962        0.15784       -0.17891
         18.691       0.008592      0.0046642      0.0012151      0.0011751      0.0060906      0.0011948        0.18436        0.14405        -0.1782       -0.17964         0.1582       -0.17893
         18.697      0.0085548      0.0047059      0.0012147      0.0011747      0.0061154      0.0011944        0.18438        0.14463       -0.17823       -0.17966        0.15871       -0.17896
         18.703      0.0085189      0.0047433      0.0012144      0.0011744       0.006136      0.0011941        0.18442        0.14541       -0.17826       -0.17969        0.15934       -0.17898
         18.709      0.0084827      0.0047758       0.001214      0.0011741      0.0061518      0.0011937         0.1845        0.14632       -0.17828       -0.17971        0.16005       -0.17901
         18.715      0.0084434      0.0048035      0.0012136      0.0011737      0.0061621      0.0011933        0.18452        0.14736       -0.17831       -0.17973        0.16081       -0.17903
         18.721      0.0084062      0.0048247      0.0012133      0.0011734      0.0061671       0.001193         0.1845        0.14854       -0.17834       -0.17976        0.16164       -0.17906
         18.727      0.0083711      0.0048385      0.0012129       0.001173      0.0061665      0.0011926        0.18454        0.14981       -0.17836       -0.17978        0.16251       -0.17908
         18.732      0.0083367      0.0048488      0.0012125      0.0011727      0.0061629      0.0011923        0.18451         0.1511       -0.17839        -0.1798        0.16337       -0.17911
         18.738      0.0082983      0.0048518      0.0012122      0.0011723      0.0061527      0.0011919        0.18457         0.1524       -0.17842       -0.17983        0.16425       -0.17913
         18.744      0.0082629      0.0048522      0.0012118       0.001172      0.0061412      0.0011916        0.18464        0.15362       -0.17844       -0.17985        0.16509       -0.17916
          18.75      0.0082278      0.0048441      0.0012114      0.0011716      0.0061231      0.0011912        0.18473        0.15486       -0.17847       -0.17987        0.16592       -0.17918
         18.756      0.0081914      0.0048311       0.001211      0.0011713      0.0061008      0.0011909        0.18482        0.15612        -0.1785        -0.1799        0.16676       -0.17921
         18.762      0.0081571      0.0048152      0.0012107       0.001171      0.0060769      0.0011905         0.1849        0.15736       -0.17852       -0.17992        0.16757       -0.17923
         18.768      0.0081229      0.0047957      0.0012103      0.0011706      0.0060504      0.0011901        0.18499        0.15847       -0.17855       -0.17994        0.16831       -0.17926
         18.773      0.0080879       0.004773      0.0012099      0.0011703      0.0060212      0.0011898        0.18505        0.15953       -0.17858       -0.17997          0.169       -0.17928
         18.779      0.0080546      0.0047478      0.0012096      0.0011699      0.0059907      0.0011894        0.18509        0.16056        -0.1786       -0.17999        0.16965       -0.17931
         18.785       0.008021      0.0047193      0.0012092      0.0011696      0.0059577      0.0011891        0.18517        0.16151       -0.17863       -0.18001        0.17027       -0.17933
         18.791      0.0079877      0.0046883      0.0012088      0.0011692      0.0059228      0.0011887        0.18526        0.16242       -0.17866       -0.18003        0.17086       -0.17936
         18.797      0.0079431      0.0046556      0.0012085      0.0011689      0.0058836      0.0011884        0.18535        0.16334       -0.17868       -0.18006        0.17147       -0.17938
         18.803      0.0079105      0.0046233      0.0012081      0.0011686      0.0058479       0.001188        0.18539        0.16412       -0.17871       -0.18008        0.17197       -0.17941
         18.809      0.0078797      0.0045902      0.0012077      0.0011682      0.0058124      0.0011877        0.18546        0.16488       -0.17874        -0.1801        0.17245       -0.17943
         18.814      0.0078479      0.0045559      0.0012074      0.0011679      0.0057756      0.0011873        0.18555        0.16559       -0.17876       -0.18013        0.17292       -0.17946
          18.82      0.0078156      0.0045204       0.001207      0.0011675      0.0057378       0.001187        0.18561        0.16626       -0.17879       -0.18015        0.17335       -0.17948
         18.826       0.007786      0.0044846      0.0012066      0.0011672      0.0057003      0.0011866        0.18563        0.16689       -0.17882       -0.18017        0.17374       -0.17951
         18.832       0.007758      0.0044483      0.0012063      0.0011669      0.0056629      0.0011863        0.18566        0.16752       -0.17884        -0.1802        0.17413       -0.17953
         18.838      0.0077307      0.0044117      0.0012059      0.0011665      0.0056255      0.0011859        0.18572        0.16812       -0.17887       -0.18022        0.17451       -0.17955
         18.844      0.0077027      0.0043754      0.0012056      0.0011662      0.0055882      0.0011855        0.18578        0.16871        -0.1789       -0.18024        0.17489       -0.17958
          18.85      0.0076756      0.0043391      0.0012052      0.0011658       0.005551      0.0011852        0.18582        0.16932       -0.17892       -0.18026        0.17527        -0.1796
         18.855      0.0076479      0.0043026      0.0012048      0.0011655      0.0055134      0.0011848        0.18585         0.1699       -0.17895       -0.18029        0.17564       -0.17963
         18.861      0.0076219      0.0042658      0.0012045      0.0011652       0.005476      0.0011845        0.18588        0.17048       -0.17897       -0.18031          0.176       -0.17965
         18.867       0.007597      0.0042288      0.0012041      0.0011648      0.0054387      0.0011841         0.1859        0.17107         -0.179       -0.18033        0.17637       -0.17968
         18.873      0.0075705      0.0041909      0.0012037      0.0011645      0.0054001      0.0011838        0.18593        0.17167       -0.17903       -0.18036        0.17675        -0.1797
         18.879      0.0075446      0.0041522      0.0012034      0.0011641       0.005361      0.0011834        0.18596        0.17229       -0.17905       -0.18038        0.17714       -0.17973
         18.885       0.007521      0.0041134       0.001203      0.0011638      0.0053222      0.0011831        0.18598        0.17295       -0.17908        -0.1804        0.17756       -0.17975
         18.891      0.0074972      0.0040743      0.0012026      0.0011635      0.0052831      0.0011827        0.18602        0.17364       -0.17911       -0.18042          0.178       -0.17978
         18.896      0.0074739      0.0040342      0.0012023      0.0011631      0.0052432      0.0011824        0.18606        0.17436       -0.17913       -0.18045        0.17846        -0.1798
         18.902      0.0074527      0.0039933      0.0012019      0.0011628       0.005203       0.001182        0.18611        0.17514       -0.17916       -0.18047        0.17896       -0.17982
         18.908      0.0074312      0.0039515      0.0012016      0.0011624      0.0051618      0.0011817        0.18613        0.17595       -0.17918       -0.18049        0.17948       -0.17985
         18.914      0.0074089      0.0039085      0.0012012      0.0011621      0.0051194      0.0011813        0.18612        0.17676       -0.17921       -0.18052        0.17999       -0.17987
          18.92      0.0073887      0.0038646      0.0012008      0.0011618      0.0050765       0.001181         0.1861        0.17761       -0.17924       -0.18054        0.18053        -0.1799
         18.926      0.0073703      0.0038193      0.0012005      0.0011614      0.0050327      0.0011806         0.1861        0.17853       -0.17926       -0.18056        0.18111       -0.17992
         18.932      0.0073519      0.0037725      0.0012001      0.0011611      0.0049873      0.0011803        0.18609        0.17949       -0.17929       -0.18058        0.18173       -0.17995
         18.938      0.0073321      0.0037243      0.0011997      0.0011608      0.0049402      0.0011799        0.18607        0.18049       -0.17931       -0.18061        0.18237       -0.17997
         18.943      0.0073132      0.0036749      0.0011994      0.0011604      0.0048922      0.0011796        0.18608        0.18153       -0.17934       -0.18063        0.18305          -0.18
         18.949       0.007295      0.0036238       0.001199      0.0011601      0.0048425      0.0011792        0.18609        0.18259       -0.17937       -0.18065        0.18375       -0.18002
         18.955      0.0072767      0.0035709      0.0011987      0.0011597      0.0047909      0.0011789        0.18609        0.18368       -0.17939       -0.18067        0.18448       -0.18004
         18.961       0.007259      0.0035162      0.0011983      0.0011594      0.0047376      0.0011785        0.18609        0.18484       -0.17942        -0.1807        0.18525       -0.18007
         18.967       0.007242      0.0034591      0.0011979      0.0011591      0.0046819      0.0011782        0.18609        0.18603       -0.17944       -0.18072        0.18605       -0.18009
         18.973      0.0072242      0.0033997      0.0011976      0.0011587      0.0046235      0.0011778        0.18609        0.18724       -0.17947       -0.18074        0.18687       -0.18012
         18.979       0.007207      0.0033386      0.0011972      0.0011584      0.0045634      0.0011775        0.18612        0.18848        -0.1795       -0.18077        0.18773       -0.18014
         18.984      0.0071902      0.0032758      0.0011969      0.0011581      0.0045012      0.0011771        0.18618        0.18972       -0.17952       -0.18079        0.18861       -0.18017
          18.99       0.007174      0.0032103      0.0011965      0.0011577      0.0044361      0.0011768         0.1862        0.19096       -0.17955       -0.18081        0.18949       -0.18019
         18.996      0.0071586      0.0031427      0.0011961      0.0011574      0.0043685      0.0011765        0.18618        0.19224       -0.17957       -0.18083        0.19039       -0.18021
         19.002      0.0071424      0.0030713      0.0011958      0.0011571      0.0042964      0.0011761        0.18625        0.19353        -0.1796       -0.18086        0.19134       -0.18024
         19.008      0.0071269      0.0029995      0.0011954      0.0011567      0.0042234      0.0011758        0.18623        0.19478       -0.17963       -0.18088        0.19225       -0.18026
         19.014      0.0071126      0.0029258      0.0011951      0.0011564      0.0041477      0.0011754        0.18621        0.19602       -0.17965        -0.1809        0.19316       -0.18029
          19.02      0.0070998      0.0028505      0.0011947       0.001156      0.0040698      0.0011751        0.18619        0.19725       -0.17968       -0.18092        0.19408       -0.18031
         19.025      0.0070859      0.0027735      0.0011943      0.0011557       0.003989      0.0011747        0.18616        0.19844        -0.1797       -0.18095        0.19499       -0.18033
         19.031      0.0070716      0.0026947       0.001194      0.0011554      0.0039052      0.0011744        0.18612         0.1996       -0.17973       -0.18097        0.19588       -0.18036
         19.037      0.0070579      0.0026145      0.0011936       0.001155      0.0038187       0.001174        0.18609        0.20073       -0.17975       -0.18099        0.19678       -0.18038
         19.043      0.0070445      0.0025329      0.0011933      0.0011547      0.0037296      0.0011737        0.18606        0.20181       -0.17978       -0.18101        0.19765       -0.18041
         19.049      0.0070317      0.0024499      0.0011929      0.0011544      0.0036377      0.0011733        0.18601        0.20283       -0.17981       -0.18104        0.19849       -0.18043
         19.055      0.0070194       0.002366      0.0011926       0.001154      0.0035433       0.001173        0.18596        0.20379       -0.17983       -0.18106         0.1993       -0.18045
         19.061      0.0070066      0.0022811      0.0011922      0.0011537      0.0034462      0.0011726        0.18591        0.20466       -0.17986       -0.18108        0.20006       -0.18048
         19.066      0.0069943      0.0021952      0.0011918      0.0011534      0.0033462      0.0011723        0.18585        0.20546       -0.17988        -0.1811        0.20078        -0.1805
         19.072      0.0069829      0.0021082      0.0011915       0.001153      0.0032434       0.001172        0.18577        0.20618       -0.17991       -0.18112        0.20145       -0.18053
         19.078       0.006971      0.0020208      0.0011911      0.0011527       0.003138      0.0011716        0.18573         0.2068       -0.17993       -0.18115        0.20207       -0.18055
         19.084      0.0069595      0.0019327      0.0011908      0.0011524        0.00303      0.0011713        0.18569        0.20731       -0.17996       -0.18117        0.20262       -0.18057
          19.09      0.0069495      0.0018441      0.0011904       0.001152      0.0029194      0.0011709        0.18562        0.20771       -0.17998       -0.18119        0.20308        -0.1806
         19.096      0.0069384      0.0017551      0.0011901      0.0011517       0.002806      0.0011706        0.18551        0.20796       -0.18001       -0.18121        0.20343       -0.18062
         19.102      0.0069272      0.0016659      0.0011897      0.0011514      0.0026901      0.0011702        0.18541        0.20805       -0.18004       -0.18124        0.20367       -0.18065
         19.107       0.006918      0.0015766      0.0011893      0.0011511      0.0025719      0.0011699        0.18529        0.20797       -0.18006       -0.18126        0.20377       -0.18067
         19.113      0.0069087      0.0014872       0.001189      0.0011507      0.0024511      0.0011695        0.18517        0.20769       -0.18009       -0.18128        0.20371       -0.18069
         19.119      0.0068979      0.0013978      0.0011886      0.0011504      0.0023277      0.0011692        0.18504        0.20718       -0.18011        -0.1813        0.20345       -0.18072
         19.125      0.0068879      0.0013086      0.0011883      0.0011501       0.002202      0.0011689        0.18486         0.2064       -0.18014       -0.18133        0.20297       -0.18074
         19.131      0.0068776      0.0012195      0.0011879      0.0011497      0.0020739      0.0011685        0.18468        0.20531       -0.18016       -0.18135         0.2022       -0.18077
         19.137      0.0068667      0.0011306      0.0011876      0.0011494      0.0019433      0.0011682        0.18453        0.20383       -0.18019       -0.18137        0.20111       -0.18079
         19.143      0.0068555      0.0010449      0.0011872      0.0011491      0.0018146      0.0011678         0.1845        0.20188       -0.18021       -0.18139        0.19959       -0.18081
         19.148      0.0068456     0.00095684      0.0011869      0.0011487      0.0016798      0.0011675        0.18435        0.19935       -0.18024       -0.18141        0.19751       -0.18084
         19.154      0.0068357     0.00086952      0.0011865      0.0011484      0.0015432      0.0011671        0.18421         0.1961       -0.18026       -0.18144        0.19476       -0.18086
          19.16      0.0068253     0.00078286      0.0011861      0.0011481      0.0014048      0.0011668        0.18408         0.1919       -0.18029       -0.18146         0.1911       -0.18088
         19.166      0.0068154     0.00069721      0.0011858      0.0011477       0.001265      0.0011665        0.18393        0.18637       -0.18032       -0.18148        0.18615       -0.18091
         19.172       0.006806      0.0006132      0.0011854      0.0011474      0.0011251      0.0011661        0.18377        0.17904       -0.18034        -0.1815        0.17943       -0.18093
         19.178      0.0067971     0.00053152      0.0011851      0.0011471     0.00098621      0.0011658        0.18364        0.16911       -0.18037       -0.18152        0.17016       -0.18095
         19.184      0.0067887     0.00045331      0.0011847      0.0011468     0.00085065      0.0011654        0.18348        0.15535       -0.18039       -0.18155         0.1571       -0.18098
         19.189      0.0067796      0.0003805      0.0011844      0.0011464     0.00072217      0.0011651        0.18332        0.13584       -0.18042       -0.18157        0.13833         -0.181
         19.195      0.0067703     0.00031655       0.001184      0.0011461      0.0006077      0.0011648        0.18316        0.10746       -0.18044       -0.18159        0.11073       -0.18103
         19.201      0.0067626      0.0002672      0.0011837      0.0011458     0.00051909      0.0011644        0.18306       0.065233       -0.18047       -0.18161       0.069353       -0.18105
         19.207      0.0067526     0.00024469      0.0011833      0.0011454     0.00048088      0.0011641        0.18285       0.011412       -0.18049       -0.18163       0.016403       -0.18107
         19.213      0.0067433     0.00025418       0.001183      0.0011451     0.00050538      0.0011637        0.18263       -0.04531       -0.18052       -0.18166      -0.039402        -0.1811
         19.219      0.0067331     0.00029246      0.0011826      0.0011448     0.00058833      0.0011634        0.18239      -0.092342       -0.18054       -0.18168       -0.08547       -0.18112
         19.225      0.0067219     0.00035011      0.0011823      0.0011445     0.00071266      0.0011631        0.18219        -0.1261       -0.18057        -0.1817       -0.11822       -0.18114
          19.23      0.0067112     0.00041937      0.0011819      0.0011441     0.00086382      0.0011627        0.18196       -0.14938       -0.18059       -0.18172       -0.14045       -0.18117
         19.236      0.0067018     0.00049553      0.0011816      0.0011438      0.0010329      0.0011624        0.18167       -0.16562       -0.18062       -0.18174       -0.15557       -0.18119
         19.242      0.0066922     0.00057585      0.0011812      0.0011435      0.0012148       0.001162        0.18143       -0.17728       -0.18064       -0.18177       -0.16607       -0.18121
         19.248      0.0066818     0.00065875      0.0011809      0.0011431      0.0014066      0.0011617        0.18124       -0.18591       -0.18067       -0.18179       -0.17348       -0.18124
         19.254      0.0066713     0.00074343      0.0011805      0.0011428      0.0016067      0.0011614        0.18098       -0.19247       -0.18069       -0.18181       -0.17877       -0.18126
          19.26      0.0066606     0.00082948      0.0011802      0.0011425      0.0018146       0.001161        0.18071       -0.19758       -0.18072       -0.18183       -0.18255       -0.18128
         19.266      0.0066495     0.00091662      0.0011798      0.0011422        0.00203      0.0011607        0.18046       -0.20165       -0.18074       -0.18185       -0.18522       -0.18131
         19.271       0.006639      0.0010045      0.0011795      0.0011418      0.0022521      0.0011603         0.1802       -0.20491       -0.18077       -0.18188       -0.18704       -0.18133
         19.277      0.0066284       0.001093      0.0011791      0.0011415      0.0024808        0.00116        0.17993       -0.20758       -0.18079        -0.1819       -0.18819       -0.18135
         19.283      0.0066167      0.0011821      0.0011788      0.0011412      0.0027166      0.0011597        0.17969        -0.2098       -0.18082       -0.18192       -0.18883       -0.18138
         19.289      0.0066054      0.0012718      0.0011784      0.0011409      0.0029594      0.0011593        0.17943       -0.21163       -0.18084       -0.18194       -0.18901        -0.1814
         19.295      0.0065949       0.001362      0.0011781      0.0011405      0.0032089       0.001159        0.17915       -0.21317       -0.18087       -0.18196       -0.18883       -0.18142
         19.301      0.0065836      0.0014527      0.0011777      0.0011402      0.0034657      0.0011587        0.17888       -0.21448       -0.18089       -0.18198       -0.18835       -0.18145
         19.307      0.0065714       0.001544      0.0011774      0.0011399      0.0037301      0.0011583         0.1786       -0.21558       -0.18092       -0.18201       -0.18757       -0.18147
         19.313      0.0065592      0.0016357       0.001177      0.0011395      0.0040015       0.001158        0.17833       -0.21651       -0.18094       -0.18203       -0.18654       -0.18149
         19.318      0.0065476      0.0017279      0.0011767      0.0011392      0.0042805      0.0011576         0.1781       -0.21732       -0.18097       -0.18205       -0.18532       -0.18152
         19.324      0.0065361      0.0018207      0.0011763      0.0011389      0.0045677      0.0011573        0.17785       -0.21801       -0.18099       -0.18207       -0.18391       -0.18154
          19.33      0.0065235       0.001914       0.001176      0.0011386      0.0048625       0.001157        0.17757        -0.2186       -0.18102       -0.18209       -0.18228       -0.18156
         19.336      0.0065104      0.0020079      0.0011756      0.0011382      0.0051652      0.0011566        0.17729        -0.2191       -0.18104       -0.18211       -0.18047       -0.18159
         19.342      0.0064978      0.0021022      0.0011753      0.0011379      0.0054758      0.0011563        0.17703       -0.21953       -0.18107       -0.18214       -0.17849       -0.18161
         19.348      0.0064886      0.0021939      0.0011749      0.0011376      0.0057859       0.001156        0.17703       -0.21986       -0.18109       -0.18216       -0.17651       -0.18163
         19.354      0.0064751      0.0022893      0.0011746      0.0011373      0.0061127      0.0011556        0.17677       -0.22017       -0.18111       -0.18218       -0.17422       -0.18166
         19.359       0.006461      0.0023853      0.0011742      0.0011369      0.0064481      0.0011553         0.1765       -0.22044       -0.18114        -0.1822       -0.17179       -0.18168
         19.365      0.0064461      0.0024822      0.0011739      0.0011366       0.006792       0.001155        0.17621       -0.22067       -0.18116       -0.18222       -0.16917        -0.1817
         19.371      0.0064308      0.0025797      0.0011735      0.0011363      0.0071439      0.0011546        0.17593       -0.22084       -0.18119       -0.18224       -0.16638       -0.18173
         19.377      0.0064155      0.0026778      0.0011732       0.001136      0.0075036      0.0011543        0.17565       -0.22097       -0.18121       -0.18227       -0.16344       -0.18175
         19.383      0.0063999      0.0027768      0.0011728      0.0011357      0.0078711       0.001154        0.17535       -0.22108       -0.18124       -0.18229       -0.16033       -0.18177
         19.389      0.0063852      0.0028767      0.0011725      0.0011353      0.0082454      0.0011536        0.17504       -0.22116       -0.18126       -0.18231       -0.15707       -0.18179
         19.395      0.0063705      0.0029771      0.0011721       0.001135      0.0086266      0.0011533        0.17476       -0.22121       -0.18129       -0.18233       -0.15368       -0.18182
           19.4      0.0063527       0.003081      0.0011718      0.0011347      0.0090311      0.0011529        0.17467        -0.2212       -0.18131       -0.18235          -0.15       -0.18184
         19.406      0.0063383      0.0031833      0.0011715      0.0011344       0.009423      0.0011526        0.17433        -0.2212       -0.18134       -0.18237       -0.14627       -0.18186
         19.412       0.006324      0.0032865      0.0011711       0.001134      0.0098213      0.0011523        0.17404       -0.22118       -0.18136        -0.1824        -0.1424       -0.18189
         19.418      0.0063085      0.0033907      0.0011708      0.0011337       0.010223      0.0011519        0.17373       -0.22115       -0.18139       -0.18242       -0.13834       -0.18191
         19.424      0.0062937      0.0034957      0.0011704      0.0011334       0.010625      0.0011516        0.17339       -0.22109       -0.18141       -0.18244       -0.13414       -0.18193
          19.43      0.0062791      0.0036019      0.0011701      0.0011331        0.01103      0.0011513        0.17308       -0.22102       -0.18143       -0.18246       -0.12981       -0.18196
         19.436      0.0062637      0.0037091      0.0011697      0.0011328       0.011436      0.0011509        0.17277       -0.22094       -0.18146       -0.18248       -0.12531       -0.18198
         19.441      0.0062488      0.0038172      0.0011694      0.0011324       0.011838      0.0011506        0.17244       -0.22084       -0.18148        -0.1825       -0.12068         -0.182
         19.447      0.0062341      0.0039261       0.001169      0.0011321       0.012236      0.0011503        0.17213       -0.22074       -0.18151       -0.18252       -0.11595       -0.18202
         19.453      0.0062179      0.0040362      0.0011687      0.0011318       0.012632      0.0011499        0.17183       -0.22064       -0.18153       -0.18255       -0.11107       -0.18205
         19.459      0.0062017      0.0041474      0.0011683      0.0011315       0.013017      0.0011496        0.17148       -0.22052       -0.18156       -0.18257       -0.10606       -0.18207
         19.465      0.0061867      0.0042594       0.001168      0.0011311       0.013391      0.0011493        0.17114       -0.22038       -0.18158       -0.18259       -0.10097       -0.18209
         19.471      0.0061709      0.0043723      0.0011677      0.0011308       0.013754       0.001149        0.17083       -0.22023       -0.18161       -0.18261      -0.095769       -0.18212
         19.477      0.0061541      0.0044868      0.0011673      0.0011305       0.014104      0.0011486        0.17048       -0.22006       -0.18163       -0.18263       -0.09044       -0.18214
         19.482      0.0061377      0.0046029       0.001167      0.0011302       0.014434      0.0011483        0.17011       -0.21989       -0.18165       -0.18265      -0.085024       -0.18216
         19.488      0.0061222      0.0047202      0.0011666      0.0011299       0.014745       0.001148        0.16972        -0.2197       -0.18168       -0.18267      -0.079577       -0.18218
         19.494      0.0061082      0.0048388      0.0011663      0.0011295       0.015036      0.0011476        0.16934        -0.2195        -0.1817       -0.18269      -0.074143       -0.18221
           19.5      0.0060957      0.0049589      0.0011659      0.0011292       0.015311      0.0011473        0.16897       -0.21929       -0.18173       -0.18272      -0.068726       -0.18223
         19.506      0.0060826      0.0050805      0.0011656      0.0011289       0.015569       0.001147        0.16865       -0.21907       -0.18175       -0.18274      -0.063275       -0.18225
         19.512      0.0060677      0.0052033      0.0011653      0.0011286       0.015803      0.0011466        0.16831       -0.21884       -0.18177       -0.18276       -0.05778       -0.18227
         19.518      0.0060525      0.0053279      0.0011649      0.0011283       0.016011      0.0011463        0.16795       -0.21861        -0.1818       -0.18278      -0.052294        -0.1823
         19.523      0.0060387      0.0054542      0.0011646      0.0011279       0.016192       0.001146        0.16756       -0.21836       -0.18182        -0.1828      -0.046881       -0.18232
         19.529      0.0060267      0.0055818      0.0011642      0.0011276       0.016351      0.0011456        0.16719        -0.2181       -0.18185       -0.18282      -0.041586       -0.18234
         19.535      0.0060148      0.0057109      0.0011639      0.0011273       0.016495      0.0011453        0.16686       -0.21784       -0.18187       -0.18284      -0.036357       -0.18236
         19.541      0.0060015       0.005842      0.0011635       0.001127       0.016623       0.001145        0.16658       -0.21758        -0.1819       -0.18286      -0.031127       -0.18239
         19.547      0.0059874       0.005975      0.0011632      0.0011267       0.016725      0.0011447        0.16627       -0.21732       -0.18192       -0.18289      -0.025951       -0.18241
         19.553      0.0059742        0.00611      0.0011629      0.0011264       0.016802      0.0011443        0.16594       -0.21704       -0.18194       -0.18291      -0.020907       -0.18243
         19.559       0.005973      0.0062445      0.0011625       0.001126       0.016877       0.001144        0.16562       -0.21676       -0.18197       -0.18293      -0.016448       -0.18246
         19.564      0.0059611      0.0063831      0.0011622      0.0011257       0.016921      0.0011437        0.16532       -0.21646       -0.18199       -0.18295      -0.011637       -0.18248
          19.57       0.005948      0.0065241      0.0011618      0.0011254       0.016945      0.0011433        0.16502       -0.21615       -0.18202       -0.18297     -0.0068795        -0.1825
         19.576      0.0059345      0.0066674      0.0011615      0.0011251       0.016949       0.001143        0.16471       -0.21583       -0.18204       -0.18299     -0.0022346       -0.18252
         19.582      0.0059207       0.006813      0.0011612      0.0011248       0.016934      0.0011427         0.1644        -0.2155       -0.18206       -0.18301      0.0022994       -0.18255
         19.588      0.0059068      0.0069606      0.0011608      0.0011244       0.016903      0.0011423        0.16408       -0.21517       -0.18209       -0.18303      0.0066988       -0.18257
         19.594       0.005893      0.0071103      0.0011605      0.0011241       0.016855       0.001142        0.16372       -0.21483       -0.18211       -0.18305       0.010928       -0.18259
           19.6       0.005883      0.0072656      0.0011601      0.0011238       0.016796      0.0011417        0.16333       -0.21445       -0.18214       -0.18307       0.014967       -0.18261
         19.605      0.0058697      0.0074207      0.0011598      0.0011235       0.016703      0.0011414        0.16279       -0.21408       -0.18216        -0.1831       0.018764       -0.18264
         19.611      0.0058563      0.0075781      0.0011595      0.0011232       0.016619       0.001141         0.1624       -0.21371       -0.18218       -0.18312       0.022548       -0.18266
         19.617      0.0058397      0.0077389      0.0011591      0.0011229       0.016523      0.0011407        0.16205       -0.21334       -0.18221       -0.18314       0.026349       -0.18268
         19.623      0.0058224      0.0079031      0.0011588      0.0011225       0.016409      0.0011404        0.16164       -0.21295       -0.18223       -0.18316       0.029993        -0.1827
         19.629      0.0058081      0.0080698      0.0011584      0.0011222       0.016288      0.0011401        0.16114       -0.21254       -0.18226       -0.18318       0.033324       -0.18272
         19.635      0.0057944      0.0082391      0.0011581      0.0011219        0.01617      0.0011397         0.1607       -0.21214       -0.18228        -0.1832       0.036562       -0.18275
         19.641      0.0057793      0.0084116      0.0011578      0.0011216       0.016047      0.0011394        0.16029       -0.21172        -0.1823       -0.18322       0.039743       -0.18277
         19.646      0.0057641      0.0085875      0.0011574      0.0011213        0.01592      0.0011391        0.15988        -0.2113       -0.18233       -0.18324       0.042814       -0.18279
         19.652      0.0057478      0.0087666      0.0011571       0.001121       0.015784      0.0011387        0.15944       -0.21086       -0.18235       -0.18326        0.04576       -0.18281
         19.658      0.0057303      0.0089493      0.0011567      0.0011207       0.015636      0.0011384        0.15894        -0.2104       -0.18237       -0.18328       0.048556       -0.18284
         19.664      0.0057141      0.0091354      0.0011564      0.0011203       0.015489      0.0011381        0.15841       -0.20993        -0.1824       -0.18331       0.051171       -0.18286
          19.67      0.0056991      0.0093257      0.0011561        0.00112       0.015345      0.0011378        0.15788       -0.20946       -0.18242       -0.18333       0.053657       -0.18288
         19.676      0.0056833      0.0095205      0.0011557      0.0011197       0.015195      0.0011374        0.15734       -0.20895       -0.18245       -0.18335       0.056056        -0.1829
         19.682      0.0056658      0.0097187      0.0011554      0.0011194       0.015038      0.0011371        0.15676       -0.20842       -0.18247       -0.18337       0.058333       -0.18293
         19.688      0.0056484      0.0099204      0.0011551      0.0011191       0.014876      0.0011368        0.15609       -0.20787       -0.18249       -0.18339       0.060414       -0.18295
         19.693       0.005632       0.010127      0.0011547      0.0011188       0.014715      0.0011365        0.15537       -0.20732       -0.18252       -0.18341       0.062315       -0.18297
         19.699      0.0056159       0.010337      0.0011544      0.0011185       0.014557      0.0011361        0.15463       -0.20675       -0.18254       -0.18343       0.064103       -0.18299
         19.705      0.0055992       0.010553      0.0011541      0.0011181       0.014395      0.0011358        0.15382       -0.20616       -0.18256       -0.18345       0.065748       -0.18301
         19.711      0.0055827       0.010773      0.0011537      0.0011178       0.014231      0.0011355        0.15292       -0.20555       -0.18259       -0.18347       0.067197       -0.18304
         19.717      0.0055674       0.010998      0.0011534      0.0011175       0.014067      0.0011352        0.15191       -0.20492       -0.18261       -0.18349       0.068429       -0.18306
         19.723      0.0055554       0.011228       0.001153      0.0011172       0.013909      0.0011348        0.15076       -0.20427       -0.18264       -0.18351       0.069382       -0.18308
         19.729      0.0055473       0.011463      0.0011527      0.0011169       0.013761      0.0011345        0.14953        -0.2036       -0.18266       -0.18353       0.070111        -0.1831
         19.734      0.0055417       0.011705      0.0011524      0.0011166       0.013622      0.0011342        0.14826        -0.2029       -0.18268       -0.18355       0.070698       -0.18313
          19.74      0.0055397       0.011951       0.001152      0.0011163       0.013492      0.0011339        0.14686        -0.2022       -0.18271       -0.18358       0.071039       -0.18315
         19.746      0.0055447       0.012204      0.0011517      0.0011159       0.013375      0.0011335        0.14529       -0.20146       -0.18273        -0.1836       0.071039       -0.18317
         19.752      0.0055584       0.012463      0.0011514      0.0011156       0.013284      0.0011332        0.14369       -0.20071       -0.18275       -0.18362       0.070832       -0.18319
         19.758      0.0055806       0.012728       0.001151      0.0011153       0.013219      0.0011329         0.1421       -0.19994       -0.18278       -0.18364       0.070504       -0.18321
         19.764      0.0056206       0.012998      0.0011507       0.001115       0.013186      0.0011326        0.14019       -0.19913        -0.1828       -0.18366       0.069545       -0.18324
          19.77      0.0056597       0.013279      0.0011504      0.0011147       0.013171      0.0011323        0.13866       -0.19832       -0.18282       -0.18368       0.069028       -0.18326
         19.775      0.0057092       0.013566        0.00115      0.0011144       0.013187      0.0011319        0.13727       -0.19749       -0.18285        -0.1837       0.068512       -0.18328
         19.781      0.0057696        0.01386      0.0011497      0.0011141       0.013236      0.0011316        0.13607        -0.1966       -0.18287       -0.18372       0.068041        -0.1833
         19.787      0.0058379       0.014163      0.0011494      0.0011138       0.013311      0.0011313        0.13508       -0.19567       -0.18289       -0.18374       0.067712       -0.18332
         19.793      0.0059107       0.014474       0.001149      0.0011135       0.013409       0.001131        0.13437       -0.19475       -0.18292       -0.18376       0.067638       -0.18335
         19.799      0.0060008       0.014796      0.0011487      0.0011131       0.013548      0.0011306        0.13382       -0.19372       -0.18294       -0.18378       0.067531       -0.18337
         19.805      0.0060812       0.015123      0.0011484      0.0011128       0.013678      0.0011303        0.13363        -0.1927       -0.18296        -0.1838       0.067927       -0.18339
         19.811       0.006162       0.015461       0.001148      0.0011125       0.013821        0.00113        0.13377       -0.19165       -0.18299       -0.18382       0.068671       -0.18341
         19.816      0.0062423       0.015809      0.0011477      0.0011122       0.013971      0.0011297        0.13418       -0.19056       -0.18301       -0.18384        0.06972       -0.18343
         19.822      0.0063202       0.016167      0.0011474      0.0011119        0.01412      0.0011294        0.13477       -0.18942       -0.18303       -0.18386       0.070996       -0.18345
         19.828      0.0063937       0.016537       0.001147      0.0011116       0.014265       0.001129        0.13557       -0.18826       -0.18306       -0.18388        0.07254       -0.18348
         19.834       0.006464       0.016922      0.0011467      0.0011113       0.014407      0.0011287         0.1365       -0.18705       -0.18308        -0.1839       0.074289        -0.1835
          19.84      0.0065297       0.017316      0.0011464       0.001111       0.014536      0.0011284        0.13751       -0.18577        -0.1831       -0.18392       0.076151       -0.18352
         19.846      0.0065888       0.017723       0.001146      0.0011107       0.014653      0.0011281        0.13862       -0.18445       -0.18313       -0.18395        0.07819       -0.18354
         19.852      0.0066442       0.018145      0.0011457      0.0011103       0.014763      0.0011277        0.13981        -0.1831       -0.18315       -0.18397       0.080366       -0.18356
         19.857      0.0066965        0.01864      0.0011454        0.00111       0.014848      0.0011274          0.141       -0.18134       -0.18317       -0.18399        0.08276       -0.18359
         19.863      0.0067446       0.019104       0.001145      0.0011097        0.01493      0.0011271         0.1422       -0.17973        -0.1832       -0.18401       0.085031       -0.18361
         19.869      0.0067896       0.019568      0.0011447      0.0011094       0.015005      0.0011268         0.1434        -0.1781       -0.18322       -0.18403       0.087281       -0.18363
         19.875      0.0068314       0.020046      0.0011444      0.0011091       0.015068      0.0011265        0.14458        -0.1764       -0.18324       -0.18405       0.089516       -0.18365
         19.881      0.0068682       0.020539       0.001144      0.0011088       0.015116      0.0011261        0.14574       -0.17458       -0.18327       -0.18407       0.091771       -0.18367
         19.887      0.0069029       0.021046      0.0011437      0.0011085       0.015157      0.0011258         0.1469       -0.17273       -0.18329       -0.18409       0.094017       -0.18369
         19.893      0.0069375       0.021568      0.0011434      0.0011082       0.015195      0.0011255        0.14802       -0.17081       -0.18331       -0.18411       0.096211       -0.18372
         19.898      0.0069689       0.022106       0.001143      0.0011079       0.015223      0.0011252        0.14915       -0.16881       -0.18333       -0.18413       0.098419       -0.18374
         19.904       0.006997       0.022662      0.0011427      0.0011076        0.01524      0.0011249        0.15024       -0.16672       -0.18336       -0.18415        0.10059       -0.18376
          19.91      0.0070235       0.023235      0.0011424      0.0011073       0.015249      0.0011246        0.15129        -0.1645       -0.18338       -0.18417        0.10271       -0.18378
         19.916      0.0070454       0.023829      0.0011421       0.001107       0.015246      0.0011242        0.15234       -0.16219        -0.1834       -0.18419        0.10485        -0.1838
         19.922      0.0070648       0.024436      0.0011417      0.0011066       0.015234      0.0011239        0.15334       -0.15978       -0.18343       -0.18421        0.10693       -0.18382
         19.928      0.0070858       0.025067      0.0011414      0.0011063       0.015221      0.0011236        0.15423       -0.15726       -0.18345       -0.18423        0.10886       -0.18385
         19.934      0.0071072       0.025715      0.0011411       0.001106       0.015208      0.0011233        0.15514       -0.15463       -0.18347       -0.18425        0.11079       -0.18387
         19.939      0.0071237       0.026381      0.0011407      0.0011057       0.015183       0.001123        0.15606        -0.1519        -0.1835       -0.18427        0.11273       -0.18389
         19.945      0.0071389       0.027065      0.0011404      0.0011054       0.015151      0.0011226        0.15691       -0.14901       -0.18352       -0.18429        0.11459       -0.18391
         19.951      0.0071542       0.027769      0.0011401      0.0011051       0.015119      0.0011223        0.15775       -0.14599       -0.18354       -0.18431        0.11641       -0.18393
         19.957      0.0071685       0.028491      0.0011397      0.0011048       0.015082       0.001122        0.15856       -0.14284       -0.18356       -0.18433        0.11818       -0.18395
         19.963      0.0071839       0.029235      0.0011394      0.0011045       0.015046      0.0011217        0.15932       -0.13952       -0.18359       -0.18435        0.11987       -0.18398
         19.969      0.0072078       0.029987      0.0011391      0.0011042       0.015025      0.0011214        0.15991       -0.13617       -0.18361       -0.18437        0.12132         -0.184
         19.975      0.0072224       0.030769      0.0011388      0.0011039       0.014985      0.0011211        0.16066       -0.13254       -0.18363       -0.18439        0.12297       -0.18402
          19.98      0.0072362       0.031562      0.0011384      0.0011036       0.014943      0.0011207        0.16144       -0.12876       -0.18366       -0.18441        0.12464       -0.18404
         19.986      0.0072484       0.032371      0.0011381      0.0011033       0.014897      0.0011204        0.16219        -0.1248       -0.18368       -0.18443        0.12625       -0.18406
         19.992      0.0072602       0.033192      0.0011378       0.001103       0.014848      0.0011201        0.16287       -0.12065        -0.1837       -0.18445        0.12778       -0.18408
         19.998      0.0072958       0.034019      0.0011375      0.0011027       0.014847      0.0011198        0.16363       -0.11628       -0.18372       -0.18447        0.12924        -0.1841
