; zme.txt
              0          21812          21663          26241          24082    -3.7064e-06     3.4064e-06    -2.2682e-06    -1.9499e-05     2.3291e+11     1.7842e+11     2.4432e+11     1.5796e+11          -0.25          -0.25          -0.25          -0.25
       0.021533          11514         8173.2          12878         7105.7       -0.24297       -0.24345       -0.24255       -0.24387          10838         8301.2          11364         7341.6       -0.24404        -0.2446       -0.24357       -0.24274
       0.043066         5763.1         4093.7         6443.7         3559.6       -0.23596       -0.23692       -0.23512       -0.23775         5447.3         4171.1         5708.6           3680       -0.23834       -0.23951       -0.23724       -0.23552
         0.0646         3848.9         2737.1           4301         2380.6       -0.22897       -0.23042       -0.22771       -0.23166         3657.8         2798.8           3834         2463.4       -0.23303       -0.23486       -0.23114       -0.22837
       0.086133         2893.9         2061.1         3231.2         1793.4       -0.22202       -0.22396       -0.22035       -0.22562         2765.5         2112.8         2903.4           1858       -0.22809       -0.23063       -0.22531       -0.22131
        0.10767         2322.4         1657.3         2590.5         1442.8       -0.21512       -0.21757       -0.21303       -0.21965         2230.5         1699.9         2349.4         1496.9       -0.22345       -0.22673       -0.21981       -0.21437
         0.1292         1942.7         1389.7         2164.4         1210.5       -0.20829       -0.21125       -0.20579       -0.21375         1873.6         1422.9         1982.7         1257.8       -0.21905       -0.22302       -0.21466       -0.20759
        0.15073         1672.6         1199.7         1860.8         1045.7       -0.20153       -0.20501       -0.19862       -0.20794         1618.2         1223.6         1722.4         1088.2       -0.21482       -0.21941       -0.20985       -0.20098
        0.17227         1470.9         1058.3         1633.8         923.21       -0.19485       -0.19887       -0.19154       -0.20222         1426.3           1073           1528         962.05       -0.21072       -0.21585       -0.20537       -0.19456
         0.1938         1314.8         949.23         1457.8         828.79       -0.18827       -0.19284       -0.18455       -0.19662         1276.6         954.84         1377.1          864.6       -0.20671       -0.21228       -0.20119       -0.18834
        0.21533         1190.6         862.76         1317.5         754.02       -0.18179       -0.18692       -0.17768       -0.19114         1156.5         859.65         1256.4         787.13       -0.20278       -0.20869       -0.19728       -0.18233
        0.23687         1109.2         796.63         1216.9         693.46       -0.17882       -0.18463       -0.17583       -0.18147           1058         781.21         1157.4         724.03        -0.1989       -0.20504       -0.19361       -0.17654
         0.2584         1031.4         738.04         1148.3         636.16       -0.17613       -0.18112       -0.17238       -0.17417         975.77         715.43         1074.5         671.56       -0.19506       -0.20134       -0.19015       -0.17096
        0.27993         956.64          685.6         1064.7         575.37        -0.1736       -0.17843       -0.17291       -0.16403         906.01         659.43           1004         627.11       -0.19126       -0.19757       -0.18688        -0.1656
        0.30146         894.45         636.05         989.05         539.68       -0.17203       -0.17675       -0.17035       -0.15199         846.11         611.15         942.98         588.81       -0.18748       -0.19372       -0.18378       -0.16045
          0.323         835.23         591.42         932.47         515.34       -0.17117       -0.17432       -0.17027       -0.14362         794.11         569.09         889.58         555.25       -0.18372       -0.18979        -0.1808       -0.15549
        0.34453          785.5         556.26         875.61         496.43       -0.16933       -0.17204       -0.16939       -0.13556         748.54          532.1         842.31         525.37       -0.17997       -0.18578       -0.17795       -0.15072
        0.36606         744.07         523.15         832.56         485.72        -0.1677       -0.16994       -0.16856       -0.13024         708.26          499.3         800.04         498.32       -0.17624       -0.18167       -0.17518        -0.1461
         0.3876         706.81         494.18         790.92         471.62       -0.16555       -0.16706       -0.16733       -0.12575         672.42         470.02         761.92         473.41       -0.17251       -0.17746       -0.17249        -0.1416
        0.40913         674.27         469.07         755.02         463.56       -0.16298       -0.16408       -0.16542       -0.12245          640.3         443.71         727.28         450.07       -0.16879       -0.17313       -0.16987       -0.13718
        0.43066         641.85         444.46         721.14         444.41       -0.16002       -0.16103       -0.16254       -0.12166         611.35         419.93         695.57         427.77       -0.16507       -0.16869       -0.16728       -0.13275
         0.4522         610.82         420.37         693.73          423.9       -0.15609       -0.15741        -0.1601       -0.11734         585.13         398.33         666.36         406.06       -0.16135       -0.16412       -0.16473       -0.12821
        0.47373         582.98         396.21         659.61         402.24       -0.15214       -0.15346       -0.15823        -0.1158         561.24         378.63          639.3         384.57       -0.15762       -0.15941       -0.16219       -0.12335
        0.49526         555.73          373.2         628.55         370.99       -0.14843        -0.1488        -0.1549       -0.11021          539.4         360.58         614.11         363.01       -0.15388       -0.15454       -0.15964       -0.11787
         0.5168         530.11         351.86         599.72         348.88       -0.14485       -0.14399       -0.15281       -0.10268         519.33            344         590.53         341.38       -0.15012        -0.1495       -0.15708       -0.11129
        0.53833         506.61         332.97            572          325.4       -0.14177       -0.13898       -0.15061      -0.095012         500.83         328.71         568.37         320.18       -0.14634       -0.14425       -0.15449        -0.1029
        0.55986         483.94         315.71         545.01         305.44       -0.13896        -0.1343        -0.1496      -0.085199         483.69         314.58         547.46         300.73       -0.14253       -0.13876       -0.15184      -0.091944
         0.5814         464.37         299.82          517.2         287.17       -0.13591       -0.12892       -0.14693       -0.07295         467.78         301.55         527.66         285.26       -0.13867       -0.13298       -0.14912      -0.077978
        0.60293         446.72         285.78         499.58         277.68       -0.13312       -0.12276       -0.14424      -0.058232         452.96         289.62         508.86         276.23       -0.13477       -0.12686        -0.1463      -0.061571
        0.62446          431.5         275.94         480.73         271.09       -0.12953       -0.11525       -0.14284      -0.044285         439.12         278.87         490.99         274.93       -0.13079       -0.12038       -0.14335      -0.044448
          0.646         419.82         269.59         464.16         269.39       -0.12624       -0.10925       -0.14013      -0.026947         426.18         269.36         474.03         280.84       -0.12673       -0.11363       -0.14023      -0.028587
        0.66753         407.85         262.35         448.83         277.44       -0.12254       -0.10286        -0.1376     -0.0099935         414.09         260.97         457.99         292.34       -0.12255       -0.10668       -0.13692      -0.015278
        0.68906         398.09          258.5         435.03         291.67       -0.11809      -0.096273       -0.13378      0.0054273         402.86         253.59         442.92          307.5       -0.11823      -0.099566       -0.13341     -0.0050043
         0.7106         389.19         253.44         423.15         314.46       -0.11346      -0.091383        -0.1302       0.018485         392.54         247.15         428.83         324.44       -0.11377      -0.092309       -0.12972      0.0023442
        0.73213         380.92         246.72         410.05         341.96       -0.10843      -0.084779       -0.12596       0.026793         383.16         241.61         415.65         341.56       -0.10922      -0.084933       -0.12585      0.0072644
        0.75366         373.07         241.71         397.69         372.93       -0.10335      -0.077677       -0.12099       0.032544         374.61         236.93         403.34          357.8        -0.1046      -0.077479       -0.12178       0.010385
         0.7752         365.03         236.55         386.09         406.93      -0.098269      -0.070722       -0.11568       0.032791         366.79         233.05         391.98         372.67      -0.099919      -0.069982       -0.11751       0.012254
        0.79673         357.06         231.53         375.27         433.38      -0.092943      -0.063374       -0.11042       0.029674         359.67         229.91         381.67         386.05      -0.095158      -0.062466       -0.11306       0.013264
        0.81826         350.11         227.14         364.55         453.86      -0.087908      -0.055943       -0.10497       0.025139         353.26         227.46         372.41         397.96      -0.090314      -0.054937       -0.10854       0.013664
        0.83979         343.34         222.94         356.34         468.32      -0.083154      -0.048186      -0.099521       0.020018         347.59         225.71         363.97         408.43      -0.085402      -0.047388       -0.10401       0.013617
        0.86133         337.03         220.63          349.3         476.29      -0.078599      -0.039909      -0.095455       0.014099         342.67         224.72         356.13         417.49      -0.080454      -0.039833      -0.099483       0.013238
        0.88286         331.84         219.75         340.99          479.2      -0.073838       -0.03217      -0.091331       0.009632         338.45         224.54         348.79         425.15      -0.075506      -0.032332      -0.094891       0.012625
        0.90439            328         220.47         334.69         483.84      -0.069501      -0.024679      -0.087068      0.0046791          334.9         225.22         341.97         431.43       -0.07058      -0.024983      -0.090199        0.01187
        0.92593         324.45         221.97         328.49         478.98        -0.0649      -0.018338      -0.083011    -0.00051567         331.96         226.76         335.73         436.42      -0.065691      -0.017908      -0.085408       0.011056
        0.94746         322.65         223.21         323.38         472.94      -0.060217      -0.011816      -0.078003     -0.0024483         329.61         229.07         330.07          440.2       -0.06085      -0.011219       -0.08053       0.010253
        0.96899         321.22         225.55          321.2          469.5      -0.055392     -0.0050252      -0.073301     -0.0044616         327.85         232.01         324.97         442.94      -0.056076     -0.0049938       -0.07558      0.0095123
        0.99053         321.25         228.74         318.22         461.05      -0.050398      0.0016373      -0.069023     -0.0045989         326.66         235.43         320.43         444.77      -0.051396     0.00074665      -0.070565      0.0088695
         1.0121         321.76         232.91         315.97         460.04      -0.045494      0.0081979      -0.064185     -0.0030183            326         239.19         316.43         445.85      -0.046838      0.0060319      -0.065491      0.0083426
         1.0336         323.12         237.78         313.29         459.24      -0.040667       0.014424      -0.059758     -0.0028828         325.83         243.22         312.99          446.3      -0.042427       0.010909      -0.060368      0.0079385
         1.0551          324.5         244.07         310.25         457.75      -0.036365         0.0203      -0.054422     -0.0017875         326.07         247.48          310.1         446.24      -0.038181       0.015416      -0.055208      0.0076568
         1.0767          325.4         250.76         307.95         458.46      -0.032195       0.024922      -0.049404     -0.0019515         326.67         251.95         307.77         445.74      -0.034104       0.019574      -0.050031      0.0074945
         1.0982         326.54          257.9         304.57         456.64      -0.028184       0.029202      -0.043595     -0.0022236         327.58         256.61         306.01         444.86      -0.030191       0.023389      -0.044861      0.0074476
         1.1197            328         266.53         304.68         453.81      -0.024727       0.031743      -0.037555     -0.0039469         328.76         261.43         304.82         443.67      -0.026434       0.026867      -0.039724       0.007514
         1.1413         328.84         273.29         304.75         442.93      -0.021649       0.032673      -0.033131     -0.0046836         330.18         266.35         304.17         442.19      -0.022826       0.030018      -0.034647      0.0076932
         1.1628            330         278.79         304.16         435.84      -0.018812       0.033193      -0.028424     -0.0038798         331.85         271.31         304.06         440.45       -0.01936       0.032858      -0.029655      0.0079873
         1.1843         330.79         282.41         305.29         427.97      -0.016274       0.033326      -0.024106     -0.0028253         333.75         276.25         304.44          438.5      -0.016036       0.035414      -0.024771      0.0084006
         1.2059          331.9            285         306.05         425.95      -0.013763       0.034237      -0.020633    -0.00063633         335.88         281.14         305.31         436.36      -0.012859       0.037719      -0.020012       0.008939
         1.2274         332.22         287.91         307.08         424.17      -0.011252        0.03544      -0.016639    -0.00093288         338.23         285.92         306.63         434.07      -0.009836        0.03981      -0.015392      0.0096097
         1.2489         333.65         290.25         309.32         419.42     -0.0077948        0.03684      -0.013256     0.00042343         340.78         290.59         308.38         431.67     -0.0069763       0.041726      -0.010926        0.01042
         1.2705         336.83         293.06         310.68         415.09     -0.0047762       0.038982     -0.0097974      0.0015564         343.48         295.14         310.56          429.2     -0.0042821         0.0435     -0.0066284       0.011379
          1.292         339.85         297.17         313.25         412.43      -0.001796       0.041206     -0.0064772      0.0060698         346.29         299.61         313.12         426.73     -0.0017497       0.045157     -0.0025137        0.01249
         1.3135         343.67         301.21          313.8         421.74      0.0011174         0.0427     -0.0032338      0.0070681         349.18            304         316.06         424.31     0.00062958        0.04671      0.0014037       0.013759
         1.3351         347.45         304.09         315.87         419.36      0.0036186       0.044603      0.0010554      0.0061738         352.13         308.33         319.34            422      0.0028662       0.048167      0.0051117       0.015186
         1.3566            351         307.84         318.14         415.03      0.0062662       0.046514      0.0045897      0.0067936         355.13         312.61         322.92         419.87      0.0049706       0.049535      0.0086011       0.016768
         1.3781         355.07         310.34         320.33         408.04      0.0083405       0.047849      0.0086221      0.0096218         358.15         316.85         326.75         417.98      0.0069521       0.050819       0.011867       0.018496
         1.3997         357.64         312.47         324.14         410.79       0.010314       0.049987       0.012195       0.011577          361.2         321.05         330.81         416.39      0.0088188       0.052027       0.014908       0.020359
         1.4212         361.78         315.82         326.88         402.39       0.012407       0.052082       0.015059       0.012181         364.26         325.22         335.04         415.16       0.010577       0.053161       0.017725       0.022339
         1.4427         364.85         319.15         329.62          402.5       0.013279       0.054064       0.018268       0.017226         367.34         329.38          339.4         414.34       0.012234       0.054224       0.020326       0.024412
         1.4643         367.43         324.02          333.7         403.15       0.015009       0.055886       0.021047       0.015635         370.42         333.52         343.86         413.96       0.013792       0.055217       0.022717       0.026553
         1.4858         371.48         328.92         337.21         395.39       0.016072       0.056878       0.023579       0.018944          373.5         337.65         348.37         414.05       0.015257       0.056139       0.024908       0.028732
         1.5073         374.83          333.6         342.62         398.09       0.017253       0.058251       0.026306       0.020489         376.58         341.78         352.91         414.61       0.016632        0.05699       0.026912       0.030921
         1.5289          379.8         339.74         349.21         392.16       0.018061       0.059119         0.0278       0.022007         379.65         345.89         357.44         415.65        0.01792       0.057771        0.02874        0.03309
         1.5504         383.58         344.69         354.24         392.58       0.018317       0.059649       0.028833        0.02538          382.7         349.99         361.94         417.14       0.019125       0.058483       0.030406        0.03521
         1.5719         386.97         350.39         358.39         391.62          0.019       0.060688       0.029923        0.02729         385.74         354.09         366.38         419.06        0.02025       0.059127       0.031923       0.037257
         1.5935         390.42         356.76         362.05         391.29       0.019672       0.060984       0.031667       0.030812         388.75         358.17         370.76         421.36       0.021297       0.059702       0.033304       0.039209
          1.615          393.8         361.45         366.74          392.7        0.02058       0.061402       0.033519       0.033874         391.73         362.25         375.04            424       0.022268       0.060207       0.034563       0.041052
         1.6365         397.65         367.05         371.35         393.76       0.021334       0.061752       0.035181       0.037197         394.68         366.31         379.24         426.94       0.023167        0.06064        0.03571       0.042771
         1.6581          400.2         370.33         375.53         394.41       0.021787        0.06169       0.036925       0.041277         397.58         370.35         383.33         430.11       0.023996       0.060998       0.036757        0.04436
         1.6796         402.41         373.73         379.97         401.07       0.022712        0.06273       0.038849       0.045784         400.43         374.36         387.32         433.48       0.024758        0.06128       0.037714       0.045815
         1.7011         404.99         379.06         384.74         407.33        0.02339       0.063143       0.040227       0.047123         403.22         378.32          391.2         436.97       0.025454       0.061484       0.038589       0.047135
         1.7227         406.76         382.84         388.22         408.16       0.023945       0.063062       0.041618       0.049946         405.94         382.21         394.99         440.56       0.026088       0.061614       0.039387       0.048324
         1.7442         409.04         386.34         392.93         415.27       0.024487       0.063161       0.043403       0.052898          408.6         386.02         398.68         444.19       0.026663        0.06167       0.040113       0.049387
         1.7657         411.14         390.02         399.18         419.97       0.024672       0.063239        0.04448       0.054153         411.17         389.74         402.27         447.83       0.027181       0.061659       0.040768        0.05033
         1.7873         412.53         394.38         405.39         424.78       0.024622       0.063127       0.044868       0.056569         413.66         393.34         405.76         451.44       0.027646       0.061584       0.041355       0.051162
         1.8088         413.82         398.71         411.39         434.92       0.024993       0.062989       0.045416       0.057538         416.05         396.82         409.15         454.99       0.028061       0.061451       0.041874       0.051892
         1.8303         416.57         403.76         420.08         440.64       0.025232       0.062531       0.045059       0.056703         418.34         400.16         412.41         458.45       0.028429       0.061266       0.042327       0.052529
         1.8519         418.54         407.17         425.92         444.87       0.025156       0.062313       0.043798       0.057316         420.52         403.37         415.54         461.81       0.028755       0.061035       0.042717       0.053084
         1.8734         420.69         412.75         431.73          449.2       0.025525       0.062621       0.043147       0.057425         422.59         406.43         418.51         465.04       0.029041       0.060762       0.043049       0.053565
         1.8949         423.07         418.64         436.92         452.36       0.025737        0.06195       0.041868       0.058631         424.55         409.34         421.32         468.14       0.029292       0.060452       0.043328       0.053982
         1.9165         425.12          422.1         440.37         458.35       0.026247       0.061672       0.040747       0.059579         426.37          412.1         423.96         471.09       0.029512       0.060111       0.043561       0.054345
          1.938         427.71         427.06         442.44         462.64       0.026773       0.061691       0.039803       0.061051         428.08         414.71          426.4          473.9       0.029706       0.059741       0.043754        0.05466
         1.9595         429.96          430.9         443.16         470.59       0.027443       0.061235       0.039202       0.062568         429.65         417.16         428.64         476.55       0.029877       0.059347       0.043918       0.054938
         1.9811          433.2         434.52         442.34         478.17       0.027878       0.061539       0.039018       0.062789          431.1         419.45         430.67         479.04       0.030032       0.058934       0.044061       0.055184
         2.0026         434.91         439.65         441.54         482.59       0.027753       0.061216       0.039281       0.062675         432.41         421.58         432.49         481.39       0.030174       0.058503       0.044195       0.055405
         2.0241         435.79         443.58          439.7         486.19        0.02812       0.060709       0.039951       0.064391          433.6         423.56          434.1         483.58       0.030308       0.058059        0.04433       0.055607
         2.0457         437.51         448.17          439.9         498.89       0.028183       0.059869       0.040931       0.064517         434.67         425.37         435.52         485.63        0.03044       0.057605       0.044479       0.055796
         2.0672         438.06         451.39         439.01         500.92       0.027981       0.058635       0.041362       0.062403         435.62         427.03         436.77         487.54       0.030572       0.057144       0.044652       0.055977
         2.0887         438.46         455.03         438.83         505.85       0.027971       0.057494       0.042732       0.063744         436.48         428.54         437.88         489.32       0.030708       0.056679       0.044855       0.056153
         2.1103         439.17         458.58          440.2         516.63        0.02787       0.055825       0.043723       0.062241         437.24         429.89         438.89         490.98       0.030851       0.056213       0.045092       0.056327
         2.1318          439.9            461         443.31          520.9       0.027935       0.054192       0.045083       0.060558         437.92         431.08         439.83         492.52          0.031        0.05575       0.045359       0.056504
         2.1533         441.39         462.85         448.43         527.39        0.02797        0.05266       0.045351       0.059381         438.53         432.13         440.73         493.95       0.031155       0.055291       0.045649       0.056685
         2.1749         443.26         464.47         451.72         533.16       0.027957       0.051173       0.045692       0.057973         439.07         433.03          441.6         495.28       0.031315       0.054839       0.045956       0.056873
         2.1964         444.62         465.12         456.72         542.36       0.027763       0.050155       0.046018       0.056232         439.56         433.78         442.43         496.52       0.031478       0.054398       0.046274        0.05707
         2.2179         445.74          466.6         461.22         546.53       0.027998       0.049354       0.046231       0.053244         439.99          434.4         443.23         497.68       0.031642       0.053969       0.046599       0.057275
         2.2395         447.73         467.49         466.92          547.4       0.028104       0.048551       0.046233       0.051077         440.36         434.88         444.01         498.77       0.031806       0.053555       0.046929       0.057492
          2.261         448.51         468.16         471.23         545.08       0.028077       0.047891       0.045614       0.049434         440.67         435.23         444.74         499.79       0.031971       0.053158       0.047263       0.057719
         2.2825         449.08         467.52         474.02         545.36       0.028288        0.04738       0.045074         0.0492         440.91         435.46         445.45         500.74       0.032136        0.05278       0.047599       0.057959
         2.3041         449.33         468.07         475.65         545.77       0.028314       0.047529       0.044409       0.046849         441.08         435.57         446.12         501.65       0.032303       0.052423       0.047935        0.05821
         2.3256         448.89         470.26         476.04         536.29       0.028504        0.04674       0.044048       0.046313         441.18         435.57         446.76          502.5       0.032473       0.052087       0.048272       0.058474
         2.3471          448.4         469.23          477.1         533.35        0.02848       0.045544       0.043472       0.046847         441.21         435.46         447.36         503.31        0.03265       0.051775       0.048607        0.05875
         2.3687         446.94         468.37         476.07         530.96        0.02868       0.044864        0.04262       0.046924         441.18         435.26         447.92         504.09       0.032833       0.051488       0.048941       0.059037
         2.3902         447.02         467.47         474.68         531.12       0.028924       0.043991       0.041909       0.046258         441.08         434.95         448.44         504.84       0.033026       0.051226       0.049273       0.059337
         2.4117          446.4         466.71         472.45         523.37       0.028627       0.043291       0.041536       0.045111         440.92         434.57         448.92         505.56        0.03323       0.050991       0.049602       0.059647
         2.4333         445.44         466.95         471.77         521.26       0.028823       0.042197       0.041456       0.045905          440.7          434.1         449.35         506.26       0.033445       0.050784        0.04993       0.059969
         2.4548         445.56         465.26         470.87         518.41       0.028897       0.041249       0.041337        0.04553         440.43         433.55         449.73         506.94       0.033674       0.050605       0.050256       0.060301
         2.4763          445.4         465.58         471.15         517.37       0.029068       0.040727       0.041176       0.046668          440.1         432.93         450.05          507.6       0.033917       0.050454       0.050581       0.060643
         2.4979         445.66         465.13         469.91         517.06        0.02937       0.039415        0.04111       0.045876         439.74         432.25         450.32         508.25       0.034174       0.050333       0.050907       0.060994
         2.5194         446.03         463.26         470.14         512.91       0.029725       0.038851       0.041488       0.047542         439.33         431.52         450.53         508.89       0.034447       0.050241       0.051234       0.061355
         2.5409         446.46         462.03         469.01         517.06       0.030137       0.037948        0.04175       0.048408         438.89         430.73         450.68         509.52       0.034734       0.050178       0.051565       0.061723
         2.5625          446.7          458.4         468.68         516.87       0.030613       0.037728       0.042606       0.048523         438.41         429.89         450.78         510.15       0.035037       0.050146         0.0519         0.0621
          2.584         446.92         456.92         467.77         514.75        0.03112       0.037565       0.043084       0.048377          437.9         429.01         450.81         510.78       0.035355       0.050143       0.052241       0.062484
         2.6055         446.88         453.42          466.6         508.72       0.031508       0.037219       0.044103       0.050235         437.37         428.09         450.78          511.4       0.035688        0.05017        0.05259       0.062875
         2.6271          446.4         450.74         465.35         512.79       0.031889       0.037215       0.044786       0.052437         436.82         427.15         450.69         512.02       0.036036       0.050226       0.052948       0.063272
         2.6486         445.46         446.99          463.8         512.16       0.032136       0.036856       0.045788       0.052539         436.25         426.17         450.54         512.65       0.036399       0.050312       0.053317       0.063675
         2.6701         444.25         443.24         462.32         512.75       0.032597       0.036729       0.046462       0.053535         435.65         425.17         450.34         513.27       0.036777       0.050427       0.053699       0.064083
         2.6917         443.92         438.39         460.61         511.09       0.032905       0.036611        0.04752       0.053294         435.04         424.16         450.09          513.9       0.037168        0.05057       0.054096       0.064496
         2.7132         442.66         435.01         460.39          510.8       0.032992       0.037081       0.048378       0.054493         434.42         423.13         449.78         514.53       0.037574       0.050741       0.054507       0.064914
         2.7347         441.82         431.18         460.06         511.95       0.033429       0.037064       0.049132       0.053798         433.79         422.09         449.43         515.17       0.037994       0.050939       0.054937       0.065336
         2.7563         441.34         428.15         460.74          507.1       0.033623       0.037819       0.049809       0.054274         433.14         421.05         449.03         515.82       0.038428       0.051164       0.055384       0.065761
         2.7778         440.49         425.35         460.99         507.69       0.034073        0.03796       0.050463       0.055965         432.48            420          448.6         516.47       0.038876       0.051415       0.055852        0.06619
         2.7993         440.12         421.75         462.52         512.31       0.034609       0.039079       0.051294       0.056818         431.81         418.95         448.12         517.12       0.039337       0.051691        0.05634       0.066622
         2.8208         440.17         420.65         464.12         514.68       0.035221       0.039846       0.051738       0.056241         431.14         417.91         447.62         517.79       0.039813       0.051991       0.056851       0.067057
         2.8424         439.65         416.93         464.84         513.61       0.035733       0.040686       0.052333       0.056986         430.46         416.86          447.1         518.46       0.040302       0.052315       0.057384       0.067494
         2.8639         439.15         415.14         465.16         516.35       0.036598       0.042282       0.053113       0.057454         429.78         415.83         446.55         519.13       0.040806       0.052662       0.057941       0.067933
         2.8854         438.68         413.09         465.93         514.67       0.037219       0.043114       0.054167       0.057536         429.09          414.8         445.99         519.82       0.041323       0.053031       0.058522       0.068373
          2.907         437.55         409.81         466.97         513.49       0.038078       0.044516       0.054689       0.059098          428.4         413.78         445.43         520.51       0.041855       0.053421       0.059127       0.068816
         2.9285         437.02         407.62         465.58         514.21        0.03881       0.046009       0.055475       0.060338         427.71         412.78         444.86         521.21       0.042402       0.053832       0.059756        0.06926
           2.95          435.6         404.91          465.8         515.69        0.03948       0.047376       0.056761       0.060911         427.02         411.78         444.29         521.92       0.042963       0.054263       0.060409       0.069704
         2.9716          434.5         402.93         466.42         512.48       0.040203       0.048915       0.057211       0.061073         426.34          410.8         443.74         522.64       0.043539       0.054712       0.061086        0.07015
         2.9931         433.31         401.09         465.25         510.37       0.040939       0.050133       0.057471       0.063077         425.66         409.83         443.19         523.36       0.044129       0.055181       0.061787       0.070597
         3.0146         432.55         398.68         463.11         511.42       0.041482       0.051467       0.058079       0.064077            425         408.88         442.67         524.09       0.044734       0.055667        0.06251       0.071044
         3.0362         431.11         397.01         462.18         511.38       0.042153       0.053231       0.059039         0.0653         424.34         407.94         442.17         524.83       0.045353       0.056171       0.063255       0.071491
         3.0577         430.59         396.74         461.76         513.72        0.04297       0.054714       0.059494       0.065841          423.7         407.01         441.69         525.58       0.045986       0.056692        0.06402       0.071938
         3.0792         430.02         395.71         460.06         512.67        0.04364       0.055968       0.060052       0.066313         423.07          406.1         441.25         526.34       0.046633       0.057229       0.064805       0.072386
         3.1008         429.52         395.08         458.62         512.79        0.04448       0.057724       0.060995       0.067571         422.46          405.2         440.85          527.1       0.047293       0.057783       0.065609       0.072833
         3.1223         428.88         395.41         458.31         513.76       0.045313       0.059113       0.061995       0.068693         421.87         404.32         440.48         527.87       0.047966       0.058354       0.066429        0.07328
         3.1438         428.25         395.05         457.09         515.79       0.046372       0.060539       0.062686       0.069014          421.3         403.45         440.16         528.65       0.048651        0.05894       0.067265       0.073727
         3.1654         427.65          395.4         454.93         509.82       0.047469       0.061885       0.063899       0.069144         420.75          402.6         439.88         529.44       0.049348       0.059543       0.068115       0.074173
         3.1869            427         394.56         453.73         506.12       0.048629       0.062838       0.065518       0.072479         420.23         401.76         439.64         530.24       0.050056       0.060163       0.068977       0.074619
         3.2084         426.17         393.14         453.38         510.41       0.049784       0.064329       0.066803       0.074644         419.73         400.93         439.45         531.04       0.050774         0.0608       0.069851       0.075064
           3.23         425.53         392.34         451.74         510.55       0.050933       0.065609       0.067859       0.074883         419.26         400.12          439.3         531.85       0.051502       0.061453       0.070734       0.075508
         3.2515         424.44         390.73         449.75         506.22       0.051922       0.066808        0.06925       0.076249         418.82         399.33         439.21         532.66       0.052239       0.062125       0.071625       0.075952
          3.273         423.02         388.96         447.43         505.49       0.053143       0.068054       0.070586       0.078288          418.4         398.55         439.16         533.49       0.052983       0.062815       0.072523       0.076394
         3.2946          422.3         386.94         445.68         504.32       0.054235       0.069453       0.072341       0.079389         418.02          397.8         439.16         534.32       0.053735       0.063525       0.073426       0.076836
         3.3161         420.93         385.55         444.03         503.46         0.0553       0.070786       0.073585       0.081302         417.66         397.07          439.2         535.15       0.054493       0.064253       0.074334       0.077276
         3.3376         420.32         383.13         441.69         504.34       0.056587       0.071904       0.075411       0.081542         417.33         396.37         439.29            536       0.055257       0.065002       0.075244       0.077716
         3.3592          419.8         380.64         441.24         498.63        0.05754       0.073761       0.076947       0.082477         417.03         395.69         439.42         536.85       0.056025        0.06577       0.076156       0.078154
         3.3807            419         379.64         439.16          496.8       0.058656       0.075622       0.078489       0.084455         416.76         395.06          439.6         537.71       0.056799       0.066559       0.077069       0.078591
         3.4022         418.42         378.02         438.46         494.65       0.059799       0.077291       0.080341       0.086177         416.52         394.46         439.82         538.57       0.057576       0.067367       0.077981       0.079026
         3.4238         417.81         376.82         437.07         495.04        0.06112       0.079414       0.082025       0.088124          416.3          393.9         440.08         539.44       0.058356       0.068194       0.078893       0.079461
         3.4453         417.67          376.3         436.02         492.66       0.062351       0.081438       0.084132       0.089213         416.12          393.4         440.37         540.32       0.059139       0.069038       0.079802       0.079894
         3.4668         416.96         375.78         435.52         491.48       0.063595       0.083403       0.086175       0.091831         415.96         392.95          440.7          541.2       0.059923       0.069899        0.08071       0.080325
         3.4884          416.3         374.56         435.19         490.57       0.064868       0.085229       0.088241       0.093335         415.82         392.55         441.07         542.09        0.06071       0.070774       0.081614       0.080755
         3.5099         415.01         373.21         434.43          488.8       0.066264       0.087768       0.090224       0.096029         415.71         392.22         441.46         542.98       0.061497       0.071661       0.082515       0.081184
         3.5314         414.33         373.62         433.67         489.13       0.067815       0.089968       0.092481       0.097909         415.63         391.95         441.89         543.88       0.062286       0.072557       0.083412       0.081611
          3.553         413.43         372.94         433.57         486.11       0.069103       0.091987        0.09463        0.10032         415.57         391.74         442.33         544.79       0.063074        0.07346       0.084305       0.082037
         3.5745         412.16         373.06         433.32         487.41       0.070604       0.094248       0.096562        0.10294         415.53          391.6         442.81          545.7       0.063863       0.074368       0.085195       0.082461
          3.596         411.38         373.01         432.52         485.86       0.071998        0.09618       0.098584        0.10448         415.52         391.51          443.3         546.61       0.064652       0.075278       0.086081       0.082883
         3.6176         410.33         373.23         432.82         484.28       0.073338       0.098375        0.10056        0.10751         415.52         391.49         443.82         547.54        0.06544       0.076187       0.086964       0.083304
         3.6391          409.6          374.5         432.31         485.78       0.074708        0.10021        0.10217        0.10956         415.55         391.52         444.35         548.46       0.066228       0.077095       0.087844       0.083723
         3.6606         408.72         375.25         431.99         485.41       0.075926        0.10162        0.10425        0.11145          415.6          391.6         444.89          549.4       0.067016       0.077999       0.088722       0.084141
         3.6822          407.8         375.89         432.93         485.58       0.077226        0.10324        0.10586        0.11355         415.67         391.74         445.45         550.33       0.067802       0.078899       0.089597       0.084557
         3.7037          407.2         377.51         432.91         486.57       0.078597        0.10462        0.10735        0.11542         415.75         391.92         446.03         551.28       0.068588       0.079793       0.090472       0.084971
         3.7252         407.03          378.7         433.63         487.75       0.079926        0.10579        0.10892        0.11698         415.86         392.15         446.62         552.22       0.069372        0.08068       0.091347       0.085384
         3.7468         407.07         380.34         434.05         488.23       0.081095        0.10676        0.11016        0.11864         415.98         392.42         447.22         553.17       0.070155       0.081561       0.092222       0.085795
         3.7683         406.98         381.27         434.25          489.6       0.082149        0.10749        0.11165        0.12026         416.11         392.73         447.84         554.13       0.070938       0.082435       0.093099       0.086204
         3.7898         406.63         382.74         435.57         491.32       0.083168         0.1085        0.11295        0.12167         416.27         393.07         448.47         555.09       0.071719       0.083301       0.093978       0.086612
         3.8114         406.38         384.33         435.91         493.16       0.084246         0.1089        0.11376        0.12297         416.44         393.44         449.12         556.06       0.072499       0.084159       0.094861       0.087018
         3.8329         406.27         385.61         435.51         495.96       0.085211        0.10911        0.11507        0.12412         416.63         393.85         449.79         557.03       0.073277       0.085011       0.095746       0.087422
         3.8544         406.27         386.15         436.75         499.08       0.086166        0.10908         0.1163        0.12443         416.83         394.29         450.48            558       0.074055       0.085854       0.096636       0.087825
          3.876         406.45         386.25         437.63         498.37       0.086889        0.10939        0.11692        0.12455         417.04         394.75          451.2         558.98       0.074831        0.08669        0.09753       0.088225
         3.8975         406.26         386.75         437.13         499.53       0.087405        0.10941        0.11752        0.12591         417.27         395.25         451.95         559.97       0.075606       0.087518       0.098428       0.088625
          3.919         405.89         387.09         437.32         503.95        0.08786        0.10928        0.11841          0.126         417.52         395.76         452.73         560.95        0.07638       0.088339        0.09933       0.089022
         3.9406         405.35         387.57         438.19         505.07       0.088297        0.10894        0.11859        0.12525         417.78         396.31         453.55         561.95       0.077153       0.089152        0.10023       0.089417
         3.9621         405.42         387.36         436.75         505.16       0.088696        0.10829         0.1187        0.12482         418.05         396.87          454.4         562.94       0.077924       0.089957        0.10114       0.089811
         3.9836         405.42         386.79         436.56          506.2        0.08868        0.10805        0.11934        0.12474         418.34         397.46          455.3         563.94       0.078694       0.090755        0.10205       0.090204
         4.0052          404.9         387.16         436.79         509.15       0.088829         0.1077        0.11935        0.12397         418.64         398.07         456.25         564.95       0.079463       0.091545        0.10296       0.090594
         4.0267         405.02         387.24          436.8         510.41       0.088792        0.10691        0.11952        0.12244         418.95         398.71         457.24         565.95        0.08023       0.092327        0.10387       0.090983
         4.0482          404.3         386.99         437.38         510.82       0.088722         0.1065        0.11936        0.12106         419.27         399.36         458.27         566.96       0.080996       0.093101        0.10478        0.09137
         4.0698         404.38         387.38         437.48         509.65       0.088948        0.10579        0.11927        0.11997         419.61         400.03         459.36         567.98       0.081761       0.093867        0.10568       0.091755
         4.0913         404.62         386.81         438.07         512.06       0.088827        0.10531        0.11903        0.11953         419.96         400.72         460.49            569       0.082525       0.094626        0.10658       0.092138
         4.1128         404.71         387.58         438.25         515.54       0.088948        0.10503        0.11891        0.11747         420.32         401.42         461.67         570.02       0.083288       0.095376        0.10747        0.09252
         4.1344         405.51         388.48         439.23            514       0.088853        0.10431        0.11889        0.11598         420.69         402.14         462.89         571.05       0.084049       0.096119        0.10835         0.0929
         4.1559         405.42         388.88         440.51         516.33       0.088629        0.10358        0.11873        0.11537         421.08         402.88         464.16         572.07        0.08481       0.096853        0.10923       0.093279
         4.1774         405.43         388.63         441.77         520.55       0.088625        0.10313        0.11822        0.11382         421.47         403.63         465.48         573.11        0.08557        0.09758         0.1101       0.093656
          4.199         405.89         389.75         441.89          523.4       0.088538         0.1029        0.11805        0.11177         421.88         404.39         466.83         574.14       0.086329       0.098299        0.11096       0.094031
         4.2205         405.89         390.49         443.45         522.52       0.088294        0.10229        0.11804        0.10997          422.3         405.17         468.22         575.18       0.087087       0.099011         0.1118       0.094404
          4.242         406.08         392.33         444.18         524.68       0.088262        0.10189        0.11772        0.10918         422.73         405.95         469.65         576.22       0.087845       0.099714        0.11264       0.094776
         4.2636         406.88         393.64         445.89         527.07       0.088076        0.10096        0.11791         0.1073         423.17         406.75         471.11         577.27       0.088602        0.10041        0.11346       0.095146
         4.2851         407.21         394.87         448.63         528.84       0.087803        0.10063        0.11737        0.10608         423.63         407.55         472.61         578.32       0.089359         0.1011        0.11428       0.095514
         4.3066         408.04         397.06         449.96         530.79        0.08767       0.099813        0.11691         0.1043         424.09         408.37         474.13         579.37       0.090115        0.10178        0.11508       0.095881
         4.3282         408.92         398.36         451.76         532.47        0.08757       0.099247        0.11675        0.10364         424.57         409.19         475.69         580.43       0.090871        0.10246        0.11587       0.096246
         4.3497         410.67         401.36         454.54         538.22       0.087564       0.098897        0.11644          0.102         425.06         410.02         477.26         581.48       0.091627        0.10312        0.11664       0.096609
         4.3712         412.28          403.8         457.13         541.62       0.087292       0.098122        0.11617        0.10108         425.56         410.86         478.87         582.55       0.092382        0.10378        0.11741       0.096971
         4.3928         413.61         406.26         460.78            549       0.087332       0.097681        0.11615       0.099486         426.08          411.7         480.49         583.61       0.093137        0.10444        0.11816       0.097331
         4.4143         415.62         409.68          464.8         551.32       0.087532       0.097302        0.11556       0.097094          426.6         412.55         482.13         584.68       0.093891        0.10509         0.1189       0.097689
         4.4358         417.86         412.66         467.74         555.63       0.087662       0.096618        0.11537       0.096529         427.14          413.4         483.79         585.75       0.094646        0.10573        0.11963       0.098046
         4.4574         419.92         414.86         471.96         561.69       0.087923       0.096227        0.11527       0.094773          427.7         414.25         485.47         586.82         0.0954        0.10637        0.12035       0.098401
         4.4789          422.1         417.88         475.79         566.82       0.088182       0.096041        0.11513        0.09367         428.27         415.11         487.16         587.89       0.096154          0.107        0.12106       0.098754
         4.5004         424.18         421.05         479.96         570.94        0.08855       0.095519        0.11508       0.092164         428.85         415.97         488.86         588.97       0.096907        0.10762        0.12176       0.099106
          4.522         426.48         423.61         483.59         573.04       0.088987       0.095333        0.11506       0.091463         429.45         416.83         490.58         590.05       0.097661        0.10825        0.12244       0.099457
         4.5435         429.09         427.07            488         579.31       0.089217       0.095085        0.11523       0.091586         430.06          417.7         492.31         591.13       0.098414        0.10886        0.12312       0.099805
          4.565         431.45         429.85          493.1         586.98       0.089427       0.094568        0.11507       0.090206         430.69         418.57         494.05         592.22       0.099167        0.10947        0.12378        0.10015
         4.5866         433.67         432.97         496.98         589.96       0.089784       0.094554        0.11496       0.089172         431.33         419.44          495.8         593.31       0.099919        0.11008        0.12444         0.1005
         4.6081          436.1         436.07         501.84         594.62       0.090172       0.094238        0.11492       0.088827         431.99         420.31         497.55          594.4        0.10067        0.11068        0.12508        0.10084
         4.6296         439.69         439.49          506.1         600.63       0.090506       0.094121        0.11468        0.08828         432.67         421.18         499.32         595.49        0.10142        0.11128        0.12572        0.10118
         4.6512          442.4         442.35         510.39         608.32       0.090589        0.09381        0.11515       0.087055         433.36         422.06         501.09         596.59        0.10217        0.11188        0.12634        0.10153
         4.6727         445.26         445.34         517.71         613.09         0.0913       0.093968        0.11501       0.085093         434.07         422.93         502.87         597.68        0.10292        0.11247        0.12696        0.10186
         4.6942         449.58         449.54          521.4          613.2       0.091733       0.093861        0.11458       0.084628          434.8         423.81         504.66         598.78        0.10367        0.11306        0.12757         0.1022
         4.7158         451.72         451.66         526.05         621.54       0.092159       0.093957        0.11541       0.085008         435.55         424.69         506.45         599.89        0.10442        0.11365        0.12817        0.10254
         4.7373         455.29         455.83         533.15         629.35       0.093021       0.093807         0.1153       0.083306         436.32         425.57         508.24         600.99        0.10516        0.11424        0.12877        0.10287
         4.7588         459.04          457.7         536.52         633.02       0.093656       0.094136        0.11546       0.082846          437.1         426.46         510.05          602.1        0.10591        0.11482        0.12935        0.10321
         4.7804         461.55         460.79         541.26         639.54       0.094327       0.094793        0.11591       0.083326         437.91         427.34         511.85         603.21        0.10665         0.1154        0.12993        0.10354
         4.8019         464.31         462.98         545.58         644.91       0.095089       0.094483        0.11625       0.081813         438.73         428.23         513.66         604.32        0.10739        0.11598         0.1305        0.10387
         4.8234         466.02         464.03         549.69         649.41       0.095777       0.094859         0.1167       0.081948         439.58         429.12         515.47         605.43        0.10813        0.11656        0.13106         0.1042
          4.845         467.93         465.86         551.74         653.74       0.096289       0.094635        0.11715       0.081175         440.44         430.01         517.29         606.55        0.10886        0.11713        0.13162        0.10453
         4.8665         469.29         469.09         555.55         657.36       0.096812       0.094999        0.11807       0.081928         441.32         430.91         519.11         607.67        0.10959         0.1177        0.13217        0.10485
          4.888         470.88         468.67         559.93         661.68       0.097393        0.09463         0.1181       0.080688         442.23         431.81         520.94         608.79        0.11032        0.11827        0.13271        0.10518
         4.9096         472.55         468.78         563.47         661.07       0.097912       0.095368        0.11831       0.080619         443.15         432.71         522.76         609.91        0.11105        0.11884        0.13324         0.1055
         4.9311         475.16         471.76         565.49         665.31       0.098306       0.095144        0.11799       0.080469         444.09         433.62         524.59         611.03        0.11177        0.11941        0.13377        0.10582
         4.9526         477.05         472.81          567.5         665.36       0.098462       0.094797        0.11896       0.079824         445.05         434.54         526.42         612.16        0.11249        0.11998         0.1343        0.10614
         4.9742         478.32            475         574.42         670.23       0.098892       0.095158        0.11914       0.080164         446.03         435.46         528.26         613.29         0.1132        0.12055        0.13481        0.10646
         4.9957         480.62         475.95         576.67         677.15       0.099573       0.094474        0.11918       0.078862         447.02         436.38         530.09         614.42        0.11391        0.12111        0.13532        0.10678
         5.0172         483.66         476.63          581.9         676.04        0.10013       0.095191        0.11969       0.077325         448.04         437.31         531.93         615.55        0.11461        0.12168        0.13583        0.10709
         5.0388         485.43         478.63         583.74         674.19        0.10073       0.095628        0.11986       0.078625         449.07         438.25         533.77         616.69        0.11532        0.12224        0.13633        0.10741
         5.0603         487.63          479.7         587.28         680.69        0.10151       0.095791        0.12115       0.079011         450.11         439.19         535.61         617.82        0.11601         0.1228        0.13682        0.10772
         5.0818         488.99         480.56          591.1         683.12        0.10213       0.096563        0.12143       0.078141         451.18         440.14         537.46         618.96         0.1167        0.12336        0.13731        0.10803
         5.1034         489.62         480.76         592.65         679.92        0.10314       0.096899        0.12242       0.078394         452.26          441.1          539.3          620.1        0.11739        0.12392        0.13779        0.10834
         5.1249         489.74         480.24         594.47         681.53        0.10397       0.097498        0.12296       0.079628         453.35         442.07         541.15         621.24        0.11807        0.12447        0.13827        0.10865
         5.1464         489.88         479.28          595.4         688.01        0.10501       0.097879        0.12417       0.079629         454.47         443.04            543         622.38        0.11875        0.12503        0.13875        0.10896
          5.168         490.36         477.48         597.27         686.07        0.10602       0.098721        0.12448       0.078144         455.59         444.02         544.85         623.53        0.11942        0.12558        0.13921        0.10926
         5.1895         490.95         478.34          596.2         678.63        0.10654       0.099273        0.12511       0.078192         456.73         445.01          546.7         624.67        0.12009        0.12613        0.13968        0.10957
          5.211         490.68         478.13          597.9         677.31        0.10701       0.099496        0.12581       0.079986         457.89            446         548.55         625.82        0.12075        0.12668        0.14013        0.10987
         5.2326         491.71         478.58         598.17            682        0.10765       0.099417         0.1263       0.079449         459.06         447.01          550.4         626.97         0.1214        0.12723        0.14059        0.11018
         5.2541         492.07         477.34         600.93         678.46        0.10793       0.099105        0.12677       0.078474         460.24         448.02         552.26         628.12        0.12206        0.12778        0.14104        0.11048
         5.2756         493.33         476.22         601.76         676.24        0.10862       0.099879        0.12684       0.078782         461.43         449.05         554.11         629.28         0.1227        0.12832        0.14148        0.11078
         5.2972         495.25         478.53         603.74         673.31        0.10901        0.10081        0.12775       0.079363         462.64         450.08         555.97         630.43        0.12334        0.12886        0.14192        0.11107
         5.3187          496.7         481.53         607.45         675.03        0.10978        0.10074        0.12821       0.080018         463.86         451.12         557.82         631.59        0.12398        0.12941        0.14236        0.11137
         5.3402         499.32         481.23         612.16         679.05        0.11063         0.1008        0.12881       0.080163         465.09         452.16         559.68         632.75        0.12461        0.12994        0.14279        0.11167
         5.3618         501.08         480.27         612.99         677.32        0.11127        0.10165        0.12871        0.08008         466.33         453.22         561.53         633.91        0.12524        0.13048        0.14322        0.11196
         5.3833         502.45         481.27         613.18         678.03        0.11248         0.1032         0.1304       0.081695         467.59         454.29         563.39         635.07        0.12586        0.13101        0.14364        0.11226
         5.4048         504.11         483.45         618.23         685.53        0.11377        0.10403        0.13145       0.081619         468.85         455.36         565.25         636.23        0.12648        0.13155        0.14406        0.11255
         5.4264         506.75         483.05         618.73         679.98        0.11483        0.10482        0.13257       0.080855         470.13         456.45         567.11          637.4        0.12709        0.13207        0.14448        0.11284
         5.4479         506.91         482.71         622.42         676.57        0.11532        0.10574        0.13358       0.082578         471.42         457.54         568.96         638.56        0.12769         0.1326        0.14489        0.11313
         5.4694         506.21         482.41         622.55         677.97        0.11651        0.10671        0.13411       0.083172         472.72         458.64         570.82         639.73        0.12829        0.13313         0.1453        0.11342
          5.491         507.16         482.51         624.44         676.28        0.11746        0.10729        0.13493       0.083122         474.02         459.75         572.68          640.9        0.12889        0.13365         0.1457         0.1137
         5.5125         507.36         481.11         624.39          669.6        0.11807        0.10776        0.13468       0.083734         475.34         460.87         574.54         642.07        0.12948        0.13417         0.1461        0.11399
          5.534         507.89         481.02          622.5         669.72        0.11855         0.1084         0.1355       0.085697         476.67            462          576.4         643.24        0.13007        0.13468         0.1465        0.11427
         5.5556         508.16         480.65          625.3          671.2        0.11895        0.10857          0.136        0.08556         478.01         463.13         578.25         644.41        0.13065         0.1352        0.14689        0.11456
         5.5771         509.17         480.65         625.62          670.4        0.11955        0.10972        0.13567       0.086524         479.35         464.27         580.11         645.59        0.13123        0.13571        0.14728        0.11484
         5.5986          511.3         485.16         625.85         675.54        0.12002        0.11013        0.13631       0.086199         480.71         465.43         581.97         646.76         0.1318        0.13622        0.14767        0.11512
         5.6202         513.41         486.28         629.13         669.69        0.12043        0.10939        0.13665       0.085613         482.07         466.59         583.83         647.94        0.13237        0.13672        0.14806         0.1154
         5.6417         515.35         485.75         631.49         670.06        0.12107        0.11043        0.13702        0.08756         483.45         467.76         585.68         649.12        0.13293        0.13722        0.14844        0.11568
         5.6632         517.61         488.68         633.86         673.41        0.12186        0.11112        0.13743       0.087261         484.83         468.93         587.54          650.3        0.13349        0.13772        0.14881        0.11596
         5.6848         519.56         488.91         634.63         668.98        0.12286        0.11188        0.13818       0.088354         486.22         470.12          589.4         651.48        0.13405        0.13822        0.14919        0.11623
         5.7063         521.53         490.65         637.64         672.08        0.12382        0.11327        0.13932       0.089646         487.62         471.31         591.25         652.66        0.13459        0.13871        0.14956        0.11651
         5.7278          521.9         492.37         637.94         672.37        0.12488        0.11398        0.13986       0.090275         489.03         472.51         593.11         653.85        0.13514        0.13921        0.14993        0.11678
         5.7494          523.2         492.33         637.85         673.92        0.12613        0.11456        0.14139       0.090924         490.44         473.72         594.96         655.03        0.13568        0.13969         0.1503        0.11705
         5.7709         523.12         490.33         639.87         668.92        0.12687        0.11565        0.14215       0.091059         491.87         474.93         596.82         656.22        0.13622        0.14018        0.15066        0.11733
         5.7924         522.63          491.2         639.43         666.47        0.12795        0.11693        0.14273       0.092979          493.3         476.15         598.67         657.41        0.13675        0.14066        0.15102         0.1176
          5.814         523.56         491.44         639.07         668.04        0.12859        0.11729        0.14287       0.093112         494.74         477.38         600.52          658.6        0.13727        0.14114        0.15138        0.11787
         5.8355         522.93         491.36         635.73         662.51        0.12884        0.11754        0.14311       0.093456         496.19         478.62         602.38         659.79         0.1378        0.14162        0.15173        0.11814
          5.857          523.5         490.57         635.32         662.44        0.12936        0.11774        0.14403       0.094678         497.64         479.86         604.23         660.98        0.13831        0.14209        0.15209         0.1184
         5.8786         524.96         491.01          636.8          662.6        0.12943        0.11821        0.14429        0.09434          499.1         481.12         606.08         662.17        0.13883        0.14256        0.15244        0.11867
         5.9001         525.66         491.65         639.21         657.83        0.12966        0.11833        0.14429       0.094849         500.57         482.37         607.93         663.37        0.13934        0.14303        0.15278        0.11893
         5.9216          527.8         492.87         639.58         660.24        0.13003        0.11898        0.14409       0.095956         502.05         483.64         609.78         664.56        0.13984        0.14349        0.15313         0.1192
         5.9432         529.78         495.04         641.22         660.33        0.13054        0.11935        0.14479       0.095865         503.53         484.91         611.63         665.76        0.14034        0.14395        0.15347        0.11946
         5.9647          533.1          497.2          644.6         660.78        0.13111        0.12005        0.14507       0.097103         505.02         486.19         613.48         666.95        0.14084        0.14441        0.15382        0.11972
         5.9862         534.76         499.62         645.29         664.74        0.13166        0.12055         0.1457       0.097247         506.52         487.47         615.33         668.15        0.14133        0.14487        0.15416        0.11998
         6.0078         536.36         500.19         648.29         663.11        0.13268        0.12117        0.14688       0.097704         508.02         488.76         617.18         669.35        0.14182        0.14532        0.15449        0.12024
         6.0293         537.87          501.3          650.5         661.96        0.13364        0.12216        0.14734        0.09865         509.53         490.06         619.03         670.55         0.1423        0.14577        0.15483         0.1205
         6.0508         538.87         501.11         649.59         660.75        0.13471        0.12294        0.14809        0.10016         511.04         491.36         620.88         671.75        0.14278        0.14621        0.15516        0.12076
         6.0724          539.7         500.97          648.9         662.71        0.13532        0.12387        0.14901        0.10141         512.56         492.67         622.73         672.96        0.14326        0.14666        0.15549        0.12102
         6.0939         538.36         500.71         647.67            662        0.13586        0.12445        0.14995        0.10181         514.09         493.99         624.58         674.16        0.14373         0.1471        0.15582        0.12127
         6.1154         537.84         499.41         647.88         660.57        0.13667         0.1251        0.15042        0.10246         515.62         495.31         626.43         675.37         0.1442        0.14754        0.15615        0.12153
          6.137         537.58         499.96         645.49         657.14        0.13684        0.12562        0.15041        0.10274         517.16         496.64         628.28         676.57        0.14466        0.14797        0.15648        0.12178
         6.1585         537.23         500.25         644.92         655.84          0.137        0.12551        0.15097        0.10375         518.71         497.97         630.13         677.78        0.14512         0.1484         0.1568        0.12203
           6.18         537.98         499.88          644.7         656.24        0.13704         0.1257        0.15064        0.10376         520.25         499.31         631.98         678.99        0.14557        0.14883        0.15712        0.12229
         6.2016         538.81         501.37         644.85         654.05        0.13692        0.12574        0.15106        0.10434         521.81         500.65         633.84          680.2        0.14602        0.14926        0.15744        0.12254
         6.2231         539.98         502.35         647.73         658.35        0.13705        0.12582        0.15074        0.10431         523.37            502         635.69         681.41        0.14647        0.14968        0.15776        0.12279
         6.2446         542.13         504.39         647.68         654.66        0.13728        0.12597         0.1507        0.10378         524.93         503.36         637.54         682.62        0.14692         0.1501        0.15808        0.12304
         6.2662         544.15         505.62         651.13          655.6        0.13746        0.12616        0.15138         0.1055          526.5         504.72          639.4         683.83        0.14736        0.15052         0.1584        0.12328
         6.2877         545.44         506.51         653.34         660.18        0.13818        0.12698        0.15132        0.10539         528.08         506.08         641.26         685.05        0.14779        0.15093        0.15871        0.12353
         6.3092         547.61         508.18          652.8         658.34        0.13902        0.12778        0.15205        0.10585         529.66         507.46         643.12         686.26        0.14822        0.15134        0.15903        0.12378
         6.3308         549.05         509.07         655.32            658        0.13964        0.12851        0.15332        0.10677         531.24         508.83         644.98         687.48        0.14865        0.15175        0.15934        0.12402
         6.3523         549.23         509.31         656.24         657.97        0.14052        0.12919        0.15383        0.10799         532.83         510.21         646.85         688.69        0.14908        0.15215        0.15965        0.12427
         6.3738         549.51         508.02         655.12         659.58        0.14112        0.12996        0.15456        0.10856         534.42          511.6         648.71         689.91         0.1495        0.15256        0.15996        0.12451
         6.3954         548.21          507.6         654.47          655.6        0.14156        0.13078        0.15515        0.10952         536.02         512.99         650.58         691.13        0.14991        0.15296        0.16026        0.12475
         6.4169         546.56         506.58         651.78         656.32        0.14213        0.13094        0.15548        0.11051         537.62         514.38         652.46         692.35        0.15033        0.15335        0.16057        0.12499
         6.4384         546.06         505.25         649.74         654.21        0.14246        0.13151        0.15596        0.11049         539.22         515.78         654.33         693.57        0.15074        0.15375        0.16087        0.12523
           6.46         545.86         505.65         649.56         653.51        0.14241        0.13155        0.15625        0.11086         540.83         517.19         656.21         694.79        0.15114        0.15414        0.16118        0.12547
         6.4815         545.61         505.02         649.94         651.35        0.14221        0.13135        0.15577        0.11064         542.44          518.6         658.09         696.01        0.15155        0.15453        0.16148        0.12571
          6.503          545.8         505.29         648.98         650.11        0.14212        0.13153        0.15566        0.11131         544.06         520.01         659.98         697.23        0.15195        0.15492        0.16178        0.12595
         6.5246         547.52         506.68         651.14         652.34        0.14225        0.13151        0.15563        0.11144         545.67         521.43         661.87         698.46        0.15234         0.1553        0.16208        0.12618
         6.5461         549.59         508.23         652.71         653.22        0.14206        0.13177        0.15548        0.11132          547.3         522.85         663.76         699.68        0.15274        0.15568        0.16237        0.12642
         6.5676         550.94         510.17         656.09         652.64         0.1424        0.13207        0.15569        0.11163         548.92         524.27         665.65         700.91        0.15313        0.15606        0.16267        0.12665
         6.5892         553.71         511.76         658.54         655.59        0.14287         0.1326        0.15574        0.11271         550.55          525.7         667.55         702.13        0.15351        0.15643        0.16296        0.12689
         6.6107         555.12         512.61         660.24         658.85        0.14335        0.13334        0.15639        0.11273         552.18         527.14         669.46         703.36         0.1539        0.15681        0.16325        0.12712
         6.6322         556.49         513.52         662.53         658.81         0.1442        0.13447        0.15698        0.11346         553.82         528.58         671.36         704.59        0.15427        0.15718        0.16354        0.12735
         6.6538         557.31         514.11         662.47         660.02         0.1449         0.1353        0.15765        0.11398         555.46         530.02         673.27         705.82        0.15465        0.15754        0.16383        0.12758
         6.6753         557.04         513.58         661.84         658.32        0.14557        0.13624        0.15859        0.11477          557.1         531.46         675.19         707.05        0.15502        0.15791        0.16411        0.12781
         6.6968         556.22          513.6         661.34         658.28        0.14622        0.13713        0.15927        0.11569         558.74         532.91         677.11         708.28        0.15539        0.15827         0.1644        0.12804
         6.7184         555.25          512.5         660.43         658.66        0.14678        0.13759        0.15953        0.11598         560.39         534.37         679.03         709.51        0.15576        0.15863        0.16468        0.12827
         6.7399         554.61         511.35         658.23         656.43        0.14708        0.13803        0.15975        0.11621         562.03         535.82         680.95         710.74        0.15613        0.15899        0.16496         0.1285
         6.7614         554.31         511.25         657.19         655.25         0.1471        0.13834        0.15977        0.11645         563.69         537.28         682.88         711.98        0.15649        0.15934        0.16524        0.12873
          6.783         554.34            511         656.52         656.07        0.14707        0.13838        0.15963        0.11635         565.34         538.75         684.82         713.21        0.15684         0.1597        0.16551        0.12895
         6.8045         555.28         511.45         657.84         654.68        0.14688        0.13867        0.15941        0.11599         566.99         540.22         686.75         714.45         0.1572        0.16005        0.16579        0.12918
          6.826          556.2         513.15         659.15         654.13        0.14689        0.13882        0.15897        0.11606         568.65         541.69         688.69         715.68        0.15755        0.16039        0.16606         0.1294
         6.8476         558.46         514.52         661.02         654.95        0.14706        0.13906        0.15898        0.11641         570.31         543.16         690.63         716.92         0.1579        0.16074        0.16633        0.12963
         6.8691         560.79         516.69         664.81         658.37        0.14739        0.13977        0.15906        0.11698         571.98         544.64         692.58         718.16        0.15825        0.16108         0.1666        0.12985
         6.8906         564.05         519.45         667.18         662.47        0.14791        0.14045        0.15928        0.11696         573.64         546.12         694.53          719.4        0.15859        0.16142        0.16686        0.13007
         6.9122         566.22         521.16         670.85         662.67        0.14841        0.14129        0.16019        0.11706         575.31          547.6         696.48         720.63        0.15893        0.16176        0.16713        0.13029
         6.9337         567.86         522.42         674.43         664.84        0.14934        0.14246        0.16058        0.11784         576.98         549.09         698.43         721.87        0.15927        0.16209        0.16739        0.13051
         6.9552         569.36         523.37         674.57         664.36         0.1502        0.14369        0.16141        0.11792         578.65         550.58         700.39         723.11        0.15961        0.16243        0.16765        0.13073
         6.9768         569.69         523.66          675.1         661.47        0.15105        0.14469        0.16245        0.11911         580.32         552.08         702.35         724.36        0.15994        0.16276        0.16791        0.13095
         6.9983         569.76         522.52         674.19         663.28         0.1518        0.14581        0.16309         0.1202            582         553.57         704.31          725.6        0.16027        0.16309        0.16817        0.13117
         7.0198         569.26         522.01         672.89         662.95        0.15227        0.14676        0.16386        0.11996         583.67         555.07         706.27         726.84         0.1606        0.16341        0.16842        0.13139
         7.0414         568.29         520.89         671.89         659.61        0.15263        0.14719         0.1642         0.1203         585.35         556.57         708.24         728.08        0.16092        0.16374        0.16867         0.1316
         7.0629         568.05         519.99         670.94         658.61        0.15288        0.14777        0.16421        0.12027         587.03         558.08         710.21         729.33        0.16124        0.16406        0.16892        0.13182
         7.0844         568.45         520.55         670.93         655.83         0.1529        0.14801        0.16409        0.12024         588.71         559.59         712.18         730.57        0.16156        0.16438        0.16917        0.13203
          7.106         569.37         520.88          672.1         655.48         0.1528        0.14809        0.16378        0.12062         590.39          561.1         714.15         731.82        0.16188        0.16469        0.16942        0.13225
         7.1275         571.06         521.69         673.44         656.43        0.15275        0.14831        0.16345        0.12069         592.08         562.61         716.12         733.07         0.1622        0.16501        0.16966        0.13246
          7.149         573.04         523.56         675.97         658.31        0.15286        0.14884        0.16351        0.12103         593.76         564.13         718.09         734.31        0.16251        0.16532         0.1699        0.13267
         7.1706         575.95         526.33         680.82         661.29        0.15319        0.14934        0.16359        0.12117         595.45         565.65         720.07         735.56        0.16282        0.16563        0.17014        0.13289
         7.1921         579.02         528.31         684.93         662.57        0.15362        0.15005        0.16382        0.12139         597.14         567.17         722.04         736.81        0.16313        0.16594        0.17038         0.1331
         7.2136         581.72          530.4         689.08         663.52        0.15434        0.15119        0.16455        0.12211         598.83         568.69         724.02         738.06        0.16343        0.16625        0.17062        0.13331
         7.2352         584.13          532.1         692.84         664.68        0.15517        0.15238        0.16523        0.12312         600.52         570.22            726         739.31        0.16374        0.16655        0.17085        0.13352
         7.2567          585.5         532.69         694.53         665.07        0.15609        0.15361        0.16627        0.12392         602.22         571.75         727.97         740.56        0.16404        0.16686        0.17109        0.13373
         7.2782         586.28         532.35         695.64         663.66        0.15703        0.15482        0.16745        0.12498         603.91         573.28         729.95         741.81        0.16434        0.16716        0.17132        0.13393
         7.2998         585.99         531.32         695.51         662.62        0.15778        0.15599         0.1685        0.12612          605.6         574.82         731.93         743.07        0.16463        0.16745        0.17155        0.13414
         7.3213         585.15         529.59         695.48         661.19        0.15848        0.15688        0.16932        0.12665          607.3         576.35         733.91         744.32        0.16493        0.16775        0.17178        0.13435
         7.3428         584.25         527.82         694.38         657.99        0.15895        0.15765        0.16947        0.12726            609         577.89         735.89         745.57        0.16522        0.16804          0.172        0.13455
         7.3644         583.81         527.11         692.23         656.44        0.15913         0.1581        0.16969        0.12798          610.7         579.43         737.87         746.83        0.16551        0.16834        0.17223        0.13476
         7.3859         583.66          526.6         692.85         656.84        0.15907        0.15816        0.16973        0.12834          612.4         580.98         739.86         748.08         0.1658        0.16863        0.17245        0.13496
         7.4074         584.14         526.59          694.2          657.7        0.15905        0.15818        0.16923        0.12847          614.1         582.52         741.84         749.34        0.16608        0.16891        0.17267        0.13517
          7.429         585.68         527.35         696.21         659.48        0.15897        0.15833        0.16882        0.12846          615.8         584.07         743.82         750.59        0.16637         0.1692        0.17289        0.13537
         7.4505         588.04         529.22         699.89         660.83        0.15907        0.15868        0.16859        0.12881         617.51         585.62          745.8         751.85        0.16665        0.16949        0.17311        0.13557
          7.472          591.5         531.87         704.68         665.66        0.15928        0.15924        0.16854        0.12964         619.21         587.17         747.78         753.11        0.16693        0.16977        0.17332        0.13577
         7.4936         594.71         535.05         710.53         669.52        0.15962        0.15998        0.16893         0.1299         620.92         588.73         749.77         754.37        0.16721        0.17005        0.17354        0.13598
         7.5151         597.65         537.71         716.91         671.24        0.16035        0.16086        0.16944        0.13122         622.62         590.28         751.75         755.63        0.16748        0.17033        0.17375        0.13618
         7.5366         600.48         539.42         721.35         676.51        0.16126        0.16201        0.17009        0.13264         624.33         591.84         753.73         756.89        0.16776         0.1706        0.17396        0.13638
         7.5582         602.31         539.84          724.6         678.81        0.16231        0.16333        0.17141        0.13374         626.04          593.4         755.71         758.15        0.16803        0.17088        0.17417        0.13657
         7.5797         603.51          539.7         727.26         680.82        0.16342        0.16491        0.17256        0.13504         627.75         594.96          757.7         759.41         0.1683        0.17115        0.17438        0.13677
         7.6012         603.52         538.99         727.42         679.57         0.1643         0.1661        0.17362        0.13593         629.46         596.53         759.68         760.67        0.16857        0.17142        0.17459        0.13697
         7.6228         602.45         537.15         726.66         678.36        0.16505        0.16706         0.1744        0.13753         631.17          598.1         761.66         761.93        0.16883        0.17169         0.1748        0.13717
         7.6443         601.24         535.51         724.58         679.53        0.16553        0.16768        0.17484        0.13819         632.89         599.66         763.64         763.19         0.1691        0.17196          0.175        0.13736
         7.6658         600.06         533.62         722.88         678.53        0.16574         0.1679          0.175        0.13854          634.6         601.23         765.62         764.46        0.16936        0.17223        0.17521        0.13756
         7.6874         599.61         532.57         721.57          679.4        0.16574        0.16797        0.17474        0.13884         636.31         602.81         767.61         765.72        0.16962        0.17249        0.17541        0.13775
         7.7089         600.23         532.71         722.04         681.44        0.16557         0.1678        0.17432        0.13878         638.03         604.38         769.59         766.99        0.16988        0.17275        0.17561        0.13795
         7.7304         602.02         533.64         725.11          684.8         0.1653        0.16769        0.17369        0.13878         639.75         605.95         771.57         768.25        0.17014        0.17301        0.17581        0.13814
          7.752         604.53         536.31         728.74          688.8        0.16513        0.16773        0.17305        0.13888         641.46         607.53         773.55         769.52        0.17039        0.17327        0.17601        0.13834
         7.7735         608.16         539.52         734.63         694.83        0.16533        0.16795        0.17297        0.13964         643.18         609.11         775.53         770.79        0.17065        0.17353         0.1762        0.13853
          7.795         613.05         543.25         742.89         703.18        0.16573        0.16863        0.17308        0.14027          644.9         610.69         777.51         772.05         0.1709        0.17379         0.1764        0.13872
         7.8166         617.73         546.89         750.55         708.58        0.16635        0.16964        0.17364         0.1412         646.62         612.27         779.49         773.32        0.17115        0.17404         0.1766        0.13891
         7.8381         621.64         550.13         758.12         714.44        0.16735        0.17114         0.1749         0.1431         648.34         613.86         781.47         774.59         0.1714        0.17429        0.17679         0.1391
         7.8596         624.63          552.3         764.32         719.89        0.16875        0.17283        0.17655        0.14503         650.06         615.44         783.45         775.86        0.17165        0.17454        0.17698        0.13929
         7.8812         626.65         552.46         768.26         724.04        0.17033        0.17482         0.1786        0.14709         651.78         617.03         785.43         777.13        0.17189        0.17479        0.17717        0.13948
         7.9027         626.48         551.25         769.33         724.94        0.17186        0.17681        0.18071        0.14876         653.51         618.62         787.41          778.4        0.17214        0.17504        0.17736        0.13967
         7.9242         624.53         548.14         766.97         723.51        0.17346        0.17853        0.18271        0.15086         655.23         620.21         789.39         779.67        0.17238        0.17528        0.17755        0.13986
         7.9458         621.99         543.95         762.26         722.81        0.17466        0.17984        0.18439        0.15216         656.96          621.8         791.37         780.94        0.17262        0.17553        0.17774        0.14004
         7.9673         618.05         538.81         756.62         719.27        0.17529        0.18062        0.18547        0.15301         658.68         623.39         793.35         782.21        0.17286        0.17577        0.17792        0.14023
         7.9888         614.04         534.24          750.1         717.88        0.17556        0.18089        0.18578        0.15355         660.41         624.99         795.33         783.49         0.1731        0.17601        0.17811        0.14042
         8.0104            NaN            NaN            NaN            NaN            NaN            NaN            NaN            NaN         662.14         626.59         797.31         784.76        0.17334        0.17625        0.17829         0.1406
         8.0319            NaN            NaN            NaN            NaN            NaN            NaN            NaN            NaN         663.86         628.18         799.29         786.03        0.17357        0.17649        0.17848        0.14079
         8.0534            NaN            NaN            NaN            NaN            NaN            NaN            NaN            NaN         665.59         629.78         801.27         787.31         0.1738        0.17673        0.17866        0.14097
          8.075            NaN            NaN            NaN            NaN            NaN            NaN            NaN            NaN         667.32         631.38         803.24         788.58        0.17404        0.17696        0.17884        0.14115
         8.0965            NaN            NaN            NaN            NaN            NaN            NaN            NaN            NaN         669.05         632.98         805.22         789.86        0.17427        0.17719        0.17902        0.14134
          8.118            NaN            NaN            NaN            NaN            NaN            NaN            NaN            NaN         670.78         634.59          807.2         791.13        0.17449        0.17743         0.1792        0.14152
         8.1396            NaN            NaN            NaN            NaN            NaN            NaN            NaN            NaN         672.51         636.19         809.18         792.41        0.17472        0.17766        0.17938         0.1417
         8.1611            NaN            NaN            NaN            NaN            NaN            NaN            NaN            NaN         674.25          637.8         811.15         793.69        0.17495        0.17789        0.17956        0.14188
         8.1826            NaN            NaN            NaN            NaN            NaN            NaN            NaN            NaN         675.98          639.4         813.13         794.97        0.17517        0.17811        0.17973        0.14206
         8.2042            NaN            NaN            NaN            NaN            NaN            NaN            NaN            NaN         677.71         641.01         815.11         796.24         0.1754        0.17834        0.17991        0.14224
         8.2257            NaN            NaN            NaN            NaN            NaN            NaN            NaN            NaN         679.45         642.62         817.09         797.52        0.17562        0.17856        0.18008        0.14242
         8.2472            NaN            NaN            NaN            NaN            NaN            NaN            NaN            NaN         681.18         644.23         819.06          798.8        0.17584        0.17879        0.18026         0.1426
         8.2688            NaN            NaN            NaN            NaN            NaN            NaN            NaN            NaN         682.92         645.84         821.04         800.08        0.17606        0.17901        0.18043        0.14278
         8.2903            NaN            NaN            NaN            NaN            NaN            NaN            NaN            NaN         684.65         647.46         823.01         801.36        0.17628        0.17923         0.1806        0.14296
         8.3118            NaN            NaN            NaN            NaN            NaN            NaN            NaN            NaN         686.39         649.07         824.99         802.64        0.17649        0.17945        0.18077        0.14314
         8.3333            NaN            NaN            NaN            NaN            NaN            NaN            NaN            NaN         688.13         650.69         826.97         803.93        0.17671        0.17967        0.18094        0.14331
         8.3549            NaN            NaN            NaN            NaN            NaN            NaN            NaN            NaN         689.87          652.3         828.94         805.21        0.17692        0.17988        0.18111        0.14349
         8.3764            NaN            NaN            NaN            NaN            NaN            NaN            NaN            NaN         691.61         653.92         830.92         806.49        0.17713         0.1801        0.18128        0.14367
         8.3979            NaN            NaN            NaN            NaN            NaN            NaN            NaN            NaN         693.35         655.54         832.89         807.77        0.17734        0.18031        0.18144        0.14384
         8.4195            NaN            NaN            NaN            NaN            NaN            NaN            NaN            NaN         695.09         657.16         834.87         809.06        0.17755        0.18053        0.18161        0.14401
          8.441            NaN            NaN            NaN            NaN            NaN            NaN            NaN            NaN         696.83         658.78         836.84         810.34        0.17776        0.18074        0.18177        0.14419
         8.4625            NaN            NaN            NaN            NaN            NaN            NaN            NaN            NaN         698.57          660.4         838.82         811.63        0.17797        0.18095        0.18194        0.14436
         8.4841            NaN            NaN            NaN            NaN            NaN            NaN            NaN            NaN         700.31         662.03         840.79         812.91        0.17818        0.18116         0.1821        0.14454
         8.5056            NaN            NaN            NaN            NaN            NaN            NaN            NaN            NaN         702.05         663.65         842.77          814.2        0.17838        0.18136        0.18226        0.14471
         8.5271            NaN            NaN            NaN            NaN            NaN            NaN            NaN            NaN          703.8         665.28         844.74         815.49        0.17859        0.18157        0.18243        0.14488
         8.5487            NaN            NaN            NaN            NaN            NaN            NaN            NaN            NaN         705.54          666.9         846.72         816.77        0.17879        0.18177        0.18259        0.14505
         8.5702            NaN            NaN            NaN            NaN            NaN            NaN            NaN            NaN         707.29         668.53         848.69         818.06        0.17899        0.18198        0.18275        0.14522
         8.5917            NaN            NaN            NaN            NaN            NaN            NaN            NaN            NaN         709.03         670.16         850.66         819.35        0.17919        0.18218        0.18291        0.14539
         8.6133            NaN            NaN            NaN            NaN            NaN            NaN            NaN            NaN         710.78         671.79         852.64         820.64        0.17939        0.18238        0.18307        0.14556
         8.6348            NaN            NaN            NaN            NaN            NaN            NaN            NaN            NaN         712.52         673.42         854.61         821.93        0.17959        0.18258        0.18322        0.14573
         8.6563            NaN            NaN            NaN            NaN            NaN            NaN            NaN            NaN         714.27         675.05         856.59         823.22        0.17978        0.18278        0.18338         0.1459
         8.6779            NaN            NaN            NaN            NaN            NaN            NaN            NaN            NaN         716.02         676.68         858.56         824.51        0.17998        0.18298        0.18354        0.14607
         8.6994            NaN            NaN            NaN            NaN            NaN            NaN            NaN            NaN         717.77         678.31         860.53          825.8        0.18017        0.18317        0.18369        0.14624
         8.7209            NaN            NaN            NaN            NaN            NaN            NaN            NaN            NaN         719.51         679.94         862.51         827.09        0.18036        0.18337        0.18385         0.1464
         8.7425            NaN            NaN            NaN            NaN            NaN            NaN            NaN            NaN         721.26         681.58         864.48         828.38        0.18056        0.18356          0.184        0.14657
          8.764            NaN            NaN            NaN            NaN            NaN            NaN            NaN            NaN         723.01         683.21         866.45         829.67        0.18075        0.18376        0.18415        0.14674
         8.7855            NaN            NaN            NaN            NaN            NaN            NaN            NaN            NaN         724.76         684.85         868.43         830.97        0.18094        0.18395        0.18431         0.1469
         8.8071            NaN            NaN            NaN            NaN            NaN            NaN            NaN            NaN         726.51         686.49          870.4         832.26        0.18113        0.18414        0.18446        0.14707
         8.8286            NaN            NaN            NaN            NaN            NaN            NaN            NaN            NaN         728.26         688.12         872.37         833.55        0.18131        0.18433        0.18461        0.14723
         8.8501            NaN            NaN            NaN            NaN            NaN            NaN            NaN            NaN         730.02         689.76         874.35         834.85         0.1815        0.18452        0.18476        0.14739
         8.8717            NaN            NaN            NaN            NaN            NaN            NaN            NaN            NaN         731.77          691.4         876.32         836.14        0.18168         0.1847        0.18491        0.14756
         8.8932            NaN            NaN            NaN            NaN            NaN            NaN            NaN            NaN         733.52         693.04         878.29         837.44        0.18187        0.18489        0.18506        0.14772
         8.9147            NaN            NaN            NaN            NaN            NaN            NaN            NaN            NaN         735.27         694.68         880.27         838.73        0.18205        0.18507        0.18521        0.14788
         8.9363            NaN            NaN            NaN            NaN            NaN            NaN            NaN            NaN         737.03         696.32         882.24         840.03        0.18223        0.18526        0.18535        0.14805
         8.9578            NaN            NaN            NaN            NaN            NaN            NaN            NaN            NaN         738.78         697.97         884.21         841.33        0.18242        0.18544         0.1855        0.14821
         8.9793            NaN            NaN            NaN            NaN            NaN            NaN            NaN            NaN         740.53         699.61         886.19         842.62         0.1826        0.18562        0.18565        0.14837
         9.0009            NaN            NaN            NaN            NaN            NaN            NaN            NaN            NaN         742.29         701.25         888.16         843.92        0.18277         0.1858        0.18579        0.14853
         9.0224            NaN            NaN            NaN            NaN            NaN            NaN            NaN            NaN         744.04          702.9         890.13         845.22        0.18295        0.18598        0.18594        0.14869
         9.0439            NaN            NaN            NaN            NaN            NaN            NaN            NaN            NaN          745.8         704.54         892.11         846.52        0.18313        0.18616        0.18608        0.14885
         9.0655            NaN            NaN            NaN            NaN            NaN            NaN            NaN            NaN         747.55         706.19         894.08         847.82        0.18331        0.18634        0.18622        0.14901
          9.087            NaN            NaN            NaN            NaN            NaN            NaN            NaN            NaN         749.31         707.83         896.05         849.12        0.18348        0.18652        0.18637        0.14917
         9.1085            NaN            NaN            NaN            NaN            NaN            NaN            NaN            NaN         751.07         709.48         898.02         850.42        0.18365        0.18669        0.18651        0.14933
         9.1301            NaN            NaN            NaN            NaN            NaN            NaN            NaN            NaN         752.82         711.13            900         851.72        0.18383        0.18687        0.18665        0.14948
         9.1516            NaN            NaN            NaN            NaN            NaN            NaN            NaN            NaN         754.58         712.78         901.97         853.02          0.184        0.18704        0.18679        0.14964
         9.1731            NaN            NaN            NaN            NaN            NaN            NaN            NaN            NaN         756.34         714.43         903.94         854.32        0.18417        0.18722        0.18693         0.1498
         9.1947            NaN            NaN            NaN            NaN            NaN            NaN            NaN            NaN          758.1         716.08         905.92         855.62        0.18434        0.18739        0.18707        0.14995
         9.2162            NaN            NaN            NaN            NaN            NaN            NaN            NaN            NaN         759.86         717.73         907.89         856.92        0.18451        0.18756        0.18721        0.15011
         9.2377            NaN            NaN            NaN            NaN            NaN            NaN            NaN            NaN         761.61         719.38         909.86         858.23        0.18468        0.18773        0.18735        0.15027
         9.2593            NaN            NaN            NaN            NaN            NaN            NaN            NaN            NaN         763.37         721.03         911.83         859.53        0.18485         0.1879        0.18748        0.15042
         9.2808            NaN            NaN            NaN            NaN            NaN            NaN            NaN            NaN         765.13         722.68         913.81         860.83        0.18501        0.18807        0.18762        0.15058
         9.3023            NaN            NaN            NaN            NaN            NaN            NaN            NaN            NaN         766.89         724.33         915.78         862.14        0.18518        0.18823        0.18776        0.15073
         9.3239            NaN            NaN            NaN            NaN            NaN            NaN            NaN            NaN         768.65         725.99         917.75         863.44        0.18534         0.1884        0.18789        0.15088
         9.3454            NaN            NaN            NaN            NaN            NaN            NaN            NaN            NaN         770.41         727.64         919.73         864.75        0.18551        0.18856        0.18803        0.15104
         9.3669            NaN            NaN            NaN            NaN            NaN            NaN            NaN            NaN         772.17         729.29          921.7         866.05        0.18567        0.18873        0.18816        0.15119
         9.3885            NaN            NaN            NaN            NaN            NaN            NaN            NaN            NaN         773.93         730.95         923.67         867.36        0.18583        0.18889         0.1883        0.15134
           9.41            NaN            NaN            NaN            NaN            NaN            NaN            NaN            NaN         775.69          732.6         925.65         868.67        0.18599        0.18905        0.18843        0.15149
         9.4315            NaN            NaN            NaN            NaN            NaN            NaN            NaN            NaN         777.46         734.26         927.62         869.97        0.18615        0.18922        0.18856        0.15165
         9.4531            NaN            NaN            NaN            NaN            NaN            NaN            NaN            NaN         779.22         735.92         929.59         871.28        0.18631        0.18938         0.1887         0.1518
         9.4746            NaN            NaN            NaN            NaN            NaN            NaN            NaN            NaN         780.98         737.57         931.56         872.59        0.18647        0.18954        0.18883        0.15195
         9.4961            NaN            NaN            NaN            NaN            NaN            NaN            NaN            NaN         782.74         739.23         933.54          873.9        0.18663         0.1897        0.18896         0.1521
         9.5177            NaN            NaN            NaN            NaN            NaN            NaN            NaN            NaN          784.5         740.89         935.51         875.21        0.18678        0.18985        0.18909        0.15225
         9.5392            NaN            NaN            NaN            NaN            NaN            NaN            NaN            NaN         786.27         742.55         937.48         876.52        0.18694        0.19001        0.18922         0.1524
         9.5607            NaN            NaN            NaN            NaN            NaN            NaN            NaN            NaN         788.03         744.21         939.46         877.83        0.18709        0.19017        0.18935        0.15255
         9.5823            NaN            NaN            NaN            NaN            NaN            NaN            NaN            NaN         789.79         745.86         941.43         879.14        0.18725        0.19032        0.18948        0.15269
         9.6038            NaN            NaN            NaN            NaN            NaN            NaN            NaN            NaN         791.56         747.52          943.4         880.45         0.1874        0.19048         0.1896        0.15284
         9.6253            NaN            NaN            NaN            NaN            NaN            NaN            NaN            NaN         793.32         749.18         945.38         881.76        0.18755        0.19063        0.18973        0.15299
         9.6469            NaN            NaN            NaN            NaN            NaN            NaN            NaN            NaN         795.09         750.85         947.35         883.07        0.18771        0.19078        0.18986        0.15314
         9.6684            NaN            NaN            NaN            NaN            NaN            NaN            NaN            NaN         796.85         752.51         949.32         884.38        0.18786        0.19094        0.18999        0.15328
         9.6899            NaN            NaN            NaN            NaN            NaN            NaN            NaN            NaN         798.61         754.17          951.3          885.7        0.18801        0.19109        0.19011        0.15343
         9.7115            NaN            NaN            NaN            NaN            NaN            NaN            NaN            NaN         800.38         755.83         953.27         887.01        0.18816        0.19124        0.19024        0.15358
          9.733            NaN            NaN            NaN            NaN            NaN            NaN            NaN            NaN         802.14         757.49         955.24         888.32         0.1883        0.19139        0.19036        0.15372
         9.7545            NaN            NaN            NaN            NaN            NaN            NaN            NaN            NaN         803.91         759.16         957.22         889.64        0.18845        0.19154        0.19049        0.15387
         9.7761            NaN            NaN            NaN            NaN            NaN            NaN            NaN            NaN         805.67         760.82         959.19         890.95         0.1886        0.19169        0.19061        0.15401
         9.7976            NaN            NaN            NaN            NaN            NaN            NaN            NaN            NaN         807.44         762.48         961.16         892.27        0.18875        0.19183        0.19073        0.15416
         9.8191            NaN            NaN            NaN            NaN            NaN            NaN            NaN            NaN          809.2         764.15         963.14         893.58        0.18889        0.19198        0.19086         0.1543
         9.8407            NaN            NaN            NaN            NaN            NaN            NaN            NaN            NaN         810.97         765.81         965.11          894.9        0.18904        0.19213        0.19098        0.15444
         9.8622            NaN            NaN            NaN            NaN            NaN            NaN            NaN            NaN         812.74         767.48         967.09         896.21        0.18918        0.19227         0.1911        0.15459
         9.8837            NaN            NaN            NaN            NaN            NaN            NaN            NaN            NaN          814.5         769.14         969.06         897.53        0.18932        0.19242        0.19122        0.15473
         9.9053            NaN            NaN            NaN            NaN            NaN            NaN            NaN            NaN         816.27         770.81         971.03         898.85        0.18947        0.19256        0.19134        0.15487
         9.9268            NaN            NaN            NaN            NaN            NaN            NaN            NaN            NaN         818.03         772.47         973.01         900.16        0.18961         0.1927        0.19146        0.15501
         9.9483            NaN            NaN            NaN            NaN            NaN            NaN            NaN            NaN          819.8         774.14         974.98         901.48        0.18975        0.19285        0.19158        0.15516
         9.9699            NaN            NaN            NaN            NaN            NaN            NaN            NaN            NaN         821.57         775.81         976.96          902.8        0.18989        0.19299         0.1917         0.1553
         9.9914            NaN            NaN            NaN            NaN            NaN            NaN            NaN            NaN         823.33         777.47         978.93         904.12        0.19003        0.19313        0.19182        0.15544
         10.013            NaN            NaN            NaN            NaN            NaN            NaN            NaN            NaN          825.1         779.14          980.9         905.44        0.19017        0.19327        0.19194        0.15558
         10.034            NaN            NaN            NaN            NaN            NaN            NaN            NaN            NaN         826.87         780.81         982.88         906.76        0.19031        0.19341        0.19206        0.15572
         10.056            NaN            NaN            NaN            NaN            NaN            NaN            NaN            NaN         828.64         782.48         984.85         908.08        0.19044        0.19355        0.19217        0.15586
         10.078            NaN            NaN            NaN            NaN            NaN            NaN            NaN            NaN          830.4         784.15         986.83          909.4        0.19058        0.19368        0.19229          0.156
         10.099            NaN            NaN            NaN            NaN            NaN            NaN            NaN            NaN         832.17         785.81          988.8         910.72        0.19072        0.19382        0.19241        0.15614
         10.121            NaN            NaN            NaN            NaN            NaN            NaN            NaN            NaN         833.94         787.48         990.78         912.04        0.19085        0.19396        0.19252        0.15627
         10.142            NaN            NaN            NaN            NaN            NaN            NaN            NaN            NaN         835.71         789.15         992.75         913.36        0.19099        0.19409        0.19264        0.15641
         10.164            NaN            NaN            NaN            NaN            NaN            NaN            NaN            NaN         837.47         790.82         994.72         914.68        0.19112        0.19423        0.19275        0.15655
         10.185            NaN            NaN            NaN            NaN            NaN            NaN            NaN            NaN         839.24         792.49          996.7         916.01        0.19126        0.19436        0.19287        0.15669
         10.207            NaN            NaN            NaN            NaN            NaN            NaN            NaN            NaN         841.01         794.16         998.67         917.33        0.19139         0.1945        0.19298        0.15683
         10.228            NaN            NaN            NaN            NaN            NaN            NaN            NaN            NaN         842.78         795.83         1000.6         918.65        0.19152        0.19463        0.19309        0.15696
          10.25            NaN            NaN            NaN            NaN            NaN            NaN            NaN            NaN         844.55         797.51         1002.6         919.98        0.19165        0.19476        0.19321         0.1571
         10.271            NaN            NaN            NaN            NaN            NaN            NaN            NaN            NaN         846.31         799.18         1004.6          921.3        0.19178         0.1949        0.19332        0.15723
         10.293            NaN            NaN            NaN            NaN            NaN            NaN            NaN            NaN         848.08         800.85         1006.6         922.63        0.19191        0.19503        0.19343        0.15737
         10.314            NaN            NaN            NaN            NaN            NaN            NaN            NaN            NaN         849.85         802.52         1008.5         923.95        0.19204        0.19516        0.19354         0.1575
         10.336            NaN            NaN            NaN            NaN            NaN            NaN            NaN            NaN         851.62         804.19         1010.5         925.28        0.19217        0.19529        0.19366        0.15764
         10.357            NaN            NaN            NaN            NaN            NaN            NaN            NaN            NaN         853.39         805.86         1012.5          926.6         0.1923        0.19542        0.19377        0.15777
         10.379            NaN            NaN            NaN            NaN            NaN            NaN            NaN            NaN         855.16         807.54         1014.5         927.93        0.19243        0.19554        0.19388        0.15791
         10.401            NaN            NaN            NaN            NaN            NaN            NaN            NaN            NaN         856.93         809.21         1016.5         929.26        0.19256        0.19567        0.19399        0.15804
         10.422            NaN            NaN            NaN            NaN            NaN            NaN            NaN            NaN         858.69         810.88         1018.4         930.58        0.19268         0.1958         0.1941        0.15817
         10.444            NaN            NaN            NaN            NaN            NaN            NaN            NaN            NaN         860.46         812.56         1020.4         931.91        0.19281        0.19593        0.19421        0.15831
         10.465            NaN            NaN            NaN            NaN            NaN            NaN            NaN            NaN         862.23         814.23         1022.4         933.24        0.19293        0.19605        0.19431        0.15844
         10.487            NaN            NaN            NaN            NaN            NaN            NaN            NaN            NaN            864          815.9         1024.4         934.57        0.19306        0.19618        0.19442        0.15857
         10.508            NaN            NaN            NaN            NaN            NaN            NaN            NaN            NaN         865.77         817.58         1026.3          935.9        0.19318         0.1963        0.19453         0.1587
          10.53            NaN            NaN            NaN            NaN            NaN            NaN            NaN            NaN         867.54         819.25         1028.3         937.23        0.19331        0.19643        0.19464        0.15884
         10.551            NaN            NaN            NaN            NaN            NaN            NaN            NaN            NaN         869.31         820.93         1030.3         938.56        0.19343        0.19655        0.19474        0.15897
         10.573            NaN            NaN            NaN            NaN            NaN            NaN            NaN            NaN         871.08          822.6         1032.3         939.89        0.19355        0.19667        0.19485         0.1591
         10.594            NaN            NaN            NaN            NaN            NaN            NaN            NaN            NaN         872.85         824.28         1034.2         941.22        0.19367         0.1968        0.19496        0.15923
         10.616            NaN            NaN            NaN            NaN            NaN            NaN            NaN            NaN         874.62         825.95         1036.2         942.55        0.19379        0.19692        0.19506        0.15936
         10.637            NaN            NaN            NaN            NaN            NaN            NaN            NaN            NaN         876.39         827.63         1038.2         943.88        0.19392        0.19704        0.19517        0.15949
         10.659            NaN            NaN            NaN            NaN            NaN            NaN            NaN            NaN         878.16         829.31         1040.2         945.21        0.19404        0.19716        0.19527        0.15962
          10.68            NaN            NaN            NaN            NaN            NaN            NaN            NaN            NaN         879.93         830.98         1042.1         946.54        0.19415        0.19728        0.19538        0.15975
         10.702            NaN            NaN            NaN            NaN            NaN            NaN            NaN            NaN          881.7         832.66         1044.1         947.87        0.19427         0.1974        0.19548        0.15988
         10.724            NaN            NaN            NaN            NaN            NaN            NaN            NaN            NaN         883.47         834.33         1046.1         949.21        0.19439        0.19752        0.19559           0.16
         10.745            NaN            NaN            NaN            NaN            NaN            NaN            NaN            NaN         885.24         836.01         1048.1         950.54        0.19451        0.19764        0.19569        0.16013
         10.767            NaN            NaN            NaN            NaN            NaN            NaN            NaN            NaN         887.01         837.69           1050         951.87        0.19463        0.19776        0.19579        0.16026
         10.788            NaN            NaN            NaN            NaN            NaN            NaN            NaN            NaN         888.77         839.37           1052         953.21        0.19474        0.19787         0.1959        0.16039
          10.81            NaN            NaN            NaN            NaN            NaN            NaN            NaN            NaN         890.54         841.04           1054         954.54        0.19486        0.19799          0.196        0.16051
         10.831            NaN            NaN            NaN            NaN            NaN            NaN            NaN            NaN         892.31         842.72           1056         955.88        0.19498        0.19811         0.1961        0.16064
         10.853            NaN            NaN            NaN            NaN            NaN            NaN            NaN            NaN         894.08          844.4           1058         957.21        0.19509        0.19822         0.1962        0.16077
         10.874            NaN            NaN            NaN            NaN            NaN            NaN            NaN            NaN         895.85         846.08         1059.9         958.55        0.19521        0.19834         0.1963        0.16089
         10.896            NaN            NaN            NaN            NaN            NaN            NaN            NaN            NaN         897.62         847.75         1061.9         959.88        0.19532        0.19845         0.1964        0.16102
         10.917            NaN            NaN            NaN            NaN            NaN            NaN            NaN            NaN         899.39         849.43         1063.9         961.22        0.19543        0.19857         0.1965        0.16115
         10.939            NaN            NaN            NaN            NaN            NaN            NaN            NaN            NaN         901.16         851.11         1065.9         962.56        0.19555        0.19868         0.1966        0.16127
          10.96            NaN            NaN            NaN            NaN            NaN            NaN            NaN            NaN         902.93         852.79         1067.8         963.89        0.19566        0.19879         0.1967         0.1614
         10.982            NaN            NaN            NaN            NaN            NaN            NaN            NaN            NaN          904.7         854.47         1069.8         965.23        0.19577        0.19891         0.1968        0.16152
         11.003            NaN            NaN            NaN            NaN            NaN            NaN            NaN            NaN         906.47         856.15         1071.8         966.57        0.19588        0.19902         0.1969        0.16164
