; moh24HBtc.txt
            0.5            NaN         82.077         24.799         52.646           72.4         80.403         103.96            NaN        -10.902        -3.6623        -1.6807        -0.8237       -0.49829        -0.4741
        0.50175            NaN         88.065         27.754         55.501          76.65         83.829         107.79            NaN        -10.925        -3.6622          -1.67        -0.8146        -0.5456       -0.51608
         0.5035            NaN         93.004          29.67         57.304          80.13          86.59         111.16            NaN        -10.936          -3.65        -1.6487       -0.78048       -0.58819       -0.55536
        0.50525            NaN         97.157         30.809         58.355         82.514         88.894         114.35            NaN        -10.939        -3.6322        -1.6232       -0.72079       -0.63613       -0.60603
          0.507            NaN         100.64         31.287         58.801         82.868         90.596         116.96            NaN        -10.939        -3.6113        -1.5957        -0.6468        -0.6965       -0.68469
        0.50875            NaN            NaN         31.133         58.693         81.273         91.126         117.16            NaN            NaN        -3.5891        -1.5672       -0.58575       -0.77073        -0.7907
        0.51051            NaN            NaN          30.31         57.994         78.782         89.966         114.47            NaN            NaN         -2.567       -0.53864        0.45331        0.15241        0.12131
        0.51226            NaN            NaN         28.695         56.566         75.874          87.36         110.78            NaN            NaN        -2.5472       -0.51143        0.47565       0.085609       0.063333
        0.51401            NaN            NaN         26.011         54.103         72.419         83.705         106.66            NaN            NaN        -3.5341        -1.4897       -0.51627       0.026688       0.016857
        0.51576            NaN            NaN         21.687         49.993         67.851         78.797         101.62            NaN            NaN        -3.5426        -1.4882       -0.53281      -0.043381      -0.042131
        0.51751            NaN         103.27         16.257         44.736         62.685         73.304         96.169            NaN         -11.07        -3.6393        -1.5737       -0.63703       -0.19485       -0.18409
        0.51926            NaN            NaN         19.146         47.737         66.312         76.719         99.736            NaN            NaN        -3.7809        -1.7037       -0.78251       -0.38697       -0.36751
        0.52101            NaN            NaN         23.333         51.978          71.63         82.101         105.38            NaN            NaN        -3.8083        -1.7196       -0.80622       -0.46202       -0.43373
        0.52276            NaN            NaN         25.647         54.306         75.243         86.432         110.15            NaN            NaN        -3.8037        -1.7041       -0.78616       -0.50329       -0.46445
        0.52451            NaN            NaN         26.737         55.396         77.333         90.713         115.27            NaN            NaN        -3.7919        -1.6822        -0.7456       -0.53679       -0.48152
        0.52626            NaN            NaN         26.966         55.636         77.777         96.321         123.15            NaN            NaN        -3.7801        -1.6608       -0.69906       -0.57356       -0.47308
        0.52801            NaN            NaN         26.534         55.236         76.858         109.18         128.78            NaN            NaN        -2.7721       -0.64373        0.33732        0.32656       -0.16696
        0.52976            NaN            NaN         25.597         54.355         75.241         100.69         118.35            NaN            NaN        -3.7713        -1.6339       -0.64433      -0.084752       -0.11678
        0.53152            NaN            NaN         24.369         53.202         73.497         93.439         113.54            NaN            NaN        -3.7811        -1.6346        -0.6444       -0.14494       -0.14145
        0.53327            NaN            NaN           23.2         52.121         72.088         89.789         110.78            NaN            NaN        -3.8034        -1.6476       -0.66057       -0.20081       -0.18287
        0.53502            NaN            NaN         22.506         51.518         71.413         88.045         109.54            NaN            NaN         -3.835        -1.6695       -0.68658       -0.25938       -0.23184
        0.53677            NaN            NaN         22.445         51.547         71.567         87.743          109.6            NaN            NaN        -3.8677        -1.6925       -0.71249       -0.31427       -0.27868
        0.53852            NaN            NaN         22.813         52.004          72.28           88.4         110.57            NaN            NaN        -3.8953        -1.7101       -0.73133       -0.36067        -0.3172
        0.54027            NaN            NaN         23.358         52.635          73.26         89.657         112.16            NaN            NaN        -3.9165        -1.7213       -0.74166       -0.39961       -0.34725
        0.54202            NaN            NaN         23.943         53.305         74.354         91.456         114.39            NaN            NaN        -3.9321        -1.7268       -0.74366       -0.43475       -0.37039
        0.54377            NaN            NaN         24.485         53.931         75.449         94.048         117.66            NaN            NaN        -3.9422        -1.7267       -0.73642       -0.47019       -0.38517
        0.54552            NaN            NaN         24.888         54.412         76.334         98.212         123.33            NaN            NaN         -3.947        -1.7211       -0.71863       -0.51426       -0.37535
        0.54727            NaN            NaN         25.035          54.63         76.672         106.51         130.32            NaN            NaN        -2.9472       -0.71089        0.30863        0.37073       -0.16478
        0.54902            NaN            NaN         24.808         54.461         76.157         102.12         120.42            NaN            NaN        -2.9445       -0.69756        0.33951       0.060585       -0.04012
        0.55078            NaN            NaN         24.097         53.794         74.744         94.188         114.44            NaN            NaN         -3.941        -1.6837       -0.63461      -0.011492      -0.040413
        0.55253            NaN            NaN         22.792         52.522         72.603         88.982         110.06            NaN            NaN        -3.9408        -1.6731        -0.6206      -0.055096      -0.060345
        0.55428            NaN            NaN          20.81         50.568         69.914         84.615          106.2            NaN            NaN        -3.9504        -1.6728       -0.62436       -0.10265      -0.095447
        0.55603            NaN            NaN         18.337         48.128         67.014         80.701         102.67            NaN            NaN        -3.9834        -1.6961       -0.65667       -0.17141       -0.15606
        0.55778            NaN            NaN         16.791          46.63         65.384         78.418         100.73            NaN            NaN        -4.0526         -1.756       -0.72786       -0.27532       -0.25391
        0.55953            NaN            NaN         17.963          47.87         66.828         79.433          102.1            NaN            NaN        -4.1236        -1.8178       -0.80096       -0.38013       -0.35377
        0.56128            NaN            NaN         20.194         50.192         69.673          82.03         105.09            NaN            NaN        -4.1593        -1.8442       -0.83671       -0.44902        -0.4184
        0.56303            NaN            NaN         22.017         52.124         72.415         84.715         108.26            NaN            NaN        -4.1716         -1.847       -0.84465       -0.49423       -0.45986
        0.56478            NaN            NaN         23.244         53.473         74.782         87.313         111.54            NaN            NaN        -4.1735         -1.839       -0.83551       -0.53001       -0.49268
        0.56653            NaN            NaN         23.966         54.322         76.714         89.975         115.28            NaN            NaN        -4.1712        -1.8264       -0.81307       -0.56502       -0.52729
        0.56828            NaN            NaN         24.284         54.765         78.038         92.909         120.14            NaN            NaN        -4.1674         -1.812       -0.77886       -0.60813        -0.5826
        0.57004            NaN            NaN         24.262         54.859         78.473         96.148         125.31            NaN            NaN        -4.1633         -1.797       -0.73684       -0.67643       -0.73283
        0.57179            NaN            NaN         23.923         54.625          77.87         98.057         121.14            NaN            NaN        -3.1596       -0.78202        0.30481        0.20376       0.089097
        0.57354            NaN            NaN         23.254         54.043         76.395         95.584         115.81            NaN            NaN         -3.157       -0.76793        0.33796        0.07867       0.023474
        0.57529            NaN            NaN         22.206         53.062         74.344         91.465         111.79            NaN            NaN        -4.1568        -1.7562       -0.64124      0.0022599      -0.014712
        0.57704            NaN            NaN         20.715         51.615         71.916         87.568         108.36            NaN            NaN        -4.1618        -1.7496       -0.63433      -0.051958      -0.049907
        0.57879            NaN            NaN         18.763         49.687         69.237         83.956         105.19            NaN            NaN        -4.1776        -1.7541       -0.64457       -0.10608      -0.093087
        0.58054            NaN            NaN         16.633         47.567         66.656          80.79         102.42            NaN            NaN        -4.2142        -1.7798       -0.67953       -0.17605       -0.15578
        0.58229            NaN            NaN         15.468          46.41         65.345         79.129         101.13            NaN            NaN        -4.2764        -1.8315       -0.74209       -0.26902       -0.24332
        0.58404            NaN            NaN         16.299         47.259         66.337         79.958         102.34            NaN            NaN        -4.3381        -1.8831       -0.80412       -0.35951       -0.32934
        0.58579            NaN            NaN         18.027         49.024         68.517         82.162         104.97            NaN            NaN        -4.3742        -1.9095       -0.83888       -0.42275       -0.38852
        0.58754            NaN            NaN         19.545         50.603         70.735         84.643         107.95            NaN            NaN        -4.3905        -1.9161       -0.85036       -0.46437       -0.42606
        0.58929            NaN            NaN         20.592         51.735         72.654         87.183         111.16            NaN            NaN        -4.3969        -1.9128       -0.84678       -0.49415       -0.45107
        0.59105            NaN            NaN         21.196         52.442         74.181         89.921         114.94            NaN            NaN        -4.3992         -1.905       -0.83261       -0.51769       -0.46777
         0.5928            NaN            NaN         21.433         52.791         75.222         93.205         120.24            NaN            NaN        -4.4003        -1.8958       -0.81063        -0.5381       -0.47403
        0.59455            NaN            NaN         21.369         52.845         75.675         97.909         131.39            NaN            NaN        -4.4017        -1.8866       -0.78401       -0.55766       -0.41336
         0.5963            NaN            NaN         21.051         52.643          75.49         108.39         125.43            NaN            NaN        -3.4043       -0.87821        0.24312        0.41777      -0.086067
        0.59805            NaN            NaN         20.498           52.2         74.709         105.17         117.97            NaN            NaN        -4.4088        -1.8714       -0.73358      -0.087635      -0.075873
         0.5998            NaN            NaN          19.71         51.515          73.45         96.007         113.68            NaN            NaN        -4.4163        -1.8673        -0.7177       -0.11504      -0.090009
        0.60155            NaN            NaN           18.7         50.593         71.871         91.142         110.53            NaN            NaN        -4.4286        -1.8679       -0.71216       -0.14536       -0.11419
         0.6033            NaN            NaN         17.553         49.518         70.192         87.702         108.05            NaN            NaN        -4.4487        -1.8761       -0.71964       -0.18429       -0.14887
        0.60505            NaN            NaN          16.53         48.547         68.777           85.3         106.33            NaN            NaN        -4.4792        -1.8949       -0.74176       -0.23464       -0.19568
         0.6068            NaN            NaN         16.068         48.122         68.134         84.154         105.75            NaN            NaN        -4.5182        -1.9222       -0.77496         -0.294       -0.25159
        0.60855            NaN            NaN         16.388         48.473         68.521         84.413         106.54            NaN            NaN        -4.5559        -1.9486       -0.80778        -0.3519       -0.30564
        0.61031            NaN            NaN         17.178         49.294         69.628         85.763         108.45            NaN            NaN        -4.5834        -1.9652       -0.82935       -0.39824       -0.34689
        0.61206            NaN            NaN         17.971         50.131          70.95         87.803         111.12            NaN            NaN           -4.6         -1.971       -0.83675       -0.42996       -0.37046
        0.61381            NaN            NaN         18.496         50.719         72.114         90.385         114.43            NaN            NaN        -4.6091        -1.9696       -0.83165       -0.44603       -0.37028
        0.61556            NaN            NaN         18.658         50.963         72.846         93.514          117.8            NaN            NaN        -4.6148        -1.9646        -0.8173       -0.43888       -0.32723
        0.61731            NaN            NaN         18.448          50.85         72.944         96.362         118.15            NaN            NaN        -4.6206        -1.9594       -0.79894       -0.38622       -0.24115
        0.61906            NaN            NaN          17.92         50.425         72.381         95.547         115.15            NaN            NaN        -4.6296        -1.9571        -0.7839       -0.30486       -0.19482
        0.62081            NaN            NaN         17.205         49.806         71.395         92.214         112.24            NaN            NaN        -4.6446        -1.9604       -0.77885       -0.27628       -0.19631
        0.62256            NaN            NaN         16.535         49.221          70.42         89.518         110.34            NaN            NaN        -4.6672        -1.9711       -0.78647       -0.29149       -0.22228
        0.62431            NaN            NaN         16.195         48.947         69.899          88.11         109.65            NaN            NaN        -4.6952        -1.9872       -0.80357       -0.32626       -0.25951
        0.62606            NaN            NaN         16.306         49.111          70.04          88.02         110.23            NaN            NaN        -4.7229         -2.003       -0.82215       -0.36537       -0.29646
        0.62781            NaN            NaN         16.707         49.558         70.698         89.045         111.94            NaN            NaN        -4.7449        -2.0133       -0.83448       -0.39851       -0.32254
        0.62956            NaN            NaN         17.121          50.02         71.554         90.975         114.58            NaN            NaN        -4.7598        -2.0168       -0.83698       -0.41933       -0.32714
        0.63132            NaN            NaN         17.342           50.3         72.291          93.75          117.5            NaN            NaN        -4.7695        -2.0153       -0.82961        -0.4195       -0.29152
        0.63307            NaN            NaN         17.266         50.299         72.636         96.909         117.95            NaN            NaN        -4.7767        -2.0112       -0.81464       -0.37539       -0.21077
        0.63482            NaN            NaN         16.859          49.98         72.379         96.813         114.96            NaN            NaN        -4.7841        -2.0073       -0.79688       -0.27848        -0.1579
        0.63657            NaN            NaN          16.14          49.36         71.483         92.819         111.61            NaN            NaN         -4.795        -2.0066       -0.78334        -0.2289       -0.15113
        0.63832            NaN            NaN          15.21         48.532         70.159         89.018         108.87            NaN            NaN        -4.8126        -2.0122       -0.78075       -0.23329       -0.17065
        0.64007            NaN            NaN          14.31         47.727         68.826         86.238         106.94            NaN            NaN        -4.8395        -2.0269       -0.79282       -0.26519       -0.20779
        0.64182            NaN            NaN         13.818         47.318         68.013         84.678         106.08            NaN            NaN        -4.8747        -2.0495        -0.8175       -0.31241       -0.25662
        0.64357            NaN            NaN         13.978         47.545          68.05         84.447         106.51            NaN            NaN        -4.9107         -2.073       -0.84574       -0.36331       -0.30732
        0.64532            NaN            NaN         14.615         48.235         68.797         85.313         108.07            NaN            NaN        -4.9394        -2.0892       -0.86749       -0.40749       -0.34971
        0.64707            NaN            NaN         15.352         49.014         69.873         86.912          110.5            NaN            NaN        -4.9586        -2.0961       -0.87852       -0.44074        -0.3787
        0.64882            NaN            NaN         15.919          49.62         70.966         89.064         113.77            NaN            NaN        -4.9704        -2.0957       -0.87909       -0.46253       -0.39014
        0.65058            NaN            NaN         16.194          49.94         71.863         91.836         118.05            NaN            NaN        -4.9779        -2.0913       -0.87069       -0.47024       -0.36727
        0.65233            NaN            NaN         16.143         49.943         72.378         95.381          121.1            NaN            NaN        -4.9839        -2.0855       -0.85544       -0.45014       -0.26271
        0.65408            NaN            NaN         15.769         49.637         72.342         98.095         117.62            NaN            NaN         -4.991        -2.0808       -0.83712       -0.36553       -0.16715
        0.65583            NaN            NaN         15.119         49.065         71.703         95.345         113.49            NaN            NaN        -5.0017        -2.0796       -0.82163        -0.2741       -0.15136
        0.65758            NaN            NaN         14.298         48.332         70.623         91.227         110.49            NaN            NaN        -5.0185        -2.0842       -0.81522        -0.2572       -0.16813
        0.65933            NaN            NaN         13.513         47.639         69.474         88.237         108.52            NaN            NaN         -5.043        -2.0964       -0.82142       -0.27828       -0.20138
        0.66108            NaN            NaN         13.051         47.264         68.703         86.542         107.68            NaN            NaN         -5.074        -2.1147       -0.83862       -0.31634       -0.24389
        0.66283            NaN            NaN         13.088          47.38          68.59         86.133         108.05            NaN            NaN        -5.1058        -2.1338       -0.85976       -0.35902       -0.28705
        0.66458            NaN            NaN         13.508          47.87         69.071         86.821         109.54            NaN            NaN        -5.1324        -2.1474       -0.87674       -0.39666       -0.32153
        0.66633            NaN            NaN         14.027         48.448         69.864         88.342         111.99            NaN            NaN        -5.1513        -2.1534       -0.88517       -0.42377       -0.33932
        0.66808            NaN            NaN         14.403         48.875          70.69         90.567          115.2            NaN            NaN        -5.1638         -2.153       -0.88433       -0.43628       -0.32764
        0.66983            NaN            NaN         14.503         49.023         71.319         93.461         117.75            NaN            NaN        -5.1723        -2.1488       -0.87509       -0.42377       -0.26087
        0.67159            NaN            NaN         14.265         48.837          71.53         95.927            116            NaN            NaN        -5.1797        -2.1437       -0.85958       -0.35992        -0.1762
        0.67334            NaN            NaN         13.674         48.304         71.131         94.132         112.23            NaN            NaN        -5.1889        -2.1403       -0.84225       -0.27152       -0.14773
        0.67509            NaN            NaN         12.766         47.464         70.076         89.937          108.9            NaN            NaN        -5.2033        -2.1422       -0.83024       -0.24303       -0.15694
        0.67684            NaN            NaN         11.691         46.466         68.595         86.277         106.26            NaN            NaN        -5.2268        -2.1531       -0.83126       -0.25913       -0.18859
        0.67859            NaN            NaN         10.808         45.668         67.224         83.689         104.53            NaN            NaN         -5.262        -2.1756        -0.8495       -0.30109        -0.2381
        0.68034            NaN            NaN         10.611         45.559         66.619         82.502         104.11            NaN            NaN        -5.3049        -2.2054       -0.88035       -0.35693       -0.29857
        0.68209            NaN            NaN         11.226          46.26         67.004          82.73         105.11            NaN            NaN         -5.344        -2.2312       -0.91085       -0.41205        -0.3573
        0.68384            NaN            NaN          12.24         47.354         68.017         83.914         107.15            NaN            NaN        -5.3715        -2.2453       -0.93154       -0.45731       -0.40623
        0.68559            NaN            NaN         13.213           48.4         69.236         85.626         109.96            NaN            NaN         -5.388        -2.2482       -0.94127       -0.49258       -0.44641
        0.68734            NaN            NaN         13.931         49.181         70.441         87.741         113.74            NaN            NaN        -5.3971        -2.2435        -0.9419       -0.52114       -0.48392
        0.68909            NaN            NaN         14.325         49.629         71.528          90.41         119.62            NaN            NaN        -5.4019        -2.2347       -0.93482       -0.54645       -0.53508
        0.69085            NaN            NaN         14.383         49.734         72.411          94.21         128.79            NaN            NaN        -5.4048        -2.2239       -0.92056       -0.57255       -0.75979
         0.6926            NaN            NaN         14.107         49.503          72.95          101.4         119.17            NaN            NaN        -4.4076        -1.2131        0.10048        0.38636       0.034063
        0.69435            NaN            NaN         13.505         48.944         72.944         107.25         113.33            NaN            NaN        -5.4119         -2.204       -0.87351      -0.020392      -0.013418
         0.6961            NaN            NaN         12.583         48.068         72.214         94.924         109.47            NaN            NaN        -5.4195        -2.1981       -0.84739       -0.10207      -0.046796
        0.69785            NaN            NaN         11.369         46.903         70.757         89.196         106.42            NaN            NaN        -5.4328         -2.198        -0.8284       -0.13892      -0.080613
         0.6996            NaN            NaN         9.9465         45.535         68.811          85.18         103.86            NaN            NaN        -5.4549        -2.2066       -0.82336       -0.17876       -0.12076
        0.70135            NaN            NaN         8.5574         44.206         66.812         82.161         101.84            NaN            NaN        -5.4894        -2.2276       -0.83661       -0.22867       -0.17173
         0.7031            NaN            NaN         7.6788          43.39         65.378         80.272         100.74            NaN            NaN        -5.5363         -2.261       -0.86731       -0.28969       -0.23412
        0.70485            NaN            NaN         7.7384         43.517         65.009         79.781         100.94            NaN            NaN         -5.587        -2.2981       -0.90523       -0.35337       -0.29942
         0.7066            NaN            NaN         8.5739         44.422         65.573         80.446         102.27            NaN            NaN        -5.6292        -2.3265       -0.93687        -0.4077       -0.35565
        0.70835            NaN            NaN         9.6695         45.589         66.564         81.719         104.24            NaN            NaN         -5.659        -2.3423       -0.95716       -0.44874       -0.39899
        0.71011            NaN            NaN         10.674         46.666          67.63         83.248         106.58            NaN            NaN        -5.6788        -2.3482       -0.96772       -0.47893       -0.43207
        0.71186            NaN            NaN          11.45         47.512         68.624         84.921         109.27            NaN            NaN        -5.6923        -2.3474       -0.97122       -0.50148       -0.45836
        0.71361            NaN            NaN          11.96         48.092         69.496         86.767         112.58            NaN            NaN         -5.702        -2.3428       -0.96947       -0.51836       -0.48031
        0.71536            NaN            NaN         12.203         48.402         70.215         88.903         117.29            NaN            NaN        -5.7098        -2.3362       -0.96353       -0.52991       -0.49884
        0.71711            NaN            NaN         12.189         48.452         70.744         91.554         127.03            NaN            NaN        -5.7172        -2.3291       -0.95408        -0.5338       -0.50672
        0.71886            NaN            NaN         11.932         48.255          71.03         95.092         126.81            NaN            NaN        -4.7255        -1.3227       0.058089        0.48018      -0.064419
        0.72061            NaN            NaN         11.457         47.837         71.008         99.231         117.42            NaN            NaN        -5.7358        -2.3183       -0.92847       -0.44902      -0.074932
        0.72236            NaN            NaN         10.806         47.238         70.642         98.074            113            NaN            NaN        -5.7495        -2.3173       -0.91617       -0.31929      -0.097613
        0.72411            NaN            NaN         10.051         46.534         69.975         93.421         110.16            NaN            NaN        -5.7677        -2.3208       -0.90807       -0.27483       -0.12519
        0.72586            NaN            NaN         9.3095         45.841         69.154         89.951         108.26            NaN            NaN        -5.7913        -2.3296       -0.90667        -0.2795         -0.157
        0.72761            NaN            NaN         8.7253         45.304         68.399         87.698         107.15            NaN            NaN        -5.8196         -2.343       -0.91241       -0.30177       -0.19161
        0.72936            NaN            NaN          8.411         45.037         67.904         86.451         106.81            NaN            NaN        -5.8504        -2.3589       -0.92306       -0.33025        -0.2258
        0.73112            NaN            NaN         8.3727         45.047         67.732         86.025         107.15            NaN            NaN        -5.8804         -2.374       -0.93488       -0.35807       -0.25515
        0.73287            NaN            NaN         8.5103         45.235         67.814           86.2         107.99            NaN            NaN        -5.9073         -2.386        -0.9447       -0.38073       -0.27572
        0.73462            NaN            NaN         8.6912         45.467         68.024         86.748         109.08            NaN            NaN        -5.9307        -2.3943       -0.95115       -0.39585       -0.28496
        0.73637            NaN            NaN         8.8132         45.641         68.246         87.456         110.11            NaN            NaN        -5.9512        -2.3996       -0.95424       -0.40244       -0.28199
        0.73812            NaN            NaN         8.8219         45.702         68.402          88.11         110.73            NaN            NaN          -5.97        -2.4033       -0.95475       -0.40048       -0.26902
        0.73987            NaN            NaN         8.7023         45.635         68.444         88.484         110.67            NaN            NaN        -5.9887        -2.4065        -0.9538       -0.39145        -0.2527
        0.74162            NaN            NaN         8.4684         45.452         68.355         88.393         110.01            NaN            NaN        -6.0082        -2.4105       -0.95261       -0.37937       -0.24122
        0.74337            NaN            NaN         8.1576         45.191         68.147         87.826         109.07            NaN            NaN        -6.0295        -2.4163       -0.95244       -0.36996       -0.23908
        0.74512            NaN            NaN         7.8264         44.908         67.862         86.971         108.14            NaN            NaN        -6.0532        -2.4243       -0.95436       -0.36763       -0.24647
        0.74687            NaN            NaN         7.5431          44.67         67.572         86.091         107.44            NaN            NaN        -6.0793        -2.4347        -0.9589       -0.37354        -0.2615
        0.74862            NaN            NaN         7.3722         44.542         67.355         85.397         107.09            NaN            NaN        -6.1072        -2.4468       -0.96583       -0.38625       -0.28164
        0.75038            NaN            NaN         7.3507         44.561          67.27          85.01         107.16            NaN            NaN        -6.1357        -2.4593       -0.97413       -0.40314       -0.30414
        0.75213            NaN            NaN         7.4729         44.723         67.333         84.964         107.67            NaN            NaN        -6.1632        -2.4708       -0.98242       -0.42145        -0.3263
        0.75388            NaN            NaN         7.6947         44.982         67.521         85.232         108.59            NaN            NaN        -6.1889        -2.4804       -0.98951       -0.43895       -0.34587
        0.75563            NaN            NaN         7.9558          45.28         67.786         85.763          109.9            NaN            NaN        -6.2121        -2.4876       -0.99469       -0.45419       -0.36097
        0.75738            NaN            NaN         8.2006         45.561         68.081         86.504          111.6            NaN            NaN        -6.2331        -2.4924       -0.99777       -0.46633       -0.36961
        0.75913            NaN            NaN         8.3888         45.785         68.366          87.42         113.68            NaN            NaN        -6.2522        -2.4952        -0.9989        -0.4748       -0.36851
        0.76088            NaN            NaN         8.4961         45.929         68.613         88.488         116.12            NaN            NaN        -6.2701        -2.4967       -0.99834       -0.47892       -0.35074
        0.76263            NaN            NaN         8.5104          45.98         68.803         89.692         118.37            NaN            NaN        -6.2872        -2.4974       -0.99642       -0.47755       -0.30422
        0.76438            NaN            NaN          8.427         45.934         68.921         90.992         118.74            NaN            NaN         -6.304        -2.4977       -0.99344       -0.46863       -0.23108
        0.76613            NaN            NaN         8.2444         45.789         68.954         92.252         116.72            NaN            NaN         -6.321        -2.4981       -0.98972       -0.44905       -0.17324
        0.76788            NaN            NaN         7.9631         45.545         68.891         93.105         114.06            NaN            NaN        -6.3386        -2.4989       -0.98562       -0.41634       -0.14686
        0.76963            NaN            NaN         7.5852         45.205         68.718         92.987         111.62            NaN            NaN        -6.3573        -2.5008       -0.98158       -0.37504        -0.1404
        0.77139            NaN            NaN         7.1183         44.775         68.427         91.711         109.53            NaN            NaN        -6.3776        -2.5041       -0.97825       -0.33927       -0.14545
        0.77314            NaN            NaN         6.5815         44.275         68.021         89.779         107.74            NaN            NaN        -6.4003        -2.5097        -0.9765       -0.31946       -0.15838
        0.77489            NaN            NaN          6.015         43.743         67.527         87.753         106.25            NaN            NaN        -6.4261        -2.5182       -0.97735       -0.31594       -0.17771
        0.77664            NaN            NaN         5.4866         43.248         67.007         85.948         105.09            NaN            NaN        -6.4554          -2.53       -0.98169       -0.32524       -0.20267
        0.77839            NaN            NaN         5.0868         42.879         66.556          84.53         104.33            NaN            NaN         -6.488        -2.5451       -0.98972       -0.34376       -0.23218
        0.78014            NaN            NaN         4.9003         42.721         66.275         83.596         104.06            NaN            NaN        -6.5226        -2.5621        -1.0005       -0.36793       -0.26428
        0.78189            NaN            NaN         4.9595         42.804         66.218         83.168         104.31            NaN            NaN        -6.5572        -2.5789        -1.0122       -0.39405       -0.29619
        0.78364            NaN            NaN          5.222         43.087         66.364         83.193         105.02            NaN            NaN        -6.5897        -2.5934        -1.0227       -0.41888       -0.32514
        0.78539            NaN            NaN         5.5971         43.479         66.643         83.565         106.14            NaN            NaN        -6.6188        -2.6045        -1.0307       -0.44036       -0.34913
        0.78714            NaN            NaN         5.9914         43.886         66.975         84.178         107.58            NaN            NaN        -6.6446        -2.6121        -1.0358       -0.45758       -0.36698
        0.78889            NaN            NaN         6.3365         44.242         67.298         84.948          109.3            NaN            NaN        -6.6675        -2.6169        -1.0384       -0.47037        -0.3776
        0.79065            NaN            NaN         6.5937         44.507         67.574         85.818         111.25            NaN            NaN        -6.6886        -2.6196        -1.0391       -0.47873       -0.37911
         0.7924            NaN            NaN         6.7475         44.667         67.784         86.745         113.37            NaN            NaN        -6.7085        -2.6212        -1.0383       -0.48262        -0.3679
        0.79415            NaN            NaN         6.7979         44.722         67.919         87.687         115.33            NaN            NaN        -6.7281        -2.6223        -1.0368       -0.48183       -0.33865
         0.7959            NaN            NaN         6.7542         44.682         67.978         88.588          116.4            NaN            NaN        -6.7479        -2.6234        -1.0348       -0.47602       -0.29094
        0.79765            NaN            NaN         6.6302          44.56         67.968         89.366         115.92            NaN            NaN        -6.7682         -2.625        -1.0327       -0.46504        -0.2411
         0.7994            NaN            NaN         6.4411         44.372         67.893         89.917         114.42            NaN            NaN        -6.7894        -2.6274         -1.031       -0.44931       -0.20711
        0.80115            NaN            NaN         6.2002         44.132         67.762          90.13         112.69            NaN            NaN        -6.8116        -2.6306        -1.0296       -0.43034       -0.19004
         0.8029            NaN            NaN         5.9187         43.848         67.582         89.938         111.06            NaN            NaN        -6.8349        -2.6348        -1.0289       -0.41079       -0.18455
        0.80465            NaN            NaN         5.6061         43.533         67.358         89.354         109.61            NaN            NaN        -6.8596        -2.6402        -1.0291       -0.39376       -0.18675
         0.8064            NaN            NaN         5.2742         43.196         67.099         88.468         108.34            NaN            NaN        -6.8857         -2.647        -1.0303       -0.38187       -0.19465
        0.80815            NaN            NaN         4.9423         42.857         66.821         87.417         107.26            NaN            NaN        -6.9137        -2.6555        -1.0329        -0.3766       -0.20736
         0.8099            NaN            NaN          4.642         42.548         66.549         86.346          106.4            NaN            NaN        -6.9436        -2.6657        -1.0372       -0.37836       -0.22438
        0.81166            NaN            NaN         4.4174         42.313         66.325          85.39         105.83            NaN            NaN        -6.9754        -2.6777        -1.0432        -0.3866       -0.24507
        0.81341            NaN            NaN         4.3143         42.197         66.193         84.664          105.6            NaN            NaN        -7.0085        -2.6908        -1.0505       -0.39995       -0.26826
        0.81516            NaN            NaN         4.3603         42.227         66.185         84.241         105.76            NaN            NaN        -7.0419         -2.704        -1.0583       -0.41639       -0.29216
        0.81691            NaN            NaN         4.5472         42.396         66.299         84.145         106.35            NaN            NaN        -7.0742         -2.716        -1.0653       -0.43365       -0.31453
        0.81866            NaN            NaN           4.83         42.656         66.503         84.352         107.34            NaN            NaN        -7.1045        -2.7258        -1.0706       -0.44966       -0.33302
        0.82041            NaN            NaN         5.1441         42.943         66.744         84.807         108.69            NaN            NaN        -7.1323        -2.7329        -1.0739       -0.46291       -0.34516
        0.82216            NaN            NaN         5.4273         43.194         66.969         85.448         110.33            NaN            NaN        -7.1578        -2.7376        -1.0751       -0.47232       -0.34784
        0.82391            NaN            NaN         5.6326         43.362         67.138          86.21         112.11            NaN            NaN        -7.1816        -2.7403        -1.0747       -0.47706       -0.33671
        0.82566            NaN            NaN         5.7321          43.42         67.227         87.016         113.54            NaN            NaN        -7.2045         -2.742        -1.0732       -0.47632       -0.30781
        0.82741            NaN            NaN          5.717         43.358         67.223         87.752         113.85            NaN            NaN        -7.2273        -2.7436        -1.0713        -0.4695       -0.26677
        0.82916            NaN            NaN          5.596         43.186         67.127         88.253         112.87            NaN            NaN         -7.251        -2.7458        -1.0697       -0.45697       -0.23239
        0.83092            NaN            NaN         5.3945          42.93         66.955         88.355         111.33            NaN            NaN        -7.2762        -2.7494        -1.0691       -0.44131        -0.2156
        0.83267            NaN            NaN         5.1532         42.629         66.736          88.01         109.85            NaN            NaN        -7.3035        -2.7549        -1.0699       -0.42723       -0.21385
        0.83442            NaN            NaN         4.9227         42.337         66.512         87.366         108.69            NaN            NaN        -7.3329        -2.7624        -1.0724       -0.41889       -0.22173
        0.83617            NaN            NaN         4.7524           42.1         66.327         86.659         107.93            NaN            NaN        -7.3641        -2.7715        -1.0764       -0.41748       -0.23482
        0.83792            NaN            NaN         4.6742         41.952         66.212         86.081         107.57            NaN            NaN        -7.3965        -2.7815        -1.0811       -0.42153        -0.2496
        0.83967            NaN            NaN         4.6911         41.894         66.174          85.72         107.57            NaN            NaN        -7.4288        -2.7915        -1.0859       -0.42846       -0.26315
        0.84142            NaN            NaN         4.7778         41.902         66.192         85.578         107.83            NaN            NaN        -7.4606        -2.8005        -1.0901       -0.43579        -0.2732
        0.84317            NaN            NaN          4.895         41.935         66.234         85.604         108.21            NaN            NaN        -7.4914        -2.8084        -1.0933       -0.44177       -0.27842
        0.84492            NaN            NaN         5.0048         41.954         66.267         85.719         108.57            NaN            NaN        -7.5213        -2.8152        -1.0956       -0.44542       -0.27873
        0.84667            NaN            NaN         5.0825         41.935          66.27          85.84         108.76            NaN            NaN        -7.5508        -2.8214        -1.0973       -0.44656       -0.27558
        0.84842            NaN            NaN         5.1201          41.87         66.233         85.891         108.71            NaN            NaN        -7.5804        -2.8276         -1.099       -0.44577       -0.27167
        0.85018            NaN            NaN          5.126         41.766         66.165         85.826         108.47            NaN            NaN        -7.6106        -2.8341        -1.1011       -0.44424       -0.26982
        0.85193            NaN            NaN          5.122         41.645         66.082         85.642         108.14            NaN            NaN        -7.6419        -2.8415        -1.1038       -0.44346        -0.2718
        0.85368            NaN            NaN         5.1367         41.536          66.01         85.384         107.86            NaN            NaN        -7.6742        -2.8497        -1.1073       -0.44466       -0.27788
        0.85543            NaN            NaN         5.1981         41.467         65.973         85.126         107.74            NaN            NaN        -7.7074        -2.8587        -1.1113       -0.44839       -0.28716
        0.85718            NaN            NaN         5.3242         41.456         65.988         84.941         107.86            NaN            NaN        -7.7411        -2.8678        -1.1156       -0.45434       -0.29808
        0.85893            NaN            NaN         5.5176         41.504         66.054         84.879         108.24            NaN            NaN        -7.7746        -2.8766        -1.1194       -0.46165       -0.30876
        0.86068            NaN            NaN         5.7646         41.598         66.161         84.962          108.9            NaN            NaN        -7.8075        -2.8846        -1.1225       -0.46925       -0.31716
        0.86243            NaN            NaN         6.0406         41.714         66.284         85.185         109.81            NaN            NaN        -7.8394        -2.8913        -1.1246        -0.4761        -0.3211
        0.86418            NaN            NaN         6.3175         41.821         66.399         85.529         110.88            NaN            NaN        -7.8703        -2.8969        -1.1255       -0.48133       -0.31816
        0.86593            NaN            NaN         6.5698         41.896         66.481         85.964         111.96            NaN            NaN        -7.9004        -2.9013        -1.1254       -0.48425       -0.30582
        0.86768            NaN            NaN         6.7778         41.916         66.513         86.449         112.75            NaN            NaN        -7.9299        -2.9049        -1.1246       -0.48425       -0.28296
        0.86943            NaN            NaN         6.9294          41.87         66.485         86.935         112.86            NaN            NaN        -7.9592        -2.9081        -1.1235       -0.48084        -0.2533
        0.87119            NaN            NaN         7.0194         41.752         66.391         87.349         112.18            NaN            NaN        -7.9887        -2.9112        -1.1225       -0.47377       -0.22568
        0.87294            NaN            NaN         7.0505         41.564         66.235         87.601         110.97            NaN            NaN        -8.0189        -2.9149        -1.1218       -0.46338       -0.20731
        0.87469            NaN            NaN         7.0323         41.316         66.024         87.601         109.59            NaN            NaN        -8.0503        -2.9194         -1.122       -0.45096       -0.19954
        0.87644            NaN            NaN         6.9825         41.023         65.775         87.302         108.26            NaN            NaN        -8.0831        -2.9251        -1.1234       -0.43881        -0.2006
        0.87819            NaN            NaN         6.9259         40.712         65.511         86.737          107.1            NaN            NaN        -8.1178        -2.9324        -1.1262       -0.42953       -0.20835
        0.87994            NaN            NaN         6.8938         40.411         65.261         86.008         106.16            NaN            NaN        -8.1543        -2.9413        -1.1306       -0.42493       -0.22106
        0.88169            NaN            NaN         6.9198         40.155         65.055         85.245         105.46            NaN            NaN        -8.1925        -2.9517        -1.1363       -0.42553       -0.23734
        0.88344            NaN            NaN         7.0342         39.974         64.924         84.556         105.03            NaN            NaN        -8.2322        -2.9632        -1.1431       -0.43074       -0.25593
        0.88519            NaN            NaN         7.2571         39.886         64.883         84.016         104.89            NaN            NaN        -8.2726        -2.9754        -1.1504       -0.43936       -0.27562
        0.88694            NaN            NaN         7.5933         39.896         64.938         83.659         105.03            NaN            NaN        -8.3132        -2.9874        -1.1574       -0.45003       -0.29522
        0.88869            NaN            NaN         8.0319         39.992         65.076         83.491         105.44            NaN            NaN        -8.3533        -2.9986        -1.1636       -0.46147       -0.31366
        0.89045            NaN            NaN          8.551         40.153         65.274         83.494         106.11            NaN            NaN        -8.3924        -3.0086        -1.1686        -0.4727       -0.32999
         0.8922            NaN            NaN         9.1235         40.349         65.503         83.647         107.03            NaN            NaN        -8.4303        -3.0171         -1.172       -0.48301       -0.34333
        0.89395            NaN            NaN         9.7224         40.554         65.736         83.923         108.19            NaN            NaN        -8.4669        -3.0241        -1.1739       -0.49192       -0.35261
         0.8957            NaN            NaN         10.324         40.743         65.948         84.302         109.59            NaN            NaN        -8.5023        -3.0297        -1.1743       -0.49912       -0.35625
        0.89745            NaN            NaN         10.907         40.894         66.118         84.765         111.21            NaN            NaN        -8.5366        -3.0339        -1.1735       -0.50428       -0.35145
         0.8992            NaN            NaN         11.455         40.991         66.229         85.296         112.93            NaN            NaN        -8.5701        -3.0371        -1.1717       -0.50707       -0.33348
        0.90095            NaN            NaN         11.955         41.018         66.266         85.875          114.3            NaN            NaN        -8.6031        -3.0395        -1.1691       -0.50701       -0.29723
         0.9027            NaN            NaN         12.397         40.965         66.221         86.469         114.46            NaN            NaN         -8.636        -3.0415        -1.1663       -0.50347       -0.24737
        0.90445            NaN            NaN         12.774         40.825         66.085         87.019         113.14            NaN            NaN        -8.6691        -3.0436        -1.1636       -0.49575       -0.20448
         0.9062            NaN            NaN         13.084         40.594          65.86         87.425         111.13            NaN            NaN        -8.7029        -3.0461        -1.1615       -0.48347         -0.181
        0.90795            NaN            NaN         13.332         40.276          65.55         87.545         109.09            NaN            NaN        -8.7379        -3.0496        -1.1605        -0.4673       -0.17419
         0.9097            NaN            NaN         13.533         39.886         65.171         87.247         107.26            NaN            NaN        -8.7748        -3.0548        -1.1613       -0.44993       -0.17888
        0.91146            NaN            NaN         13.716         39.452         64.756         86.511          105.7            NaN            NaN        -8.8141        -3.0622        -1.1644       -0.43569       -0.19179
        0.91321            NaN            NaN          13.93         39.021         64.351         85.477         104.43            NaN            NaN        -8.8563        -3.0722        -1.1702       -0.42841        -0.2111
        0.91496            NaN            NaN         14.239         38.657         64.023         84.371         103.51            NaN            NaN        -8.9014         -3.085        -1.1788        -0.4296       -0.23551
        0.91671            NaN            NaN         14.712         38.428         63.841         83.404         102.99            NaN            NaN        -8.9488        -3.0999        -1.1895       -0.43838       -0.26353
        0.91846            NaN            NaN         15.401         38.382         63.853         82.714         102.92            NaN            NaN        -8.9972        -3.1157         -1.201       -0.45236       -0.29324
        0.92021            NaN            NaN         16.309         38.524          64.06         82.354         103.29            NaN            NaN        -9.0451        -3.1307        -1.2115       -0.46872       -0.32244
        0.92196            NaN            NaN         17.395         38.811         64.417         82.301         104.08            NaN            NaN        -9.0908        -3.1436        -1.2197       -0.48499       -0.34922
        0.92371            NaN            NaN          18.59         39.173         64.852         82.494         105.26            NaN            NaN        -9.1339        -3.1536        -1.2248       -0.49958       -0.37221
        0.92546            NaN            NaN         19.827         39.543         65.292         82.867          106.8            NaN            NaN        -9.1741        -3.1608        -1.2267       -0.51169       -0.39045
        0.92721            NaN            NaN         21.056         39.869         65.681         83.364         108.72            NaN            NaN        -9.2118        -3.1654        -1.2259       -0.52103       -0.40274
        0.92896            NaN            NaN         22.243         40.117         65.982         83.946         111.13            NaN            NaN        -9.2477        -3.1681        -1.2231       -0.52752       -0.40633
        0.93072            NaN            NaN          23.37         40.269         66.173         84.586         114.14            NaN            NaN        -9.2822        -3.1696        -1.2188       -0.53109       -0.39369
        0.93247            NaN            NaN         24.429         40.315         66.245         85.261         117.51            NaN            NaN        -9.3161        -3.1703        -1.2139       -0.53151       -0.34444
        0.93422            NaN            NaN         25.419         40.255         66.198          85.94         118.45            NaN            NaN        -9.3497        -3.1709        -1.2088       -0.52842       -0.24476
        0.93597            NaN            NaN         26.344         40.094         66.036         86.578         115.54            NaN            NaN        -9.3835        -3.1718        -1.2042       -0.52133       -0.17252
        0.93772            NaN            NaN         27.213         39.838         65.772         87.096          112.3            NaN            NaN         -9.418        -3.1735        -1.2006       -0.50992       -0.14815
        0.93947            NaN            NaN         28.037           39.5         65.419         87.379         109.68            NaN            NaN        -9.4535        -3.1764        -1.1983       -0.49456        -0.1457
        0.94122            NaN            NaN         28.834         39.097         65.001         87.311         107.59            NaN            NaN        -9.4905         -3.181         -1.198       -0.47707       -0.15358
        0.94297            NaN            NaN         29.629         38.656         64.546         86.839          105.9            NaN            NaN        -9.5293        -3.1875        -1.1999       -0.46076       -0.16758
        0.94472            NaN            NaN         30.456         38.209         64.091         86.033         104.56            NaN            NaN        -9.5701        -3.1963        -1.2043       -0.44915       -0.18599
        0.94647            NaN            NaN         31.358         37.802         63.684         85.059         103.52            NaN            NaN        -9.6129        -3.2075        -1.2112        -0.4443       -0.20787
        0.94822            NaN            NaN         32.382          37.48         63.373         84.095         102.82            NaN            NaN        -9.6574        -3.2207        -1.2203       -0.44631       -0.23236
        0.94997            NaN            NaN         33.567         37.284         63.202         83.279         102.45            NaN            NaN         -9.703        -3.2353        -1.2308       -0.45389       -0.25836
        0.95173            NaN            NaN         34.935         37.237         63.192         82.688         102.44            NaN            NaN        -9.7486        -3.2502        -1.2416       -0.46507       -0.28451
        0.95348            NaN            NaN         36.476         37.329         63.334         82.344         102.76            NaN            NaN         -9.793        -3.2643        -1.2516       -0.47785       -0.30939
        0.95523            NaN            NaN         38.155         37.527         63.594         82.226         103.38            NaN            NaN        -9.8353        -3.2769        -1.2599       -0.49057       -0.33175
        0.95698            NaN            NaN         39.926         37.785         63.922         82.288         104.26            NaN            NaN        -9.8752        -3.2874        -1.2659       -0.50214       -0.35066
        0.95873            NaN            NaN         41.741         38.058          64.27         82.484         105.36            NaN            NaN        -9.9125        -3.2958        -1.2697       -0.51195       -0.36542
        0.96048            NaN            NaN         43.564         38.309         64.599         82.769         106.65            NaN            NaN        -9.9475        -3.3024        -1.2714       -0.51978       -0.37533
        0.96223            NaN            NaN         45.369         38.515         64.879         83.109         108.11            NaN            NaN        -9.9805        -3.3076        -1.2714        -0.5256       -0.37938
        0.96398            NaN            NaN          47.14         38.661         65.095         83.477         109.69            NaN            NaN        -10.012        -3.3117        -1.2702       -0.52946       -0.37598
        0.96573            NaN            NaN         48.871         38.742         65.237          83.85         111.28            NaN            NaN        -10.042        -3.3153        -1.2683       -0.53149       -0.36287
        0.96748            NaN            NaN         50.561         38.759         65.306          84.21         112.63            NaN            NaN        -10.072        -3.3187         -1.266       -0.53179       -0.33814
        0.96923            NaN            NaN         52.215         38.718         65.307         84.538         113.36            NaN            NaN        -10.101        -3.3221        -1.2637       -0.53054       -0.30357
        0.97099            NaN            NaN         53.837         38.626         65.248          84.82         113.21            NaN            NaN         -10.13        -3.3258        -1.2618       -0.52793       -0.26739
        0.97274            NaN            NaN         55.436         38.493         65.139         85.043         112.35            NaN            NaN        -10.158        -3.3299        -1.2603        -0.5242       -0.23863
        0.97449            NaN            NaN         57.019         38.327         64.992         85.196         111.18            NaN            NaN        -10.187        -3.3346        -1.2594       -0.51964       -0.22015
        0.97624            NaN            NaN         58.592         38.137         64.815         85.272         109.98            NaN            NaN        -10.215        -3.3399        -1.2592       -0.51457       -0.21029
        0.97799            NaN            NaN         60.162         37.929         64.616         85.268         108.85            NaN            NaN        -10.244        -3.3458        -1.2597        -0.5093       -0.20662
        0.97974            NaN            NaN         61.731         37.709         64.403         85.184         107.82            NaN            NaN        -10.272        -3.3523         -1.261       -0.50415       -0.20733
        0.98149            NaN            NaN         63.305         37.482         64.181         85.022          106.9            NaN            NaN        -10.301        -3.3595        -1.2629       -0.49945        -0.2113
        0.98324            NaN            NaN         64.886         37.255         63.957         84.788          106.1            NaN            NaN         -10.33        -3.3673        -1.2657       -0.49553       -0.21788
        0.98499            NaN            NaN         66.483         37.035         63.739         84.492          105.4            NaN            NaN        -10.358         -3.376        -1.2693       -0.49275       -0.22669
        0.98674            NaN            NaN         68.103         36.831         63.539         84.153         104.82            NaN            NaN        -10.387        -3.3853        -1.2738       -0.49141       -0.23744
        0.98849            NaN            NaN         69.756         36.655         63.368         83.793         104.37            NaN            NaN        -10.417        -3.3954        -1.2791       -0.49172       -0.24985
        0.99025            NaN            NaN         71.452         36.518          63.24         83.442         104.06            NaN            NaN        -10.446         -3.406         -1.285       -0.49374       -0.26355
          0.992            NaN            NaN         73.201          36.43         63.166         83.126         103.92            NaN            NaN        -10.475         -3.417        -1.2914       -0.49734       -0.27811
        0.99375            NaN            NaN         75.007         36.397         63.154         82.868         103.94            NaN            NaN        -10.503         -3.428         -1.298       -0.50221       -0.29299
         0.9955            NaN            NaN         76.868         36.417         63.202         82.684         104.13            NaN            NaN        -10.531        -3.4388        -1.3043       -0.50794       -0.30761
        0.99725            NaN            NaN         78.777         36.485         63.307          82.58          104.5            NaN            NaN        -10.557        -3.4491        -1.3101        -0.5141       -0.32137
          0.999            NaN            NaN         80.722         36.589         63.456         82.553         105.03            NaN            NaN        -10.583        -3.4586        -1.3152       -0.52025        -0.3337
         1.0008            NaN            NaN         82.687         36.714         63.635         82.598         105.72            NaN            NaN        -10.606        -3.4673        -1.3193       -0.52606         -0.344
         1.0025            NaN            NaN         84.658         36.847         63.828         82.702         106.56            NaN            NaN        -10.629         -3.475        -1.3223       -0.53127       -0.35163
         1.0043            NaN            NaN          86.62         36.973         64.021         82.854         107.53            NaN            NaN         -10.65        -3.4818        -1.3243        -0.5357       -0.35581
          1.006            NaN            NaN          88.56          37.08         64.199         83.043         108.63            NaN            NaN         -10.67        -3.4877        -1.3254       -0.53922       -0.35546
         1.0078            NaN            NaN         90.468         37.158          64.35         83.257         109.79            NaN            NaN        -10.689         -3.493        -1.3255       -0.54176       -0.34913
         1.0095            NaN            NaN         92.336           37.2         64.465         83.486         110.92            NaN            NaN        -10.706        -3.4978         -1.325       -0.54324       -0.33514
         1.0113            NaN            NaN         94.159         37.202         64.536         83.717         111.81            NaN            NaN        -10.723        -3.5023        -1.3239       -0.54363       -0.31254
          1.013            NaN            NaN         95.933         37.158         64.557         83.939         112.17            NaN            NaN         -10.74        -3.5065        -1.3225       -0.54291       -0.28333
         1.0148            NaN            NaN         97.656          37.07         64.525         84.138         111.85            NaN            NaN        -10.756        -3.5109         -1.321       -0.54108       -0.25355
         1.0165            NaN            NaN          99.33         36.938         64.439         84.298         110.96            NaN            NaN        -10.772        -3.5154        -1.3197        -0.5382       -0.22977
         1.0183            NaN            NaN         100.96         36.764         64.301         84.402         109.78            NaN            NaN        -10.787        -3.5204        -1.3187       -0.53444       -0.21477
           1.02            NaN            NaN         102.55         36.557         64.119         84.434         108.55            NaN            NaN        -10.804         -3.526        -1.3184       -0.53008       -0.20794
         1.0218            NaN            NaN          104.1         36.325         63.901         84.381         107.38            NaN            NaN         -10.82        -3.5324        -1.3189       -0.52552       -0.20762
         1.0235            NaN            NaN         105.64          36.08         63.662          84.24         106.35            NaN            NaN        -10.837        -3.5398        -1.3205        -0.5213       -0.21219
         1.0253            NaN            NaN            NaN         35.838         63.418         84.021         105.48            NaN            NaN            NaN        -3.5481        -1.3231       -0.51798       -0.22043
          1.027            NaN            NaN            NaN         35.614         63.189         83.744         104.78            NaN            NaN            NaN        -3.5573         -1.327       -0.51602       -0.23135
         1.0288            NaN            NaN            NaN         35.425         62.993         83.441         104.27            NaN            NaN            NaN        -3.5674        -1.3317        -0.5157       -0.24408
         1.0305            NaN            NaN            NaN         35.282         62.846         83.145         103.95            NaN            NaN            NaN         -3.578        -1.3373       -0.51702       -0.25781
         1.0323            NaN            NaN            NaN         35.192         62.757         82.887         103.81            NaN            NaN            NaN        -3.5888        -1.3432       -0.51972       -0.27174
          1.034            NaN            NaN            NaN         35.154         62.727         82.685         103.86            NaN            NaN            NaN        -3.5995        -1.3491        -0.5234       -0.28511
         1.0358            NaN            NaN            NaN         35.159         62.748         82.547         104.05            NaN            NaN            NaN        -3.6099        -1.3547       -0.52759       -0.29722
         1.0375            NaN            NaN            NaN         35.196         62.809         82.471         104.37            NaN            NaN            NaN        -3.6196        -1.3597       -0.53185        -0.3075
         1.0393            NaN            NaN            NaN         35.249         62.894         82.448         104.79            NaN            NaN            NaN        -3.6286        -1.3639       -0.53586       -0.31555
          1.041            NaN            NaN            NaN         35.305         62.988         82.463         105.26            NaN            NaN            NaN         -3.637        -1.3675       -0.53939       -0.32117
         1.0428            NaN            NaN            NaN         35.352         63.078         82.503         105.74            NaN            NaN            NaN        -3.6448        -1.3704       -0.54236       -0.32438
         1.0445            NaN            NaN            NaN         35.385         63.156         82.555          106.2            NaN            NaN            NaN        -3.6522        -1.3729       -0.54476       -0.32545
         1.0463            NaN            NaN            NaN           35.4         63.218         82.609          106.6            NaN            NaN            NaN        -3.6594         -1.375       -0.54667        -0.3249
          1.048            NaN            NaN            NaN           35.4         63.263         82.657         106.95            NaN            NaN            NaN        -3.6666         -1.377       -0.54822       -0.32335
         1.0498            NaN            NaN            NaN         35.388         63.296         82.696         107.24            NaN            NaN            NaN        -3.6737         -1.379       -0.54954       -0.32145
         1.0515            NaN            NaN            NaN          35.37         63.321         82.728          107.5            NaN            NaN            NaN        -3.6809         -1.381       -0.55079        -0.3196
         1.0533            NaN            NaN            NaN         35.352         63.346         82.757         107.76            NaN            NaN            NaN        -3.6882         -1.383       -0.55204       -0.31789
          1.055            NaN            NaN            NaN         35.337         63.374         82.788         108.05            NaN            NaN            NaN        -3.6954        -1.3851       -0.55334       -0.31599
         1.0568            NaN            NaN            NaN         35.327         63.409         82.828         108.39            NaN            NaN            NaN        -3.7026         -1.387       -0.55464       -0.31324
         1.0585            NaN            NaN            NaN          35.32          63.45         82.882         108.78            NaN            NaN            NaN        -3.7094        -1.3888       -0.55587       -0.30871
         1.0603            NaN            NaN            NaN          35.31         63.492          82.95         109.18            NaN            NaN            NaN         -3.716        -1.3901       -0.55688       -0.30142
          1.062            NaN            NaN            NaN          35.29         63.528         83.032         109.53            NaN            NaN            NaN        -3.7223        -1.3911       -0.55753       -0.29062
         1.0638            NaN            NaN            NaN         35.251          63.55         83.122          109.7            NaN            NaN            NaN        -3.7282        -1.3916       -0.55768       -0.27636
         1.0655            NaN            NaN            NaN         35.186         63.548         83.211          109.6            NaN            NaN            NaN        -3.7339        -1.3918       -0.55721       -0.25997
         1.0673            NaN            NaN            NaN         35.088         63.512         83.289         109.17            NaN            NaN            NaN        -3.7394        -1.3917       -0.55608         -0.244
          1.069            NaN            NaN            NaN         34.952         63.436         83.341         108.45            NaN            NaN            NaN        -3.7452        -1.3916       -0.55429       -0.23116
         1.0708            NaN            NaN            NaN          34.78         63.318         83.353         107.53            NaN            NaN            NaN        -3.7512        -1.3916       -0.55197       -0.22319
         1.0725            NaN            NaN            NaN         34.574         63.157         83.313         106.55            NaN            NaN            NaN        -3.7578        -1.3921       -0.54933       -0.22056
         1.0743            NaN            NaN            NaN         34.345         62.961         83.211         105.59            NaN            NaN            NaN        -3.7652        -1.3934       -0.54672       -0.22296
          1.076            NaN            NaN            NaN         34.106         62.744         83.046         104.71            NaN            NaN            NaN        -3.7737        -1.3956       -0.54458       -0.22971
         1.0778            NaN            NaN            NaN         33.876         62.524         82.827         103.97            NaN            NaN            NaN        -3.7831         -1.399       -0.54335       -0.24007
         1.0795            NaN            NaN            NaN         33.675         62.322         82.577          103.4            NaN            NaN            NaN        -3.7936        -1.4035        -0.5434       -0.25324
         1.0813            NaN            NaN            NaN         33.522         62.163         82.323         103.02            NaN            NaN            NaN        -3.8049         -1.409       -0.54491        -0.2684
          1.083            NaN            NaN            NaN         33.433         62.062         82.097         102.86            NaN            NaN            NaN        -3.8166        -1.4151       -0.54777       -0.28467
         1.0848            NaN            NaN            NaN         33.412         62.031         81.922         102.91            NaN            NaN            NaN        -3.8284        -1.4215       -0.55167       -0.30112
         1.0865            NaN            NaN            NaN         33.455         62.067         81.813         103.18            NaN            NaN            NaN        -3.8397        -1.4277       -0.55618       -0.31683
         1.0883            NaN            NaN            NaN         33.549         62.161         81.772         103.66            NaN            NaN            NaN        -3.8502        -1.4333        -0.5608       -0.33094
           1.09            NaN            NaN            NaN         33.673         62.296         81.792         104.31            NaN            NaN            NaN        -3.8598         -1.438       -0.56515       -0.34266
         1.0918            NaN            NaN            NaN         33.808         62.452         81.861         105.13            NaN            NaN            NaN        -3.8682        -1.4418       -0.56894       -0.35123
         1.0935            NaN            NaN            NaN         33.935         62.612         81.965         106.07            NaN            NaN            NaN        -3.8756        -1.4444       -0.57201       -0.35581
         1.0953            NaN            NaN            NaN         34.038         62.761         82.089          107.1            NaN            NaN            NaN        -3.8822        -1.4462       -0.57427       -0.35547
          1.097            NaN            NaN            NaN         34.107         62.885          82.22         108.14            NaN            NaN            NaN         -3.888        -1.4472       -0.57572       -0.34918
         1.0988            NaN            NaN            NaN         34.136         62.976         82.348         109.06            NaN            NaN            NaN        -3.8935        -1.4476       -0.57641       -0.33625
         1.1006            NaN            NaN            NaN         34.121          63.03         82.462          109.7            NaN            NaN            NaN        -3.8987        -1.4477        -0.5764       -0.31726
         1.1023            NaN            NaN            NaN         34.063         63.043         82.554         109.88            NaN            NaN            NaN         -3.904        -1.4475       -0.57581       -0.29502
         1.1041            NaN            NaN            NaN         33.966         63.016         82.617          109.6            NaN            NaN            NaN        -3.9094        -1.4474       -0.57477       -0.27397
         1.1058            NaN            NaN            NaN         33.835         62.953         82.647         108.95            NaN            NaN            NaN        -3.9153        -1.4475       -0.57345       -0.25776
         1.1076            NaN            NaN            NaN         33.679         62.859         82.641         108.13            NaN            NaN            NaN        -3.9217         -1.448       -0.57203       -0.24774
         1.1093            NaN            NaN            NaN         33.507         62.742         82.599         107.29            NaN            NaN            NaN        -3.9288        -1.4491       -0.57072       -0.24346
         1.1111            NaN            NaN            NaN         33.329         62.612         82.526         106.51            NaN            NaN            NaN        -3.9365        -1.4507       -0.56969       -0.24376
         1.1128            NaN            NaN            NaN         33.157          62.48         82.428         105.84            NaN            NaN            NaN        -3.9448         -1.453       -0.56912       -0.24746
         1.1146            NaN            NaN            NaN             33         62.355         82.317         105.31            NaN            NaN            NaN        -3.9537        -1.4558       -0.56909       -0.25353
         1.1163            NaN            NaN            NaN         32.865         62.247         82.201         104.91            NaN            NaN            NaN         -3.963        -1.4591       -0.56963       -0.26108
         1.1181            NaN            NaN            NaN         32.758         62.162         82.093         104.65            NaN            NaN            NaN        -3.9727        -1.4628        -0.5707       -0.26938
         1.1198            NaN            NaN            NaN         32.678         62.102         81.998         104.53            NaN            NaN            NaN        -3.9824        -1.4667        -0.5722        -0.2778
         1.1216            NaN            NaN            NaN         32.626         62.068         81.924         104.53            NaN            NaN            NaN         -3.992        -1.4705       -0.57399       -0.28582
         1.1233            NaN            NaN            NaN         32.597         62.057         81.871         104.63            NaN            NaN            NaN        -4.0015        -1.4743       -0.57592       -0.29298
         1.1251            NaN            NaN            NaN         32.585         62.065          81.84         104.81            NaN            NaN            NaN        -4.0107        -1.4779       -0.57787       -0.29891
         1.1268            NaN            NaN            NaN         32.583         62.086         81.827         105.06            NaN            NaN            NaN        -4.0195        -1.4811       -0.57971       -0.30332
         1.1286            NaN            NaN            NaN         32.585         62.114         81.829         105.35            NaN            NaN            NaN        -4.0279        -1.4841       -0.58138         -0.306
         1.1303            NaN            NaN            NaN         32.584         62.143          81.84         105.64            NaN            NaN            NaN        -4.0361        -1.4867       -0.58282       -0.30684
         1.1321            NaN            NaN            NaN         32.576         62.168         81.857         105.92            NaN            NaN            NaN        -4.0439        -1.4891       -0.58399       -0.30588
         1.1338            NaN            NaN            NaN         32.557         62.186         81.875         106.16            NaN            NaN            NaN        -4.0515        -1.4912       -0.58492       -0.30328
         1.1356            NaN            NaN            NaN         32.524         62.192          81.89         106.31            NaN            NaN            NaN         -4.059        -1.4931       -0.58561       -0.29944
         1.1373            NaN            NaN            NaN         32.476         62.187         81.898         106.38            NaN            NaN            NaN        -4.0664        -1.4949       -0.58611       -0.29489
         1.1391            NaN            NaN            NaN         32.412         62.167         81.897         106.34            NaN            NaN            NaN        -4.0739        -1.4967       -0.58646       -0.29029
         1.1408            NaN            NaN            NaN         32.335         62.135         81.884         106.21            NaN            NaN            NaN        -4.0814        -1.4986       -0.58673       -0.28628
         1.1426            NaN            NaN            NaN         32.247         62.091          81.86         106.01            NaN            NaN            NaN        -4.0892        -1.5005         -0.587       -0.28341
         1.1443            NaN            NaN            NaN         32.151         62.039         81.825         105.77            NaN            NaN            NaN        -4.0972        -1.5027       -0.58732       -0.28203
         1.1461            NaN            NaN            NaN         32.052         61.982          81.78         105.51            NaN            NaN            NaN        -4.1055        -1.5051       -0.58778       -0.28227
         1.1478            NaN            NaN            NaN         31.956         61.925         81.729         105.26            NaN            NaN            NaN        -4.1141        -1.5077       -0.58843       -0.28408
         1.1496            NaN            NaN            NaN         31.867         61.873         81.674         105.06            NaN            NaN            NaN        -4.1229        -1.5106        -0.5893       -0.28727
         1.1513            NaN            NaN            NaN          31.79         61.829         81.622         104.92            NaN            NaN            NaN         -4.132        -1.5137        -0.5904       -0.29154
         1.1531            NaN            NaN            NaN         31.728         61.798         81.576         104.85            NaN            NaN            NaN        -4.1412        -1.5169       -0.59171       -0.29651
         1.1548            NaN            NaN            NaN         31.683         61.781         81.541         104.87            NaN            NaN            NaN        -4.1504        -1.5202       -0.59317       -0.30173
         1.1566            NaN            NaN            NaN         31.656          61.78         81.517         104.98            NaN            NaN            NaN        -4.1595        -1.5234       -0.59472       -0.30674
         1.1583            NaN            NaN            NaN         31.643         61.792         81.508         105.17            NaN            NaN            NaN        -4.1685        -1.5265       -0.59627       -0.31106
         1.1601            NaN            NaN            NaN         31.641         61.815         81.511         105.44            NaN            NaN            NaN        -4.1771        -1.5294       -0.59772       -0.31419
         1.1618            NaN            NaN            NaN         31.643         61.844         81.525         105.76            NaN            NaN            NaN        -4.1855         -1.532       -0.59902       -0.31569
         1.1636            NaN            NaN            NaN         31.644         61.874         81.546         106.12            NaN            NaN            NaN        -4.1935        -1.5344        -0.6001       -0.31517
         1.1653            NaN            NaN            NaN         31.639         61.899         81.569         106.46            NaN            NaN            NaN        -4.2013        -1.5364       -0.60093       -0.31241
         1.1671            NaN            NaN            NaN          31.62         61.916         81.591         106.74            NaN            NaN            NaN        -4.2087        -1.5382       -0.60151       -0.30745
         1.1688            NaN            NaN            NaN         31.585         61.919         81.608         106.93            NaN            NaN            NaN         -4.216        -1.5398       -0.60186       -0.30069
         1.1706            NaN            NaN            NaN         31.532         61.907         81.614         106.97            NaN            NaN            NaN        -4.2232        -1.5413       -0.60203        -0.2929
         1.1723            NaN            NaN            NaN         31.459         61.879         81.609         106.87            NaN            NaN            NaN        -4.2305        -1.5428       -0.60207       -0.28513
         1.1741            NaN            NaN            NaN         31.367         61.835          81.59         106.63            NaN            NaN            NaN        -4.2379        -1.5444       -0.60207       -0.27842
         1.1758            NaN            NaN            NaN         31.261         61.778         81.556         106.29            NaN            NaN            NaN        -4.2456        -1.5462       -0.60211       -0.27356
         1.1776            NaN            NaN            NaN         31.145          61.71          81.51          105.9            NaN            NaN            NaN        -4.2535        -1.5482       -0.60226       -0.27093
         1.1793            NaN            NaN            NaN         31.025         61.637         81.455         105.49            NaN            NaN            NaN        -4.2619        -1.5505       -0.60261       -0.27058
         1.1811            NaN            NaN            NaN         30.906         61.565         81.393         105.12            NaN            NaN            NaN        -4.2706        -1.5531       -0.60318       -0.27227
         1.1828            NaN            NaN            NaN         30.794         61.497          81.33         104.79            NaN            NaN            NaN        -4.2796         -1.556       -0.60401       -0.27562
         1.1846            NaN            NaN            NaN         30.695         61.439          81.27         104.54            NaN            NaN            NaN        -4.2889        -1.5591       -0.60508       -0.28018
         1.1863            NaN            NaN            NaN         30.611         61.393         81.217         104.38            NaN            NaN            NaN        -4.2983        -1.5624       -0.60636       -0.28549
         1.1881            NaN            NaN            NaN         30.545         61.362         81.175         104.29            NaN            NaN            NaN        -4.3079        -1.5657       -0.60778        -0.2911
         1.1898            NaN            NaN            NaN         30.494         61.345         81.143         104.29            NaN            NaN            NaN        -4.3174        -1.5691       -0.60927       -0.29662
         1.1916            NaN            NaN            NaN         30.458         61.341         81.123         104.35            NaN            NaN            NaN        -4.3268        -1.5723       -0.61076       -0.30172
         1.1933            NaN            NaN            NaN         30.434         61.346         81.113         104.48            NaN            NaN            NaN        -4.3361        -1.5754       -0.61221       -0.30611
         1.1951            NaN            NaN            NaN         30.416         61.358         81.111         104.66            NaN            NaN            NaN        -4.3452        -1.5784       -0.61355        -0.3096
         1.1968            NaN            NaN            NaN         30.403         61.374         81.115         104.87            NaN            NaN            NaN         -4.354        -1.5811       -0.61477       -0.31205
         1.1986            NaN            NaN            NaN          30.39         61.391         81.123          105.1            NaN            NaN            NaN        -4.3627        -1.5837       -0.61584       -0.31338
         1.2004            NaN            NaN            NaN         30.375         61.406         81.132         105.33            NaN            NaN            NaN        -4.3712        -1.5861       -0.61678       -0.31359
         1.2021            NaN            NaN            NaN         30.356         61.418         81.141         105.55            NaN            NaN            NaN        -4.3795        -1.5884       -0.61758       -0.31271
         1.2039            NaN            NaN            NaN         30.331         61.425         81.148         105.75            NaN            NaN            NaN        -4.3877        -1.5905       -0.61826       -0.31082
         1.2056            NaN            NaN            NaN           30.3         61.426         81.151         105.92            NaN            NaN            NaN        -4.3958        -1.5926       -0.61884       -0.30804
         1.2074            NaN            NaN            NaN         30.261         61.422         81.151         106.05            NaN            NaN            NaN        -4.4038        -1.5946       -0.61934       -0.30453
         1.2091            NaN            NaN            NaN         30.214          61.41         81.145         106.12            NaN            NaN            NaN        -4.4118        -1.5965       -0.61976       -0.30048
         1.2109            NaN            NaN            NaN         30.159         61.391         81.135         106.14            NaN            NaN            NaN        -4.4197        -1.5984       -0.62014        -0.2961
         1.2126            NaN            NaN            NaN         30.095         61.365         81.118         106.09            NaN            NaN            NaN        -4.4277        -1.6004       -0.62048       -0.29166
         1.2144            NaN            NaN            NaN         30.023         61.332         81.096         105.99            NaN            NaN            NaN        -4.4358        -1.6023       -0.62082        -0.2874
         1.2161            NaN            NaN            NaN         29.943         61.292         81.067         105.82            NaN            NaN            NaN        -4.4439        -1.6043       -0.62117       -0.28361
         1.2179            NaN            NaN            NaN         29.855         61.245         81.031         105.61            NaN            NaN            NaN        -4.4521        -1.6064       -0.62156       -0.28053
         1.2196            NaN            NaN            NaN         29.761         61.192         80.989         105.36            NaN            NaN            NaN        -4.4604        -1.6086       -0.62202       -0.27839
         1.2214            NaN            NaN            NaN         29.661         61.134         80.942         105.07            NaN            NaN            NaN         -4.469         -1.611       -0.62258       -0.27735
         1.2231            NaN            NaN            NaN         29.557         61.074         80.891         104.78            NaN            NaN            NaN        -4.4777        -1.6135       -0.62328       -0.27751
         1.2249            NaN            NaN            NaN         29.453         61.013         80.837         104.49            NaN            NaN            NaN        -4.4867        -1.6162       -0.62414       -0.27889
         1.2266            NaN            NaN            NaN         29.351         60.955         80.783         104.22            NaN            NaN            NaN        -4.4959        -1.6192       -0.62516       -0.28145
         1.2284            NaN            NaN            NaN         29.255         60.903         80.732         103.99            NaN            NaN            NaN        -4.5053        -1.6223       -0.62636       -0.28508
         1.2301            NaN            NaN            NaN         29.169         60.858         80.686          103.8            NaN            NaN            NaN         -4.515        -1.6256       -0.62773       -0.28962
         1.2319            NaN            NaN            NaN         29.094         60.825         80.648         103.67            NaN            NaN            NaN        -4.5248         -1.629       -0.62923       -0.29484
         1.2336            NaN            NaN            NaN         29.033         60.804         80.621          103.6            NaN            NaN            NaN        -4.5347        -1.6324       -0.63083       -0.30051
         1.2354            NaN            NaN            NaN         28.987         60.797         80.604          103.6            NaN            NaN            NaN        -4.5446        -1.6359       -0.63246       -0.30635
         1.2371            NaN            NaN            NaN         28.955         60.803         80.599         103.68            NaN            NaN            NaN        -4.5545        -1.6393       -0.63407       -0.31209
         1.2389            NaN            NaN            NaN         28.937         60.821         80.605         103.82            NaN            NaN            NaN        -4.5642        -1.6426        -0.6356       -0.31745
         1.2406            NaN            NaN            NaN          28.93         60.848          80.62         104.02            NaN            NaN            NaN        -4.5738        -1.6457         -0.637       -0.32217
         1.2424            NaN            NaN            NaN          28.93         60.881         80.643         104.28            NaN            NaN            NaN        -4.5831        -1.6485       -0.63824       -0.32602
         1.2441            NaN            NaN            NaN         28.935         60.918          80.67         104.59            NaN            NaN            NaN        -4.5922        -1.6512       -0.63929       -0.32876
         1.2459            NaN            NaN            NaN         28.941         60.955         80.698         104.93            NaN            NaN            NaN        -4.6011        -1.6536       -0.64013       -0.33019
         1.2476            NaN            NaN            NaN         28.944         60.989         80.726          105.3            NaN            NaN            NaN        -4.6097        -1.6557       -0.64078       -0.33014
         1.2494            NaN            NaN            NaN         28.943         61.018         80.751         105.67            NaN            NaN            NaN        -4.6181        -1.6577       -0.64123       -0.32847
         1.2511            NaN            NaN            NaN         28.934          61.04         80.771         106.02            NaN            NaN            NaN        -4.6263        -1.6595       -0.64151       -0.32508
         1.2529            NaN            NaN            NaN         28.916         61.052         80.784         106.33            NaN            NaN            NaN        -4.6344        -1.6611       -0.64164       -0.31996
         1.2546            NaN            NaN            NaN         28.887         61.053         80.788         106.58            NaN            NaN            NaN        -4.6423        -1.6626       -0.64165       -0.31324
         1.2564            NaN            NaN            NaN         28.844         61.043         80.782         106.73            NaN            NaN            NaN        -4.6501         -1.664       -0.64157        -0.3052
         1.2581            NaN            NaN            NaN         28.788         61.019         80.766         106.76            NaN            NaN            NaN        -4.6579        -1.6654       -0.64143       -0.29633
         1.2599            NaN            NaN            NaN         28.717         60.981         80.737         106.66            NaN            NaN            NaN        -4.6657        -1.6668       -0.64127       -0.28729
         1.2616            NaN            NaN            NaN         28.631         60.929         80.696         106.43            NaN            NaN            NaN        -4.6735        -1.6683       -0.64115       -0.27882
         1.2634            NaN            NaN            NaN          28.53         60.863         80.642         106.09            NaN            NaN            NaN        -4.6815        -1.6699       -0.64111        -0.2716
         1.2651            NaN            NaN            NaN         28.414         60.785         80.576         105.65            NaN            NaN            NaN        -4.6897        -1.6716        -0.6412       -0.26618
         1.2669            NaN            NaN            NaN         28.286         60.695           80.5         105.15            NaN            NaN            NaN        -4.6981        -1.6736        -0.6415       -0.26288
         1.2686            NaN            NaN            NaN         28.148         60.598         80.415         104.62            NaN            NaN            NaN        -4.7068         -1.676       -0.64206       -0.26184
         1.2704            NaN            NaN            NaN         28.005         60.496         80.325         104.09            NaN            NaN            NaN         -4.716        -1.6786       -0.64292       -0.26303
         1.2721            NaN            NaN            NaN         27.861         60.394         80.235          103.6            NaN            NaN            NaN        -4.7255        -1.6817       -0.64413       -0.26632
         1.2739            NaN            NaN            NaN         27.722         60.299         80.149         103.16            NaN            NaN            NaN        -4.7355        -1.6852        -0.6457       -0.27149
         1.2756            NaN            NaN            NaN         27.594         60.217         80.073         102.79            NaN            NaN            NaN        -4.7459         -1.689       -0.64761       -0.27827
         1.2774            NaN            NaN            NaN         27.485         60.153         80.013          102.5            NaN            NaN            NaN        -4.7567        -1.6932       -0.64982       -0.28635
         1.2791            NaN            NaN            NaN         27.399         60.112         79.974         102.32            NaN            NaN            NaN        -4.7677        -1.6975       -0.65224       -0.29538
         1.2809            NaN            NaN            NaN          27.34         60.099         79.959         102.25            NaN            NaN            NaN        -4.7789         -1.702       -0.65476       -0.30497
         1.2826            NaN            NaN            NaN         27.311         60.113          79.97         102.29            NaN            NaN            NaN          -4.79        -1.7064       -0.65724       -0.31471
         1.2844            NaN            NaN            NaN         27.309         60.155         80.005         102.45            NaN            NaN            NaN         -4.801        -1.7106       -0.65953       -0.32416
         1.2861            NaN            NaN            NaN         27.331         60.219         80.061         102.72            NaN            NaN            NaN        -4.8117        -1.7145       -0.66153       -0.33288
         1.2879            NaN            NaN            NaN          27.37         60.299         80.131          103.1            NaN            NaN            NaN         -4.822        -1.7179       -0.66312       -0.34043
         1.2896            NaN            NaN            NaN         27.421         60.387         80.209         103.58            NaN            NaN            NaN        -4.8318        -1.7208       -0.66426       -0.34633
         1.2914            NaN            NaN            NaN         27.474         60.477         80.288         104.14            NaN            NaN            NaN        -4.8411        -1.7232       -0.66493       -0.35011
         1.2931            NaN            NaN            NaN         27.522          60.56         80.361         104.76            NaN            NaN            NaN        -4.8499        -1.7251       -0.66514        -0.3513
         1.2949            NaN            NaN            NaN         27.558          60.63         80.421          105.4            NaN            NaN            NaN        -4.8582        -1.7266       -0.66496       -0.34942
         1.2966            NaN            NaN            NaN         27.577         60.681         80.464         106.03            NaN            NaN            NaN        -4.8663        -1.7277       -0.66446       -0.34412
         1.2984            NaN            NaN            NaN         27.575         60.709         80.487         106.56            NaN            NaN            NaN         -4.874        -1.7286       -0.66375       -0.33534
         1.3002            NaN            NaN            NaN         27.549         60.713         80.486         106.94            NaN            NaN            NaN        -4.8816        -1.7294       -0.66292       -0.32356
         1.3019            NaN            NaN            NaN         27.498         60.693         80.463          107.1            NaN            NaN            NaN        -4.8892        -1.7301       -0.66209       -0.30994
         1.3037            NaN            NaN            NaN         27.423         60.648         80.418         107.01            NaN            NaN            NaN        -4.8969        -1.7309       -0.66137        -0.2962
         1.3054            NaN            NaN            NaN         27.327         60.582         80.353         106.69            NaN            NaN            NaN        -4.9047        -1.7319       -0.66083       -0.28405
         1.3072            NaN            NaN            NaN         27.212         60.499         80.273         106.22            NaN            NaN            NaN        -4.9129        -1.7332       -0.66057       -0.27468
         1.3089            NaN            NaN            NaN         27.083         60.402          80.18         105.66            NaN            NaN            NaN        -4.9213        -1.7349       -0.66064       -0.26857
         1.3107            NaN            NaN            NaN         26.945         60.297         80.081         105.07            NaN            NaN            NaN        -4.9302         -1.737       -0.66108       -0.26563
         1.3124            NaN            NaN            NaN         26.803          60.19         79.981          104.5            NaN            NaN            NaN        -4.9395        -1.7394       -0.66191       -0.26548
         1.3142            NaN            NaN            NaN         26.664         60.086         79.885         103.99            NaN            NaN            NaN        -4.9492        -1.7423        -0.6631        -0.2676
         1.3159            NaN            NaN            NaN         26.532          59.99         79.798         103.54            NaN            NaN            NaN        -4.9592        -1.7455       -0.66463       -0.27147
         1.3177            NaN            NaN            NaN         26.412         59.908         79.725         103.18            NaN            NaN            NaN        -4.9696        -1.7489       -0.66642       -0.27662
         1.3194            NaN            NaN            NaN         26.307         59.841         79.667          102.9            NaN            NaN            NaN        -4.9802        -1.7527        -0.6684       -0.28259
         1.3212            NaN            NaN            NaN         26.219         59.792         79.626         102.71            NaN            NaN            NaN         -4.991        -1.7565       -0.67048       -0.28903
         1.3229            NaN            NaN            NaN         26.147          59.76         79.602          102.6            NaN            NaN            NaN        -5.0018        -1.7604       -0.67257        -0.2956
         1.3247            NaN            NaN            NaN         26.092         59.744         79.594         102.56            NaN            NaN            NaN        -5.0126        -1.7642       -0.67461       -0.30202
         1.3264            NaN            NaN            NaN         26.051         59.743           79.6         102.58            NaN            NaN            NaN        -5.0234        -1.7679       -0.67653        -0.3081
         1.3282            NaN            NaN            NaN         26.022         59.753         79.617         102.66            NaN            NaN            NaN         -5.034        -1.7715       -0.67829       -0.31364
         1.3299            NaN            NaN            NaN         26.001         59.773         79.641         102.79            NaN            NaN            NaN        -5.0444        -1.7749       -0.67986       -0.31854
         1.3317            NaN            NaN            NaN         25.987         59.798         79.671         102.95            NaN            NaN            NaN        -5.0547        -1.7782       -0.68122       -0.32269
         1.3334            NaN            NaN            NaN         25.976         59.826         79.702         103.14            NaN            NaN            NaN        -5.0649        -1.7812       -0.68239       -0.32607
         1.3352            NaN            NaN            NaN         25.966         59.856         79.735         103.35            NaN            NaN            NaN        -5.0749         -1.784       -0.68338       -0.32863
         1.3369            NaN            NaN            NaN         25.956         59.884         79.765         103.57            NaN            NaN            NaN        -5.0847        -1.7867       -0.68419       -0.33037
         1.3387            NaN            NaN            NaN         25.944         59.911         79.793          103.8            NaN            NaN            NaN        -5.0944        -1.7892       -0.68485       -0.33131
         1.3404            NaN            NaN            NaN         25.929         59.934         79.816         104.02            NaN            NaN            NaN         -5.104        -1.7916       -0.68539       -0.33147
         1.3422            NaN            NaN            NaN          25.91         59.953         79.835         104.24            NaN            NaN            NaN        -5.1135        -1.7939       -0.68582       -0.33088
         1.3439            NaN            NaN            NaN         25.886         59.968         79.848         104.44            NaN            NaN            NaN        -5.1229        -1.7961       -0.68616       -0.32958
         1.3457            NaN            NaN            NaN         25.858         59.977         79.855         104.62            NaN            NaN            NaN        -5.1323        -1.7982       -0.68643       -0.32765
         1.3474            NaN            NaN            NaN         25.825         59.981         79.857         104.77            NaN            NaN            NaN        -5.1416        -1.8003       -0.68666       -0.32515
         1.3492            NaN            NaN            NaN         25.786         59.979         79.852          104.9            NaN            NaN            NaN        -5.1509        -1.8023       -0.68686       -0.32219
         1.3509            NaN            NaN            NaN         25.742         59.972         79.842         104.98            NaN            NaN            NaN        -5.1602        -1.8043       -0.68705       -0.31887
         1.3527            NaN            NaN            NaN         25.693         59.959         79.825         105.03            NaN            NaN            NaN        -5.1695        -1.8063       -0.68724       -0.31534
         1.3544            NaN            NaN            NaN         25.638         59.941         79.803         105.04            NaN            NaN            NaN        -5.1789        -1.8083       -0.68746       -0.31173
         1.3562            NaN            NaN            NaN         25.578         59.917         79.775         105.01            NaN            NaN            NaN        -5.1882        -1.8103       -0.68771       -0.30819
         1.3579            NaN            NaN            NaN         25.514         59.889         79.742         104.95            NaN            NaN            NaN        -5.1977        -1.8124       -0.68803       -0.30486
         1.3597            NaN            NaN            NaN         25.446         59.856         79.705         104.85            NaN            NaN            NaN        -5.2072        -1.8145       -0.68841       -0.30186
         1.3614            NaN            NaN            NaN         25.374         59.819         79.665         104.73            NaN            NaN            NaN        -5.2168        -1.8167       -0.68887        -0.2993
         1.3632            NaN            NaN            NaN         25.299          59.78         79.622         104.58            NaN            NaN            NaN        -5.2265         -1.819       -0.68942       -0.29725
         1.3649            NaN            NaN            NaN         25.223         59.738         79.578         104.42            NaN            NaN            NaN        -5.2363        -1.8213       -0.69007       -0.29575
         1.3667            NaN            NaN            NaN         25.145         59.695         79.533         104.26            NaN            NaN            NaN        -5.2461        -1.8238       -0.69081       -0.29482
         1.3684            NaN            NaN            NaN         25.067         59.652         79.489         104.09            NaN            NaN            NaN        -5.2561        -1.8263       -0.69165       -0.29442
         1.3702            NaN            NaN            NaN          24.99         59.609         79.446         103.93            NaN            NaN            NaN        -5.2662        -1.8289       -0.69258       -0.29452
         1.3719            NaN            NaN            NaN         24.915         59.568         79.405         103.78            NaN            NaN            NaN        -5.2764        -1.8316       -0.69358       -0.29506
         1.3737            NaN            NaN            NaN         24.841         59.529         79.368         103.64            NaN            NaN            NaN        -5.2867        -1.8343       -0.69465       -0.29596
         1.3754            NaN            NaN            NaN         24.771         59.493         79.333         103.51            NaN            NaN            NaN         -5.297        -1.8371       -0.69576       -0.29713
         1.3772            NaN            NaN            NaN         24.702         59.459         79.302         103.41            NaN            NaN            NaN        -5.3074        -1.8399        -0.6969        -0.2985
         1.3789            NaN            NaN            NaN         24.637         59.428         79.274         103.31            NaN            NaN            NaN        -5.3178        -1.8428       -0.69807           -0.3
         1.3807            NaN            NaN            NaN         24.574           59.4         79.249         103.23            NaN            NaN            NaN        -5.3282        -1.8457       -0.69925       -0.30159
         1.3824            NaN            NaN            NaN         24.513         59.373         79.227         103.17            NaN            NaN            NaN        -5.3387        -1.8486       -0.70043       -0.30322
         1.3842            NaN            NaN            NaN         24.454         59.349         79.206         103.11            NaN            NaN            NaN        -5.3492        -1.8515       -0.70161       -0.30488
         1.3859            NaN            NaN            NaN         24.397         59.326         79.188         103.06            NaN            NaN            NaN        -5.3598        -1.8544       -0.70279       -0.30659
         1.3877            NaN            NaN            NaN         24.341         59.305         79.172         103.02            NaN            NaN            NaN        -5.3704        -1.8573       -0.70399       -0.30834
         1.3894            NaN            NaN            NaN         24.288         59.286         79.158         102.99            NaN            NaN            NaN         -5.381        -1.8602       -0.70519       -0.31017
         1.3912            NaN            NaN            NaN         24.237         59.269         79.148         102.97            NaN            NaN            NaN        -5.3916        -1.8632       -0.70639       -0.31207
         1.3929            NaN            NaN            NaN         24.188         59.255          79.14         102.96            NaN            NaN            NaN        -5.4022        -1.8661        -0.7076       -0.31402
         1.3947            NaN            NaN            NaN         24.143         59.243         79.136         102.97            NaN            NaN            NaN        -5.4129        -1.8691       -0.70878         -0.316
         1.3964            NaN            NaN            NaN         24.101         59.235         79.136            103            NaN            NaN            NaN        -5.4236         -1.872       -0.70994       -0.31793
         1.3982            NaN            NaN            NaN         24.062         59.231          79.14         103.05            NaN            NaN            NaN        -5.4342        -1.8749       -0.71105       -0.31974
         1.3999            NaN            NaN            NaN         24.026          59.23         79.147         103.12            NaN            NaN            NaN        -5.4449        -1.8778       -0.71208       -0.32133
         1.4017            NaN            NaN            NaN         23.992         59.231         79.156          103.2            NaN            NaN            NaN        -5.4555        -1.8805       -0.71302       -0.32258
         1.4035            NaN            NaN            NaN          23.96         59.233         79.165         103.29            NaN            NaN            NaN         -5.466        -1.8833       -0.71385       -0.32342
         1.4052            NaN            NaN            NaN         23.927         59.235         79.174         103.39            NaN            NaN            NaN        -5.4765        -1.8859       -0.71458       -0.32377
          1.407            NaN            NaN            NaN         23.893         59.237         79.179         103.48            NaN            NaN            NaN        -5.4869        -1.8884       -0.71521       -0.32362
         1.4087            NaN            NaN            NaN         23.856         59.235         79.181         103.57            NaN            NaN            NaN        -5.4972        -1.8909       -0.71576       -0.32299
         1.4105            NaN            NaN            NaN         23.815          59.23         79.177         103.63            NaN            NaN            NaN        -5.5076        -1.8933       -0.71626       -0.32197
         1.4122            NaN            NaN            NaN          23.77          59.22         79.166         103.66            NaN            NaN            NaN        -5.5179        -1.8957       -0.71675       -0.32071
          1.414            NaN            NaN            NaN         23.721         59.205          79.15         103.67            NaN            NaN            NaN        -5.5282        -1.8981       -0.71726       -0.31939
         1.4157            NaN            NaN            NaN         23.667         59.186         79.129         103.65            NaN            NaN            NaN        -5.5387        -1.9005       -0.71783       -0.31819
         1.4175            NaN            NaN            NaN          23.61         59.164         79.105         103.61            NaN            NaN            NaN        -5.5492        -1.9029       -0.71848       -0.31728
         1.4192            NaN            NaN            NaN         23.552         59.139         79.079         103.55            NaN            NaN            NaN        -5.5598        -1.9055       -0.71924       -0.31679
          1.421            NaN            NaN            NaN         23.493         59.114         79.053         103.49            NaN            NaN            NaN        -5.5704        -1.9081        -0.7201       -0.31678
         1.4227            NaN            NaN            NaN         23.436          59.09          79.03         103.43            NaN            NaN            NaN        -5.5812        -1.9108       -0.72106       -0.31724
         1.4245            NaN            NaN            NaN         23.382         59.068         79.012         103.39            NaN            NaN            NaN        -5.5921        -1.9136       -0.72209       -0.31811
         1.4262            NaN            NaN            NaN         23.332          59.05         78.999         103.37            NaN            NaN            NaN        -5.6031        -1.9164       -0.72315       -0.31927
          1.428            NaN            NaN            NaN         23.286         59.037         78.992         103.37            NaN            NaN            NaN         -5.614        -1.9192       -0.72421       -0.32056
         1.4297            NaN            NaN            NaN         23.245         59.028         78.992          103.4            NaN            NaN            NaN         -5.625         -1.922       -0.72522       -0.32181
         1.4315            NaN            NaN            NaN         23.208         59.023         78.996         103.46            NaN            NaN            NaN         -5.636        -1.9248       -0.72616       -0.32283
         1.4332            NaN            NaN            NaN         23.174         59.021         79.003         103.54            NaN            NaN            NaN        -5.6468        -1.9275       -0.72698       -0.32347
          1.435            NaN            NaN            NaN         23.141         59.021         79.011         103.63            NaN            NaN            NaN        -5.6577        -1.9301       -0.72767       -0.32359
         1.4367            NaN            NaN            NaN         23.108         59.021         79.017         103.72            NaN            NaN            NaN        -5.6684        -1.9326       -0.72823       -0.32313
         1.4385            NaN            NaN            NaN         23.073         59.019          79.02         103.81            NaN            NaN            NaN        -5.6791        -1.9351       -0.72868       -0.32205
         1.4402            NaN            NaN            NaN         23.035         59.014         79.018         103.89            NaN            NaN            NaN        -5.6898        -1.9374       -0.72903       -0.32041
          1.442            NaN            NaN            NaN         22.992         59.005         79.009         103.94            NaN            NaN            NaN        -5.7004        -1.9397       -0.72933       -0.31833
         1.4437            NaN            NaN            NaN         22.945         58.992         78.992         103.95            NaN            NaN            NaN        -5.7111         -1.942        -0.7296       -0.31597
         1.4455            NaN            NaN            NaN         22.892         58.973         78.968         103.93            NaN            NaN            NaN        -5.7217        -1.9443        -0.7299       -0.31355
         1.4472            NaN            NaN            NaN         22.834         58.949         78.937         103.87            NaN            NaN            NaN        -5.7324        -1.9466       -0.73026       -0.31126
          1.449            NaN            NaN            NaN         22.772          58.92         78.901         103.78            NaN            NaN            NaN        -5.7432        -1.9489        -0.7307       -0.30928
         1.4507            NaN            NaN            NaN         22.708         58.889         78.861         103.67            NaN            NaN            NaN        -5.7541        -1.9513       -0.73126       -0.30777
         1.4525            NaN            NaN            NaN         22.642         58.855         78.819         103.55            NaN            NaN            NaN        -5.7651        -1.9538       -0.73194       -0.30678
         1.4542            NaN            NaN            NaN         22.575          58.82         78.777         103.42            NaN            NaN            NaN        -5.7762        -1.9564       -0.73274       -0.30634
          1.456            NaN            NaN            NaN         22.509         58.786         78.738         103.29            NaN            NaN            NaN        -5.7874         -1.959       -0.73365       -0.30641
         1.4577            NaN            NaN            NaN         22.446         58.754         78.702         103.18            NaN            NaN            NaN        -5.7987        -1.9617       -0.73465       -0.30691
         1.4595            NaN            NaN            NaN         22.386         58.724          78.67         103.08            NaN            NaN            NaN        -5.8101        -1.9645       -0.73571       -0.30772
         1.4612            NaN            NaN            NaN         22.328         58.697         78.643            103            NaN            NaN            NaN        -5.8216        -1.9673        -0.7368       -0.30872
          1.463            NaN            NaN            NaN         22.274         58.672          78.62         102.94            NaN            NaN            NaN        -5.8331        -1.9701       -0.73789       -0.30981
         1.4647            NaN            NaN            NaN         22.224         58.651         78.602          102.9            NaN            NaN            NaN        -5.8446        -1.9729       -0.73897       -0.31087
         1.4665            NaN            NaN            NaN         22.175         58.632         78.586         102.87            NaN            NaN            NaN        -5.8561        -1.9757          -0.74        -0.3118
         1.4682            NaN            NaN            NaN         22.128         58.614         78.572         102.85            NaN            NaN            NaN        -5.8676        -1.9785       -0.74098       -0.31257
           1.47            NaN            NaN            NaN         22.082         58.597         78.559         102.84            NaN            NaN            NaN        -5.8791        -1.9812       -0.74191       -0.31313
         1.4717            NaN            NaN            NaN         22.036          58.58         78.544         102.82            NaN            NaN            NaN        -5.8905        -1.9839       -0.74279       -0.31349
         1.4735            NaN            NaN            NaN         21.989         58.562         78.529          102.8            NaN            NaN            NaN         -5.902        -1.9866       -0.74364       -0.31368
         1.4752            NaN            NaN            NaN          21.94         58.543          78.51         102.77            NaN            NaN            NaN        -5.9135        -1.9893       -0.74447       -0.31377
          1.477            NaN            NaN            NaN          21.89         58.522         78.489         102.73            NaN            NaN            NaN        -5.9251         -1.992       -0.74529       -0.31382
         1.4787            NaN            NaN            NaN         21.839           58.5         78.466         102.68            NaN            NaN            NaN        -5.9367        -1.9946       -0.74615       -0.31391
         1.4805            NaN            NaN            NaN         21.786         58.476          78.44         102.62            NaN            NaN            NaN        -5.9483        -1.9973       -0.74704       -0.31412
         1.4822            NaN            NaN            NaN         21.732         58.451         78.413         102.55            NaN            NaN            NaN          -5.96        -2.0001       -0.74798       -0.31451
          1.484            NaN            NaN            NaN         21.678         58.425         78.385         102.48            NaN            NaN            NaN        -5.9717        -2.0028         -0.749       -0.31515
         1.4857            NaN            NaN            NaN         21.624         58.399         78.357          102.4            NaN            NaN            NaN        -5.9836        -2.0056       -0.75008       -0.31606
         1.4875            NaN            NaN            NaN         21.571         58.373          78.33         102.33            NaN            NaN            NaN        -5.9955        -2.0085       -0.75125       -0.31725
         1.4892            NaN            NaN            NaN         21.519         58.349         78.306         102.26            NaN            NaN            NaN        -6.0075        -2.0114       -0.75248       -0.31874
          1.491            NaN            NaN            NaN          21.47         58.326         78.285          102.2            NaN            NaN            NaN        -6.0196        -2.0144       -0.75378       -0.32049
         1.4927            NaN            NaN            NaN         21.424         58.306         78.269         102.15            NaN            NaN            NaN        -6.0318        -2.0174       -0.75514        -0.3225
         1.4945            NaN            NaN            NaN         21.381         58.289         78.258         102.13            NaN            NaN            NaN         -6.044        -2.0204       -0.75653        -0.3247
         1.4962            NaN            NaN            NaN         21.343         58.276         78.252         102.11            NaN            NaN            NaN        -6.0562        -2.0234       -0.75795       -0.32706
          1.498            NaN            NaN            NaN         21.308         58.266         78.253         102.12            NaN            NaN            NaN        -6.0685        -2.0265       -0.75936       -0.32952
         1.4997            NaN            NaN            NaN         21.279          58.26          78.26         102.16            NaN            NaN            NaN        -6.0808        -2.0295       -0.76076       -0.33201
         1.5015            NaN            NaN            NaN         21.253         58.258         78.274         102.21            NaN            NaN            NaN        -6.0932        -2.0325       -0.76211       -0.33447
         1.5033            NaN            NaN            NaN         21.232          58.26         78.294          102.3            NaN            NaN            NaN        -6.1055        -2.0355       -0.76338       -0.33681
          1.505            NaN            NaN            NaN         21.216         58.265         78.319          102.4            NaN            NaN            NaN        -6.1178        -2.0384       -0.76457       -0.33893
         1.5068            NaN            NaN            NaN         21.202         58.274          78.35         102.53            NaN            NaN            NaN          -6.13        -2.0413       -0.76563       -0.34075
         1.5085            NaN            NaN            NaN         21.192         58.285         78.384         102.69            NaN            NaN            NaN        -6.1422        -2.0441       -0.76654       -0.34216
         1.5103            NaN            NaN            NaN         21.183         58.297          78.42         102.86            NaN            NaN            NaN        -6.1543        -2.0468       -0.76729       -0.34305
          1.512            NaN            NaN            NaN         21.174         58.309         78.457         103.05            NaN            NaN            NaN        -6.1663        -2.0493       -0.76787       -0.34331
         1.5138            NaN            NaN            NaN         21.166         58.321         78.493         103.25            NaN            NaN            NaN        -6.1783        -2.0518       -0.76826       -0.34284
         1.5155            NaN            NaN            NaN         21.155         58.331         78.524         103.45            NaN            NaN            NaN        -6.1902        -2.0542       -0.76847       -0.34156
         1.5173            NaN            NaN            NaN         21.141         58.338          78.55         103.64            NaN            NaN            NaN         -6.202        -2.0565       -0.76851       -0.33942
          1.519            NaN            NaN            NaN         21.122          58.34         78.568         103.81            NaN            NaN            NaN        -6.2137        -2.0586        -0.7684       -0.33642
         1.5208            NaN            NaN            NaN         21.098         58.337         78.575         103.94            NaN            NaN            NaN        -6.2254        -2.0608       -0.76816       -0.33263
         1.5225            NaN            NaN            NaN         21.066         58.327         78.571         104.03            NaN            NaN            NaN        -6.2371        -2.0628       -0.76784       -0.32817
         1.5243            NaN            NaN            NaN         21.028          58.31         78.554         104.06            NaN            NaN            NaN        -6.2488        -2.0649       -0.76748       -0.32328
          1.526            NaN            NaN            NaN         20.981         58.285         78.524         104.03            NaN            NaN            NaN        -6.2605        -2.0669       -0.76713       -0.31824
         1.5278            NaN            NaN            NaN         20.927         58.254         78.481         103.93            NaN            NaN            NaN        -6.2723         -2.069       -0.76685       -0.31336
         1.5295            NaN            NaN            NaN         20.865         58.215         78.425         103.77            NaN            NaN            NaN        -6.2842        -2.0711        -0.7667       -0.30897
         1.5313            NaN            NaN            NaN         20.797          58.17         78.359         103.56            NaN            NaN            NaN        -6.2963        -2.0734       -0.76671       -0.30532
          1.533            NaN            NaN            NaN         20.724         58.119         78.283          103.3            NaN            NaN            NaN        -6.3085        -2.0757       -0.76694       -0.30263
         1.5348            NaN            NaN            NaN         20.647         58.065         78.202         103.03            NaN            NaN            NaN        -6.3209        -2.0782       -0.76742       -0.30102
         1.5365            NaN            NaN            NaN         20.569          58.01         78.118         102.74            NaN            NaN            NaN        -6.3335        -2.0809       -0.76817       -0.30051
         1.5383            NaN            NaN            NaN          20.49         57.954         78.034         102.46            NaN            NaN            NaN        -6.3464        -2.0837        -0.7692       -0.30109
           1.54            NaN            NaN            NaN         20.415           57.9         77.955          102.2            NaN            NaN            NaN        -6.3594        -2.0867        -0.7705       -0.30266
         1.5418            NaN            NaN            NaN         20.344          57.85         77.883         101.97            NaN            NaN            NaN        -6.3726        -2.0898       -0.77205        -0.3051
         1.5435            NaN            NaN            NaN          20.28         57.807         77.821         101.77            NaN            NaN            NaN         -6.386         -2.093       -0.77382       -0.30826
         1.5453            NaN            NaN            NaN         20.224          57.77         77.772         101.61            NaN            NaN            NaN        -6.3996        -2.0964       -0.77574       -0.31198
          1.547            NaN            NaN            NaN         20.178         57.742         77.737          101.5            NaN            NaN            NaN        -6.4133        -2.0998       -0.77778       -0.31607
         1.5488            NaN            NaN            NaN         20.142         57.723         77.717         101.43            NaN            NaN            NaN         -6.427        -2.1032       -0.77985       -0.32035
         1.5505            NaN            NaN            NaN         20.115         57.712         77.712         101.41            NaN            NaN            NaN        -6.4407        -2.1066       -0.78191       -0.32465
         1.5523            NaN            NaN            NaN         20.098         57.709         77.721         101.44            NaN            NaN            NaN        -6.4545        -2.1099       -0.78387        -0.3288
          1.554            NaN            NaN            NaN         20.089         57.714         77.743         101.51            NaN            NaN            NaN        -6.4682        -2.1132        -0.7857       -0.33263
         1.5558            NaN            NaN            NaN         20.087         57.724         77.775         101.62            NaN            NaN            NaN        -6.4818        -2.1164       -0.78734         -0.336
         1.5575            NaN            NaN            NaN          20.09         57.737         77.814         101.76            NaN            NaN            NaN        -6.4953        -2.1194       -0.78877       -0.33878
         1.5593            NaN            NaN            NaN         20.095         57.753         77.858         101.93            NaN            NaN            NaN        -6.5087        -2.1223       -0.78995       -0.34086
          1.561            NaN            NaN            NaN         20.102         57.768         77.902         102.11            NaN            NaN            NaN         -6.522         -2.125       -0.79089       -0.34216
         1.5628            NaN            NaN            NaN         20.107         57.782         77.945         102.29            NaN            NaN            NaN        -6.5352        -2.1276       -0.79159       -0.34264
         1.5645            NaN            NaN            NaN         20.109         57.793         77.983         102.47            NaN            NaN            NaN        -6.5484        -2.1301       -0.79208       -0.34231
         1.5663            NaN            NaN            NaN         20.108         57.799         78.013         102.64            NaN            NaN            NaN        -6.5614        -2.1325        -0.7924        -0.3412
          1.568            NaN            NaN            NaN         20.101         57.799         78.035         102.78            NaN            NaN            NaN        -6.5745        -2.1349       -0.79257       -0.33942
         1.5698            NaN            NaN            NaN         20.089         57.794         78.047         102.88            NaN            NaN            NaN        -6.5875        -2.1372       -0.79265       -0.33712
         1.5715            NaN            NaN            NaN         20.071         57.782         78.047         102.95            NaN            NaN            NaN        -6.6006        -2.1395       -0.79269       -0.33448
         1.5733            NaN            NaN            NaN         20.048         57.765         78.038         102.98            NaN            NaN            NaN        -6.6137        -2.1418       -0.79274       -0.33171
          1.575            NaN            NaN            NaN          20.02         57.743         78.019         102.96            NaN            NaN            NaN        -6.6269        -2.1441       -0.79283       -0.32902
         1.5768            NaN            NaN            NaN         19.988         57.717         77.992         102.91            NaN            NaN            NaN        -6.6402        -2.1465       -0.79301       -0.32659
         1.5785            NaN            NaN            NaN         19.952         57.687         77.958         102.83            NaN            NaN            NaN        -6.6536         -2.149       -0.79331       -0.32457
         1.5803            NaN            NaN            NaN         19.916         57.656          77.92         102.74            NaN            NaN            NaN        -6.6671        -2.1515       -0.79374       -0.32303
          1.582            NaN            NaN            NaN         19.878         57.624          77.88         102.63            NaN            NaN            NaN        -6.6808        -2.1542       -0.79431       -0.32203
         1.5838            NaN            NaN            NaN         19.842         57.592          77.84         102.52            NaN            NaN            NaN        -6.6946        -2.1569       -0.79501       -0.32153
         1.5855            NaN            NaN            NaN         19.807         57.561         77.802         102.41            NaN            NaN            NaN        -6.7085        -2.1596       -0.79583       -0.32149
         1.5873            NaN            NaN            NaN         19.776         57.532         77.767         102.31            NaN            NaN            NaN        -6.7226        -2.1625       -0.79675       -0.32182
          1.589            NaN            NaN            NaN         19.747         57.506         77.735         102.23            NaN            NaN            NaN        -6.7367        -2.1653       -0.79774       -0.32242
         1.5908            NaN            NaN            NaN         19.722         57.482         77.708         102.16            NaN            NaN            NaN        -6.7509        -2.1682       -0.79877        -0.3232
         1.5925            NaN            NaN            NaN           19.7         57.461         77.685         102.11            NaN            NaN            NaN        -6.7651        -2.1711       -0.79982       -0.32406
         1.5943            NaN            NaN            NaN         19.681         57.442         77.666         102.07            NaN            NaN            NaN        -6.7794         -2.174       -0.80086       -0.32491
          1.596            NaN            NaN            NaN         19.665         57.424         77.649         102.04            NaN            NaN            NaN        -6.7938        -2.1768       -0.80188       -0.32571
         1.5978            NaN            NaN            NaN          19.65         57.407         77.635         102.02            NaN            NaN            NaN        -6.8082        -2.1797       -0.80287        -0.3264
         1.5995            NaN            NaN            NaN         19.637          57.39         77.621            102            NaN            NaN            NaN        -6.8226        -2.1825       -0.80383         -0.327
         1.6013            NaN            NaN            NaN         19.624         57.373         77.607         101.98            NaN            NaN            NaN         -6.837        -2.1853       -0.80477       -0.32751
         1.6031            NaN            NaN            NaN         19.612         57.356         77.593         101.95            NaN            NaN            NaN        -6.8515        -2.1881       -0.80569       -0.32797
         1.6048            NaN            NaN            NaN         19.601         57.338         77.577         101.93            NaN            NaN            NaN        -6.8661        -2.1909       -0.80661       -0.32842
         1.6066            NaN            NaN            NaN          19.59          57.32         77.561          101.9            NaN            NaN            NaN        -6.8807        -2.1938       -0.80755       -0.32892
         1.6083            NaN            NaN            NaN          19.58         57.302         77.545         101.87            NaN            NaN            NaN        -6.8954        -2.1966       -0.80851        -0.3295
         1.6101            NaN            NaN            NaN         19.572         57.284         77.529         101.85            NaN            NaN            NaN        -6.9101        -2.1995       -0.80951       -0.33021
         1.6118            NaN            NaN            NaN         19.565         57.267         77.514         101.82            NaN            NaN            NaN         -6.925        -2.2024       -0.81055       -0.33106
         1.6136            NaN            NaN            NaN         19.561         57.252         77.501          101.8            NaN            NaN            NaN        -6.9399        -2.2053       -0.81162       -0.33202
         1.6153            NaN            NaN            NaN         19.559         57.238         77.491          101.8            NaN            NaN            NaN        -6.9549        -2.2082       -0.81271       -0.33308
         1.6171            NaN            NaN            NaN         19.561         57.227         77.485          101.8            NaN            NaN            NaN        -6.9699        -2.2111       -0.81382       -0.33419
         1.6188            NaN            NaN            NaN         19.567         57.217         77.483         101.82            NaN            NaN            NaN         -6.985         -2.214       -0.81491       -0.33527
         1.6206            NaN            NaN            NaN         19.575          57.21         77.484         101.85            NaN            NaN            NaN        -7.0001        -2.2168       -0.81596       -0.33625
         1.6223            NaN            NaN            NaN         19.586         57.204         77.489         101.89            NaN            NaN            NaN        -7.0153        -2.2197       -0.81696       -0.33706
         1.6241            NaN            NaN            NaN           19.6         57.199         77.496         101.94            NaN            NaN            NaN        -7.0305        -2.2224       -0.81788       -0.33763
         1.6258            NaN            NaN            NaN         19.616         57.195         77.505            102            NaN            NaN            NaN        -7.0456        -2.2252       -0.81872        -0.3379
         1.6276            NaN            NaN            NaN         19.632          57.19         77.514         102.07            NaN            NaN            NaN        -7.0608        -2.2278       -0.81945       -0.33784
         1.6293            NaN            NaN            NaN         19.649         57.183         77.522         102.13            NaN            NaN            NaN         -7.076        -2.2305        -0.8201       -0.33742
         1.6311            NaN            NaN            NaN         19.665         57.174         77.527         102.18            NaN            NaN            NaN        -7.0912        -2.2331       -0.82065       -0.33667
         1.6328            NaN            NaN            NaN         19.679         57.163         77.528         102.22            NaN            NaN            NaN        -7.1065        -2.2356       -0.82113       -0.33563
         1.6346            NaN            NaN            NaN         19.692         57.148         77.524         102.24            NaN            NaN            NaN        -7.1218        -2.2381       -0.82156       -0.33437
         1.6363            NaN            NaN            NaN         19.703          57.13         77.514         102.23            NaN            NaN            NaN        -7.1371        -2.2407       -0.82195       -0.33298
         1.6381            NaN            NaN            NaN         19.713         57.108         77.498         102.21            NaN            NaN            NaN        -7.1525        -2.2432       -0.82235       -0.33156
         1.6398            NaN            NaN            NaN          19.72         57.083         77.476         102.17            NaN            NaN            NaN         -7.168        -2.2458       -0.82277       -0.33023
         1.6416            NaN            NaN            NaN         19.727         57.056         77.449          102.1            NaN            NaN            NaN        -7.1836        -2.2484       -0.82324       -0.32909
         1.6433            NaN            NaN            NaN         19.732         57.026         77.418         102.02            NaN            NaN            NaN        -7.1994        -2.2511       -0.82379       -0.32823
         1.6451            NaN            NaN            NaN         19.738         56.995         77.383         101.93            NaN            NaN            NaN        -7.2152        -2.2538       -0.82443        -0.3277
         1.6468            NaN            NaN            NaN         19.745         56.964         77.345         101.83            NaN            NaN            NaN        -7.2312        -2.2566       -0.82518       -0.32755
         1.6486            NaN            NaN            NaN         19.754         56.932         77.307         101.72            NaN            NaN            NaN        -7.2474        -2.2595       -0.82604        -0.3278
         1.6503            NaN            NaN            NaN         19.765         56.902          77.27         101.62            NaN            NaN            NaN        -7.2636        -2.2624       -0.82701       -0.32844
         1.6521            NaN            NaN            NaN          19.78         56.874         77.234         101.53            NaN            NaN            NaN        -7.2801        -2.2654       -0.82809       -0.32944
         1.6538            NaN            NaN            NaN         19.799         56.848         77.202         101.45            NaN            NaN            NaN        -7.2966        -2.2684       -0.82927       -0.33076
         1.6556            NaN            NaN            NaN         19.823         56.825         77.175         101.39            NaN            NaN            NaN        -7.3132        -2.2715       -0.83053       -0.33234
         1.6573            NaN            NaN            NaN         19.853         56.806         77.152         101.34            NaN            NaN            NaN          -7.33        -2.2746       -0.83185       -0.33413
         1.6591            NaN            NaN            NaN         19.888         56.791         77.135         101.31            NaN            NaN            NaN        -7.3468        -2.2777       -0.83322       -0.33606
         1.6608            NaN            NaN            NaN         19.929         56.779         77.125          101.3            NaN            NaN            NaN        -7.3637        -2.2808       -0.83461       -0.33806
         1.6626            NaN            NaN            NaN         19.976         56.771         77.121         101.31            NaN            NaN            NaN        -7.3807        -2.2839       -0.83599       -0.34005
         1.6643            NaN            NaN            NaN         20.028         56.767         77.123         101.34            NaN            NaN            NaN        -7.3977         -2.287       -0.83734       -0.34197
         1.6661            NaN            NaN            NaN         20.086         56.765         77.131         101.39            NaN            NaN            NaN        -7.4148          -2.29       -0.83865       -0.34374
         1.6678            NaN            NaN            NaN         20.149         56.766         77.144         101.46            NaN            NaN            NaN        -7.4318         -2.293       -0.83988        -0.3453
         1.6696            NaN            NaN            NaN         20.216         56.769         77.162         101.54            NaN            NaN            NaN        -7.4489        -2.2959       -0.84102       -0.34656
         1.6713            NaN            NaN            NaN         20.287         56.773         77.183         101.64            NaN            NaN            NaN        -7.4661        -2.2987       -0.84205       -0.34749
         1.6731            NaN            NaN            NaN          20.36         56.778         77.207         101.75            NaN            NaN            NaN        -7.4832        -2.3015       -0.84297       -0.34801
         1.6748            NaN            NaN            NaN         20.436         56.781         77.231         101.86            NaN            NaN            NaN        -7.5003        -2.3041       -0.84375       -0.34809
         1.6766            NaN            NaN            NaN         20.514         56.784         77.255         101.98            NaN            NaN            NaN        -7.5175        -2.3067       -0.84441       -0.34771
         1.6783            NaN            NaN            NaN         20.592         56.784         77.276         102.08            NaN            NaN            NaN        -7.5346        -2.3093       -0.84494       -0.34684
         1.6801            NaN            NaN            NaN          20.67         56.781         77.295         102.18            NaN            NaN            NaN        -7.5518        -2.3118       -0.84535       -0.34552
         1.6818            NaN            NaN            NaN         20.747         56.774         77.308         102.26            NaN            NaN            NaN        -7.5691        -2.3142       -0.84565       -0.34378
         1.6836            NaN            NaN            NaN         20.824         56.763         77.316         102.32            NaN            NaN            NaN        -7.5864        -2.3166       -0.84587        -0.3417
         1.6853            NaN            NaN            NaN         20.899         56.748         77.316         102.35            NaN            NaN            NaN        -7.6037         -2.319       -0.84603       -0.33937
         1.6871            NaN            NaN            NaN         20.974         56.728          77.31         102.35            NaN            NaN            NaN        -7.6212        -2.3214       -0.84616       -0.33692
         1.6888            NaN            NaN            NaN         21.047         56.704         77.295         102.32            NaN            NaN            NaN        -7.6387        -2.3238       -0.84628       -0.33446
         1.6906            NaN            NaN            NaN          21.12         56.676         77.273         102.26            NaN            NaN            NaN        -7.6564        -2.3263       -0.84643       -0.33215
         1.6923            NaN            NaN            NaN         21.192         56.644         77.243         102.17            NaN            NaN            NaN        -7.6742        -2.3288       -0.84663       -0.33009
         1.6941            NaN            NaN            NaN         21.265         56.609         77.207         102.06            NaN            NaN            NaN        -7.6922        -2.3314       -0.84691       -0.32839
         1.6958            NaN            NaN            NaN          21.34         56.571         77.166         101.94            NaN            NaN            NaN        -7.7103         -2.334       -0.84731       -0.32714
         1.6976            NaN            NaN            NaN         21.417         56.533         77.121          101.8            NaN            NaN            NaN        -7.7287        -2.3367       -0.84782       -0.32637
         1.6993            NaN            NaN            NaN         21.498         56.494         77.074         101.66            NaN            NaN            NaN        -7.7471        -2.3395       -0.84847       -0.32611
         1.7011            NaN            NaN            NaN         21.583         56.455         77.025         101.52            NaN            NaN            NaN        -7.7658        -2.3424       -0.84926       -0.32635
         1.7029            NaN            NaN            NaN         21.674         56.419         76.978         101.38            NaN            NaN            NaN        -7.7846        -2.3454       -0.85019       -0.32706
         1.7046            NaN            NaN            NaN         21.771         56.384         76.933         101.26            NaN            NaN            NaN        -7.8036        -2.3485       -0.85124       -0.32818
         1.7064            NaN            NaN            NaN         21.876         56.353         76.892         101.15            NaN            NaN            NaN        -7.8228        -2.3516       -0.85241       -0.32966
         1.7081            NaN            NaN            NaN         21.989         56.326         76.856         101.07            NaN            NaN            NaN        -7.8421        -2.3547       -0.85368       -0.33141
         1.7099            NaN            NaN            NaN          22.11         56.302         76.825            101            NaN            NaN            NaN        -7.8615        -2.3579       -0.85503       -0.33337
         1.7116            NaN            NaN            NaN          22.24         56.283         76.801         100.95            NaN            NaN            NaN         -7.881        -2.3611       -0.85642       -0.33544
         1.7134            NaN            NaN            NaN          22.38         56.268         76.784         100.93            NaN            NaN            NaN        -7.9007        -2.3643       -0.85783       -0.33755
         1.7151            NaN            NaN            NaN         22.528         56.256         76.774         100.92            NaN            NaN            NaN        -7.9204        -2.3674       -0.85925       -0.33962
         1.7169            NaN            NaN            NaN         22.684         56.248         76.769         100.94            NaN            NaN            NaN        -7.9402        -2.3706       -0.86063       -0.34159
         1.7186            NaN            NaN            NaN         22.849         56.244         76.771         100.98            NaN            NaN            NaN          -7.96        -2.3737       -0.86197       -0.34337
         1.7204            NaN            NaN            NaN         23.022         56.241         76.778         101.03            NaN            NaN            NaN        -7.9799        -2.3767       -0.86323       -0.34492
         1.7221            NaN            NaN            NaN         23.202          56.24         76.789         101.09            NaN            NaN            NaN        -7.9998        -2.3797       -0.86441       -0.34617
         1.7239            NaN            NaN            NaN         23.388          56.24         76.802         101.17            NaN            NaN            NaN        -8.0197        -2.3826        -0.8655       -0.34711
         1.7256            NaN            NaN            NaN         23.581          56.24         76.818         101.25            NaN            NaN            NaN        -8.0397        -2.3854       -0.86648       -0.34768
         1.7274            NaN            NaN            NaN         23.779         56.239         76.834         101.33            NaN            NaN            NaN        -8.0598        -2.3882       -0.86735       -0.34788
         1.7291            NaN            NaN            NaN         23.983         56.237          76.85         101.41            NaN            NaN            NaN        -8.0799        -2.3909       -0.86812        -0.3477
         1.7309            NaN            NaN            NaN         24.191         56.233         76.864         101.48            NaN            NaN            NaN           -8.1        -2.3936       -0.86878       -0.34717
         1.7326            NaN            NaN            NaN         24.403         56.227         76.875         101.54            NaN            NaN            NaN        -8.1202        -2.3962       -0.86935       -0.34631
         1.7344            NaN            NaN            NaN         24.619         56.217         76.882         101.59            NaN            NaN            NaN        -8.1405        -2.3988       -0.86985       -0.34518
         1.7361            NaN            NaN            NaN          24.84         56.204         76.884         101.62            NaN            NaN            NaN        -8.1608        -2.4014       -0.87028       -0.34384
         1.7379            NaN            NaN            NaN         25.064         56.188         76.881         101.63            NaN            NaN            NaN        -8.1813         -2.404       -0.87067       -0.34237
         1.7396            NaN            NaN            NaN         25.293         56.168         76.872         101.61            NaN            NaN            NaN        -8.2019        -2.4065       -0.87104       -0.34086
         1.7414            NaN            NaN            NaN         25.526         56.145         76.858         101.58            NaN            NaN            NaN        -8.2226        -2.4091       -0.87141       -0.33941
         1.7431            NaN            NaN            NaN         25.765         56.118         76.837         101.52            NaN            NaN            NaN        -8.2434        -2.4118       -0.87181       -0.33812
         1.7449            NaN            NaN            NaN          26.01          56.09         76.812         101.45            NaN            NaN            NaN        -8.2644        -2.4145       -0.87227       -0.33707
         1.7466            NaN            NaN            NaN         26.261         56.059         76.782         101.36            NaN            NaN            NaN        -8.2855        -2.4172       -0.87279       -0.33632
         1.7484            NaN            NaN            NaN          26.52         56.027         76.748         101.26            NaN            NaN            NaN        -8.3068          -2.42       -0.87341       -0.33594
         1.7501            NaN            NaN            NaN         26.788         55.995         76.712         101.16            NaN            NaN            NaN        -8.3282        -2.4229       -0.87413       -0.33594
         1.7519            NaN            NaN            NaN         27.066         55.963         76.674         101.06            NaN            NaN            NaN        -8.3498        -2.4258       -0.87496       -0.33635
         1.7536            NaN            NaN            NaN         27.355         55.933         76.638         100.96            NaN            NaN            NaN        -8.3716        -2.4288       -0.87591       -0.33715
         1.7554            NaN            NaN            NaN         27.655         55.904         76.603         100.87            NaN            NaN            NaN        -8.3935        -2.4319       -0.87697       -0.33829
         1.7571            NaN            NaN            NaN         27.969         55.879         76.571          100.8            NaN            NaN            NaN        -8.4155         -2.435       -0.87813       -0.33974
         1.7589            NaN            NaN            NaN         28.297         55.857         76.544         100.74            NaN            NaN            NaN        -8.4377        -2.4382       -0.87937       -0.34143
         1.7606            NaN            NaN            NaN         28.639         55.838         76.522          100.7            NaN            NaN            NaN        -8.4599        -2.4413       -0.88068       -0.34327
         1.7624            NaN            NaN            NaN         28.995         55.824         76.506         100.68            NaN            NaN            NaN        -8.4823        -2.4445       -0.88203        -0.3452
         1.7641            NaN            NaN            NaN         29.366         55.813         76.496         100.69            NaN            NaN            NaN        -8.5047        -2.4477       -0.88338       -0.34711
         1.7659            NaN            NaN            NaN         29.753         55.806         76.493         100.71            NaN            NaN            NaN        -8.5271        -2.4508       -0.88473       -0.34894
         1.7676            NaN            NaN            NaN         30.153         55.802         76.496         100.76            NaN            NaN            NaN        -8.5495        -2.4539       -0.88603        -0.3506
         1.7694            NaN            NaN            NaN         30.568         55.799         76.504         100.82            NaN            NaN            NaN         -8.572        -2.4569       -0.88727       -0.35202
         1.7711            NaN            NaN            NaN         30.997         55.799         76.516         100.89            NaN            NaN            NaN        -8.5945        -2.4599       -0.88843       -0.35314
         1.7729            NaN            NaN            NaN         31.438         55.799         76.531         100.97            NaN            NaN            NaN        -8.6169        -2.4628       -0.88949       -0.35391
         1.7746            NaN            NaN            NaN         31.892         55.799         76.548         101.06            NaN            NaN            NaN        -8.6394        -2.4656       -0.89044       -0.35431
         1.7764            NaN            NaN            NaN         32.358         55.798         76.566         101.15            NaN            NaN            NaN        -8.6618        -2.4684       -0.89129       -0.35432
         1.7781            NaN            NaN            NaN         32.836         55.795         76.582         101.23            NaN            NaN            NaN        -8.6842        -2.4711       -0.89204       -0.35395
         1.7799            NaN            NaN            NaN         33.324          55.79         76.597          101.3            NaN            NaN            NaN        -8.7066        -2.4738       -0.89268       -0.35324
         1.7816            NaN            NaN            NaN         33.823         55.782         76.608         101.36            NaN            NaN            NaN        -8.7291        -2.4764       -0.89325       -0.35224
         1.7834            NaN            NaN            NaN         34.333         55.771         76.615         101.41            NaN            NaN            NaN        -8.7515        -2.4791       -0.89375       -0.35102
         1.7851            NaN            NaN            NaN         34.855         55.757         76.618         101.43            NaN            NaN            NaN        -8.7739        -2.4817        -0.8942       -0.34966
         1.7869            NaN            NaN            NaN         35.387          55.74         76.616         101.44            NaN            NaN            NaN        -8.7963        -2.4843       -0.89463       -0.34823
         1.7886            NaN            NaN            NaN         35.931          55.72         76.609         101.43            NaN            NaN            NaN        -8.8188         -2.487       -0.89505       -0.34684
         1.7904            NaN            NaN            NaN         36.488         55.698         76.598          101.4            NaN            NaN            NaN        -8.8412        -2.4896       -0.89548       -0.34554
         1.7921            NaN            NaN            NaN         37.057         55.674         76.582         101.35            NaN            NaN            NaN        -8.8637        -2.4923       -0.89595       -0.34441
         1.7939            NaN            NaN            NaN          37.64         55.649         76.563          101.3            NaN            NaN            NaN        -8.8863        -2.4951       -0.89645       -0.34349
         1.7956            NaN            NaN            NaN         38.237         55.622         76.541         101.23            NaN            NaN            NaN        -8.9088        -2.4979       -0.89701       -0.34282
         1.7974            NaN            NaN            NaN         38.848         55.595         76.517         101.16            NaN            NaN            NaN        -8.9313        -2.5007       -0.89764        -0.3424
         1.7991            NaN            NaN            NaN         39.475         55.569         76.492         101.09            NaN            NaN            NaN        -8.9538        -2.5036       -0.89833       -0.34225
         1.8009            NaN            NaN            NaN         40.118         55.542         76.466         101.02            NaN            NaN            NaN        -8.9763        -2.5065       -0.89908       -0.34233
         1.8027            NaN            NaN            NaN         40.777         55.517         76.441         100.96            NaN            NaN            NaN        -8.9988        -2.5094        -0.8999       -0.34263
         1.8044            NaN            NaN            NaN         41.452         55.493         76.417          100.9            NaN            NaN            NaN        -9.0212        -2.5124       -0.90077       -0.34311
         1.8062            NaN            NaN            NaN         42.144          55.47         76.394         100.85            NaN            NaN            NaN        -9.0436        -2.5154       -0.90169       -0.34374
         1.8079            NaN            NaN            NaN         42.853         55.449         76.374          100.8            NaN            NaN            NaN        -9.0659        -2.5184       -0.90265       -0.34448
         1.8097            NaN            NaN            NaN         43.578          55.43         76.355         100.77            NaN            NaN            NaN        -9.0881        -2.5214       -0.90364       -0.34529
         1.8114            NaN            NaN            NaN          44.32         55.412         76.339         100.74            NaN            NaN            NaN        -9.1102        -2.5244       -0.90464       -0.34613
         1.8132            NaN            NaN            NaN         45.078         55.395         76.325         100.73            NaN            NaN            NaN        -9.1321        -2.5274       -0.90566       -0.34697
         1.8149            NaN            NaN            NaN         45.852         55.379         76.314         100.72            NaN            NaN            NaN        -9.1539        -2.5304       -0.90667       -0.34779
         1.8167            NaN            NaN            NaN         46.641         55.365         76.304         100.71            NaN            NaN            NaN        -9.1756        -2.5334       -0.90768       -0.34855
         1.8184            NaN            NaN            NaN         47.445         55.352         76.297         100.72            NaN            NaN            NaN        -9.1971        -2.5364       -0.90867       -0.34925
         1.8202            NaN            NaN            NaN         48.263         55.339         76.291         100.73            NaN            NaN            NaN        -9.2184        -2.5393       -0.90965       -0.34985
         1.8219            NaN            NaN            NaN         49.096         55.326         76.286         100.74            NaN            NaN            NaN        -9.2396        -2.5423       -0.91061       -0.35036
         1.8237            NaN            NaN            NaN         49.942         55.314         76.283         100.75            NaN            NaN            NaN        -9.2605        -2.5452       -0.91153       -0.35077
         1.8254            NaN            NaN            NaN         50.801         55.302          76.28         100.77            NaN            NaN            NaN        -9.2813        -2.5481       -0.91243       -0.35106
         1.8272            NaN            NaN            NaN         51.673         55.289         76.278         100.79            NaN            NaN            NaN        -9.3018         -2.551       -0.91331       -0.35124
         1.8289            NaN            NaN            NaN         52.556         55.277         76.276         100.81            NaN            NaN            NaN        -9.3222        -2.5539       -0.91415       -0.35132
         1.8307            NaN            NaN            NaN         53.451         55.263         76.273         100.82            NaN            NaN            NaN        -9.3423        -2.5568       -0.91496       -0.35128
         1.8324            NaN            NaN            NaN         54.357          55.25         76.271         100.84            NaN            NaN            NaN        -9.3622        -2.5596       -0.91575       -0.35115
         1.8342            NaN            NaN            NaN         55.273         55.235         76.268         100.85            NaN            NaN            NaN        -9.3819        -2.5624        -0.9165       -0.35093
         1.8359            NaN            NaN            NaN         56.199          55.22         76.264         100.85            NaN            NaN            NaN        -9.4014        -2.5653       -0.91724       -0.35063
         1.8377            NaN            NaN            NaN         57.134         55.203         76.258         100.85            NaN            NaN            NaN        -9.4206        -2.5681       -0.91795       -0.35027
         1.8394            NaN            NaN            NaN         58.078         55.186         76.252         100.84            NaN            NaN            NaN        -9.4396        -2.5709       -0.91865       -0.34987
         1.8412            NaN            NaN            NaN         59.031         55.167         76.244         100.83            NaN            NaN            NaN        -9.4584        -2.5738       -0.91933       -0.34945
         1.8429            NaN            NaN            NaN         59.991         55.148         76.234         100.81            NaN            NaN            NaN         -9.477        -2.5766       -0.92001       -0.34903
         1.8447            NaN            NaN            NaN         60.958         55.127         76.222         100.79            NaN            NaN            NaN        -9.4953        -2.5794       -0.92068       -0.34863
         1.8464            NaN            NaN            NaN         61.933         55.106         76.209         100.75            NaN            NaN            NaN        -9.5134        -2.5823       -0.92136       -0.34828
         1.8482            NaN            NaN            NaN         62.915         55.084         76.194         100.71            NaN            NaN            NaN        -9.5313        -2.5852       -0.92205       -0.34801
         1.8499            NaN            NaN            NaN         63.903         55.061         76.177         100.67            NaN            NaN            NaN         -9.549        -2.5881       -0.92276       -0.34784
         1.8517            NaN            NaN            NaN         64.897         55.037         76.158         100.62            NaN            NaN            NaN        -9.5664         -2.591       -0.92349       -0.34778
         1.8534            NaN            NaN            NaN         65.897         55.014         76.139         100.57            NaN            NaN            NaN        -9.5836        -2.5939       -0.92426       -0.34787
         1.8552            NaN            NaN            NaN         66.903          54.99         76.118         100.51            NaN            NaN            NaN        -9.6006        -2.5969       -0.92505       -0.34811
         1.8569            NaN            NaN            NaN         67.914         54.966         76.096         100.46            NaN            NaN            NaN        -9.6174        -2.5999       -0.92589       -0.34851
         1.8587            NaN            NaN            NaN         68.932         54.944         76.074         100.41            NaN            NaN            NaN         -9.634        -2.6029       -0.92677       -0.34907
         1.8604            NaN            NaN            NaN         69.954         54.922         76.052         100.36            NaN            NaN            NaN        -9.6504         -2.606        -0.9277        -0.3498
         1.8622            NaN            NaN            NaN         70.982         54.901         76.031         100.31            NaN            NaN            NaN        -9.6665         -2.609       -0.92868       -0.35068
         1.8639            NaN            NaN            NaN         72.016         54.881         76.011         100.27            NaN            NaN            NaN        -9.6824        -2.6121        -0.9297        -0.3517
         1.8657            NaN            NaN            NaN         73.054         54.863         75.993         100.24            NaN            NaN            NaN        -9.6981        -2.6153       -0.93076       -0.35284
         1.8674            NaN            NaN            NaN         74.098         54.847         75.977         100.22            NaN            NaN            NaN        -9.7135        -2.6184       -0.93186       -0.35407
         1.8692            NaN            NaN            NaN         75.146         54.833         75.964         100.21            NaN            NaN            NaN        -9.7288        -2.6215       -0.93298       -0.35536
         1.8709            NaN            NaN            NaN         76.198         54.821         75.953         100.21            NaN            NaN            NaN        -9.7437        -2.6246       -0.93413       -0.35667
         1.8727            NaN            NaN            NaN         77.255         54.811         75.946         100.23            NaN            NaN            NaN        -9.7585        -2.6277       -0.93528       -0.35797
         1.8744            NaN            NaN            NaN         78.315         54.803         75.942         100.25            NaN            NaN            NaN         -9.773        -2.6308       -0.93643       -0.35922
         1.8762            NaN            NaN            NaN         79.378         54.796         75.941         100.29            NaN            NaN            NaN        -9.7872        -2.6338       -0.93757       -0.36037
         1.8779            NaN            NaN            NaN         80.444          54.79         75.943         100.33            NaN            NaN            NaN        -9.8012        -2.6369       -0.93869       -0.36138
         1.8797            NaN            NaN            NaN         81.511         54.786         75.948         100.39            NaN            NaN            NaN        -9.8149        -2.6398       -0.93977       -0.36221
         1.8814            NaN            NaN            NaN          82.58         54.782         75.955         100.45            NaN            NaN            NaN        -9.8283        -2.6428        -0.9408       -0.36284
         1.8832            NaN            NaN            NaN         83.649         54.777         75.965         100.52            NaN            NaN            NaN        -9.8415        -2.6457       -0.94178       -0.36322
         1.8849            NaN            NaN            NaN         84.718         54.773         75.976          100.6            NaN            NaN            NaN        -9.8545        -2.6485        -0.9427       -0.36334
         1.8867            NaN            NaN            NaN         85.786         54.767         75.987         100.67            NaN            NaN            NaN        -9.8671        -2.6514       -0.94355       -0.36318
         1.8884            NaN            NaN            NaN         86.852         54.761         75.999         100.74            NaN            NaN            NaN        -9.8796        -2.6542       -0.94433       -0.36274
         1.8902            NaN            NaN            NaN         87.916         54.752          76.01          100.8            NaN            NaN            NaN        -9.8918        -2.6569       -0.94505       -0.36204
         1.8919            NaN            NaN            NaN         88.978         54.742         76.019         100.85            NaN            NaN            NaN        -9.9037        -2.6596        -0.9457       -0.36109
         1.8937            NaN            NaN            NaN         90.036         54.729         76.027          100.9            NaN            NaN            NaN        -9.9155        -2.6623        -0.9463       -0.35993
         1.8954            NaN            NaN            NaN          91.09         54.713         76.032         100.93            NaN            NaN            NaN        -9.9271         -2.665       -0.94685       -0.35862
         1.8972            NaN            NaN            NaN         92.141         54.696         76.034         100.94            NaN            NaN            NaN        -9.9384        -2.6677       -0.94735       -0.35719
         1.8989            NaN            NaN            NaN         93.187         54.675         76.033         100.93            NaN            NaN            NaN        -9.9496        -2.6704       -0.94783       -0.35573
         1.9007            NaN            NaN            NaN          94.23         54.653         76.028         100.91            NaN            NaN            NaN        -9.9606        -2.6732        -0.9483       -0.35429
         1.9025            NaN            NaN            NaN         95.269         54.628         76.019         100.88            NaN            NaN            NaN        -9.9715        -2.6759       -0.94876       -0.35294
         1.9042            NaN            NaN            NaN         96.304         54.601         76.007         100.83            NaN            NaN            NaN        -9.9822        -2.6787       -0.94923       -0.35173
          1.906            NaN            NaN            NaN         97.336         54.573         75.991         100.77            NaN            NaN            NaN        -9.9928        -2.6815       -0.94973       -0.35071
         1.9077            NaN            NaN            NaN         98.365         54.544         75.972         100.69            NaN            NaN            NaN        -10.003        -2.6844       -0.95027       -0.34992
         1.9095            NaN            NaN            NaN         99.391         54.515         75.951         100.62            NaN            NaN            NaN        -10.014        -2.6873       -0.95085       -0.34938
         1.9112            NaN            NaN            NaN         100.41         54.486         75.928         100.54            NaN            NaN            NaN        -10.024        -2.6903       -0.95148        -0.3491
          1.913            NaN            NaN            NaN         101.44         54.457         75.904         100.45            NaN            NaN            NaN        -10.034        -2.6933       -0.95217       -0.34907
         1.9147            NaN            NaN            NaN         102.46         54.429          75.88         100.38            NaN            NaN            NaN        -10.044        -2.6963       -0.95291       -0.34929
         1.9165            NaN            NaN            NaN         103.48         54.403         75.855          100.3            NaN            NaN            NaN        -10.054        -2.6994       -0.95371       -0.34972
         1.9182            NaN            NaN            NaN         104.49         54.378         75.832         100.24            NaN            NaN            NaN        -10.063        -2.7024       -0.95457       -0.35033
           1.92            NaN            NaN            NaN         105.51         54.354         75.809         100.18            NaN            NaN            NaN        -10.073        -2.7056       -0.95547       -0.35108
         1.9217            NaN            NaN            NaN         106.53         54.333         75.789         100.13            NaN            NaN            NaN        -10.083        -2.7087       -0.95641       -0.35193
         1.9235            NaN            NaN            NaN         107.54         54.313          75.77          100.1            NaN            NaN            NaN        -10.092        -2.7118       -0.95738       -0.35284
         1.9252            NaN            NaN            NaN         108.56         54.295         75.754         100.07            NaN            NaN            NaN        -10.101        -2.7149       -0.95836       -0.35376
          1.927            NaN            NaN            NaN            NaN         54.278          75.74         100.05            NaN            NaN            NaN            NaN         -2.718       -0.95935       -0.35466
         1.9287            NaN            NaN            NaN            NaN         54.263         75.728         100.04            NaN            NaN            NaN            NaN        -2.7211       -0.96035        -0.3555
         1.9305            NaN            NaN            NaN            NaN         54.248         75.718         100.03            NaN            NaN            NaN            NaN        -2.7242       -0.96133       -0.35625
         1.9322            NaN            NaN            NaN            NaN         54.234         75.709         100.03            NaN            NaN            NaN            NaN        -2.7272       -0.96229       -0.35691
          1.934            NaN            NaN            NaN            NaN          54.22         75.702         100.04            NaN            NaN            NaN            NaN        -2.7303       -0.96324       -0.35745
         1.9357            NaN            NaN            NaN            NaN         54.206         75.695         100.04            NaN            NaN            NaN            NaN        -2.7333       -0.96416       -0.35788
         1.9375            NaN            NaN            NaN            NaN         54.191         75.689         100.05            NaN            NaN            NaN            NaN        -2.7363       -0.96505        -0.3582
         1.9392            NaN            NaN            NaN            NaN         54.176         75.683         100.05            NaN            NaN            NaN            NaN        -2.7393       -0.96593       -0.35842
          1.941            NaN            NaN            NaN            NaN          54.16         75.676         100.05            NaN            NaN            NaN            NaN        -2.7422       -0.96678       -0.35857
         1.9427            NaN            NaN            NaN            NaN         54.144         75.669         100.04            NaN            NaN            NaN            NaN        -2.7452       -0.96761       -0.35867
         1.9445            NaN            NaN            NaN            NaN         54.126         75.661         100.03            NaN            NaN            NaN            NaN        -2.7482       -0.96843       -0.35875
         1.9462            NaN            NaN            NaN            NaN         54.108         75.652         100.02            NaN            NaN            NaN            NaN        -2.7512       -0.96924       -0.35884
          1.948            NaN            NaN            NaN            NaN         54.089         75.642            100            NaN            NaN            NaN            NaN        -2.7542       -0.97006       -0.35896
         1.9497            NaN            NaN            NaN            NaN         54.069         75.631         99.978            NaN            NaN            NaN            NaN        -2.7572       -0.97088       -0.35913
         1.9515            NaN            NaN            NaN            NaN          54.05         75.618         99.953            NaN            NaN            NaN            NaN        -2.7602       -0.97172       -0.35938
         1.9532            NaN            NaN            NaN            NaN          54.03         75.606         99.927            NaN            NaN            NaN            NaN        -2.7632       -0.97257       -0.35972
          1.955            NaN            NaN            NaN            NaN         54.011         75.593         99.901            NaN            NaN            NaN            NaN        -2.7663       -0.97344       -0.36015
         1.9567            NaN            NaN            NaN            NaN         53.992         75.579         99.876            NaN            NaN            NaN            NaN        -2.7694       -0.97433       -0.36068
         1.9585            NaN            NaN            NaN            NaN         53.974         75.566         99.854            NaN            NaN            NaN            NaN        -2.7725       -0.97525       -0.36129
         1.9602            NaN            NaN            NaN            NaN         53.957         75.554         99.836            NaN            NaN            NaN            NaN        -2.7756       -0.97619       -0.36199
          1.962            NaN            NaN            NaN            NaN         53.941         75.542         99.823            NaN            NaN            NaN            NaN        -2.7787       -0.97715       -0.36274
         1.9637            NaN            NaN            NaN            NaN         53.926         75.532         99.816            NaN            NaN            NaN            NaN        -2.7818       -0.97812       -0.36354
         1.9655            NaN            NaN            NaN            NaN         53.912         75.522         99.815            NaN            NaN            NaN            NaN        -2.7849       -0.97911       -0.36436
         1.9672            NaN            NaN            NaN            NaN           53.9         75.514          99.82            NaN            NaN            NaN            NaN         -2.788       -0.98011       -0.36517
          1.969            NaN            NaN            NaN            NaN         53.888         75.508         99.832            NaN            NaN            NaN            NaN        -2.7911       -0.98111       -0.36596
         1.9707            NaN            NaN            NaN            NaN         53.877         75.503          99.85            NaN            NaN            NaN            NaN        -2.7942        -0.9821        -0.3667
         1.9725            NaN            NaN            NaN            NaN         53.867         75.499         99.874            NaN            NaN            NaN            NaN        -2.7972       -0.98309       -0.36737
         1.9742            NaN            NaN            NaN            NaN         53.857         75.497         99.902            NaN            NaN            NaN            NaN        -2.8003       -0.98406       -0.36795
          1.976            NaN            NaN            NaN            NaN         53.848         75.496         99.935            NaN            NaN            NaN            NaN        -2.8033       -0.98502       -0.36843
         1.9777            NaN            NaN            NaN            NaN         53.839         75.497         99.971            NaN            NaN            NaN            NaN        -2.8063       -0.98596       -0.36878
         1.9795            NaN            NaN            NaN            NaN          53.83         75.498         100.01            NaN            NaN            NaN            NaN        -2.8093       -0.98687       -0.36901
         1.9812            NaN            NaN            NaN            NaN          53.82         75.499         100.05            NaN            NaN            NaN            NaN        -2.8122       -0.98776        -0.3691
          1.983            NaN            NaN            NaN            NaN          53.81         75.501         100.08            NaN            NaN            NaN            NaN        -2.8152       -0.98861       -0.36907
         1.9847            NaN            NaN            NaN            NaN         53.799         75.503         100.12            NaN            NaN            NaN            NaN        -2.8181       -0.98945        -0.3689
         1.9865            NaN            NaN            NaN            NaN         53.787         75.504         100.15            NaN            NaN            NaN            NaN         -2.821       -0.99025       -0.36861
         1.9882            NaN            NaN            NaN            NaN         53.774         75.506         100.18            NaN            NaN            NaN            NaN        -2.8239       -0.99103       -0.36821
           1.99            NaN            NaN            NaN            NaN          53.76         75.506          100.2            NaN            NaN            NaN            NaN        -2.8268       -0.99178       -0.36771
         1.9917            NaN            NaN            NaN            NaN         53.745         75.506         100.22            NaN            NaN            NaN            NaN        -2.8296       -0.99252       -0.36714
         1.9935            NaN            NaN            NaN            NaN         53.728         75.505         100.23            NaN            NaN            NaN            NaN        -2.8325       -0.99323       -0.36651
         1.9952            NaN            NaN            NaN            NaN          53.71         75.502         100.24            NaN            NaN            NaN            NaN        -2.8354       -0.99393       -0.36584
          1.997            NaN            NaN            NaN            NaN         53.692         75.499         100.23            NaN            NaN            NaN            NaN        -2.8383       -0.99462       -0.36516
         1.9987            NaN            NaN            NaN            NaN         53.672         75.494         100.22            NaN            NaN            NaN            NaN        -2.8412       -0.99531       -0.36449
         2.0005            NaN            NaN            NaN            NaN         53.651         75.488         100.21            NaN            NaN            NaN            NaN        -2.8441       -0.99599       -0.36386
         2.0023            NaN            NaN            NaN            NaN          53.63          75.48         100.19            NaN            NaN            NaN            NaN         -2.847       -0.99667       -0.36327
          2.004            NaN            NaN            NaN            NaN         53.607         75.471         100.16            NaN            NaN            NaN            NaN          -2.85       -0.99736       -0.36275
         2.0058            NaN            NaN            NaN            NaN         53.585         75.462         100.13            NaN            NaN            NaN            NaN        -2.8529       -0.99806        -0.3623
         2.0075            NaN            NaN            NaN            NaN         53.562         75.451         100.09            NaN            NaN            NaN            NaN        -2.8559       -0.99877       -0.36194
         2.0093            NaN            NaN            NaN            NaN         53.538          75.44         100.05            NaN            NaN            NaN            NaN        -2.8589       -0.99949       -0.36168
          2.011            NaN            NaN            NaN            NaN         53.515         75.428         100.02            NaN            NaN            NaN            NaN        -2.8619        -1.0002        -0.3615
         2.0128            NaN            NaN            NaN            NaN         53.492         75.415         99.977            NaN            NaN            NaN            NaN        -2.8649         -1.001       -0.36141
         2.0145            NaN            NaN            NaN            NaN         53.469         75.403         99.938            NaN            NaN            NaN            NaN        -2.8679        -1.0017       -0.36139
         2.0163            NaN            NaN            NaN            NaN         53.447          75.39           99.9            NaN            NaN            NaN            NaN         -2.871        -1.0025       -0.36145
          2.018            NaN            NaN            NaN            NaN         53.425         75.377         99.864            NaN            NaN            NaN            NaN        -2.8741        -1.0033       -0.36157
         2.0198            NaN            NaN            NaN            NaN         53.403         75.364         99.829            NaN            NaN            NaN            NaN        -2.8771        -1.0041       -0.36174
         2.0215            NaN            NaN            NaN            NaN         53.382         75.352         99.795            NaN            NaN            NaN            NaN        -2.8802        -1.0049       -0.36195
         2.0233            NaN            NaN            NaN            NaN          53.36         75.339         99.764            NaN            NaN            NaN            NaN        -2.8833        -1.0058       -0.36219
          2.025            NaN            NaN            NaN            NaN          53.34         75.327         99.734            NaN            NaN            NaN            NaN        -2.8864        -1.0066       -0.36245
         2.0268            NaN            NaN            NaN            NaN         53.319         75.315         99.705            NaN            NaN            NaN            NaN        -2.8895        -1.0074       -0.36274
         2.0285            NaN            NaN            NaN            NaN         53.299         75.303         99.676            NaN            NaN            NaN            NaN        -2.8926        -1.0083       -0.36303
         2.0303            NaN            NaN            NaN            NaN         53.279         75.292         99.649            NaN            NaN            NaN            NaN        -2.8957        -1.0091       -0.36335
          2.032            NaN            NaN            NaN            NaN         53.258          75.28         99.621            NaN            NaN            NaN            NaN        -2.8988          -1.01       -0.36368
         2.0338            NaN            NaN            NaN            NaN         53.238         75.268         99.594            NaN            NaN            NaN            NaN        -2.9019        -1.0108       -0.36404
         2.0355            NaN            NaN            NaN            NaN         53.218         75.256         99.567            NaN            NaN            NaN            NaN         -2.905        -1.0117       -0.36443
         2.0373            NaN            NaN            NaN            NaN         53.199         75.244         99.541            NaN            NaN            NaN            NaN        -2.9081        -1.0125       -0.36485
          2.039            NaN            NaN            NaN            NaN         53.179         75.232         99.515            NaN            NaN            NaN            NaN        -2.9112        -1.0134       -0.36533
         2.0408            NaN            NaN            NaN            NaN          53.16          75.22          99.49            NaN            NaN            NaN            NaN        -2.9144        -1.0143       -0.36584
         2.0425            NaN            NaN            NaN            NaN         53.141         75.208         99.467            NaN            NaN            NaN            NaN        -2.9175        -1.0152       -0.36641
         2.0443            NaN            NaN            NaN            NaN         53.123         75.197         99.446            NaN            NaN            NaN            NaN        -2.9207        -1.0161       -0.36703
          2.046            NaN            NaN            NaN            NaN         53.105         75.186         99.428            NaN            NaN            NaN            NaN        -2.9238         -1.017        -0.3677
         2.0478            NaN            NaN            NaN            NaN         53.088         75.175         99.414            NaN            NaN            NaN            NaN         -2.927        -1.0179       -0.36841
         2.0495            NaN            NaN            NaN            NaN         53.072         75.165         99.404            NaN            NaN            NaN            NaN        -2.9302        -1.0189       -0.36916
         2.0513            NaN            NaN            NaN            NaN         53.057         75.156         99.398            NaN            NaN            NaN            NaN        -2.9334        -1.0198       -0.36992
          2.053            NaN            NaN            NaN            NaN         53.043         75.147         99.398            NaN            NaN            NaN            NaN        -2.9365        -1.0208       -0.37068
         2.0548            NaN            NaN            NaN            NaN         53.029          75.14         99.404            NaN            NaN            NaN            NaN        -2.9397        -1.0217       -0.37143
         2.0565            NaN            NaN            NaN            NaN         53.017         75.133         99.414            NaN            NaN            NaN            NaN        -2.9428        -1.0227       -0.37215
         2.0583            NaN            NaN            NaN            NaN         53.005         75.128          99.43            NaN            NaN            NaN            NaN         -2.946        -1.0237       -0.37281
           2.06            NaN            NaN            NaN            NaN         52.993         75.124          99.45            NaN            NaN            NaN            NaN        -2.9491        -1.0246       -0.37341
         2.0618            NaN            NaN            NaN            NaN         52.983         75.121         99.474            NaN            NaN            NaN            NaN        -2.9522        -1.0255       -0.37393
         2.0635            NaN            NaN            NaN            NaN         52.972         75.118         99.502            NaN            NaN            NaN            NaN        -2.9553        -1.0265       -0.37434
         2.0653            NaN            NaN            NaN            NaN         52.961         75.116         99.531            NaN            NaN            NaN            NaN        -2.9584        -1.0274       -0.37465
          2.067            NaN            NaN            NaN            NaN          52.95         75.115         99.562            NaN            NaN            NaN            NaN        -2.9614        -1.0283       -0.37485
         2.0688            NaN            NaN            NaN            NaN         52.939         75.114         99.592            NaN            NaN            NaN            NaN        -2.9644        -1.0291       -0.37493
         2.0705            NaN            NaN            NaN            NaN         52.927         75.114         99.622            NaN            NaN            NaN            NaN        -2.9675          -1.03       -0.37489
         2.0723            NaN            NaN            NaN            NaN         52.915         75.113         99.649            NaN            NaN            NaN            NaN        -2.9705        -1.0308       -0.37474
          2.074            NaN            NaN            NaN            NaN         52.901         75.112         99.673            NaN            NaN            NaN            NaN        -2.9734        -1.0316        -0.3745
         2.0758            NaN            NaN            NaN            NaN         52.887          75.11         99.692            NaN            NaN            NaN            NaN        -2.9764        -1.0324       -0.37417
         2.0775            NaN            NaN            NaN            NaN         52.872         75.108         99.707            NaN            NaN            NaN            NaN        -2.9794        -1.0332       -0.37376
         2.0793            NaN            NaN            NaN            NaN         52.855         75.106         99.716            NaN            NaN            NaN            NaN        -2.9824         -1.034       -0.37331
          2.081            NaN            NaN            NaN            NaN         52.838         75.102          99.72            NaN            NaN            NaN            NaN        -2.9854        -1.0347       -0.37282
         2.0828            NaN            NaN            NaN            NaN         52.819         75.098         99.718            NaN            NaN            NaN            NaN        -2.9883        -1.0355       -0.37232
         2.0845            NaN            NaN            NaN            NaN           52.8         75.093          99.71            NaN            NaN            NaN            NaN        -2.9913        -1.0362       -0.37182
         2.0863            NaN            NaN            NaN            NaN          52.78         75.087         99.696            NaN            NaN            NaN            NaN        -2.9943         -1.037       -0.37134
          2.088            NaN            NaN            NaN            NaN         52.759          75.08         99.677            NaN            NaN            NaN            NaN        -2.9973        -1.0377       -0.37089
         2.0898            NaN            NaN            NaN            NaN         52.738         75.072         99.654            NaN            NaN            NaN            NaN        -3.0004        -1.0384        -0.3705
         2.0915            NaN            NaN            NaN            NaN         52.716         75.063         99.627            NaN            NaN            NaN            NaN        -3.0034        -1.0392       -0.37017
         2.0933            NaN            NaN            NaN            NaN         52.693         75.054         99.596            NaN            NaN            NaN            NaN        -3.0065          -1.04       -0.36991
          2.095            NaN            NaN            NaN            NaN         52.671         75.044         99.563            NaN            NaN            NaN            NaN        -3.0095        -1.0407       -0.36972
         2.0968            NaN            NaN            NaN            NaN         52.648         75.034         99.528            NaN            NaN            NaN            NaN        -3.0126        -1.0415       -0.36962
         2.0985            NaN            NaN            NaN            NaN         52.626         75.023         99.493            NaN            NaN            NaN            NaN        -3.0157        -1.0423        -0.3696
         2.1003            NaN            NaN            NaN            NaN         52.603         75.012         99.456            NaN            NaN            NaN            NaN        -3.0189        -1.0431       -0.36966
         2.1021            NaN            NaN            NaN            NaN         52.581         75.001         99.421            NaN            NaN            NaN            NaN         -3.022        -1.0439       -0.36981
         2.1038            NaN            NaN            NaN            NaN          52.56         74.989         99.386            NaN            NaN            NaN            NaN        -3.0251        -1.0447       -0.37002
         2.1056            NaN            NaN            NaN            NaN         52.538         74.978         99.353            NaN            NaN            NaN            NaN        -3.0283        -1.0456       -0.37031
         2.1073            NaN            NaN            NaN            NaN         52.517         74.967         99.322            NaN            NaN            NaN            NaN        -3.0315        -1.0464       -0.37066
         2.1091            NaN            NaN            NaN            NaN         52.497         74.956         99.293            NaN            NaN            NaN            NaN        -3.0346        -1.0473       -0.37106
         2.1108            NaN            NaN            NaN            NaN         52.477         74.946         99.268            NaN            NaN            NaN            NaN        -3.0378        -1.0481       -0.37151
         2.1126            NaN            NaN            NaN            NaN         52.458         74.935         99.245            NaN            NaN            NaN            NaN         -3.041         -1.049       -0.37199
         2.1143            NaN            NaN            NaN            NaN          52.44         74.926         99.226            NaN            NaN            NaN            NaN        -3.0442        -1.0499        -0.3725
         2.1161            NaN            NaN            NaN            NaN         52.422         74.916         99.211            NaN            NaN            NaN            NaN        -3.0474        -1.0508       -0.37301
         2.1178            NaN            NaN            NaN            NaN         52.405         74.908         99.199            NaN            NaN            NaN            NaN        -3.0506        -1.0517       -0.37353
         2.1196            NaN            NaN            NaN            NaN         52.388         74.899          99.19            NaN            NaN            NaN            NaN        -3.0538        -1.0526       -0.37405
         2.1213            NaN            NaN            NaN            NaN         52.372         74.892         99.183            NaN            NaN            NaN            NaN        -3.0569        -1.0535       -0.37454
         2.1231            NaN            NaN            NaN            NaN         52.356         74.884          99.18            NaN            NaN            NaN            NaN        -3.0601        -1.0543       -0.37501
         2.1248            NaN            NaN            NaN            NaN         52.341         74.877         99.179            NaN            NaN            NaN            NaN        -3.0633        -1.0552       -0.37545
         2.1266            NaN            NaN            NaN            NaN         52.325         74.871          99.18            NaN            NaN            NaN            NaN        -3.0665        -1.0561       -0.37586
         2.1283            NaN            NaN            NaN            NaN          52.31         74.865         99.182            NaN            NaN            NaN            NaN        -3.0696         -1.057       -0.37622
         2.1301            NaN            NaN            NaN            NaN         52.295         74.859         99.185            NaN            NaN            NaN            NaN        -3.0728        -1.0579       -0.37654
         2.1318            NaN            NaN            NaN            NaN         52.279         74.853         99.189            NaN            NaN            NaN            NaN        -3.0759        -1.0588       -0.37683
         2.1336            NaN            NaN            NaN            NaN         52.264         74.848         99.192            NaN            NaN            NaN            NaN        -3.0791        -1.0596       -0.37707
         2.1353            NaN            NaN            NaN            NaN         52.248         74.842         99.196            NaN            NaN            NaN            NaN        -3.0822        -1.0605       -0.37727
         2.1371            NaN            NaN            NaN            NaN         52.232         74.837         99.198            NaN            NaN            NaN            NaN        -3.0853        -1.0613       -0.37744
         2.1388            NaN            NaN            NaN            NaN         52.216         74.831           99.2            NaN            NaN            NaN            NaN        -3.0885        -1.0622       -0.37759
         2.1406            NaN            NaN            NaN            NaN           52.2         74.825         99.201            NaN            NaN            NaN            NaN        -3.0916         -1.063       -0.37771
         2.1423            NaN            NaN            NaN            NaN         52.183          74.82           99.2            NaN            NaN            NaN            NaN        -3.0947        -1.0639       -0.37782
         2.1441            NaN            NaN            NaN            NaN         52.167         74.814         99.199            NaN            NaN            NaN            NaN        -3.0978        -1.0647       -0.37793
         2.1458            NaN            NaN            NaN            NaN          52.15         74.808         99.196            NaN            NaN            NaN            NaN         -3.101        -1.0656       -0.37803
         2.1476            NaN            NaN            NaN            NaN         52.132         74.801         99.192            NaN            NaN            NaN            NaN        -3.1041        -1.0664       -0.37813
         2.1493            NaN            NaN            NaN            NaN         52.115         74.795         99.187            NaN            NaN            NaN            NaN        -3.1073        -1.0672       -0.37824
         2.1511            NaN            NaN            NaN            NaN         52.098         74.789         99.182            NaN            NaN            NaN            NaN        -3.1104        -1.0681       -0.37837
         2.1528            NaN            NaN            NaN            NaN         52.081         74.782         99.176            NaN            NaN            NaN            NaN        -3.1136        -1.0689        -0.3785
         2.1546            NaN            NaN            NaN            NaN         52.063         74.776         99.171            NaN            NaN            NaN            NaN        -3.1167        -1.0698       -0.37865
         2.1563            NaN            NaN            NaN            NaN         52.046         74.769         99.166            NaN            NaN            NaN            NaN        -3.1199        -1.0706       -0.37882
         2.1581            NaN            NaN            NaN            NaN         52.029         74.763         99.161            NaN            NaN            NaN            NaN         -3.123        -1.0715       -0.37899
         2.1598            NaN            NaN            NaN            NaN         52.012         74.757         99.158            NaN            NaN            NaN            NaN        -3.1262        -1.0723       -0.37917
         2.1616            NaN            NaN            NaN            NaN         51.996          74.75         99.155            NaN            NaN            NaN            NaN        -3.1293        -1.0732       -0.37935
         2.1633            NaN            NaN            NaN            NaN         51.979         74.744         99.154            NaN            NaN            NaN            NaN        -3.1325         -1.074       -0.37952
         2.1651            NaN            NaN            NaN            NaN         51.963         74.739         99.154            NaN            NaN            NaN            NaN        -3.1357        -1.0749       -0.37969
         2.1668            NaN            NaN            NaN            NaN         51.946         74.733         99.155            NaN            NaN            NaN            NaN        -3.1388        -1.0757       -0.37983
         2.1686            NaN            NaN            NaN            NaN          51.93         74.727         99.156            NaN            NaN            NaN            NaN         -3.142        -1.0766       -0.37995
         2.1703            NaN            NaN            NaN            NaN         51.914         74.722         99.159            NaN            NaN            NaN            NaN        -3.1451        -1.0774       -0.38004
         2.1721            NaN            NaN            NaN            NaN         51.898         74.717         99.162            NaN            NaN            NaN            NaN        -3.1483        -1.0782        -0.3801
         2.1738            NaN            NaN            NaN            NaN         51.881         74.712         99.165            NaN            NaN            NaN            NaN        -3.1514        -1.0791       -0.38011
         2.1756            NaN            NaN            NaN            NaN         51.864         74.706         99.167            NaN            NaN            NaN            NaN        -3.1545        -1.0799       -0.38009
         2.1773            NaN            NaN            NaN            NaN         51.848         74.701         99.168            NaN            NaN            NaN            NaN        -3.1577        -1.0807       -0.38003
         2.1791            NaN            NaN            NaN            NaN          51.83         74.696         99.168            NaN            NaN            NaN            NaN        -3.1608        -1.0815       -0.37993
         2.1808            NaN            NaN            NaN            NaN         51.812          74.69         99.166            NaN            NaN            NaN            NaN        -3.1639        -1.0824       -0.37979
         2.1826            NaN            NaN            NaN            NaN         51.794         74.684         99.161            NaN            NaN            NaN            NaN        -3.1671        -1.0832       -0.37963
         2.1843            NaN            NaN            NaN            NaN         51.775         74.678         99.153            NaN            NaN            NaN            NaN        -3.1702         -1.084       -0.37945
         2.1861            NaN            NaN            NaN            NaN         51.756         74.672         99.143            NaN            NaN            NaN            NaN        -3.1733        -1.0848       -0.37927
         2.1878            NaN            NaN            NaN            NaN         51.736         74.665         99.129            NaN            NaN            NaN            NaN        -3.1765        -1.0856       -0.37908
         2.1896            NaN            NaN            NaN            NaN         51.716         74.657         99.113            NaN            NaN            NaN            NaN        -3.1796        -1.0864       -0.37891
         2.1913            NaN            NaN            NaN            NaN         51.695          74.65         99.093            NaN            NaN            NaN            NaN        -3.1828        -1.0872       -0.37876
         2.1931            NaN            NaN            NaN            NaN         51.675         74.642          99.07            NaN            NaN            NaN            NaN        -3.1859         -1.088       -0.37865
         2.1948            NaN            NaN            NaN            NaN         51.653         74.633         99.045            NaN            NaN            NaN            NaN        -3.1891        -1.0888       -0.37859
         2.1966            NaN            NaN            NaN            NaN         51.632         74.625         99.018            NaN            NaN            NaN            NaN        -3.1923        -1.0896       -0.37858
         2.1983            NaN            NaN            NaN            NaN          51.61         74.616          98.99            NaN            NaN            NaN            NaN        -3.1955        -1.0905       -0.37863
         2.2001            NaN            NaN            NaN            NaN         51.589         74.607         98.961            NaN            NaN            NaN            NaN        -3.1987        -1.0913       -0.37874
         2.2019            NaN            NaN            NaN            NaN         51.568         74.598         98.932            NaN            NaN            NaN            NaN        -3.2019        -1.0921       -0.37892
         2.2036            NaN            NaN            NaN            NaN         51.547         74.589         98.903            NaN            NaN            NaN            NaN        -3.2052         -1.093       -0.37917
         2.2054            NaN            NaN            NaN            NaN         51.527          74.58         98.875            NaN            NaN            NaN            NaN        -3.2084        -1.0938       -0.37948
         2.2071            NaN            NaN            NaN            NaN         51.507         74.571          98.85            NaN            NaN            NaN            NaN        -3.2117        -1.0947       -0.37985
         2.2089            NaN            NaN            NaN            NaN         51.487         74.562         98.827            NaN            NaN            NaN            NaN         -3.215        -1.0956       -0.38027
         2.2106            NaN            NaN            NaN            NaN         51.469         74.554         98.806            NaN            NaN            NaN            NaN        -3.2182        -1.0965       -0.38073
         2.2124            NaN            NaN            NaN            NaN         51.451         74.546         98.789            NaN            NaN            NaN            NaN        -3.2215        -1.0973       -0.38123
         2.2141            NaN            NaN            NaN            NaN         51.433         74.539         98.775            NaN            NaN            NaN            NaN        -3.2248        -1.0982       -0.38174
         2.2159            NaN            NaN            NaN            NaN         51.416         74.532         98.765            NaN            NaN            NaN            NaN        -3.2281        -1.0991       -0.38227
         2.2176            NaN            NaN            NaN            NaN           51.4         74.525         98.759            NaN            NaN            NaN            NaN        -3.2313           -1.1       -0.38279
         2.2194            NaN            NaN            NaN            NaN         51.384         74.519         98.756            NaN            NaN            NaN            NaN        -3.2346        -1.1009        -0.3833
         2.2211            NaN            NaN            NaN            NaN         51.369         74.513         98.756            NaN            NaN            NaN            NaN        -3.2379        -1.1018       -0.38379
         2.2229            NaN            NaN            NaN            NaN         51.354         74.508         98.759            NaN            NaN            NaN            NaN        -3.2411        -1.1027       -0.38424
         2.2246            NaN            NaN            NaN            NaN          51.34         74.503         98.764            NaN            NaN            NaN            NaN        -3.2444        -1.1036       -0.38465
         2.2264            NaN            NaN            NaN            NaN         51.325         74.498         98.772            NaN            NaN            NaN            NaN        -3.2476        -1.1044         -0.385
         2.2281            NaN            NaN            NaN            NaN         51.311         74.494         98.781            NaN            NaN            NaN            NaN        -3.2509        -1.1053       -0.38531
         2.2299            NaN            NaN            NaN            NaN         51.296         74.489         98.792            NaN            NaN            NaN            NaN        -3.2541        -1.1062       -0.38555
         2.2316            NaN            NaN            NaN            NaN         51.282         74.485         98.802            NaN            NaN            NaN            NaN        -3.2573         -1.107       -0.38573
         2.2334            NaN            NaN            NaN            NaN         51.267         74.481         98.812            NaN            NaN            NaN            NaN        -3.2605        -1.1079       -0.38585
         2.2351            NaN            NaN            NaN            NaN         51.251         74.476         98.822            NaN            NaN            NaN            NaN        -3.2637        -1.1087       -0.38591
         2.2369            NaN            NaN            NaN            NaN         51.236         74.472          98.83            NaN            NaN            NaN            NaN        -3.2669        -1.1095       -0.38592
         2.2386            NaN            NaN            NaN            NaN         51.219         74.467         98.836            NaN            NaN            NaN            NaN        -3.2701        -1.1104       -0.38588
         2.2404            NaN            NaN            NaN            NaN         51.203         74.462          98.84            NaN            NaN            NaN            NaN        -3.2732        -1.1112       -0.38581
         2.2421            NaN            NaN            NaN            NaN         51.185         74.457         98.841            NaN            NaN            NaN            NaN        -3.2764         -1.112        -0.3857
         2.2439            NaN            NaN            NaN            NaN         51.167         74.451         98.839            NaN            NaN            NaN            NaN        -3.2796        -1.1128       -0.38557
         2.2456            NaN            NaN            NaN            NaN         51.149         74.445         98.835            NaN            NaN            NaN            NaN        -3.2828        -1.1136       -0.38542
         2.2474            NaN            NaN            NaN            NaN          51.13         74.439         98.827            NaN            NaN            NaN            NaN         -3.286        -1.1145       -0.38528
         2.2491            NaN            NaN            NaN            NaN         51.111         74.432         98.817            NaN            NaN            NaN            NaN        -3.2892        -1.1153       -0.38514
         2.2509            NaN            NaN            NaN            NaN         51.091         74.425         98.803            NaN            NaN            NaN            NaN        -3.2924        -1.1161       -0.38502
         2.2526            NaN            NaN            NaN            NaN         51.071         74.418         98.788            NaN            NaN            NaN            NaN        -3.2956        -1.1169       -0.38492
         2.2544            NaN            NaN            NaN            NaN         51.051         74.411         98.769            NaN            NaN            NaN            NaN        -3.2989        -1.1177       -0.38486
         2.2561            NaN            NaN            NaN            NaN          51.03         74.403         98.749            NaN            NaN            NaN            NaN        -3.3021        -1.1186       -0.38483
         2.2579            NaN            NaN            NaN            NaN         51.009         74.395         98.728            NaN            NaN            NaN            NaN        -3.3053        -1.1194       -0.38485
         2.2596            NaN            NaN            NaN            NaN         50.989         74.387         98.705            NaN            NaN            NaN            NaN        -3.3086        -1.1203       -0.38492
         2.2614            NaN            NaN            NaN            NaN         50.968          74.38         98.682            NaN            NaN            NaN            NaN        -3.3119        -1.1211       -0.38503
         2.2631            NaN            NaN            NaN            NaN         50.948         74.372         98.659            NaN            NaN            NaN            NaN        -3.3152         -1.122        -0.3852
         2.2649            NaN            NaN            NaN            NaN         50.928         74.364         98.635            NaN            NaN            NaN            NaN        -3.3184        -1.1228       -0.38541
         2.2666            NaN            NaN            NaN            NaN         50.908         74.356         98.613            NaN            NaN            NaN            NaN        -3.3217        -1.1237       -0.38567
         2.2684            NaN            NaN            NaN            NaN         50.888         74.349         98.591            NaN            NaN            NaN            NaN        -3.3251        -1.1245       -0.38598
         2.2701            NaN            NaN            NaN            NaN         50.869         74.341         98.571            NaN            NaN            NaN            NaN        -3.3284        -1.1254       -0.38633
         2.2719            NaN            NaN            NaN            NaN          50.85         74.334         98.553            NaN            NaN            NaN            NaN        -3.3317        -1.1263       -0.38672
         2.2736            NaN            NaN            NaN            NaN         50.832         74.327         98.537            NaN            NaN            NaN            NaN         -3.335        -1.1272       -0.38715
         2.2754            NaN            NaN            NaN            NaN         50.814         74.321         98.523            NaN            NaN            NaN            NaN        -3.3384        -1.1281        -0.3876
         2.2771            NaN            NaN            NaN            NaN         50.797         74.315         98.512            NaN            NaN            NaN            NaN        -3.3417         -1.129       -0.38807
         2.2789            NaN            NaN            NaN            NaN          50.78         74.309         98.503            NaN            NaN            NaN            NaN         -3.345        -1.1298       -0.38855
         2.2806            NaN            NaN            NaN            NaN         50.764         74.303         98.497            NaN            NaN            NaN            NaN        -3.3484        -1.1307       -0.38904
         2.2824            NaN            NaN            NaN            NaN         50.748         74.298         98.494            NaN            NaN            NaN            NaN        -3.3517        -1.1316       -0.38953
         2.2841            NaN            NaN            NaN            NaN         50.733         74.293         98.494            NaN            NaN            NaN            NaN         -3.355        -1.1325       -0.39002
         2.2859            NaN            NaN            NaN            NaN         50.718         74.289         98.497            NaN            NaN            NaN            NaN        -3.3583        -1.1334       -0.39048
         2.2876            NaN            NaN            NaN            NaN         50.703         74.285         98.503            NaN            NaN            NaN            NaN        -3.3617        -1.1343       -0.39092
         2.2894            NaN            NaN            NaN            NaN         50.689         74.281         98.511            NaN            NaN            NaN            NaN         -3.365        -1.1351       -0.39133
         2.2911            NaN            NaN            NaN            NaN         50.675         74.277         98.521            NaN            NaN            NaN            NaN        -3.3683         -1.136        -0.3917
         2.2929            NaN            NaN            NaN            NaN         50.661         74.273         98.533            NaN            NaN            NaN            NaN        -3.3716        -1.1369       -0.39202
         2.2946            NaN            NaN            NaN            NaN         50.648          74.27         98.547            NaN            NaN            NaN            NaN        -3.3748        -1.1377        -0.3923
         2.2964            NaN            NaN            NaN            NaN         50.634         74.266         98.563            NaN            NaN            NaN            NaN        -3.3781        -1.1386       -0.39251
         2.2981            NaN            NaN            NaN            NaN          50.62         74.263         98.579            NaN            NaN            NaN            NaN        -3.3814        -1.1394       -0.39267
         2.2999            NaN            NaN            NaN            NaN         50.606         74.259         98.595            NaN            NaN            NaN            NaN        -3.3847        -1.1402       -0.39276
         2.3017            NaN            NaN            NaN            NaN         50.591         74.256         98.611            NaN            NaN            NaN            NaN        -3.3879        -1.1411       -0.39279
         2.3034            NaN            NaN            NaN            NaN         50.577         74.252         98.626            NaN            NaN            NaN            NaN        -3.3911        -1.1419       -0.39276
         2.3052            NaN            NaN            NaN            NaN         50.561         74.248          98.64            NaN            NaN            NaN            NaN        -3.3944        -1.1427       -0.39266
         2.3069            NaN            NaN            NaN            NaN         50.546         74.243         98.652            NaN            NaN            NaN            NaN        -3.3976        -1.1435       -0.39251
         2.3087            NaN            NaN            NaN            NaN         50.529         74.239         98.662            NaN            NaN            NaN            NaN        -3.4008        -1.1443        -0.3923
         2.3104            NaN            NaN            NaN            NaN         50.512         74.234         98.669            NaN            NaN            NaN            NaN        -3.4041        -1.1451       -0.39205
         2.3122            NaN            NaN            NaN            NaN         50.494         74.228         98.673            NaN            NaN            NaN            NaN        -3.4073        -1.1459       -0.39176
         2.3139            NaN            NaN            NaN            NaN         50.476         74.222         98.673            NaN            NaN            NaN            NaN        -3.4105        -1.1467       -0.39144
         2.3157            NaN            NaN            NaN            NaN         50.457         74.216         98.669            NaN            NaN            NaN            NaN        -3.4137        -1.1475        -0.3911
         2.3174            NaN            NaN            NaN            NaN         50.437         74.209         98.662            NaN            NaN            NaN            NaN         -3.417        -1.1483       -0.39075
         2.3192            NaN            NaN            NaN            NaN         50.417         74.202         98.651            NaN            NaN            NaN            NaN        -3.4202        -1.1491        -0.3904
         2.3209            NaN            NaN            NaN            NaN         50.396         74.194         98.635            NaN            NaN            NaN            NaN        -3.4235        -1.1499       -0.39007
         2.3227            NaN            NaN            NaN            NaN         50.375         74.186         98.616            NaN            NaN            NaN            NaN        -3.4267        -1.1507       -0.38976
         2.3244            NaN            NaN            NaN            NaN         50.353         74.178         98.594            NaN            NaN            NaN            NaN          -3.43        -1.1515       -0.38949
         2.3262            NaN            NaN            NaN            NaN          50.33         74.169         98.568            NaN            NaN            NaN            NaN        -3.4333        -1.1524       -0.38926
         2.3279            NaN            NaN            NaN            NaN         50.308         74.161          98.54            NaN            NaN            NaN            NaN        -3.4366        -1.1532       -0.38909
         2.3297            NaN            NaN            NaN            NaN         50.285         74.152         98.509            NaN            NaN            NaN            NaN        -3.4399         -1.154       -0.38897
         2.3314            NaN            NaN            NaN            NaN         50.262         74.143         98.477            NaN            NaN            NaN            NaN        -3.4432        -1.1549       -0.38893
         2.3332            NaN            NaN            NaN            NaN         50.239         74.134         98.443            NaN            NaN            NaN            NaN        -3.4466        -1.1557       -0.38895
         2.3349            NaN            NaN            NaN            NaN         50.217         74.125         98.409            NaN            NaN            NaN            NaN        -3.4499        -1.1566       -0.38904
         2.3367            NaN            NaN            NaN            NaN         50.194         74.117         98.375            NaN            NaN            NaN            NaN        -3.4533        -1.1575       -0.38921
         2.3384            NaN            NaN            NaN            NaN         50.172         74.108         98.341            NaN            NaN            NaN            NaN        -3.4567        -1.1584       -0.38944
         2.3402            NaN            NaN            NaN            NaN         50.151           74.1         98.309            NaN            NaN            NaN            NaN        -3.4601        -1.1593       -0.38974
         2.3419            NaN            NaN            NaN            NaN          50.13         74.092         98.278            NaN            NaN            NaN            NaN        -3.4635        -1.1602       -0.39011
         2.3437            NaN            NaN            NaN            NaN         50.109         74.085          98.25            NaN            NaN            NaN            NaN        -3.4669        -1.1611       -0.39053
         2.3454            NaN            NaN            NaN            NaN         50.089         74.078         98.224            NaN            NaN            NaN            NaN        -3.4703         -1.162         -0.391
         2.3472            NaN            NaN            NaN            NaN          50.07         74.071         98.201            NaN            NaN            NaN            NaN        -3.4738        -1.1629       -0.39151
         2.3489            NaN            NaN            NaN            NaN         50.051         74.065         98.181            NaN            NaN            NaN            NaN        -3.4772        -1.1638       -0.39206
         2.3507            NaN            NaN            NaN            NaN         50.033          74.06         98.164            NaN            NaN            NaN            NaN        -3.4807        -1.1647       -0.39263
         2.3524            NaN            NaN            NaN            NaN         50.016         74.055         98.151            NaN            NaN            NaN            NaN        -3.4841        -1.1656       -0.39322
         2.3542            NaN            NaN            NaN            NaN         49.999          74.05         98.141            NaN            NaN            NaN            NaN        -3.4875        -1.1665       -0.39381
         2.3559            NaN            NaN            NaN            NaN         49.983         74.046         98.135            NaN            NaN            NaN            NaN         -3.491        -1.1674        -0.3944
         2.3577            NaN            NaN            NaN            NaN         49.968         74.042         98.133            NaN            NaN            NaN            NaN        -3.4944        -1.1683       -0.39498
         2.3594            NaN            NaN            NaN            NaN         49.953         74.038         98.133            NaN            NaN            NaN            NaN        -3.4978        -1.1692       -0.39554
         2.3612            NaN            NaN            NaN            NaN         49.938         74.035         98.137            NaN            NaN            NaN            NaN        -3.5012        -1.1701       -0.39607
         2.3629            NaN            NaN            NaN            NaN         49.924         74.032         98.143            NaN            NaN            NaN            NaN        -3.5046         -1.171       -0.39656
         2.3647            NaN            NaN            NaN            NaN          49.91         74.029         98.151            NaN            NaN            NaN            NaN         -3.508        -1.1718       -0.39702
         2.3664            NaN            NaN            NaN            NaN         49.896         74.026         98.162            NaN            NaN            NaN            NaN        -3.5114        -1.1727       -0.39743
         2.3682            NaN            NaN            NaN            NaN         49.882         74.024         98.175            NaN            NaN            NaN            NaN        -3.5148        -1.1736       -0.39778
         2.3699            NaN            NaN            NaN            NaN         49.869         74.021         98.189            NaN            NaN            NaN            NaN        -3.5182        -1.1744       -0.39809
         2.3717            NaN            NaN            NaN            NaN         49.855         74.018         98.203            NaN            NaN            NaN            NaN        -3.5216        -1.1753       -0.39833
         2.3734            NaN            NaN            NaN            NaN         49.841         74.015         98.218            NaN            NaN            NaN            NaN        -3.5249        -1.1761       -0.39852
         2.3752            NaN            NaN            NaN            NaN         49.826         74.012         98.233            NaN            NaN            NaN            NaN        -3.5283        -1.1769       -0.39864
         2.3769            NaN            NaN            NaN            NaN         49.812         74.009         98.248            NaN            NaN            NaN            NaN        -3.5316        -1.1777       -0.39871
         2.3787            NaN            NaN            NaN            NaN         49.797         74.005         98.262            NaN            NaN            NaN            NaN        -3.5349        -1.1786       -0.39872
         2.3804            NaN            NaN            NaN            NaN         49.781         74.001         98.274            NaN            NaN            NaN            NaN        -3.5383        -1.1794       -0.39868
         2.3822            NaN            NaN            NaN            NaN         49.765         73.997         98.284            NaN            NaN            NaN            NaN        -3.5416        -1.1802       -0.39858
         2.3839            NaN            NaN            NaN            NaN         49.749         73.992         98.293            NaN            NaN            NaN            NaN        -3.5449         -1.181       -0.39844
         2.3857            NaN            NaN            NaN            NaN         49.731         73.987         98.299            NaN            NaN            NaN            NaN        -3.5483        -1.1818       -0.39826
         2.3874            NaN            NaN            NaN            NaN         49.714         73.981         98.302            NaN            NaN            NaN            NaN        -3.5516        -1.1826       -0.39805
         2.3892            NaN            NaN            NaN            NaN         49.696         73.975         98.302            NaN            NaN            NaN            NaN        -3.5549        -1.1834       -0.39782
         2.3909            NaN            NaN            NaN            NaN         49.677         73.968         98.299            NaN            NaN            NaN            NaN        -3.5582        -1.1842       -0.39756
         2.3927            NaN            NaN            NaN            NaN         49.657         73.962         98.292            NaN            NaN            NaN            NaN        -3.5616         -1.185        -0.3973
         2.3944            NaN            NaN            NaN            NaN         49.637         73.954         98.282            NaN            NaN            NaN            NaN        -3.5649        -1.1858       -0.39705
         2.3962            NaN            NaN            NaN            NaN         49.617         73.947         98.269            NaN            NaN            NaN            NaN        -3.5683        -1.1867        -0.3968
         2.3979            NaN            NaN            NaN            NaN         49.596         73.939         98.253            NaN            NaN            NaN            NaN        -3.5716        -1.1875       -0.39657
         2.3997            NaN            NaN            NaN            NaN         49.574         73.931         98.233            NaN            NaN            NaN            NaN         -3.575        -1.1883       -0.39637
         2.4015            NaN            NaN            NaN            NaN         49.553         73.922         98.211            NaN            NaN            NaN            NaN        -3.5784        -1.1892       -0.39621
         2.4032            NaN            NaN            NaN            NaN         49.531         73.914         98.186            NaN            NaN            NaN            NaN        -3.5818          -1.19       -0.39609
          2.405            NaN            NaN            NaN            NaN         49.509         73.905         98.159            NaN            NaN            NaN            NaN        -3.5852        -1.1909       -0.39602
         2.4067            NaN            NaN            NaN            NaN         49.487         73.896          98.13            NaN            NaN            NaN            NaN        -3.5886        -1.1917       -0.39601
         2.4085            NaN            NaN            NaN            NaN         49.464         73.888           98.1            NaN            NaN            NaN            NaN         -3.592        -1.1926       -0.39605
         2.4102            NaN            NaN            NaN            NaN         49.442          73.88         98.069            NaN            NaN            NaN            NaN        -3.5955        -1.1935       -0.39616
          2.412            NaN            NaN            NaN            NaN         49.421         73.871         98.038            NaN            NaN            NaN            NaN         -3.599        -1.1944       -0.39634
         2.4137            NaN            NaN            NaN            NaN         49.399         73.864         98.008            NaN            NaN            NaN            NaN        -3.6024        -1.1953       -0.39658
         2.4155            NaN            NaN            NaN            NaN         49.378         73.856         97.978            NaN            NaN            NaN            NaN        -3.6059        -1.1962       -0.39688
         2.4172            NaN            NaN            NaN            NaN         49.357         73.849         97.949            NaN            NaN            NaN            NaN        -3.6094        -1.1971       -0.39725
          2.419            NaN            NaN            NaN            NaN         49.337         73.842         97.922            NaN            NaN            NaN            NaN        -3.6129         -1.198       -0.39767
         2.4207            NaN            NaN            NaN            NaN         49.317         73.836         97.897            NaN            NaN            NaN            NaN        -3.6165         -1.199       -0.39815
         2.4225            NaN            NaN            NaN            NaN         49.298         73.831         97.874            NaN            NaN            NaN            NaN          -3.62        -1.1999       -0.39867
         2.4242            NaN            NaN            NaN            NaN          49.28         73.826         97.854            NaN            NaN            NaN            NaN        -3.6235        -1.2008       -0.39924
          2.426            NaN            NaN            NaN            NaN         49.262         73.821         97.838            NaN            NaN            NaN            NaN         -3.627        -1.2018       -0.39984
         2.4277            NaN            NaN            NaN            NaN         49.245         73.818         97.825            NaN            NaN            NaN            NaN        -3.6306        -1.2027       -0.40047
         2.4295            NaN            NaN            NaN            NaN         49.229         73.814         97.815            NaN            NaN            NaN            NaN        -3.6341        -1.2036       -0.40112
         2.4312            NaN            NaN            NaN            NaN         49.213         73.812          97.81            NaN            NaN            NaN            NaN        -3.6377        -1.2045       -0.40177
          2.433            NaN            NaN            NaN            NaN         49.198         73.809         97.808            NaN            NaN            NaN            NaN        -3.6412        -1.2055       -0.40243
         2.4347            NaN            NaN            NaN            NaN         49.184         73.808          97.81            NaN            NaN            NaN            NaN        -3.6447        -1.2064       -0.40308
         2.4365            NaN            NaN            NaN            NaN          49.17         73.806         97.815            NaN            NaN            NaN            NaN        -3.6482        -1.2073        -0.4037
         2.4382            NaN            NaN            NaN            NaN         49.157         73.805         97.825            NaN            NaN            NaN            NaN        -3.6517        -1.2082        -0.4043
           2.44            NaN            NaN            NaN            NaN         49.144         73.805         97.837            NaN            NaN            NaN            NaN        -3.6552         -1.209       -0.40486
         2.4417            NaN            NaN            NaN            NaN         49.132         73.804         97.853            NaN            NaN            NaN            NaN        -3.6587        -1.2099       -0.40538
         2.4435            NaN            NaN            NaN            NaN         49.119         73.804         97.872            NaN            NaN            NaN            NaN        -3.6622        -1.2108       -0.40584
         2.4452            NaN            NaN            NaN            NaN         49.107         73.804         97.893            NaN            NaN            NaN            NaN        -3.6657        -1.2116       -0.40624
          2.447            NaN            NaN            NaN            NaN         49.095         73.803         97.916            NaN            NaN            NaN            NaN        -3.6691        -1.2124       -0.40658
         2.4487            NaN            NaN            NaN            NaN         49.082         73.803         97.941            NaN            NaN            NaN            NaN        -3.6726        -1.2133       -0.40684
         2.4505            NaN            NaN            NaN            NaN          49.07         73.802         97.967            NaN            NaN            NaN            NaN         -3.676        -1.2141       -0.40702
         2.4522            NaN            NaN            NaN            NaN         49.057           73.8         97.993            NaN            NaN            NaN            NaN        -3.6794        -1.2149       -0.40712
          2.454            NaN            NaN            NaN            NaN         49.044         73.799         98.018            NaN            NaN            NaN            NaN        -3.6829        -1.2157       -0.40714
         2.4557            NaN            NaN            NaN            NaN          49.03         73.797         98.043            NaN            NaN            NaN            NaN        -3.6863        -1.2164       -0.40709
         2.4575            NaN            NaN            NaN            NaN         49.016         73.794         98.066            NaN            NaN            NaN            NaN        -3.6897        -1.2172       -0.40695
         2.4592            NaN            NaN            NaN            NaN             49         73.791         98.088            NaN            NaN            NaN            NaN         -3.693         -1.218       -0.40674
          2.461            NaN            NaN            NaN            NaN         48.985         73.787         98.106            NaN            NaN            NaN            NaN        -3.6964        -1.2188       -0.40647
         2.4627            NaN            NaN            NaN            NaN         48.968         73.782         98.121            NaN            NaN            NaN            NaN        -3.6998        -1.2195       -0.40613
         2.4645            NaN            NaN            NaN            NaN         48.951         73.776         98.133            NaN            NaN            NaN            NaN        -3.7032        -1.2203       -0.40574
         2.4662            NaN            NaN            NaN            NaN         48.932          73.77         98.141            NaN            NaN            NaN            NaN        -3.7066         -1.221       -0.40532
          2.468            NaN            NaN            NaN            NaN         48.913         73.763         98.144            NaN            NaN            NaN            NaN          -3.71        -1.2218       -0.40486
         2.4697            NaN            NaN            NaN            NaN         48.893         73.756         98.143            NaN            NaN            NaN            NaN        -3.7133        -1.2226       -0.40438
         2.4715            NaN            NaN            NaN            NaN         48.873         73.748         98.137            NaN            NaN            NaN            NaN        -3.7168        -1.2234        -0.4039
         2.4732            NaN            NaN            NaN            NaN         48.852         73.739         98.127            NaN            NaN            NaN            NaN        -3.7202        -1.2241       -0.40342
          2.475            NaN            NaN            NaN            NaN          48.83          73.73         98.112            NaN            NaN            NaN            NaN        -3.7236        -1.2249       -0.40296
         2.4767            NaN            NaN            NaN            NaN         48.807          73.72         98.093            NaN            NaN            NaN            NaN         -3.727        -1.2257       -0.40253
         2.4785            NaN            NaN            NaN            NaN         48.784          73.71          98.07            NaN            NaN            NaN            NaN        -3.7305        -1.2266       -0.40214
         2.4802            NaN            NaN            NaN            NaN         48.761           73.7         98.044            NaN            NaN            NaN            NaN        -3.7339        -1.2274        -0.4018
          2.482            NaN            NaN            NaN            NaN         48.737          73.69         98.014            NaN            NaN            NaN            NaN        -3.7374        -1.2282       -0.40152
         2.4837            NaN            NaN            NaN            NaN         48.714         73.679         97.983            NaN            NaN            NaN            NaN        -3.7409        -1.2291        -0.4013
         2.4855            NaN            NaN            NaN            NaN          48.69         73.669         97.949            NaN            NaN            NaN            NaN        -3.7444          -1.23       -0.40115
         2.4872            NaN            NaN            NaN            NaN         48.666         73.659         97.914            NaN            NaN            NaN            NaN         -3.748        -1.2308       -0.40107
          2.489            NaN            NaN            NaN            NaN         48.643         73.649         97.878            NaN            NaN            NaN            NaN        -3.7515        -1.2317       -0.40106
         2.4907            NaN            NaN            NaN            NaN         48.619          73.64         97.842            NaN            NaN            NaN            NaN        -3.7551        -1.2326       -0.40112
         2.4925            NaN            NaN            NaN            NaN         48.596         73.631         97.807            NaN            NaN            NaN            NaN        -3.7586        -1.2336       -0.40126
         2.4942            NaN            NaN            NaN            NaN         48.574         73.622         97.772            NaN            NaN            NaN            NaN        -3.7622        -1.2345       -0.40145
          2.496            NaN            NaN            NaN            NaN         48.552         73.614         97.739            NaN            NaN            NaN            NaN        -3.7658        -1.2354       -0.40171
         2.4977            NaN            NaN            NaN            NaN          48.53         73.606         97.707            NaN            NaN            NaN            NaN        -3.7694        -1.2363       -0.40202
         2.4995            NaN            NaN            NaN            NaN         48.509         73.599         97.678            NaN            NaN            NaN            NaN         -3.773        -1.2373       -0.40238
         2.5013            NaN            NaN            NaN            NaN         48.489         73.593          97.65            NaN            NaN            NaN            NaN        -3.7766        -1.2382       -0.40277
          2.503            NaN            NaN            NaN            NaN         48.469         73.587         97.625            NaN            NaN            NaN            NaN        -3.7803        -1.2392        -0.4032
         2.5048            NaN            NaN            NaN            NaN         48.449         73.581         97.603            NaN            NaN            NaN            NaN        -3.7839        -1.2401       -0.40366
         2.5065            NaN            NaN            NaN            NaN         48.431         73.576         97.583            NaN            NaN            NaN            NaN        -3.7875         -1.241       -0.40413
         2.5083            NaN            NaN            NaN            NaN         48.412         73.571         97.566            NaN            NaN            NaN            NaN        -3.7912         -1.242       -0.40461
           2.51            NaN            NaN            NaN            NaN         48.394         73.567         97.551            NaN            NaN            NaN            NaN        -3.7948        -1.2429        -0.4051
         2.5118            NaN            NaN            NaN            NaN         48.377         73.563         97.538            NaN            NaN            NaN            NaN        -3.7984        -1.2438       -0.40559
         2.5135            NaN            NaN            NaN            NaN          48.36          73.56         97.528            NaN            NaN            NaN            NaN         -3.802        -1.2448       -0.40606
         2.5153            NaN            NaN            NaN            NaN         48.343         73.557         97.519            NaN            NaN            NaN            NaN        -3.8057        -1.2457       -0.40653
          2.517            NaN            NaN            NaN            NaN         48.326         73.553         97.512            NaN            NaN            NaN            NaN        -3.8093        -1.2466       -0.40699
         2.5188            NaN            NaN            NaN            NaN         48.309          73.55         97.506            NaN            NaN            NaN            NaN        -3.8129        -1.2475       -0.40743
         2.5205            NaN            NaN            NaN            NaN         48.293         73.547         97.502            NaN            NaN            NaN            NaN        -3.8165        -1.2484       -0.40785
         2.5223            NaN            NaN            NaN            NaN         48.277         73.545         97.498            NaN            NaN            NaN            NaN        -3.8201        -1.2493       -0.40826
          2.524            NaN            NaN            NaN            NaN          48.26         73.542         97.495            NaN            NaN            NaN            NaN        -3.8237        -1.2502       -0.40865
         2.5258            NaN            NaN            NaN            NaN         48.244         73.539         97.493            NaN            NaN            NaN            NaN        -3.8274        -1.2511       -0.40903
         2.5275            NaN            NaN            NaN            NaN         48.228         73.536         97.492            NaN            NaN            NaN            NaN         -3.831         -1.252       -0.40939
         2.5293            NaN            NaN            NaN            NaN         48.212         73.534          97.49            NaN            NaN            NaN            NaN        -3.8346        -1.2529       -0.40975
          2.531            NaN            NaN            NaN            NaN         48.196         73.531          97.49            NaN            NaN            NaN            NaN        -3.8382        -1.2538       -0.41009
         2.5328            NaN            NaN            NaN            NaN         48.179         73.528         97.489            NaN            NaN            NaN            NaN        -3.8418        -1.2546       -0.41043
         2.5345            NaN            NaN            NaN            NaN         48.163         73.526         97.489            NaN            NaN            NaN            NaN        -3.8454        -1.2555       -0.41076
         2.5363            NaN            NaN            NaN            NaN         48.147         73.523         97.489            NaN            NaN            NaN            NaN         -3.849        -1.2564       -0.41108
          2.538            NaN            NaN            NaN            NaN         48.131         73.521          97.49            NaN            NaN            NaN            NaN        -3.8527        -1.2573       -0.41141
         2.5398            NaN            NaN            NaN            NaN         48.115         73.518         97.492            NaN            NaN            NaN            NaN        -3.8563        -1.2582       -0.41172
         2.5415            NaN            NaN            NaN            NaN           48.1         73.516         97.494            NaN            NaN            NaN            NaN        -3.8599         -1.259       -0.41204
         2.5433            NaN            NaN            NaN            NaN         48.084         73.514         97.497            NaN            NaN            NaN            NaN        -3.8635        -1.2599       -0.41235
          2.545            NaN            NaN            NaN            NaN         48.069         73.512         97.501            NaN            NaN            NaN            NaN        -3.8671        -1.2608       -0.41265
         2.5468            NaN            NaN            NaN            NaN         48.053          73.51         97.506            NaN            NaN            NaN            NaN        -3.8707        -1.2616       -0.41295
         2.5485            NaN            NaN            NaN            NaN         48.038         73.508         97.513            NaN            NaN            NaN            NaN        -3.8744        -1.2625       -0.41323
         2.5503            NaN            NaN            NaN            NaN         48.023         73.506          97.52            NaN            NaN            NaN            NaN         -3.878        -1.2634        -0.4135
          2.552            NaN            NaN            NaN            NaN         48.008         73.504         97.528            NaN            NaN            NaN            NaN        -3.8816        -1.2642       -0.41374
         2.5538            NaN            NaN            NaN            NaN         47.992         73.503         97.537            NaN            NaN            NaN            NaN        -3.8852        -1.2651       -0.41397
         2.5555            NaN            NaN            NaN            NaN         47.977         73.501         97.548            NaN            NaN            NaN            NaN        -3.8888        -1.2659       -0.41416
         2.5573            NaN            NaN            NaN            NaN         47.962         73.499         97.559            NaN            NaN            NaN            NaN        -3.8924        -1.2667       -0.41433
          2.559            NaN            NaN            NaN            NaN         47.947         73.497          97.57            NaN            NaN            NaN            NaN         -3.896        -1.2676       -0.41446
         2.5608            NaN            NaN            NaN            NaN         47.932         73.495         97.582            NaN            NaN            NaN            NaN        -3.8996        -1.2684       -0.41455
         2.5625            NaN            NaN            NaN            NaN         47.916         73.493         97.594            NaN            NaN            NaN            NaN        -3.9032        -1.2692       -0.41461
         2.5643            NaN            NaN            NaN            NaN         47.901         73.491         97.606            NaN            NaN            NaN            NaN        -3.9068          -1.27       -0.41462
          2.566            NaN            NaN            NaN            NaN         47.885         73.488         97.617            NaN            NaN            NaN            NaN        -3.9103        -1.2708        -0.4146
         2.5678            NaN            NaN            NaN            NaN         47.868         73.485         97.627            NaN            NaN            NaN            NaN        -3.9139        -1.2716       -0.41453
         2.5695            NaN            NaN            NaN            NaN         47.852         73.481         97.637            NaN            NaN            NaN            NaN        -3.9175        -1.2724       -0.41442
         2.5713            NaN            NaN            NaN            NaN         47.834         73.477         97.644            NaN            NaN            NaN            NaN        -3.9211        -1.2732       -0.41428
          2.573            NaN            NaN            NaN            NaN         47.817         73.472          97.65            NaN            NaN            NaN            NaN        -3.9247         -1.274       -0.41411
         2.5748            NaN            NaN            NaN            NaN         47.799         73.467         97.654            NaN            NaN            NaN            NaN        -3.9282        -1.2748        -0.4139
         2.5765            NaN            NaN            NaN            NaN          47.78         73.461         97.655            NaN            NaN            NaN            NaN        -3.9318        -1.2756       -0.41367
         2.5783            NaN            NaN            NaN            NaN         47.761         73.455         97.654            NaN            NaN            NaN            NaN        -3.9354        -1.2764       -0.41343
           2.58            NaN            NaN            NaN            NaN         47.741         73.448          97.65            NaN            NaN            NaN            NaN         -3.939        -1.2772       -0.41317
         2.5818            NaN            NaN            NaN            NaN         47.721         73.441         97.644            NaN            NaN            NaN            NaN        -3.9426         -1.278       -0.41291
         2.5835            NaN            NaN            NaN            NaN         47.701         73.434         97.634            NaN            NaN            NaN            NaN        -3.9462        -1.2788       -0.41266
         2.5853            NaN            NaN            NaN            NaN          47.68         73.426         97.623            NaN            NaN            NaN            NaN        -3.9498        -1.2796       -0.41241
          2.587            NaN            NaN            NaN            NaN         47.658         73.418         97.608            NaN            NaN            NaN            NaN        -3.9534        -1.2804       -0.41218
         2.5888            NaN            NaN            NaN            NaN         47.637         73.409         97.591            NaN            NaN            NaN            NaN        -3.9571        -1.2813       -0.41197
         2.5905            NaN            NaN            NaN            NaN         47.615           73.4         97.572            NaN            NaN            NaN            NaN        -3.9607        -1.2821        -0.4118
         2.5923            NaN            NaN            NaN            NaN         47.593         73.392         97.551            NaN            NaN            NaN            NaN        -3.9644         -1.283       -0.41165
          2.594            NaN            NaN            NaN            NaN         47.571         73.383         97.529            NaN            NaN            NaN            NaN         -3.968        -1.2838       -0.41154
         2.5958            NaN            NaN            NaN            NaN         47.549         73.374         97.505            NaN            NaN            NaN            NaN        -3.9717        -1.2847       -0.41148
         2.5975            NaN            NaN            NaN            NaN         47.527         73.365          97.48            NaN            NaN            NaN            NaN        -3.9754        -1.2856       -0.41145
         2.5993            NaN            NaN            NaN            NaN         47.505         73.357         97.455            NaN            NaN            NaN            NaN        -3.9791        -1.2865       -0.41147
         2.6011            NaN            NaN            NaN            NaN         47.483         73.348         97.429            NaN            NaN            NaN            NaN        -3.9828        -1.2874       -0.41153
         2.6028            NaN            NaN            NaN            NaN         47.461          73.34         97.403            NaN            NaN            NaN            NaN        -3.9865        -1.2883       -0.41164
         2.6046            NaN            NaN            NaN            NaN          47.44         73.332         97.378            NaN            NaN            NaN            NaN        -3.9903        -1.2892       -0.41178
         2.6063            NaN            NaN            NaN            NaN         47.418         73.325         97.353            NaN            NaN            NaN            NaN         -3.994        -1.2901       -0.41197
         2.6081            NaN            NaN            NaN            NaN         47.398         73.317         97.329            NaN            NaN            NaN            NaN        -3.9978         -1.291       -0.41219
         2.6098            NaN            NaN            NaN            NaN         47.377         73.311         97.305            NaN            NaN            NaN            NaN        -4.0015         -1.292       -0.41245
         2.6116            NaN            NaN            NaN            NaN         47.357         73.304         97.283            NaN            NaN            NaN            NaN        -4.0053        -1.2929       -0.41273
         2.6133            NaN            NaN            NaN            NaN         47.337         73.298         97.263            NaN            NaN            NaN            NaN         -4.009        -1.2938       -0.41304
         2.6151            NaN            NaN            NaN            NaN         47.317         73.293         97.243            NaN            NaN            NaN            NaN        -4.0128        -1.2948       -0.41338
         2.6168            NaN            NaN            NaN            NaN         47.298         73.287         97.226            NaN            NaN            NaN            NaN        -4.0166        -1.2957       -0.41373
         2.6186            NaN            NaN            NaN            NaN         47.279         73.283         97.209            NaN            NaN            NaN            NaN        -4.0204        -1.2966        -0.4141
         2.6203            NaN            NaN            NaN            NaN         47.261         73.278         97.195            NaN            NaN            NaN            NaN        -4.0241        -1.2976       -0.41447
         2.6221            NaN            NaN            NaN            NaN         47.243         73.274         97.181            NaN            NaN            NaN            NaN        -4.0279        -1.2985       -0.41486
         2.6238            NaN            NaN            NaN            NaN         47.225          73.27         97.169            NaN            NaN            NaN            NaN        -4.0317        -1.2994       -0.41524
         2.6256            NaN            NaN            NaN            NaN         47.207         73.267         97.159            NaN            NaN            NaN            NaN        -4.0355        -1.3004       -0.41563
         2.6273            NaN            NaN            NaN            NaN         47.189         73.263          97.15            NaN            NaN            NaN            NaN        -4.0393        -1.3013       -0.41602
         2.6291            NaN            NaN            NaN            NaN         47.172          73.26         97.142            NaN            NaN            NaN            NaN        -4.0431        -1.3022       -0.41641
         2.6308            NaN            NaN            NaN            NaN         47.155         73.257         97.136            NaN            NaN            NaN            NaN        -4.0469        -1.3031       -0.41679
         2.6326            NaN            NaN            NaN            NaN         47.138         73.254          97.13            NaN            NaN            NaN            NaN        -4.0506        -1.3041       -0.41716
         2.6343            NaN            NaN            NaN            NaN         47.121         73.252         97.126            NaN            NaN            NaN            NaN        -4.0544         -1.305       -0.41752
         2.6361            NaN            NaN            NaN            NaN         47.105         73.249         97.122            NaN            NaN            NaN            NaN        -4.0582        -1.3059       -0.41788
         2.6378            NaN            NaN            NaN            NaN         47.088         73.247          97.12            NaN            NaN            NaN            NaN         -4.062        -1.3068       -0.41823
         2.6396            NaN            NaN            NaN            NaN         47.071         73.245         97.118            NaN            NaN            NaN            NaN        -4.0658        -1.3077       -0.41856
         2.6413            NaN            NaN            NaN            NaN         47.055         73.243         97.117            NaN            NaN            NaN            NaN        -4.0696        -1.3086       -0.41889
         2.6431            NaN            NaN            NaN            NaN         47.039          73.24         97.116            NaN            NaN            NaN            NaN        -4.0733        -1.3095        -0.4192
         2.6448            NaN            NaN            NaN            NaN         47.022         73.238         97.116            NaN            NaN            NaN            NaN        -4.0771        -1.3104        -0.4195
         2.6466            NaN            NaN            NaN            NaN         47.006         73.236         97.117            NaN            NaN            NaN            NaN        -4.0809        -1.3113       -0.41979
         2.6483            NaN            NaN            NaN            NaN          46.99         73.234         97.118            NaN            NaN            NaN            NaN        -4.0847        -1.3121       -0.42006
         2.6501            NaN            NaN            NaN            NaN         46.973         73.232         97.119            NaN            NaN            NaN            NaN        -4.0885         -1.313       -0.42033
         2.6518            NaN            NaN            NaN            NaN         46.957          73.23         97.121            NaN            NaN            NaN            NaN        -4.0923        -1.3139       -0.42058
         2.6536            NaN            NaN            NaN            NaN         46.941         73.228         97.123            NaN            NaN            NaN            NaN         -4.096        -1.3148       -0.42082
         2.6553            NaN            NaN            NaN            NaN         46.924         73.226         97.126            NaN            NaN            NaN            NaN        -4.0998        -1.3157       -0.42105
         2.6571            NaN            NaN            NaN            NaN         46.908         73.224         97.128            NaN            NaN            NaN            NaN        -4.1036        -1.3165       -0.42126
         2.6588            NaN            NaN            NaN            NaN         46.891         73.222         97.131            NaN            NaN            NaN            NaN        -4.1074        -1.3174       -0.42146
         2.6606            NaN            NaN            NaN            NaN         46.875         73.219         97.134            NaN            NaN            NaN            NaN        -4.1112        -1.3183       -0.42165
         2.6623            NaN            NaN            NaN            NaN         46.858         73.217         97.137            NaN            NaN            NaN            NaN         -4.115        -1.3191       -0.42183
         2.6641            NaN            NaN            NaN            NaN         46.842         73.215          97.14            NaN            NaN            NaN            NaN        -4.1188          -1.32       -0.42199
         2.6658            NaN            NaN            NaN            NaN         46.825         73.212         97.143            NaN            NaN            NaN            NaN        -4.1226        -1.3209       -0.42214
         2.6676            NaN            NaN            NaN            NaN         46.808          73.21         97.147            NaN            NaN            NaN            NaN        -4.1263        -1.3217       -0.42227
         2.6693            NaN            NaN            NaN            NaN         46.791         73.207          97.15            NaN            NaN            NaN            NaN        -4.1301        -1.3226       -0.42239
         2.6711            NaN            NaN            NaN            NaN         46.775         73.205         97.152            NaN            NaN            NaN            NaN        -4.1339        -1.3234        -0.4225
         2.6728            NaN            NaN            NaN            NaN         46.757         73.202         97.155            NaN            NaN            NaN            NaN        -4.1377        -1.3243        -0.4226
         2.6746            NaN            NaN            NaN            NaN          46.74         73.199         97.157            NaN            NaN            NaN            NaN        -4.1415        -1.3251       -0.42268
         2.6763            NaN            NaN            NaN            NaN         46.723         73.196         97.159            NaN            NaN            NaN            NaN        -4.1453         -1.326       -0.42275
         2.6781            NaN            NaN            NaN            NaN         46.706         73.193         97.161            NaN            NaN            NaN            NaN        -4.1491        -1.3268        -0.4228
         2.6798            NaN            NaN            NaN            NaN         46.688         73.189         97.162            NaN            NaN            NaN            NaN        -4.1529        -1.3276       -0.42285
         2.6816            NaN            NaN            NaN            NaN          46.67         73.186         97.163            NaN            NaN            NaN            NaN        -4.1567        -1.3285       -0.42288
         2.6833            NaN            NaN            NaN            NaN         46.652         73.182         97.163            NaN            NaN            NaN            NaN        -4.1605        -1.3293       -0.42291
         2.6851            NaN            NaN            NaN            NaN         46.634         73.178         97.162            NaN            NaN            NaN            NaN        -4.1643        -1.3302       -0.42292
         2.6868            NaN            NaN            NaN            NaN         46.616         73.174         97.161            NaN            NaN            NaN            NaN        -4.1681         -1.331       -0.42293
         2.6886            NaN            NaN            NaN            NaN         46.598          73.17         97.159            NaN            NaN            NaN            NaN        -4.1719        -1.3319       -0.42293
         2.6903            NaN            NaN            NaN            NaN         46.579         73.166         97.157            NaN            NaN            NaN            NaN        -4.1758        -1.3327       -0.42292
         2.6921            NaN            NaN            NaN            NaN         46.561         73.161         97.153            NaN            NaN            NaN            NaN        -4.1796        -1.3336       -0.42292
         2.6938            NaN            NaN            NaN            NaN         46.542         73.156         97.149            NaN            NaN            NaN            NaN        -4.1834        -1.3344        -0.4229
         2.6956            NaN            NaN            NaN            NaN         46.523         73.151         97.144            NaN            NaN            NaN            NaN        -4.1872        -1.3352       -0.42289
         2.6973            NaN            NaN            NaN            NaN         46.504         73.146         97.138            NaN            NaN            NaN            NaN        -4.1911        -1.3361       -0.42287
         2.6991            NaN            NaN            NaN            NaN         46.484         73.141         97.131            NaN            NaN            NaN            NaN        -4.1949        -1.3369       -0.42286
         2.7009            NaN            NaN            NaN            NaN         46.465         73.136         97.124            NaN            NaN            NaN            NaN        -4.1988        -1.3378       -0.42285
         2.7026            NaN            NaN            NaN            NaN         46.446          73.13         97.115            NaN            NaN            NaN            NaN        -4.2026        -1.3387       -0.42285
         2.7044            NaN            NaN            NaN            NaN         46.426         73.125         97.106            NaN            NaN            NaN            NaN        -4.2065        -1.3395       -0.42285
         2.7061            NaN            NaN            NaN            NaN         46.406         73.119         97.097            NaN            NaN            NaN            NaN        -4.2103        -1.3404       -0.42285
         2.7079            NaN            NaN            NaN            NaN         46.387         73.113         97.086            NaN            NaN            NaN            NaN        -4.2142        -1.3412       -0.42287
         2.7096            NaN            NaN            NaN            NaN         46.367         73.107         97.075            NaN            NaN            NaN            NaN        -4.2181        -1.3421        -0.4229
         2.7114            NaN            NaN            NaN            NaN         46.347         73.102         97.063            NaN            NaN            NaN            NaN         -4.222         -1.343       -0.42293
         2.7131            NaN            NaN            NaN            NaN         46.327         73.096         97.051            NaN            NaN            NaN            NaN        -4.2258        -1.3439       -0.42298
         2.7149            NaN            NaN            NaN            NaN         46.307          73.09         97.038            NaN            NaN            NaN            NaN        -4.2297        -1.3447       -0.42304
         2.7166            NaN            NaN            NaN            NaN         46.287         73.084         97.025            NaN            NaN            NaN            NaN        -4.2336        -1.3456       -0.42312
         2.7184            NaN            NaN            NaN            NaN         46.268         73.078         97.012            NaN            NaN            NaN            NaN        -4.2375        -1.3465       -0.42321
         2.7201            NaN            NaN            NaN            NaN         46.248         73.072         96.998            NaN            NaN            NaN            NaN        -4.2414        -1.3474       -0.42332
         2.7219            NaN            NaN            NaN            NaN         46.228         73.066         96.985            NaN            NaN            NaN            NaN        -4.2454        -1.3483       -0.42344
         2.7236            NaN            NaN            NaN            NaN         46.208         73.061         96.971            NaN            NaN            NaN            NaN        -4.2493        -1.3492       -0.42358
         2.7254            NaN            NaN            NaN            NaN         46.189         73.055         96.957            NaN            NaN            NaN            NaN        -4.2532        -1.3501       -0.42374
         2.7271            NaN            NaN            NaN            NaN          46.17          73.05         96.944            NaN            NaN            NaN            NaN        -4.2572         -1.351       -0.42391
         2.7289            NaN            NaN            NaN            NaN          46.15         73.045         96.931            NaN            NaN            NaN            NaN        -4.2611        -1.3519        -0.4241
         2.7306            NaN            NaN            NaN            NaN         46.131          73.04         96.918            NaN            NaN            NaN            NaN         -4.265        -1.3528        -0.4243
         2.7324            NaN            NaN            NaN            NaN         46.112         73.035         96.906            NaN            NaN            NaN            NaN         -4.269        -1.3537       -0.42452
         2.7341            NaN            NaN            NaN            NaN         46.093          73.03         96.895            NaN            NaN            NaN            NaN         -4.273        -1.3546       -0.42475
         2.7359            NaN            NaN            NaN            NaN         46.075         73.026         96.884            NaN            NaN            NaN            NaN        -4.2769        -1.3556         -0.425
         2.7376            NaN            NaN            NaN            NaN         46.056         73.022         96.874            NaN            NaN            NaN            NaN        -4.2809        -1.3565       -0.42525
         2.7394            NaN            NaN            NaN            NaN         46.038         73.018         96.865            NaN            NaN            NaN            NaN        -4.2848        -1.3574       -0.42551
         2.7411            NaN            NaN            NaN            NaN          46.02         73.014         96.857            NaN            NaN            NaN            NaN        -4.2888        -1.3583       -0.42578
         2.7429            NaN            NaN            NaN            NaN         46.003         73.011          96.85            NaN            NaN            NaN            NaN        -4.2928        -1.3592       -0.42605
         2.7446            NaN            NaN            NaN            NaN         45.985         73.007         96.845            NaN            NaN            NaN            NaN        -4.2968        -1.3601       -0.42631
         2.7464            NaN            NaN            NaN            NaN         45.967         73.004          96.84            NaN            NaN            NaN            NaN        -4.3007         -1.361       -0.42658
         2.7481            NaN            NaN            NaN            NaN          45.95         73.002         96.836            NaN            NaN            NaN            NaN        -4.3047        -1.3619       -0.42683
         2.7499            NaN            NaN            NaN            NaN         45.933         72.999         96.833            NaN            NaN            NaN            NaN        -4.3087        -1.3628       -0.42708
         2.7516            NaN            NaN            NaN            NaN         45.916         72.996         96.831            NaN            NaN            NaN            NaN        -4.3127        -1.3637       -0.42732
         2.7534            NaN            NaN            NaN            NaN         45.899         72.994         96.829            NaN            NaN            NaN            NaN        -4.3166        -1.3646       -0.42754
         2.7551            NaN            NaN            NaN            NaN         45.882         72.992         96.829            NaN            NaN            NaN            NaN        -4.3206        -1.3655       -0.42774
         2.7569            NaN            NaN            NaN            NaN         45.864         72.989         96.828            NaN            NaN            NaN            NaN        -4.3246        -1.3664       -0.42793
         2.7586            NaN            NaN            NaN            NaN         45.847         72.987         96.828            NaN            NaN            NaN            NaN        -4.3285        -1.3673        -0.4281
         2.7604            NaN            NaN            NaN            NaN          45.83         72.984         96.828            NaN            NaN            NaN            NaN        -4.3325        -1.3682       -0.42825
         2.7621            NaN            NaN            NaN            NaN         45.812         72.981         96.828            NaN            NaN            NaN            NaN        -4.3365         -1.369       -0.42837
         2.7639            NaN            NaN            NaN            NaN         45.795         72.979         96.828            NaN            NaN            NaN            NaN        -4.3405        -1.3699       -0.42848
         2.7656            NaN            NaN            NaN            NaN         45.777         72.975         96.827            NaN            NaN            NaN            NaN        -4.3444        -1.3708       -0.42857
         2.7674            NaN            NaN            NaN            NaN         45.759         72.972         96.825            NaN            NaN            NaN            NaN        -4.3484        -1.3716       -0.42864
         2.7691            NaN            NaN            NaN            NaN         45.741         72.969         96.823            NaN            NaN            NaN            NaN        -4.3524        -1.3725        -0.4287
         2.7709            NaN            NaN            NaN            NaN         45.722         72.965          96.82            NaN            NaN            NaN            NaN        -4.3564        -1.3734       -0.42875
         2.7726            NaN            NaN            NaN            NaN         45.704         72.961         96.815            NaN            NaN            NaN            NaN        -4.3604        -1.3742       -0.42878
         2.7744            NaN            NaN            NaN            NaN         45.685         72.956          96.81            NaN            NaN            NaN            NaN        -4.3644        -1.3751       -0.42882
         2.7761            NaN            NaN            NaN            NaN         45.666         72.952         96.803            NaN            NaN            NaN            NaN        -4.3684        -1.3759       -0.42885
         2.7779            NaN            NaN            NaN            NaN         45.646         72.947         96.795            NaN            NaN            NaN            NaN        -4.3724        -1.3768       -0.42889
         2.7796            NaN            NaN            NaN            NaN         45.627         72.942         96.786            NaN            NaN            NaN            NaN        -4.3764        -1.3777       -0.42893
         2.7814            NaN            NaN            NaN            NaN         45.607         72.936         96.776            NaN            NaN            NaN            NaN        -4.3804        -1.3786       -0.42898
         2.7831            NaN            NaN            NaN            NaN         45.588         72.931         96.765            NaN            NaN            NaN            NaN        -4.3844        -1.3794       -0.42905
         2.7849            NaN            NaN            NaN            NaN         45.568         72.925         96.753            NaN            NaN            NaN            NaN        -4.3885        -1.3803       -0.42913
         2.7866            NaN            NaN            NaN            NaN         45.548          72.92          96.74            NaN            NaN            NaN            NaN        -4.3925        -1.3812       -0.42924
         2.7884            NaN            NaN            NaN            NaN         45.528         72.914         96.727            NaN            NaN            NaN            NaN        -4.3966        -1.3821       -0.42937
         2.7901            NaN            NaN            NaN            NaN         45.509         72.909         96.714            NaN            NaN            NaN            NaN        -4.4006         -1.383       -0.42952
         2.7919            NaN            NaN            NaN            NaN         45.489         72.904           96.7            NaN            NaN            NaN            NaN        -4.4047        -1.3839       -0.42969
         2.7936            NaN            NaN            NaN            NaN          45.47         72.899         96.687            NaN            NaN            NaN            NaN        -4.4088        -1.3849       -0.42989
         2.7954            NaN            NaN            NaN            NaN         45.451         72.894         96.674            NaN            NaN            NaN            NaN        -4.4129        -1.3858       -0.43012
         2.7971            NaN            NaN            NaN            NaN         45.432         72.889         96.662            NaN            NaN            NaN            NaN        -4.4169        -1.3867       -0.43036
         2.7989            NaN            NaN            NaN            NaN         45.414         72.885         96.651            NaN            NaN            NaN            NaN         -4.421        -1.3876       -0.43063
         2.8007            NaN            NaN            NaN            NaN         45.395         72.881         96.641            NaN            NaN            NaN            NaN        -4.4251        -1.3886       -0.43092
         2.8024            NaN            NaN            NaN            NaN         45.377         72.877         96.631            NaN            NaN            NaN            NaN        -4.4293        -1.3895       -0.43122
         2.8042            NaN            NaN            NaN            NaN          45.36         72.874         96.624            NaN            NaN            NaN            NaN        -4.4334        -1.3904       -0.43153
         2.8059            NaN            NaN            NaN            NaN         45.342         72.871         96.617            NaN            NaN            NaN            NaN        -4.4375        -1.3914       -0.43185
         2.8077            NaN            NaN            NaN            NaN         45.325         72.868         96.612            NaN            NaN            NaN            NaN        -4.4416        -1.3923       -0.43218
         2.8094            NaN            NaN            NaN            NaN         45.308         72.866         96.609            NaN            NaN            NaN            NaN        -4.4457        -1.3932        -0.4325
         2.8112            NaN            NaN            NaN            NaN         45.292         72.864         96.607            NaN            NaN            NaN            NaN        -4.4498        -1.3941       -0.43282
         2.8129            NaN            NaN            NaN            NaN         45.275         72.863         96.607            NaN            NaN            NaN            NaN        -4.4539        -1.3951       -0.43313
         2.8147            NaN            NaN            NaN            NaN         45.259         72.861         96.608            NaN            NaN            NaN            NaN         -4.458         -1.396       -0.43343
         2.8164            NaN            NaN            NaN            NaN         45.243          72.86          96.61            NaN            NaN            NaN            NaN        -4.4621        -1.3969       -0.43371
         2.8182            NaN            NaN            NaN            NaN         45.227         72.859         96.613            NaN            NaN            NaN            NaN        -4.4663        -1.3978       -0.43398
         2.8199            NaN            NaN            NaN            NaN         45.211         72.858         96.618            NaN            NaN            NaN            NaN        -4.4704        -1.3987       -0.43421
         2.8217            NaN            NaN            NaN            NaN         45.195         72.857         96.623            NaN            NaN            NaN            NaN        -4.4745        -1.3996       -0.43443
         2.8234            NaN            NaN            NaN            NaN         45.179         72.856         96.629            NaN            NaN            NaN            NaN        -4.4786        -1.4005       -0.43461
         2.8252            NaN            NaN            NaN            NaN         45.163         72.855         96.635            NaN            NaN            NaN            NaN        -4.4827        -1.4013       -0.43477
         2.8269            NaN            NaN            NaN            NaN         45.146         72.854         96.641            NaN            NaN            NaN            NaN        -4.4868        -1.4022        -0.4349
         2.8287            NaN            NaN            NaN            NaN          45.13         72.853         96.647            NaN            NaN            NaN            NaN        -4.4909        -1.4031         -0.435
         2.8304            NaN            NaN            NaN            NaN         45.113         72.851         96.653            NaN            NaN            NaN            NaN         -4.495        -1.4039       -0.43506
         2.8322            NaN            NaN            NaN            NaN         45.096          72.85         96.659            NaN            NaN            NaN            NaN        -4.4991        -1.4048        -0.4351
         2.8339            NaN            NaN            NaN            NaN         45.079         72.848         96.663            NaN            NaN            NaN            NaN        -4.5032        -1.4056       -0.43511
         2.8357            NaN            NaN            NaN            NaN         45.061         72.845         96.667            NaN            NaN            NaN            NaN        -4.5073        -1.4065        -0.4351
         2.8374            NaN            NaN            NaN            NaN         45.043         72.843         96.669            NaN            NaN            NaN            NaN        -4.5114        -1.4073       -0.43507
         2.8392            NaN            NaN            NaN            NaN         45.025          72.84         96.671            NaN            NaN            NaN            NaN        -4.5155        -1.4082       -0.43501
         2.8409            NaN            NaN            NaN            NaN         45.006         72.836          96.67            NaN            NaN            NaN            NaN        -4.5196         -1.409       -0.43494
         2.8427            NaN            NaN            NaN            NaN         44.987         72.832         96.669            NaN            NaN            NaN            NaN        -4.5237        -1.4098       -0.43486
         2.8444            NaN            NaN            NaN            NaN         44.968         72.828         96.665            NaN            NaN            NaN            NaN        -4.5278        -1.4107       -0.43477
         2.8462            NaN            NaN            NaN            NaN         44.948         72.824          96.66            NaN            NaN            NaN            NaN         -4.532        -1.4115       -0.43468
         2.8479            NaN            NaN            NaN            NaN         44.928         72.819         96.654            NaN            NaN            NaN            NaN        -4.5361        -1.4124       -0.43458
         2.8497            NaN            NaN            NaN            NaN         44.908         72.813         96.646            NaN            NaN            NaN            NaN        -4.5402        -1.4132       -0.43449
         2.8514            NaN            NaN            NaN            NaN         44.888         72.808         96.636            NaN            NaN            NaN            NaN        -4.5444        -1.4141       -0.43441
         2.8532            NaN            NaN            NaN            NaN         44.867         72.802         96.624            NaN            NaN            NaN            NaN        -4.5486        -1.4149       -0.43433
         2.8549            NaN            NaN            NaN            NaN         44.847         72.796         96.612            NaN            NaN            NaN            NaN        -4.5527        -1.4158       -0.43428
         2.8567            NaN            NaN            NaN            NaN         44.826          72.79         96.598            NaN            NaN            NaN            NaN        -4.5569        -1.4167       -0.43424
         2.8584            NaN            NaN            NaN            NaN         44.805         72.783         96.582            NaN            NaN            NaN            NaN        -4.5611        -1.4175       -0.43422
         2.8602            NaN            NaN            NaN            NaN         44.784         72.777         96.566            NaN            NaN            NaN            NaN        -4.5653        -1.4184       -0.43423
         2.8619            NaN            NaN            NaN            NaN         44.763          72.77         96.549            NaN            NaN            NaN            NaN        -4.5695        -1.4193       -0.43426
         2.8637            NaN            NaN            NaN            NaN         44.743         72.764         96.532            NaN            NaN            NaN            NaN        -4.5737        -1.4202       -0.43431
         2.8654            NaN            NaN            NaN            NaN         44.722         72.757         96.514            NaN            NaN            NaN            NaN         -4.578        -1.4211        -0.4344
         2.8672            NaN            NaN            NaN            NaN         44.701         72.751         96.496            NaN            NaN            NaN            NaN        -4.5822         -1.422       -0.43451
         2.8689            NaN            NaN            NaN            NaN         44.681         72.745         96.478            NaN            NaN            NaN            NaN        -4.5865        -1.4229       -0.43465
         2.8707            NaN            NaN            NaN            NaN         44.661         72.738          96.46            NaN            NaN            NaN            NaN        -4.5907        -1.4238       -0.43482
         2.8724            NaN            NaN            NaN            NaN         44.641         72.732         96.442            NaN            NaN            NaN            NaN         -4.595        -1.4248       -0.43501
         2.8742            NaN            NaN            NaN            NaN         44.621         72.727         96.425            NaN            NaN            NaN            NaN        -4.5993        -1.4257       -0.43523
         2.8759            NaN            NaN            NaN            NaN         44.602         72.721         96.409            NaN            NaN            NaN            NaN        -4.6035        -1.4266       -0.43547
         2.8777            NaN            NaN            NaN            NaN         44.582         72.716         96.393            NaN            NaN            NaN            NaN        -4.6078        -1.4276       -0.43573
         2.8794            NaN            NaN            NaN            NaN         44.563         72.711         96.379            NaN            NaN            NaN            NaN        -4.6121        -1.4285       -0.43601
         2.8812            NaN            NaN            NaN            NaN         44.545         72.706         96.365            NaN            NaN            NaN            NaN        -4.6164        -1.4295       -0.43631
         2.8829            NaN            NaN            NaN            NaN         44.526         72.702         96.353            NaN            NaN            NaN            NaN        -4.6207        -1.4304       -0.43662
         2.8847            NaN            NaN            NaN            NaN         44.508         72.698         96.342            NaN            NaN            NaN            NaN         -4.625        -1.4314       -0.43694
         2.8864            NaN            NaN            NaN            NaN         44.491         72.695         96.332            NaN            NaN            NaN            NaN        -4.6293        -1.4323       -0.43727
         2.8882            NaN            NaN            NaN            NaN         44.473         72.691         96.323            NaN            NaN            NaN            NaN        -4.6336        -1.4333       -0.43761
         2.8899            NaN            NaN            NaN            NaN         44.456         72.688         96.315            NaN            NaN            NaN            NaN         -4.638        -1.4342       -0.43794
         2.8917            NaN            NaN            NaN            NaN         44.439         72.685         96.309            NaN            NaN            NaN            NaN        -4.6423        -1.4351       -0.43828
         2.8934            NaN            NaN            NaN            NaN         44.422         72.683         96.304            NaN            NaN            NaN            NaN        -4.6466        -1.4361       -0.43861
         2.8952            NaN            NaN            NaN            NaN         44.405          72.68           96.3            NaN            NaN            NaN            NaN        -4.6509         -1.437       -0.43893
         2.8969            NaN            NaN            NaN            NaN         44.388         72.678         96.297            NaN            NaN            NaN            NaN        -4.6552         -1.438       -0.43925
         2.8987            NaN            NaN            NaN            NaN         44.372         72.676         96.295            NaN            NaN            NaN            NaN        -4.6596        -1.4389       -0.43956
         2.9005            NaN            NaN            NaN            NaN         44.355         72.674         96.294            NaN            NaN            NaN            NaN        -4.6639        -1.4398       -0.43985
         2.9022            NaN            NaN            NaN            NaN         44.339         72.673         96.293            NaN            NaN            NaN            NaN        -4.6682        -1.4408       -0.44013
          2.904            NaN            NaN            NaN            NaN         44.322         72.671         96.294            NaN            NaN            NaN            NaN        -4.6725        -1.4417        -0.4404
         2.9057            NaN            NaN            NaN            NaN         44.306          72.67         96.294            NaN            NaN            NaN            NaN        -4.6768        -1.4426       -0.44065
         2.9075            NaN            NaN            NaN            NaN          44.29         72.668         96.295            NaN            NaN            NaN            NaN        -4.6812        -1.4435       -0.44088
         2.9092            NaN            NaN            NaN            NaN         44.273         72.666         96.296            NaN            NaN            NaN            NaN        -4.6855        -1.4444        -0.4411
          2.911            NaN            NaN            NaN            NaN         44.257         72.665         96.298            NaN            NaN            NaN            NaN        -4.6898        -1.4453       -0.44131
         2.9127            NaN            NaN            NaN            NaN          44.24         72.663         96.299            NaN            NaN            NaN            NaN        -4.6941        -1.4462       -0.44149
         2.9145            NaN            NaN            NaN            NaN         44.223         72.661           96.3            NaN            NaN            NaN            NaN        -4.6985        -1.4471       -0.44167
         2.9162            NaN            NaN            NaN            NaN         44.206         72.659         96.302            NaN            NaN            NaN            NaN        -4.7028         -1.448       -0.44183
          2.918            NaN            NaN            NaN            NaN         44.189         72.657         96.302            NaN            NaN            NaN            NaN        -4.7071        -1.4489       -0.44198
         2.9197            NaN            NaN            NaN            NaN         44.172         72.655         96.303            NaN            NaN            NaN            NaN        -4.7115        -1.4498       -0.44212
         2.9215            NaN            NaN            NaN            NaN         44.155         72.653         96.303            NaN            NaN            NaN            NaN        -4.7158        -1.4507       -0.44225
         2.9232            NaN            NaN            NaN            NaN         44.138         72.651         96.303            NaN            NaN            NaN            NaN        -4.7202        -1.4516       -0.44237
          2.925            NaN            NaN            NaN            NaN          44.12         72.648         96.302            NaN            NaN            NaN            NaN        -4.7245        -1.4525       -0.44249
         2.9267            NaN            NaN            NaN            NaN         44.103         72.646         96.301            NaN            NaN            NaN            NaN        -4.7289        -1.4534       -0.44261
         2.9285            NaN            NaN            NaN            NaN         44.085         72.643           96.3            NaN            NaN            NaN            NaN        -4.7333        -1.4543       -0.44272
         2.9302            NaN            NaN            NaN            NaN         44.068          72.64         96.298            NaN            NaN            NaN            NaN        -4.7376        -1.4552       -0.44283
          2.932            NaN            NaN            NaN            NaN          44.05         72.638         96.295            NaN            NaN            NaN            NaN         -4.742        -1.4561       -0.44294
         2.9337            NaN            NaN            NaN            NaN         44.032         72.635         96.293            NaN            NaN            NaN            NaN        -4.7464         -1.457       -0.44305
         2.9355            NaN            NaN            NaN            NaN         44.015         72.632          96.29            NaN            NaN            NaN            NaN        -4.7508        -1.4578       -0.44317
         2.9372            NaN            NaN            NaN            NaN         43.997         72.629         96.288            NaN            NaN            NaN            NaN        -4.7552        -1.4587       -0.44329
          2.939            NaN            NaN            NaN            NaN         43.979         72.626         96.285            NaN            NaN            NaN            NaN        -4.7596        -1.4596       -0.44341
         2.9407            NaN            NaN            NaN            NaN         43.961         72.623         96.282            NaN            NaN            NaN            NaN         -4.764        -1.4605       -0.44353
         2.9425            NaN            NaN            NaN            NaN         43.944         72.621         96.279            NaN            NaN            NaN            NaN        -4.7684        -1.4614       -0.44365
         2.9442            NaN            NaN            NaN            NaN         43.926         72.618         96.277            NaN            NaN            NaN            NaN        -4.7728        -1.4623       -0.44377
          2.946            NaN            NaN            NaN            NaN         43.909         72.615         96.274            NaN            NaN            NaN            NaN        -4.7772        -1.4632        -0.4439
         2.9477            NaN            NaN            NaN            NaN         43.891         72.612         96.272            NaN            NaN            NaN            NaN        -4.7816        -1.4641       -0.44402
         2.9495            NaN            NaN            NaN            NaN         43.874          72.61          96.27            NaN            NaN            NaN            NaN         -4.786         -1.465       -0.44414
         2.9512            NaN            NaN            NaN            NaN         43.856         72.607         96.268            NaN            NaN            NaN            NaN        -4.7905        -1.4659       -0.44426
          2.953            NaN            NaN            NaN            NaN         43.839         72.604         96.266            NaN            NaN            NaN            NaN        -4.7949        -1.4668       -0.44437
         2.9547            NaN            NaN            NaN            NaN         43.821         72.602         96.265            NaN            NaN            NaN            NaN        -4.7993        -1.4677       -0.44448
         2.9565            NaN            NaN            NaN            NaN         43.804         72.599         96.264            NaN            NaN            NaN            NaN        -4.8038        -1.4686       -0.44458
         2.9582            NaN            NaN            NaN            NaN         43.786         72.597         96.263            NaN            NaN            NaN            NaN        -4.8082        -1.4695       -0.44467
           2.96            NaN            NaN            NaN            NaN         43.769         72.594         96.262            NaN            NaN            NaN            NaN        -4.8127        -1.4704       -0.44475
         2.9617            NaN            NaN            NaN            NaN         43.751         72.591         96.261            NaN            NaN            NaN            NaN        -4.8171        -1.4713       -0.44482
         2.9635            NaN            NaN            NaN            NaN         43.733         72.589         96.259            NaN            NaN            NaN            NaN        -4.8216        -1.4722       -0.44487
         2.9652            NaN            NaN            NaN            NaN         43.715         72.586         96.258            NaN            NaN            NaN            NaN         -4.826        -1.4731       -0.44492
          2.967            NaN            NaN            NaN            NaN         43.697         72.583         96.256            NaN            NaN            NaN            NaN        -4.8305        -1.4739       -0.44495
         2.9687            NaN            NaN            NaN            NaN         43.679          72.58         96.253            NaN            NaN            NaN            NaN        -4.8349        -1.4748       -0.44498
         2.9705            NaN            NaN            NaN            NaN         43.661         72.577          96.25            NaN            NaN            NaN            NaN        -4.8394        -1.4757       -0.44499
         2.9722            NaN            NaN            NaN            NaN         43.643         72.573         96.247            NaN            NaN            NaN            NaN        -4.8439        -1.4766       -0.44499
          2.974            NaN            NaN            NaN            NaN         43.624          72.57         96.242            NaN            NaN            NaN            NaN        -4.8484        -1.4775       -0.44499
         2.9757            NaN            NaN            NaN            NaN         43.605         72.566         96.237            NaN            NaN            NaN            NaN        -4.8529        -1.4783       -0.44498
         2.9775            NaN            NaN            NaN            NaN         43.586         72.562         96.231            NaN            NaN            NaN            NaN        -4.8573        -1.4792       -0.44497
         2.9792            NaN            NaN            NaN            NaN         43.567         72.558         96.223            NaN            NaN            NaN            NaN        -4.8618        -1.4801       -0.44495
          2.981            NaN            NaN            NaN            NaN         43.548         72.553         96.215            NaN            NaN            NaN            NaN        -4.8664         -1.481       -0.44494
         2.9827            NaN            NaN            NaN            NaN         43.528         72.549         96.206            NaN            NaN            NaN            NaN        -4.8709        -1.4819       -0.44493
         2.9845            NaN            NaN            NaN            NaN         43.509         72.544         96.196            NaN            NaN            NaN            NaN        -4.8754        -1.4828       -0.44493
         2.9862            NaN            NaN            NaN            NaN         43.489         72.539         96.184            NaN            NaN            NaN            NaN        -4.8799        -1.4836       -0.44494
          2.988            NaN            NaN            NaN            NaN         43.469         72.534         96.172            NaN            NaN            NaN            NaN        -4.8845        -1.4845       -0.44495
         2.9897            NaN            NaN            NaN            NaN          43.45         72.529         96.159            NaN            NaN            NaN            NaN         -4.889        -1.4854       -0.44499
         2.9915            NaN            NaN            NaN            NaN          43.43         72.524         96.146            NaN            NaN            NaN            NaN        -4.8936        -1.4863       -0.44504
         2.9932            NaN            NaN            NaN            NaN          43.41         72.519         96.131            NaN            NaN            NaN            NaN        -4.8982        -1.4872        -0.4451
          2.995            NaN            NaN            NaN            NaN          43.39         72.514         96.117            NaN            NaN            NaN            NaN        -4.9027        -1.4882       -0.44519
         2.9967            NaN            NaN            NaN            NaN         43.371         72.509         96.102            NaN            NaN            NaN            NaN        -4.9073        -1.4891       -0.44529
         2.9985            NaN            NaN            NaN            NaN         43.351         72.503         96.086            NaN            NaN            NaN            NaN        -4.9119          -1.49       -0.44542
         3.0003            NaN            NaN            NaN            NaN         43.332         72.498         96.071            NaN            NaN            NaN            NaN        -4.9165        -1.4909       -0.44557
          3.002            NaN            NaN            NaN            NaN         43.313         72.493         96.056            NaN            NaN            NaN            NaN        -4.9212        -1.4918       -0.44574
         3.0038            NaN            NaN            NaN            NaN         43.294         72.488         96.041            NaN            NaN            NaN            NaN        -4.9258        -1.4928       -0.44593
         3.0055            NaN            NaN            NaN            NaN         43.275         72.484         96.027            NaN            NaN            NaN            NaN        -4.9304        -1.4937       -0.44614
         3.0073            NaN            NaN            NaN            NaN         43.257         72.479         96.013            NaN            NaN            NaN            NaN        -4.9351        -1.4947       -0.44637
          3.009            NaN            NaN            NaN            NaN         43.239         72.475             96            NaN            NaN            NaN            NaN        -4.9397        -1.4956       -0.44661
         3.0108            NaN            NaN            NaN            NaN         43.221          72.47         95.988            NaN            NaN            NaN            NaN        -4.9444        -1.4965       -0.44687
         3.0125            NaN            NaN            NaN            NaN         43.203         72.467         95.976            NaN            NaN            NaN            NaN         -4.949        -1.4975       -0.44714
         3.0143            NaN            NaN            NaN            NaN         43.186         72.463         95.966            NaN            NaN            NaN            NaN        -4.9537        -1.4984       -0.44742
          3.016            NaN            NaN            NaN            NaN         43.168         72.459         95.956            NaN            NaN            NaN            NaN        -4.9584        -1.4994       -0.44771
         3.0178            NaN            NaN            NaN            NaN         43.152         72.456         95.948            NaN            NaN            NaN            NaN         -4.963        -1.5003       -0.44801
         3.0195            NaN            NaN            NaN            NaN         43.135         72.453          95.94            NaN            NaN            NaN            NaN        -4.9677        -1.5013        -0.4483
         3.0213            NaN            NaN            NaN            NaN         43.118          72.45         95.934            NaN            NaN            NaN            NaN        -4.9724        -1.5022        -0.4486
          3.023            NaN            NaN            NaN            NaN         43.102         72.448         95.928            NaN            NaN            NaN            NaN        -4.9771        -1.5032        -0.4489
         3.0248            NaN            NaN            NaN            NaN         43.086         72.445         95.924            NaN            NaN            NaN            NaN        -4.9818        -1.5041       -0.44919
         3.0265            NaN            NaN            NaN            NaN         43.069         72.443          95.92            NaN            NaN            NaN            NaN        -4.9865        -1.5051       -0.44947
         3.0283            NaN            NaN            NaN            NaN         43.053         72.441         95.917            NaN            NaN            NaN            NaN        -4.9912         -1.506       -0.44975
           3.03            NaN            NaN            NaN            NaN         43.038         72.438         95.915            NaN            NaN            NaN            NaN        -4.9959        -1.5069       -0.45002
         3.0318            NaN            NaN            NaN            NaN         43.022         72.436         95.914            NaN            NaN            NaN            NaN        -5.0006        -1.5079       -0.45028
         3.0335            NaN            NaN            NaN            NaN         43.006         72.435         95.913            NaN            NaN            NaN            NaN        -5.0053        -1.5088       -0.45052
         3.0353            NaN            NaN            NaN            NaN          42.99         72.433         95.912            NaN            NaN            NaN            NaN          -5.01        -1.5097       -0.45075
          3.037            NaN            NaN            NaN            NaN         42.974         72.431         95.912            NaN            NaN            NaN            NaN        -5.0147        -1.5107       -0.45098
         3.0388            NaN            NaN            NaN            NaN         42.958         72.429         95.912            NaN            NaN            NaN            NaN        -5.0194        -1.5116       -0.45118
         3.0405            NaN            NaN            NaN            NaN         42.942         72.427         95.912            NaN            NaN            NaN            NaN        -5.0241        -1.5125       -0.45138
         3.0423            NaN            NaN            NaN            NaN         42.926         72.425         95.912            NaN            NaN            NaN            NaN        -5.0288        -1.5134       -0.45156
          3.044            NaN            NaN            NaN            NaN          42.91         72.423         95.912            NaN            NaN            NaN            NaN        -5.0335        -1.5143       -0.45174
         3.0458            NaN            NaN            NaN            NaN         42.894         72.421         95.913            NaN            NaN            NaN            NaN        -5.0383        -1.5153        -0.4519
         3.0475            NaN            NaN            NaN            NaN         42.878         72.419         95.913            NaN            NaN            NaN            NaN         -5.043        -1.5162       -0.45205
         3.0493            NaN            NaN            NaN            NaN         42.862         72.417         95.912            NaN            NaN            NaN            NaN        -5.0477        -1.5171       -0.45219
          3.051            NaN            NaN            NaN            NaN         42.845         72.415         95.912            NaN            NaN            NaN            NaN        -5.0525         -1.518       -0.45232
         3.0528            NaN            NaN            NaN            NaN         42.829         72.413         95.911            NaN            NaN            NaN            NaN        -5.0572        -1.5189       -0.45245
         3.0545            NaN            NaN            NaN            NaN         42.813          72.41          95.91            NaN            NaN            NaN            NaN         -5.062        -1.5198       -0.45257
         3.0563            NaN            NaN            NaN            NaN         42.796         72.408         95.909            NaN            NaN            NaN            NaN        -5.0667        -1.5207       -0.45268
          3.058            NaN            NaN            NaN            NaN         42.779         72.406         95.908            NaN            NaN            NaN            NaN        -5.0715        -1.5216       -0.45279
         3.0598            NaN            NaN            NaN            NaN         42.763         72.403         95.906            NaN            NaN            NaN            NaN        -5.0763        -1.5225       -0.45289
         3.0615            NaN            NaN            NaN            NaN         42.746           72.4         95.904            NaN            NaN            NaN            NaN         -5.081        -1.5235       -0.45299
         3.0633            NaN            NaN            NaN            NaN         42.729         72.398         95.901            NaN            NaN            NaN            NaN        -5.0858        -1.5244       -0.45309
          3.065            NaN            NaN            NaN            NaN         42.712         72.395         95.898            NaN            NaN            NaN            NaN        -5.0906        -1.5253       -0.45318
         3.0668            NaN            NaN            NaN            NaN         42.695         72.392         95.895            NaN            NaN            NaN            NaN        -5.0954        -1.5262       -0.45328
         3.0685            NaN            NaN            NaN            NaN         42.678         72.389         95.892            NaN            NaN            NaN            NaN        -5.1002        -1.5271       -0.45337
         3.0703            NaN            NaN            NaN            NaN         42.661         72.386         95.888            NaN            NaN            NaN            NaN         -5.105         -1.528       -0.45346
          3.072            NaN            NaN            NaN            NaN         42.644         72.384         95.884            NaN            NaN            NaN            NaN        -5.1098        -1.5289       -0.45355
         3.0738            NaN            NaN            NaN            NaN         42.627         72.381          95.88            NaN            NaN            NaN            NaN        -5.1147        -1.5298       -0.45364
         3.0755            NaN            NaN            NaN            NaN          42.61         72.378         95.876            NaN            NaN            NaN            NaN        -5.1195        -1.5307       -0.45373
         3.0773            NaN            NaN            NaN            NaN         42.593         72.374         95.871            NaN            NaN            NaN            NaN        -5.1243        -1.5317       -0.45382
          3.079            NaN            NaN            NaN            NaN         42.576         72.371         95.866            NaN            NaN            NaN            NaN        -5.1292        -1.5326       -0.45391
         3.0808            NaN            NaN            NaN            NaN         42.559         72.368         95.861            NaN            NaN            NaN            NaN         -5.134        -1.5335         -0.454
         3.0825            NaN            NaN            NaN            NaN         42.542         72.365         95.855            NaN            NaN            NaN            NaN        -5.1389        -1.5344       -0.45409
         3.0843            NaN            NaN            NaN            NaN         42.525         72.362          95.85            NaN            NaN            NaN            NaN        -5.1437        -1.5353       -0.45419
          3.086            NaN            NaN            NaN            NaN         42.508         72.359         95.844            NaN            NaN            NaN            NaN        -5.1486        -1.5362       -0.45428
         3.0878            NaN            NaN            NaN            NaN         42.491         72.355         95.838            NaN            NaN            NaN            NaN        -5.1535        -1.5371       -0.45438
         3.0895            NaN            NaN            NaN            NaN         42.474         72.352         95.831            NaN            NaN            NaN            NaN        -5.1584        -1.5381       -0.45448
         3.0913            NaN            NaN            NaN            NaN         42.457         72.349         95.825            NaN            NaN            NaN            NaN        -5.1633         -1.539       -0.45459
          3.093            NaN            NaN            NaN            NaN         42.439         72.345         95.818            NaN            NaN            NaN            NaN        -5.1682        -1.5399       -0.45469
         3.0948            NaN            NaN            NaN            NaN         42.422         72.342         95.811            NaN            NaN            NaN            NaN        -5.1731        -1.5408        -0.4548
         3.0965            NaN            NaN            NaN            NaN         42.405         72.339         95.804            NaN            NaN            NaN            NaN         -5.178        -1.5417       -0.45492
         3.0983            NaN            NaN            NaN            NaN         42.388         72.335         95.796            NaN            NaN            NaN            NaN        -5.1829        -1.5427       -0.45504
         3.1001            NaN            NaN            NaN            NaN         42.371         72.332         95.789            NaN            NaN            NaN            NaN        -5.1879        -1.5436       -0.45516
         3.1018            NaN            NaN            NaN            NaN         42.355         72.328         95.781            NaN            NaN            NaN            NaN        -5.1928        -1.5445       -0.45529
         3.1036            NaN            NaN            NaN            NaN         42.338         72.325         95.774            NaN            NaN            NaN            NaN        -5.1978        -1.5454       -0.45543
         3.1053            NaN            NaN            NaN            NaN         42.321         72.322         95.766            NaN            NaN            NaN            NaN        -5.2027        -1.5464       -0.45557
         3.1071            NaN            NaN            NaN            NaN         42.304         72.318         95.759            NaN            NaN            NaN            NaN        -5.2077        -1.5473       -0.45572
         3.1088            NaN            NaN            NaN            NaN         42.288         72.315         95.751            NaN            NaN            NaN            NaN        -5.2127        -1.5482       -0.45587
         3.1106            NaN            NaN            NaN            NaN         42.271         72.312         95.744            NaN            NaN            NaN            NaN        -5.2177        -1.5492       -0.45603
         3.1123            NaN            NaN            NaN            NaN         42.255         72.309         95.737            NaN            NaN            NaN            NaN        -5.2226        -1.5501       -0.45619
         3.1141            NaN            NaN            NaN            NaN         42.239         72.306          95.73            NaN            NaN            NaN            NaN        -5.2276         -1.551       -0.45636
         3.1158            NaN            NaN            NaN            NaN         42.222         72.302         95.723            NaN            NaN            NaN            NaN        -5.2326         -1.552       -0.45653
         3.1176            NaN            NaN            NaN            NaN         42.206         72.299         95.716            NaN            NaN            NaN            NaN        -5.2377        -1.5529       -0.45671
         3.1193            NaN            NaN            NaN            NaN          42.19         72.296          95.71            NaN            NaN            NaN            NaN        -5.2427        -1.5538       -0.45689
         3.1211            NaN            NaN            NaN            NaN         42.174         72.293         95.703            NaN            NaN            NaN            NaN        -5.2477        -1.5548       -0.45707
         3.1228            NaN            NaN            NaN            NaN         42.158         72.291         95.698            NaN            NaN            NaN            NaN        -5.2527        -1.5557       -0.45726
         3.1246            NaN            NaN            NaN            NaN         42.143         72.288         95.692            NaN            NaN            NaN            NaN        -5.2578        -1.5566       -0.45744
         3.1263            NaN            NaN            NaN            NaN         42.127         72.285         95.687            NaN            NaN            NaN            NaN        -5.2628        -1.5576       -0.45763
         3.1281            NaN            NaN            NaN            NaN         42.112         72.282         95.682            NaN            NaN            NaN            NaN        -5.2679        -1.5585       -0.45782
         3.1298            NaN            NaN            NaN            NaN         42.096          72.28         95.678            NaN            NaN            NaN            NaN        -5.2729        -1.5594       -0.45801
         3.1316            NaN            NaN            NaN            NaN         42.081         72.277         95.673            NaN            NaN            NaN            NaN         -5.278        -1.5604       -0.45819
         3.1333            NaN            NaN            NaN            NaN         42.066         72.275          95.67            NaN            NaN            NaN            NaN        -5.2831        -1.5613       -0.45838
         3.1351            NaN            NaN            NaN            NaN          42.05         72.272         95.666            NaN            NaN            NaN            NaN        -5.2881        -1.5623       -0.45856
         3.1368            NaN            NaN            NaN            NaN         42.035          72.27         95.662            NaN            NaN            NaN            NaN        -5.2932        -1.5632       -0.45874
         3.1386            NaN            NaN            NaN            NaN          42.02         72.267         95.659            NaN            NaN            NaN            NaN        -5.2983        -1.5641       -0.45891
         3.1403            NaN            NaN            NaN            NaN         42.005         72.265         95.656            NaN            NaN            NaN            NaN        -5.3034        -1.5651       -0.45908
         3.1421            NaN            NaN            NaN            NaN          41.99         72.262         95.654            NaN            NaN            NaN            NaN        -5.3085         -1.566       -0.45924
         3.1438            NaN            NaN            NaN            NaN         41.975          72.26         95.651            NaN            NaN            NaN            NaN        -5.3136        -1.5669        -0.4594
         3.1456            NaN            NaN            NaN            NaN          41.96         72.258         95.648            NaN            NaN            NaN            NaN        -5.3187        -1.5678       -0.45956
         3.1473            NaN            NaN            NaN            NaN         41.945         72.255         95.646            NaN            NaN            NaN            NaN        -5.3238        -1.5688       -0.45971
         3.1491            NaN            NaN            NaN            NaN          41.93         72.253         95.643            NaN            NaN            NaN            NaN         -5.329        -1.5697       -0.45986
         3.1508            NaN            NaN            NaN            NaN         41.915          72.25         95.641            NaN            NaN            NaN            NaN        -5.3341        -1.5706          -0.46
         3.1526            NaN            NaN            NaN            NaN           41.9         72.248         95.638            NaN            NaN            NaN            NaN        -5.3392        -1.5716       -0.46013
         3.1543            NaN            NaN            NaN            NaN         41.885         72.245         95.636            NaN            NaN            NaN            NaN        -5.3444        -1.5725       -0.46027
         3.1561            NaN            NaN            NaN            NaN          41.87         72.243         95.633            NaN            NaN            NaN            NaN        -5.3495        -1.5734       -0.46039
         3.1578            NaN            NaN            NaN            NaN         41.855          72.24          95.63            NaN            NaN            NaN            NaN        -5.3547        -1.5743       -0.46052
         3.1596            NaN            NaN            NaN            NaN          41.84         72.238         95.627            NaN            NaN            NaN            NaN        -5.3599        -1.5753       -0.46064
         3.1613            NaN            NaN            NaN            NaN         41.825         72.235         95.624            NaN            NaN            NaN            NaN         -5.365        -1.5762       -0.46075
         3.1631            NaN            NaN            NaN            NaN          41.81         72.232         95.621            NaN            NaN            NaN            NaN        -5.3702        -1.5771       -0.46087
         3.1648            NaN            NaN            NaN            NaN         41.795          72.23         95.618            NaN            NaN            NaN            NaN        -5.3754         -1.578       -0.46098
         3.1666            NaN            NaN            NaN            NaN          41.78         72.227         95.615            NaN            NaN            NaN            NaN        -5.3806         -1.579       -0.46109
         3.1683            NaN            NaN            NaN            NaN         41.765         72.224         95.611            NaN            NaN            NaN            NaN        -5.3858        -1.5799       -0.46119
         3.1701            NaN            NaN            NaN            NaN          41.75         72.221         95.608            NaN            NaN            NaN            NaN         -5.391        -1.5808        -0.4613
         3.1718            NaN            NaN            NaN            NaN         41.735         72.219         95.604            NaN            NaN            NaN            NaN        -5.3963        -1.5818        -0.4614
         3.1736            NaN            NaN            NaN            NaN          41.72         72.216           95.6            NaN            NaN            NaN            NaN        -5.4015        -1.5827        -0.4615
         3.1753            NaN            NaN            NaN            NaN         41.705         72.213         95.596            NaN            NaN            NaN            NaN        -5.4067        -1.5836        -0.4616
         3.1771            NaN            NaN            NaN            NaN          41.69          72.21         95.591            NaN            NaN            NaN            NaN         -5.412        -1.5845        -0.4617
         3.1788            NaN            NaN            NaN            NaN         41.676         72.207         95.587            NaN            NaN            NaN            NaN        -5.4173        -1.5855        -0.4618
         3.1806            NaN            NaN            NaN            NaN         41.661         72.204         95.582            NaN            NaN            NaN            NaN        -5.4225        -1.5864       -0.46189
         3.1823            NaN            NaN            NaN            NaN         41.646         72.201         95.577            NaN            NaN            NaN            NaN        -5.4278        -1.5873       -0.46199
         3.1841            NaN            NaN            NaN            NaN         41.631         72.198         95.572            NaN            NaN            NaN            NaN        -5.4331        -1.5883       -0.46208
         3.1858            NaN            NaN            NaN            NaN         41.616         72.195         95.567            NaN            NaN            NaN            NaN        -5.4384        -1.5892       -0.46217
         3.1876            NaN            NaN            NaN            NaN         41.601         72.192         95.562            NaN            NaN            NaN            NaN        -5.4437        -1.5901       -0.46227
         3.1893            NaN            NaN            NaN            NaN         41.586         72.189         95.556            NaN            NaN            NaN            NaN         -5.449         -1.591       -0.46236
         3.1911            NaN            NaN            NaN            NaN         41.571         72.186          95.55            NaN            NaN            NaN            NaN        -5.4543         -1.592       -0.46245
         3.1928            NaN            NaN            NaN            NaN         41.556         72.183         95.544            NaN            NaN            NaN            NaN        -5.4596        -1.5929       -0.46255
         3.1946            NaN            NaN            NaN            NaN         41.542          72.18         95.537            NaN            NaN            NaN            NaN         -5.465        -1.5938       -0.46264
         3.1963            NaN            NaN            NaN            NaN         41.527         72.177         95.531            NaN            NaN            NaN            NaN        -5.4703        -1.5948       -0.46274
         3.1981            NaN            NaN            NaN            NaN         41.512         72.173         95.524            NaN            NaN            NaN            NaN        -5.4757        -1.5957       -0.46284
         3.1998            NaN            NaN            NaN            NaN         41.497          72.17         95.516            NaN            NaN            NaN            NaN         -5.481        -1.5966       -0.46294
         3.2016            NaN            NaN            NaN            NaN         41.483         72.167         95.509            NaN            NaN            NaN            NaN        -5.4864        -1.5976       -0.46304
         3.2034            NaN            NaN            NaN            NaN         41.468         72.164         95.501            NaN            NaN            NaN            NaN        -5.4918        -1.5985       -0.46315
         3.2051            NaN            NaN            NaN            NaN         41.453          72.16         95.493            NaN            NaN            NaN            NaN        -5.4972        -1.5995       -0.46327
         3.2069            NaN            NaN            NaN            NaN         41.439         72.157         95.485            NaN            NaN            NaN            NaN        -5.5026        -1.6004       -0.46338
         3.2086            NaN            NaN            NaN            NaN         41.424         72.154         95.477            NaN            NaN            NaN            NaN         -5.508        -1.6013       -0.46351
         3.2104            NaN            NaN            NaN            NaN          41.41          72.15         95.469            NaN            NaN            NaN            NaN        -5.5134        -1.6023       -0.46364
         3.2121            NaN            NaN            NaN            NaN         41.396         72.147          95.46            NaN            NaN            NaN            NaN        -5.5189        -1.6032       -0.46378
         3.2139            NaN            NaN            NaN            NaN         41.382         72.144         95.452            NaN            NaN            NaN            NaN        -5.5243        -1.6042       -0.46392
         3.2156            NaN            NaN            NaN            NaN         41.368         72.141         95.443            NaN            NaN            NaN            NaN        -5.5298        -1.6051       -0.46407
         3.2174            NaN            NaN            NaN            NaN         41.354         72.138         95.435            NaN            NaN            NaN            NaN        -5.5352        -1.6061       -0.46423
         3.2191            NaN            NaN            NaN            NaN          41.34         72.135         95.426            NaN            NaN            NaN            NaN        -5.5407         -1.607       -0.46439
         3.2209            NaN            NaN            NaN            NaN         41.326         72.132         95.418            NaN            NaN            NaN            NaN        -5.5462         -1.608       -0.46457
         3.2226            NaN            NaN            NaN            NaN         41.313         72.129          95.41            NaN            NaN            NaN            NaN        -5.5517        -1.6089       -0.46475
         3.2244            NaN            NaN            NaN            NaN         41.299         72.126         95.402            NaN            NaN            NaN            NaN        -5.5572        -1.6099       -0.46493
         3.2261            NaN            NaN            NaN            NaN         41.286         72.123         95.394            NaN            NaN            NaN            NaN        -5.5627        -1.6108       -0.46512
         3.2279            NaN            NaN            NaN            NaN         41.273          72.12         95.387            NaN            NaN            NaN            NaN        -5.5683        -1.6118       -0.46532
         3.2296            NaN            NaN            NaN            NaN          41.26         72.118          95.38            NaN            NaN            NaN            NaN        -5.5738        -1.6127       -0.46552
         3.2314            NaN            NaN            NaN            NaN         41.248         72.115         95.373            NaN            NaN            NaN            NaN        -5.5793        -1.6137       -0.46573
         3.2331            NaN            NaN            NaN            NaN         41.235         72.112         95.367            NaN            NaN            NaN            NaN        -5.5849        -1.6147       -0.46594
         3.2349            NaN            NaN            NaN            NaN         41.223          72.11         95.361            NaN            NaN            NaN            NaN        -5.5904        -1.6156       -0.46616
         3.2366            NaN            NaN            NaN            NaN         41.211         72.108         95.355            NaN            NaN            NaN            NaN         -5.596        -1.6166       -0.46637
         3.2384            NaN            NaN            NaN            NaN         41.199         72.105          95.35            NaN            NaN            NaN            NaN        -5.6016        -1.6175       -0.46658
         3.2401            NaN            NaN            NaN            NaN         41.187         72.103         95.346            NaN            NaN            NaN            NaN        -5.6072        -1.6185        -0.4668
         3.2419            NaN            NaN            NaN            NaN         41.175         72.101         95.342            NaN            NaN            NaN            NaN        -5.6128        -1.6194       -0.46701
         3.2436            NaN            NaN            NaN            NaN         41.164         72.099         95.338            NaN            NaN            NaN            NaN        -5.6184        -1.6204       -0.46722
         3.2454            NaN            NaN            NaN            NaN         41.152         72.097         95.335            NaN            NaN            NaN            NaN         -5.624        -1.6213       -0.46743
         3.2471            NaN            NaN            NaN            NaN         41.141         72.094         95.332            NaN            NaN            NaN            NaN        -5.6296        -1.6223       -0.46763
         3.2489            NaN            NaN            NaN            NaN          41.13         72.092         95.329            NaN            NaN            NaN            NaN        -5.6352        -1.6232       -0.46783
         3.2506            NaN            NaN            NaN            NaN         41.118          72.09         95.327            NaN            NaN            NaN            NaN        -5.6409        -1.6242       -0.46802
         3.2524            NaN            NaN            NaN            NaN         41.107         72.088         95.325            NaN            NaN            NaN            NaN        -5.6465        -1.6251       -0.46821
         3.2541            NaN            NaN            NaN            NaN         41.096         72.086         95.323            NaN            NaN            NaN            NaN        -5.6522        -1.6261       -0.46839
         3.2559            NaN            NaN            NaN            NaN         41.085         72.084         95.322            NaN            NaN            NaN            NaN        -5.6578         -1.627       -0.46857
         3.2576            NaN            NaN            NaN            NaN         41.074         72.082          95.32            NaN            NaN            NaN            NaN        -5.6635        -1.6279       -0.46873
         3.2594            NaN            NaN            NaN            NaN         41.063          72.08         95.319            NaN            NaN            NaN            NaN        -5.6692        -1.6289       -0.46889
         3.2611            NaN            NaN            NaN            NaN         41.053         72.078         95.318            NaN            NaN            NaN            NaN        -5.6749        -1.6298       -0.46905
         3.2629            NaN            NaN            NaN            NaN         41.042         72.076         95.316            NaN            NaN            NaN            NaN        -5.6806        -1.6308       -0.46919
         3.2646            NaN            NaN            NaN            NaN         41.031         72.073         95.315            NaN            NaN            NaN            NaN        -5.6863        -1.6317       -0.46933
         3.2664            NaN            NaN            NaN            NaN          41.02         72.071         95.313            NaN            NaN            NaN            NaN         -5.692        -1.6326       -0.46947
         3.2681            NaN            NaN            NaN            NaN         41.009         72.069         95.311            NaN            NaN            NaN            NaN        -5.6977        -1.6336       -0.46959
         3.2699            NaN            NaN            NaN            NaN         40.999         72.066         95.309            NaN            NaN            NaN            NaN        -5.7034        -1.6345       -0.46972
         3.2716            NaN            NaN            NaN            NaN         40.988         72.064         95.307            NaN            NaN            NaN            NaN        -5.7092        -1.6355       -0.46983
         3.2734            NaN            NaN            NaN            NaN         40.977         72.061         95.305            NaN            NaN            NaN            NaN        -5.7149        -1.6364       -0.46995
         3.2751            NaN            NaN            NaN            NaN         40.967         72.059         95.302            NaN            NaN            NaN            NaN        -5.7207        -1.6373       -0.47006
         3.2769            NaN            NaN            NaN            NaN         40.956         72.056           95.3            NaN            NaN            NaN            NaN        -5.7265        -1.6383       -0.47017
         3.2786            NaN            NaN            NaN            NaN         40.945         72.054         95.297            NaN            NaN            NaN            NaN        -5.7323        -1.6392       -0.47027
         3.2804            NaN            NaN            NaN            NaN         40.935         72.051         95.293            NaN            NaN            NaN            NaN        -5.7381        -1.6402       -0.47038
         3.2821            NaN            NaN            NaN            NaN         40.924         72.048          95.29            NaN            NaN            NaN            NaN        -5.7439        -1.6411       -0.47048
         3.2839            NaN            NaN            NaN            NaN         40.914         72.045         95.286            NaN            NaN            NaN            NaN        -5.7497        -1.6421       -0.47058
         3.2856            NaN            NaN            NaN            NaN         40.904         72.043         95.282            NaN            NaN            NaN            NaN        -5.7555         -1.643       -0.47069
         3.2874            NaN            NaN            NaN            NaN         40.893          72.04         95.278            NaN            NaN            NaN            NaN        -5.7614        -1.6439       -0.47079
         3.2891            NaN            NaN            NaN            NaN         40.883         72.037         95.273            NaN            NaN            NaN            NaN        -5.7672        -1.6449        -0.4709
         3.2909            NaN            NaN            NaN            NaN         40.873         72.034         95.269            NaN            NaN            NaN            NaN        -5.7731        -1.6458         -0.471
         3.2926            NaN            NaN            NaN            NaN         40.863         72.032         95.264            NaN            NaN            NaN            NaN         -5.779        -1.6468       -0.47111
         3.2944            NaN            NaN            NaN            NaN         40.853         72.029         95.259            NaN            NaN            NaN            NaN        -5.7848        -1.6477       -0.47122
         3.2961            NaN            NaN            NaN            NaN         40.843         72.026         95.254            NaN            NaN            NaN            NaN        -5.7907        -1.6487       -0.47134
         3.2979            NaN            NaN            NaN            NaN         40.833         72.023         95.249            NaN            NaN            NaN            NaN        -5.7967        -1.6496       -0.47145
         3.2996            NaN            NaN            NaN            NaN         40.824          72.02         95.244            NaN            NaN            NaN            NaN        -5.8026        -1.6506       -0.47157
         3.3014            NaN            NaN            NaN            NaN         40.814         72.018         95.239            NaN            NaN            NaN            NaN        -5.8085        -1.6515       -0.47168
         3.3032            NaN            NaN            NaN            NaN         40.805         72.015         95.234            NaN            NaN            NaN            NaN        -5.8145        -1.6525        -0.4718
         3.3049            NaN            NaN            NaN            NaN         40.796         72.012         95.229            NaN            NaN            NaN            NaN        -5.8204        -1.6534       -0.47192
         3.3067            NaN            NaN            NaN            NaN         40.787         72.009         95.224            NaN            NaN            NaN            NaN        -5.8264        -1.6544       -0.47205
         3.3084            NaN            NaN            NaN            NaN         40.778         72.006         95.219            NaN            NaN            NaN            NaN        -5.8324        -1.6553       -0.47217
         3.3102            NaN            NaN            NaN            NaN         40.769         72.004         95.214            NaN            NaN            NaN            NaN        -5.8384        -1.6563       -0.47229
         3.3119            NaN            NaN            NaN            NaN          40.76         72.001         95.209            NaN            NaN            NaN            NaN        -5.8444        -1.6572       -0.47242
         3.3137            NaN            NaN            NaN            NaN         40.752         71.998         95.203            NaN            NaN            NaN            NaN        -5.8504        -1.6582       -0.47254
         3.3154            NaN            NaN            NaN            NaN         40.743         71.995         95.198            NaN            NaN            NaN            NaN        -5.8564        -1.6591       -0.47267
         3.3172            NaN            NaN            NaN            NaN         40.735         71.993         95.193            NaN            NaN            NaN            NaN        -5.8625        -1.6601       -0.47279
         3.3189            NaN            NaN            NaN            NaN         40.727          71.99         95.188            NaN            NaN            NaN            NaN        -5.8685        -1.6611       -0.47292
         3.3207            NaN            NaN            NaN            NaN         40.719         71.987         95.183            NaN            NaN            NaN            NaN        -5.8746         -1.662       -0.47304
         3.3224            NaN            NaN            NaN            NaN         40.711         71.984         95.178            NaN            NaN            NaN            NaN        -5.8807         -1.663       -0.47316
         3.3242            NaN            NaN            NaN            NaN         40.703         71.982         95.173            NaN            NaN            NaN            NaN        -5.8868        -1.6639       -0.47329
         3.3259            NaN            NaN            NaN            NaN         40.695         71.979         95.168            NaN            NaN            NaN            NaN        -5.8929        -1.6649       -0.47341
         3.3277            NaN            NaN            NaN            NaN         40.688         71.976         95.162            NaN            NaN            NaN            NaN         -5.899        -1.6658       -0.47353
         3.3294            NaN            NaN            NaN            NaN          40.68         71.973         95.157            NaN            NaN            NaN            NaN        -5.9051        -1.6668       -0.47365
         3.3312            NaN            NaN            NaN            NaN         40.673         71.971         95.151            NaN            NaN            NaN            NaN        -5.9113        -1.6677       -0.47377
         3.3329            NaN            NaN            NaN            NaN         40.666         71.968         95.146            NaN            NaN            NaN            NaN        -5.9174        -1.6687       -0.47389
         3.3347            NaN            NaN            NaN            NaN         40.659         71.965          95.14            NaN            NaN            NaN            NaN        -5.9236        -1.6697       -0.47401
         3.3364            NaN            NaN            NaN            NaN         40.652         71.962         95.134            NaN            NaN            NaN            NaN        -5.9298        -1.6706       -0.47413
         3.3382            NaN            NaN            NaN            NaN         40.645         71.959         95.128            NaN            NaN            NaN            NaN         -5.936        -1.6716       -0.47426
         3.3399            NaN            NaN            NaN            NaN         40.638         71.956         95.122            NaN            NaN            NaN            NaN        -5.9422        -1.6725       -0.47438
         3.3417            NaN            NaN            NaN            NaN         40.632         71.953         95.115            NaN            NaN            NaN            NaN        -5.9484        -1.6735       -0.47451
         3.3434            NaN            NaN            NaN            NaN         40.625         71.951         95.109            NaN            NaN            NaN            NaN        -5.9546        -1.6745       -0.47463
         3.3452            NaN            NaN            NaN            NaN         40.619         71.948         95.102            NaN            NaN            NaN            NaN        -5.9609        -1.6754       -0.47477
         3.3469            NaN            NaN            NaN            NaN         40.613         71.945         95.096            NaN            NaN            NaN            NaN        -5.9672        -1.6764        -0.4749
         3.3487            NaN            NaN            NaN            NaN         40.607         71.942         95.089            NaN            NaN            NaN            NaN        -5.9734        -1.6773       -0.47504
         3.3504            NaN            NaN            NaN            NaN         40.602         71.939         95.082            NaN            NaN            NaN            NaN        -5.9797        -1.6783       -0.47518
         3.3522            NaN            NaN            NaN            NaN         40.596         71.937         95.075            NaN            NaN            NaN            NaN         -5.986        -1.6793       -0.47533
         3.3539            NaN            NaN            NaN            NaN         40.591         71.934         95.069            NaN            NaN            NaN            NaN        -5.9923        -1.6802       -0.47547
         3.3557            NaN            NaN            NaN            NaN         40.586         71.931         95.062            NaN            NaN            NaN            NaN        -5.9987        -1.6812       -0.47563
         3.3574            NaN            NaN            NaN            NaN         40.581         71.929         95.055            NaN            NaN            NaN            NaN         -6.005        -1.6822       -0.47579
         3.3592            NaN            NaN            NaN            NaN         40.577         71.926         95.048            NaN            NaN            NaN            NaN        -6.0114        -1.6832       -0.47595
         3.3609            NaN            NaN            NaN            NaN         40.572         71.923         95.042            NaN            NaN            NaN            NaN        -6.0178        -1.6841       -0.47612
         3.3627            NaN            NaN            NaN            NaN         40.568         71.921         95.035            NaN            NaN            NaN            NaN        -6.0242        -1.6851       -0.47629
         3.3644            NaN            NaN            NaN            NaN         40.564         71.919         95.029            NaN            NaN            NaN            NaN        -6.0306        -1.6861       -0.47646
         3.3662            NaN            NaN            NaN            NaN          40.56         71.916         95.023            NaN            NaN            NaN            NaN         -6.037         -1.687       -0.47664
         3.3679            NaN            NaN            NaN            NaN         40.557         71.914         95.017            NaN            NaN            NaN            NaN        -6.0434         -1.688       -0.47682
         3.3697            NaN            NaN            NaN            NaN         40.554         71.911         95.011            NaN            NaN            NaN            NaN        -6.0499         -1.689         -0.477
         3.3714            NaN            NaN            NaN            NaN         40.551         71.909         95.006            NaN            NaN            NaN            NaN        -6.0563        -1.6899       -0.47719
         3.3732            NaN            NaN            NaN            NaN         40.548         71.907             95            NaN            NaN            NaN            NaN        -6.0628        -1.6909       -0.47737
         3.3749            NaN            NaN            NaN            NaN         40.546         71.905         94.995            NaN            NaN            NaN            NaN        -6.0693        -1.6919       -0.47756
         3.3767            NaN            NaN            NaN            NaN         40.544         71.903         94.991            NaN            NaN            NaN            NaN        -6.0758        -1.6929       -0.47775
         3.3784            NaN            NaN            NaN            NaN         40.542         71.901         94.986            NaN            NaN            NaN            NaN        -6.0823        -1.6938       -0.47794
         3.3802            NaN            NaN            NaN            NaN          40.54         71.899         94.982            NaN            NaN            NaN            NaN        -6.0888        -1.6948       -0.47812
         3.3819            NaN            NaN            NaN            NaN         40.539         71.897         94.978            NaN            NaN            NaN            NaN        -6.0954        -1.6958       -0.47831
         3.3837            NaN            NaN            NaN            NaN         40.538         71.894         94.974            NaN            NaN            NaN            NaN        -6.1019        -1.6967        -0.4785
         3.3854            NaN            NaN            NaN            NaN         40.537         71.892         94.971            NaN            NaN            NaN            NaN        -6.1085        -1.6977       -0.47868
         3.3872            NaN            NaN            NaN            NaN         40.536          71.89         94.968            NaN            NaN            NaN            NaN        -6.1151        -1.6987       -0.47886
         3.3889            NaN            NaN            NaN            NaN         40.536         71.888         94.965            NaN            NaN            NaN            NaN        -6.1217        -1.6996       -0.47904
         3.3907            NaN            NaN            NaN            NaN         40.536         71.886         94.962            NaN            NaN            NaN            NaN        -6.1283        -1.7006       -0.47921
         3.3924            NaN            NaN            NaN            NaN         40.536         71.884         94.959            NaN            NaN            NaN            NaN        -6.1349        -1.7015       -0.47938
         3.3942            NaN            NaN            NaN            NaN         40.536         71.882         94.956            NaN            NaN            NaN            NaN        -6.1415        -1.7025       -0.47955
         3.3959            NaN            NaN            NaN            NaN         40.536          71.88         94.954            NaN            NaN            NaN            NaN        -6.1482        -1.7035       -0.47971
         3.3977            NaN            NaN            NaN            NaN         40.537         71.878         94.951            NaN            NaN            NaN            NaN        -6.1549        -1.7044       -0.47987
         3.3994            NaN            NaN            NaN            NaN         40.538         71.876         94.949            NaN            NaN            NaN            NaN        -6.1615        -1.7054       -0.48003
         3.4012            NaN            NaN            NaN            NaN         40.539         71.874         94.947            NaN            NaN            NaN            NaN        -6.1682        -1.7064       -0.48018
          3.403            NaN            NaN            NaN            NaN          40.54         71.872         94.944            NaN            NaN            NaN            NaN        -6.1749        -1.7073       -0.48033
         3.4047            NaN            NaN            NaN            NaN         40.542          71.87         94.942            NaN            NaN            NaN            NaN        -6.1817        -1.7083       -0.48048
         3.4065            NaN            NaN            NaN            NaN         40.544         71.867          94.94            NaN            NaN            NaN            NaN        -6.1884        -1.7092       -0.48062
         3.4082            NaN            NaN            NaN            NaN         40.546         71.865         94.937            NaN            NaN            NaN            NaN        -6.1952        -1.7102       -0.48076
           3.41            NaN            NaN            NaN            NaN         40.548         71.863         94.935            NaN            NaN            NaN            NaN         -6.202        -1.7112       -0.48089
         3.4117            NaN            NaN            NaN            NaN          40.55          71.86         94.932            NaN            NaN            NaN            NaN        -6.2087        -1.7121       -0.48103
         3.4135            NaN            NaN            NaN            NaN         40.553         71.858          94.93            NaN            NaN            NaN            NaN        -6.2156        -1.7131       -0.48116
         3.4152            NaN            NaN            NaN            NaN         40.556         71.856         94.927            NaN            NaN            NaN            NaN        -6.2224        -1.7141       -0.48129
          3.417            NaN            NaN            NaN            NaN         40.559         71.853         94.924            NaN            NaN            NaN            NaN        -6.2292         -1.715       -0.48141
         3.4187            NaN            NaN            NaN            NaN         40.563         71.851         94.922            NaN            NaN            NaN            NaN        -6.2361         -1.716       -0.48153
         3.4205            NaN            NaN            NaN            NaN         40.566         71.848         94.919            NaN            NaN            NaN            NaN        -6.2429        -1.7169       -0.48166
         3.4222            NaN            NaN            NaN            NaN          40.57         71.846         94.916            NaN            NaN            NaN            NaN        -6.2498        -1.7179       -0.48178
          3.424            NaN            NaN            NaN            NaN         40.574         71.843         94.913            NaN            NaN            NaN            NaN        -6.2567        -1.7189        -0.4819
         3.4257            NaN            NaN            NaN            NaN         40.579         71.841         94.909            NaN            NaN            NaN            NaN        -6.2637        -1.7198       -0.48201
         3.4275            NaN            NaN            NaN            NaN         40.583         71.838         94.906            NaN            NaN            NaN            NaN        -6.2706        -1.7208       -0.48213
         3.4292            NaN            NaN            NaN            NaN         40.588         71.836         94.903            NaN            NaN            NaN            NaN        -6.2776        -1.7218       -0.48224
          3.431            NaN            NaN            NaN            NaN         40.594         71.833         94.899            NaN            NaN            NaN            NaN        -6.2845        -1.7227       -0.48236
         3.4327            NaN            NaN            NaN            NaN         40.599          71.83         94.896            NaN            NaN            NaN            NaN        -6.2915        -1.7237       -0.48247
         3.4345            NaN            NaN            NaN            NaN         40.605         71.828         94.892            NaN            NaN            NaN            NaN        -6.2985        -1.7247       -0.48258
         3.4362            NaN            NaN            NaN            NaN         40.611         71.825         94.889            NaN            NaN            NaN            NaN        -6.3056        -1.7256       -0.48269
          3.438            NaN            NaN            NaN            NaN         40.618         71.822         94.885            NaN            NaN            NaN            NaN        -6.3126        -1.7266        -0.4828
         3.4397            NaN            NaN            NaN            NaN         40.625          71.82         94.881            NaN            NaN            NaN            NaN        -6.3197        -1.7276       -0.48291
         3.4415            NaN            NaN            NaN            NaN         40.632         71.817         94.877            NaN            NaN            NaN            NaN        -6.3268        -1.7285       -0.48302
         3.4432            NaN            NaN            NaN            NaN         40.639         71.814         94.873            NaN            NaN            NaN            NaN        -6.3339        -1.7295       -0.48313
          3.445            NaN            NaN            NaN            NaN         40.647         71.812         94.869            NaN            NaN            NaN            NaN         -6.341        -1.7305       -0.48323
         3.4467            NaN            NaN            NaN            NaN         40.655         71.809         94.865            NaN            NaN            NaN            NaN        -6.3481        -1.7314       -0.48334
         3.4485            NaN            NaN            NaN            NaN         40.664         71.806          94.86            NaN            NaN            NaN            NaN        -6.3553        -1.7324       -0.48344
         3.4502            NaN            NaN            NaN            NaN         40.672         71.803         94.856            NaN            NaN            NaN            NaN        -6.3624        -1.7334       -0.48355
          3.452            NaN            NaN            NaN            NaN         40.681           71.8         94.851            NaN            NaN            NaN            NaN        -6.3696        -1.7343       -0.48365
         3.4537            NaN            NaN            NaN            NaN         40.691         71.797         94.846            NaN            NaN            NaN            NaN        -6.3769        -1.7353       -0.48376
         3.4555            NaN            NaN            NaN            NaN         40.701         71.794         94.841            NaN            NaN            NaN            NaN        -6.3841        -1.7363       -0.48386
         3.4572            NaN            NaN            NaN            NaN         40.711         71.792         94.836            NaN            NaN            NaN            NaN        -6.3913        -1.7373       -0.48396
          3.459            NaN            NaN            NaN            NaN         40.721         71.789         94.831            NaN            NaN            NaN            NaN        -6.3986        -1.7382       -0.48406
         3.4607            NaN            NaN            NaN            NaN         40.732         71.786         94.826            NaN            NaN            NaN            NaN        -6.4059        -1.7392       -0.48417
         3.4625            NaN            NaN            NaN            NaN         40.744         71.783          94.82            NaN            NaN            NaN            NaN        -6.4132        -1.7402       -0.48427
         3.4642            NaN            NaN            NaN            NaN         40.755          71.78         94.815            NaN            NaN            NaN            NaN        -6.4206        -1.7412       -0.48438
          3.466            NaN            NaN            NaN            NaN         40.767         71.777         94.809            NaN            NaN            NaN            NaN        -6.4279        -1.7421       -0.48448
         3.4677            NaN            NaN            NaN            NaN          40.78         71.774         94.803            NaN            NaN            NaN            NaN        -6.4353        -1.7431       -0.48459
         3.4695            NaN            NaN            NaN            NaN         40.793         71.771         94.797            NaN            NaN            NaN            NaN        -6.4427        -1.7441        -0.4847
         3.4712            NaN            NaN            NaN            NaN         40.806         71.768          94.79            NaN            NaN            NaN            NaN        -6.4501        -1.7451       -0.48481
          3.473            NaN            NaN            NaN            NaN          40.82         71.765         94.784            NaN            NaN            NaN            NaN        -6.4575        -1.7461       -0.48492
         3.4747            NaN            NaN            NaN            NaN         40.834         71.762         94.777            NaN            NaN            NaN            NaN         -6.465         -1.747       -0.48503
         3.4765            NaN            NaN            NaN            NaN         40.849         71.759          94.77            NaN            NaN            NaN            NaN        -6.4725         -1.748       -0.48515
         3.4782            NaN            NaN            NaN            NaN         40.864         71.756         94.763            NaN            NaN            NaN            NaN          -6.48         -1.749       -0.48527
           3.48            NaN            NaN            NaN            NaN          40.88         71.753         94.756            NaN            NaN            NaN            NaN        -6.4875          -1.75        -0.4854
         3.4817            NaN            NaN            NaN            NaN         40.896          71.75         94.749            NaN            NaN            NaN            NaN         -6.495         -1.751       -0.48553
         3.4835            NaN            NaN            NaN            NaN         40.913         71.747         94.741            NaN            NaN            NaN            NaN        -6.5026         -1.752       -0.48566
         3.4852            NaN            NaN            NaN            NaN          40.93         71.744         94.734            NaN            NaN            NaN            NaN        -6.5102         -1.753        -0.4858
          3.487            NaN            NaN            NaN            NaN         40.948         71.741         94.726            NaN            NaN            NaN            NaN        -6.5178         -1.754       -0.48595
         3.4887            NaN            NaN            NaN            NaN         40.966         71.738         94.719            NaN            NaN            NaN            NaN        -6.5254         -1.755        -0.4861
         3.4905            NaN            NaN            NaN            NaN         40.985         71.736         94.712            NaN            NaN            NaN            NaN        -6.5331        -1.7559       -0.48625
         3.4922            NaN            NaN            NaN            NaN         41.004         71.733         94.704            NaN            NaN            NaN            NaN        -6.5408        -1.7569       -0.48641
          3.494            NaN            NaN            NaN            NaN         41.024         71.731         94.697            NaN            NaN            NaN            NaN        -6.5485        -1.7579       -0.48657
         3.4957            NaN            NaN            NaN            NaN         41.045         71.728          94.69            NaN            NaN            NaN            NaN        -6.5562        -1.7589       -0.48674
         3.4975            NaN            NaN            NaN            NaN         41.066         71.726         94.683            NaN            NaN            NaN            NaN        -6.5639        -1.7599       -0.48692
         3.4992            NaN            NaN            NaN            NaN         41.088         71.723         94.676            NaN            NaN            NaN            NaN        -6.5717        -1.7609        -0.4871
          3.501            NaN            NaN            NaN            NaN         41.111         71.721         94.669            NaN            NaN            NaN            NaN        -6.5795        -1.7619       -0.48728
         3.5028            NaN            NaN            NaN            NaN         41.134         71.719         94.663            NaN            NaN            NaN            NaN        -6.5873        -1.7629       -0.48747
         3.5045            NaN            NaN            NaN            NaN         41.158         71.717         94.656            NaN            NaN            NaN            NaN        -6.5952        -1.7639       -0.48766
         3.5063            NaN            NaN            NaN            NaN         41.183         71.715          94.65            NaN            NaN            NaN            NaN         -6.603        -1.7649       -0.48785
          3.508            NaN            NaN            NaN            NaN         41.208         71.713         94.645            NaN            NaN            NaN            NaN        -6.6109        -1.7659       -0.48805
         3.5098            NaN            NaN            NaN            NaN         41.234         71.711         94.639            NaN            NaN            NaN            NaN        -6.6188        -1.7669       -0.48825
         3.5115            NaN            NaN            NaN            NaN         41.261         71.709         94.634            NaN            NaN            NaN            NaN        -6.6267        -1.7679       -0.48845
         3.5133            NaN            NaN            NaN            NaN         41.289         71.707         94.629            NaN            NaN            NaN            NaN        -6.6347        -1.7689       -0.48866
          3.515            NaN            NaN            NaN            NaN         41.317         71.706         94.625            NaN            NaN            NaN            NaN        -6.6426        -1.7699       -0.48886
         3.5168            NaN            NaN            NaN            NaN         41.346         71.704         94.621            NaN            NaN            NaN            NaN        -6.6506        -1.7709       -0.48906
         3.5185            NaN            NaN            NaN            NaN         41.375         71.702         94.617            NaN            NaN            NaN            NaN        -6.6587        -1.7719       -0.48926
         3.5203            NaN            NaN            NaN            NaN         41.406         71.701         94.613            NaN            NaN            NaN            NaN        -6.6667        -1.7729       -0.48946
          3.522            NaN            NaN            NaN            NaN         41.437         71.699          94.61            NaN            NaN            NaN            NaN        -6.6748        -1.7739       -0.48966
         3.5238            NaN            NaN            NaN            NaN         41.468         71.697         94.607            NaN            NaN            NaN            NaN        -6.6829        -1.7748       -0.48986
         3.5255            NaN            NaN            NaN            NaN         41.501         71.696         94.604            NaN            NaN            NaN            NaN         -6.691        -1.7758       -0.49005
         3.5273            NaN            NaN            NaN            NaN         41.534         71.694         94.602            NaN            NaN            NaN            NaN        -6.6991        -1.7768       -0.49024
          3.529            NaN            NaN            NaN            NaN         41.568         71.693           94.6            NaN            NaN            NaN            NaN        -6.7073        -1.7778       -0.49043
         3.5308            NaN            NaN            NaN            NaN         41.603         71.691         94.598            NaN            NaN            NaN            NaN        -6.7154        -1.7788       -0.49061
         3.5325            NaN            NaN            NaN            NaN         41.639          71.69         94.596            NaN            NaN            NaN            NaN        -6.7236        -1.7798       -0.49079
         3.5343            NaN            NaN            NaN            NaN         41.675         71.688         94.595            NaN            NaN            NaN            NaN        -6.7319        -1.7807       -0.49096
          3.536            NaN            NaN            NaN            NaN         41.712         71.686         94.593            NaN            NaN            NaN            NaN        -6.7401        -1.7817       -0.49113
         3.5378            NaN            NaN            NaN            NaN          41.75         71.684         94.592            NaN            NaN            NaN            NaN        -6.7484        -1.7827       -0.49129
         3.5395            NaN            NaN            NaN            NaN         41.789         71.683         94.591            NaN            NaN            NaN            NaN        -6.7567        -1.7837       -0.49145
         3.5413            NaN            NaN            NaN            NaN         41.828         71.681         94.589            NaN            NaN            NaN            NaN         -6.765        -1.7847        -0.4916
          3.543            NaN            NaN            NaN            NaN         41.868         71.679         94.588            NaN            NaN            NaN            NaN        -6.7734        -1.7856       -0.49174
         3.5448            NaN            NaN            NaN            NaN         41.909         71.677         94.587            NaN            NaN            NaN            NaN        -6.7818        -1.7866       -0.49188
         3.5465            NaN            NaN            NaN            NaN         41.951         71.675         94.586            NaN            NaN            NaN            NaN        -6.7902        -1.7876       -0.49202
         3.5483            NaN            NaN            NaN            NaN         41.994         71.673         94.584            NaN            NaN            NaN            NaN        -6.7986        -1.7886       -0.49215
           3.55            NaN            NaN            NaN            NaN         42.038          71.67         94.583            NaN            NaN            NaN            NaN         -6.807        -1.7895       -0.49227
         3.5518            NaN            NaN            NaN            NaN         42.082         71.668         94.581            NaN            NaN            NaN            NaN        -6.8155        -1.7905       -0.49239
         3.5535            NaN            NaN            NaN            NaN         42.127         71.666         94.579            NaN            NaN            NaN            NaN         -6.824        -1.7915       -0.49251
         3.5553            NaN            NaN            NaN            NaN         42.174         71.663         94.578            NaN            NaN            NaN            NaN        -6.8326        -1.7925       -0.49262
          3.557            NaN            NaN            NaN            NaN         42.221         71.661         94.576            NaN            NaN            NaN            NaN        -6.8411        -1.7935       -0.49273
         3.5588            NaN            NaN            NaN            NaN         42.269         71.658         94.573            NaN            NaN            NaN            NaN        -6.8497        -1.7944       -0.49284
         3.5605            NaN            NaN            NaN            NaN         42.318         71.656         94.571            NaN            NaN            NaN            NaN        -6.8583        -1.7954       -0.49294
         3.5623            NaN            NaN            NaN            NaN         42.368         71.653         94.568            NaN            NaN            NaN            NaN         -6.867        -1.7964       -0.49304
          3.564            NaN            NaN            NaN            NaN         42.419          71.65         94.565            NaN            NaN            NaN            NaN        -6.8757        -1.7974       -0.49314
         3.5658            NaN            NaN            NaN            NaN         42.471         71.648         94.562            NaN            NaN            NaN            NaN        -6.8844        -1.7984       -0.49324
         3.5675            NaN            NaN            NaN            NaN         42.524         71.645         94.559            NaN            NaN            NaN            NaN        -6.8931        -1.7993       -0.49333
         3.5693            NaN            NaN            NaN            NaN         42.578         71.642         94.555            NaN            NaN            NaN            NaN        -6.9019        -1.8003       -0.49343
          3.571            NaN            NaN            NaN            NaN         42.633         71.639         94.551            NaN            NaN            NaN            NaN        -6.9107        -1.8013       -0.49352
         3.5728            NaN            NaN            NaN            NaN          42.69         71.636         94.547            NaN            NaN            NaN            NaN        -6.9195        -1.8023       -0.49362
         3.5745            NaN            NaN            NaN            NaN         42.747         71.633         94.543            NaN            NaN            NaN            NaN        -6.9283        -1.8033       -0.49372
         3.5763            NaN            NaN            NaN            NaN         42.806          71.63         94.539            NaN            NaN            NaN            NaN        -6.9372        -1.8043       -0.49381
          3.578            NaN            NaN            NaN            NaN         42.866         71.627         94.534            NaN            NaN            NaN            NaN        -6.9461        -1.8053       -0.49391
         3.5798            NaN            NaN            NaN            NaN         42.927         71.624         94.529            NaN            NaN            NaN            NaN        -6.9551        -1.8062       -0.49401
         3.5815            NaN            NaN            NaN            NaN         42.989         71.621         94.524            NaN            NaN            NaN            NaN         -6.964        -1.8072       -0.49411
         3.5833            NaN            NaN            NaN            NaN         43.053         71.618         94.519            NaN            NaN            NaN            NaN         -6.973        -1.8082       -0.49422
          3.585            NaN            NaN            NaN            NaN         43.118         71.615         94.514            NaN            NaN            NaN            NaN        -6.9821        -1.8092       -0.49432
         3.5868            NaN            NaN            NaN            NaN         43.184         71.612         94.508            NaN            NaN            NaN            NaN        -6.9911        -1.8102       -0.49443
         3.5885            NaN            NaN            NaN            NaN         43.251         71.609         94.502            NaN            NaN            NaN            NaN        -7.0002        -1.8112       -0.49454
         3.5903            NaN            NaN            NaN            NaN          43.32         71.606         94.497            NaN            NaN            NaN            NaN        -7.0094        -1.8122       -0.49465
          3.592            NaN            NaN            NaN            NaN         43.391         71.603         94.491            NaN            NaN            NaN            NaN        -7.0185        -1.8132       -0.49477
         3.5938            NaN            NaN            NaN            NaN         43.463           71.6         94.485            NaN            NaN            NaN            NaN        -7.0277        -1.8142       -0.49489
         3.5955            NaN            NaN            NaN            NaN         43.536         71.597         94.479            NaN            NaN            NaN            NaN        -7.0369        -1.8152       -0.49501
         3.5973            NaN            NaN            NaN            NaN         43.611         71.594         94.473            NaN            NaN            NaN            NaN        -7.0462        -1.8162       -0.49514
          3.599            NaN            NaN            NaN            NaN         43.687         71.591         94.467            NaN            NaN            NaN            NaN        -7.0555        -1.8172       -0.49526
         3.6008            NaN            NaN            NaN            NaN         43.765         71.588         94.461            NaN            NaN            NaN            NaN        -7.0648        -1.8182       -0.49539
         3.6026            NaN            NaN            NaN            NaN         43.845         71.586         94.455            NaN            NaN            NaN            NaN        -7.0741        -1.8192       -0.49553
         3.6043            NaN            NaN            NaN            NaN         43.926         71.583         94.449            NaN            NaN            NaN            NaN        -7.0835        -1.8202       -0.49566
         3.6061            NaN            NaN            NaN            NaN         44.009          71.58         94.443            NaN            NaN            NaN            NaN        -7.0929        -1.8213        -0.4958
         3.6078            NaN            NaN            NaN            NaN         44.093         71.577         94.437            NaN            NaN            NaN            NaN        -7.1024        -1.8223       -0.49594
         3.6096            NaN            NaN            NaN            NaN         44.179         71.575         94.431            NaN            NaN            NaN            NaN        -7.1118        -1.8233       -0.49608
         3.6113            NaN            NaN            NaN            NaN         44.267         71.572         94.426            NaN            NaN            NaN            NaN        -7.1213        -1.8243       -0.49623
         3.6131            NaN            NaN            NaN            NaN         44.357          71.57          94.42            NaN            NaN            NaN            NaN        -7.1309        -1.8253       -0.49638
         3.6148            NaN            NaN            NaN            NaN         44.448         71.567         94.414            NaN            NaN            NaN            NaN        -7.1405        -1.8263       -0.49652
         3.6166            NaN            NaN            NaN            NaN         44.542         71.564         94.408            NaN            NaN            NaN            NaN        -7.1501        -1.8273       -0.49668
         3.6183            NaN            NaN            NaN            NaN         44.637         71.562         94.403            NaN            NaN            NaN            NaN        -7.1597        -1.8283       -0.49683
         3.6201            NaN            NaN            NaN            NaN         44.734         71.559         94.397            NaN            NaN            NaN            NaN        -7.1694        -1.8293       -0.49698
         3.6218            NaN            NaN            NaN            NaN         44.833         71.557         94.392            NaN            NaN            NaN            NaN        -7.1791        -1.8303       -0.49714
         3.6236            NaN            NaN            NaN            NaN         44.935         71.555         94.386            NaN            NaN            NaN            NaN        -7.1888        -1.8313       -0.49729
         3.6253            NaN            NaN            NaN            NaN         45.038         71.552         94.381            NaN            NaN            NaN            NaN        -7.1985        -1.8324       -0.49745
         3.6271            NaN            NaN            NaN            NaN         45.143          71.55         94.376            NaN            NaN            NaN            NaN        -7.2083        -1.8334       -0.49761
         3.6288            NaN            NaN            NaN            NaN          45.25         71.548         94.371            NaN            NaN            NaN            NaN        -7.2182        -1.8344       -0.49777
         3.6306            NaN            NaN            NaN            NaN         45.359         71.545         94.366            NaN            NaN            NaN            NaN         -7.228        -1.8354       -0.49793
         3.6323            NaN            NaN            NaN            NaN         45.471         71.543         94.361            NaN            NaN            NaN            NaN        -7.2379        -1.8364        -0.4981
         3.6341            NaN            NaN            NaN            NaN         45.585         71.541         94.356            NaN            NaN            NaN            NaN        -7.2478        -1.8374       -0.49826
         3.6358            NaN            NaN            NaN            NaN         45.701         71.538         94.351            NaN            NaN            NaN            NaN        -7.2578        -1.8384       -0.49842
         3.6376            NaN            NaN            NaN            NaN         45.819         71.536         94.346            NaN            NaN            NaN            NaN        -7.2678        -1.8394       -0.49859
         3.6393            NaN            NaN            NaN            NaN         45.939         71.534         94.342            NaN            NaN            NaN            NaN        -7.2778        -1.8404       -0.49875
         3.6411            NaN            NaN            NaN            NaN         46.062         71.532         94.337            NaN            NaN            NaN            NaN        -7.2878        -1.8415       -0.49892
         3.6428            NaN            NaN            NaN            NaN         46.188          71.53         94.333            NaN            NaN            NaN            NaN        -7.2979        -1.8425       -0.49908
         3.6446            NaN            NaN            NaN            NaN         46.315         71.528         94.328            NaN            NaN            NaN            NaN         -7.308        -1.8435       -0.49925
         3.6463            NaN            NaN            NaN            NaN         46.446         71.525         94.324            NaN            NaN            NaN            NaN        -7.3181        -1.8445       -0.49941
         3.6481            NaN            NaN            NaN            NaN         46.579         71.523          94.32            NaN            NaN            NaN            NaN        -7.3283        -1.8455       -0.49958
         3.6498            NaN            NaN            NaN            NaN         46.714         71.521         94.316            NaN            NaN            NaN            NaN        -7.3385        -1.8465       -0.49975
         3.6516            NaN            NaN            NaN            NaN         46.852         71.519         94.312            NaN            NaN            NaN            NaN        -7.3487        -1.8475       -0.49992
         3.6533            NaN            NaN            NaN            NaN         46.993         71.517         94.308            NaN            NaN            NaN            NaN         -7.359        -1.8485       -0.50008
         3.6551            NaN            NaN            NaN            NaN         47.136         71.515         94.304            NaN            NaN            NaN            NaN        -7.3693        -1.8495       -0.50025
         3.6568            NaN            NaN            NaN            NaN         47.282         71.513         94.301            NaN            NaN            NaN            NaN        -7.3796        -1.8505       -0.50041
         3.6586            NaN            NaN            NaN            NaN         47.431         71.511         94.297            NaN            NaN            NaN            NaN          -7.39        -1.8516       -0.50058
         3.6603            NaN            NaN            NaN            NaN         47.583         71.509         94.294            NaN            NaN            NaN            NaN        -7.4003        -1.8526       -0.50074
         3.6621            NaN            NaN            NaN            NaN         47.737         71.507         94.291            NaN            NaN            NaN            NaN        -7.4107        -1.8536       -0.50091
         3.6638            NaN            NaN            NaN            NaN         47.895         71.505         94.288            NaN            NaN            NaN            NaN        -7.4212        -1.8546       -0.50107
         3.6656            NaN            NaN            NaN            NaN         48.056         71.503         94.285            NaN            NaN            NaN            NaN        -7.4316        -1.8556       -0.50123
         3.6673            NaN            NaN            NaN            NaN         48.219         71.501         94.282            NaN            NaN            NaN            NaN        -7.4421        -1.8566       -0.50139
         3.6691            NaN            NaN            NaN            NaN         48.386         71.499         94.279            NaN            NaN            NaN            NaN        -7.4527        -1.8576       -0.50155
         3.6708            NaN            NaN            NaN            NaN         48.556         71.497         94.276            NaN            NaN            NaN            NaN        -7.4632        -1.8586        -0.5017
         3.6726            NaN            NaN            NaN            NaN         48.729         71.495         94.273            NaN            NaN            NaN            NaN        -7.4738        -1.8596       -0.50186
         3.6743            NaN            NaN            NaN            NaN         48.905         71.493         94.271            NaN            NaN            NaN            NaN        -7.4844        -1.8606       -0.50201
         3.6761            NaN            NaN            NaN            NaN         49.084         71.491         94.268            NaN            NaN            NaN            NaN         -7.495        -1.8616       -0.50216
         3.6778            NaN            NaN            NaN            NaN         49.267         71.489         94.266            NaN            NaN            NaN            NaN        -7.5056        -1.8626        -0.5023
         3.6796            NaN            NaN            NaN            NaN         49.453         71.487         94.264            NaN            NaN            NaN            NaN        -7.5163        -1.8636       -0.50245
         3.6813            NaN            NaN            NaN            NaN         49.643         71.485         94.261            NaN            NaN            NaN            NaN         -7.527        -1.8646       -0.50259
         3.6831            NaN            NaN            NaN            NaN         49.836         71.483         94.259            NaN            NaN            NaN            NaN        -7.5377        -1.8656       -0.50273
         3.6848            NaN            NaN            NaN            NaN         50.033         71.481         94.257            NaN            NaN            NaN            NaN        -7.5484        -1.8667       -0.50286
         3.6866            NaN            NaN            NaN            NaN         50.233         71.479         94.254            NaN            NaN            NaN            NaN        -7.5592        -1.8677         -0.503
         3.6883            NaN            NaN            NaN            NaN         50.436         71.476         94.252            NaN            NaN            NaN            NaN          -7.57        -1.8687       -0.50313
         3.6901            NaN            NaN            NaN            NaN         50.644         71.474          94.25            NaN            NaN            NaN            NaN        -7.5808        -1.8697       -0.50325
         3.6918            NaN            NaN            NaN            NaN         50.855         71.472         94.247            NaN            NaN            NaN            NaN        -7.5916        -1.8707       -0.50338
         3.6936            NaN            NaN            NaN            NaN          51.07         71.469         94.245            NaN            NaN            NaN            NaN        -7.6024        -1.8717        -0.5035
         3.6953            NaN            NaN            NaN            NaN         51.288         71.467         94.242            NaN            NaN            NaN            NaN        -7.6133        -1.8727       -0.50361
         3.6971            NaN            NaN            NaN            NaN         51.511         71.464          94.24            NaN            NaN            NaN            NaN        -7.6242        -1.8737       -0.50373
         3.6988            NaN            NaN            NaN            NaN         51.737         71.462         94.237            NaN            NaN            NaN            NaN         -7.635        -1.8747       -0.50384
         3.7006            NaN            NaN            NaN            NaN         51.968         71.459         94.234            NaN            NaN            NaN            NaN         -7.646        -1.8757       -0.50395
         3.7024            NaN            NaN            NaN            NaN         52.202         71.456         94.231            NaN            NaN            NaN            NaN        -7.6569        -1.8767       -0.50406
         3.7041            NaN            NaN            NaN            NaN          52.44         71.454         94.228            NaN            NaN            NaN            NaN        -7.6678        -1.8777       -0.50416
         3.7059            NaN            NaN            NaN            NaN         52.683         71.451         94.224            NaN            NaN            NaN            NaN        -7.6787        -1.8787       -0.50427
         3.7076            NaN            NaN            NaN            NaN         52.929         71.448         94.221            NaN            NaN            NaN            NaN        -7.6897        -1.8797       -0.50437
         3.7094            NaN            NaN            NaN            NaN          53.18         71.445         94.217            NaN            NaN            NaN            NaN        -7.7007        -1.8807       -0.50447
         3.7111            NaN            NaN            NaN            NaN         53.435         71.442         94.213            NaN            NaN            NaN            NaN        -7.7116        -1.8817       -0.50457
         3.7129            NaN            NaN            NaN            NaN         53.694         71.439         94.209            NaN            NaN            NaN            NaN        -7.7226        -1.8827       -0.50467
         3.7146            NaN            NaN            NaN            NaN         53.958         71.436         94.205            NaN            NaN            NaN            NaN        -7.7336        -1.8837       -0.50477
         3.7164            NaN            NaN            NaN            NaN         54.226         71.433           94.2            NaN            NaN            NaN            NaN        -7.7446        -1.8848       -0.50487
         3.7181            NaN            NaN            NaN            NaN         54.498          71.43         94.195            NaN            NaN            NaN            NaN        -7.7556        -1.8858       -0.50497
         3.7199            NaN            NaN            NaN            NaN         54.775         71.427          94.19            NaN            NaN            NaN            NaN        -7.7666        -1.8868       -0.50508
         3.7216            NaN            NaN            NaN            NaN         55.057         71.424         94.185            NaN            NaN            NaN            NaN        -7.7776        -1.8878       -0.50518
         3.7234            NaN            NaN            NaN            NaN         55.342         71.421          94.18            NaN            NaN            NaN            NaN        -7.7886        -1.8888       -0.50528
         3.7251            NaN            NaN            NaN            NaN         55.633         71.417         94.175            NaN            NaN            NaN            NaN        -7.7996        -1.8898       -0.50539
         3.7269            NaN            NaN            NaN            NaN         55.928         71.414         94.169            NaN            NaN            NaN            NaN        -7.8106        -1.8909        -0.5055
         3.7286            NaN            NaN            NaN            NaN         56.227         71.411         94.163            NaN            NaN            NaN            NaN        -7.8216        -1.8919       -0.50561
         3.7304            NaN            NaN            NaN            NaN         56.532         71.408         94.157            NaN            NaN            NaN            NaN        -7.8326        -1.8929       -0.50573
         3.7321            NaN            NaN            NaN            NaN          56.84         71.405         94.151            NaN            NaN            NaN            NaN        -7.8436        -1.8939       -0.50585
         3.7339            NaN            NaN            NaN            NaN         57.154         71.402         94.145            NaN            NaN            NaN            NaN        -7.8546         -1.895       -0.50597
         3.7356            NaN            NaN            NaN            NaN         57.472         71.399         94.139            NaN            NaN            NaN            NaN        -7.8655         -1.896        -0.5061
         3.7374            NaN            NaN            NaN            NaN         57.795         71.395         94.133            NaN            NaN            NaN            NaN        -7.8765         -1.897       -0.50623
         3.7391            NaN            NaN            NaN            NaN         58.123         71.392         94.126            NaN            NaN            NaN            NaN        -7.8874         -1.898       -0.50636
         3.7409            NaN            NaN            NaN            NaN         58.456         71.389          94.12            NaN            NaN            NaN            NaN        -7.8983        -1.8991        -0.5065
         3.7426            NaN            NaN            NaN            NaN         58.793         71.387         94.114            NaN            NaN            NaN            NaN        -7.9092        -1.9001       -0.50664
         3.7444            NaN            NaN            NaN            NaN         59.135         71.384         94.108            NaN            NaN            NaN            NaN        -7.9201        -1.9011       -0.50678
         3.7461            NaN            NaN            NaN            NaN         59.482         71.381         94.101            NaN            NaN            NaN            NaN         -7.931        -1.9022       -0.50693
         3.7479            NaN            NaN            NaN            NaN         59.834         71.378         94.095            NaN            NaN            NaN            NaN        -7.9418        -1.9032       -0.50708
         3.7496            NaN            NaN            NaN            NaN         60.191         71.375         94.089            NaN            NaN            NaN            NaN        -7.9526        -1.9042       -0.50724
         3.7514            NaN            NaN            NaN            NaN         60.552         71.373         94.083            NaN            NaN            NaN            NaN        -7.9634        -1.9053        -0.5074
         3.7531            NaN            NaN            NaN            NaN         60.918          71.37         94.077            NaN            NaN            NaN            NaN        -7.9741        -1.9063       -0.50756
         3.7549            NaN            NaN            NaN            NaN         61.289         71.368         94.072            NaN            NaN            NaN            NaN        -7.9849        -1.9073       -0.50772
         3.7566            NaN            NaN            NaN            NaN         61.664         71.365         94.066            NaN            NaN            NaN            NaN        -7.9956        -1.9084       -0.50789
         3.7584            NaN            NaN            NaN            NaN         62.044         71.363         94.061            NaN            NaN            NaN            NaN        -8.0062        -1.9094       -0.50806
         3.7601            NaN            NaN            NaN            NaN         62.429          71.36         94.055            NaN            NaN            NaN            NaN        -8.0168        -1.9105       -0.50823
         3.7619            NaN            NaN            NaN            NaN         62.818         71.358          94.05            NaN            NaN            NaN            NaN        -8.0274        -1.9115        -0.5084
         3.7636            NaN            NaN            NaN            NaN         63.212         71.356         94.045            NaN            NaN            NaN            NaN        -8.0379        -1.9125       -0.50858
         3.7654            NaN            NaN            NaN            NaN         63.611         71.354         94.041            NaN            NaN            NaN            NaN        -8.0484        -1.9136       -0.50875
         3.7671            NaN            NaN            NaN            NaN         64.014         71.351         94.036            NaN            NaN            NaN            NaN        -8.0589        -1.9146       -0.50892
         3.7689            NaN            NaN            NaN            NaN         64.422         71.349         94.032            NaN            NaN            NaN            NaN        -8.0693        -1.9156        -0.5091
         3.7706            NaN            NaN            NaN            NaN         64.834         71.347         94.028            NaN            NaN            NaN            NaN        -8.0797        -1.9167       -0.50928
         3.7724            NaN            NaN            NaN            NaN          65.25         71.345         94.024            NaN            NaN            NaN            NaN          -8.09        -1.9177       -0.50945
         3.7741            NaN            NaN            NaN            NaN         65.671         71.343          94.02            NaN            NaN            NaN            NaN        -8.1002        -1.9187       -0.50962
         3.7759            NaN            NaN            NaN            NaN         66.095         71.341         94.017            NaN            NaN            NaN            NaN        -8.1104        -1.9198        -0.5098
         3.7776            NaN            NaN            NaN            NaN         66.524         71.339         94.013            NaN            NaN            NaN            NaN        -8.1206        -1.9208       -0.50997
         3.7794            NaN            NaN            NaN            NaN         66.958         71.337          94.01            NaN            NaN            NaN            NaN        -8.1307        -1.9218       -0.51014
         3.7811            NaN            NaN            NaN            NaN         67.395         71.335         94.007            NaN            NaN            NaN            NaN        -8.1407        -1.9229        -0.5103
         3.7829            NaN            NaN            NaN            NaN         67.836         71.333         94.004            NaN            NaN            NaN            NaN        -8.1507        -1.9239       -0.51047
         3.7846            NaN            NaN            NaN            NaN         68.281         71.331         94.001            NaN            NaN            NaN            NaN        -8.1606        -1.9249       -0.51063
         3.7864            NaN            NaN            NaN            NaN          68.73         71.329         93.998            NaN            NaN            NaN            NaN        -8.1705         -1.926       -0.51079
         3.7881            NaN            NaN            NaN            NaN         69.183         71.327         93.995            NaN            NaN            NaN            NaN        -8.1803         -1.927       -0.51095
         3.7899            NaN            NaN            NaN            NaN         69.639         71.325         93.993            NaN            NaN            NaN            NaN          -8.19         -1.928        -0.5111
         3.7916            NaN            NaN            NaN            NaN         70.099         71.323          93.99            NaN            NaN            NaN            NaN        -8.1997         -1.929       -0.51126
         3.7934            NaN            NaN            NaN            NaN         70.562         71.321         93.987            NaN            NaN            NaN            NaN        -8.2093        -1.9301        -0.5114
         3.7951            NaN            NaN            NaN            NaN         71.029         71.319         93.985            NaN            NaN            NaN            NaN        -8.2188        -1.9311       -0.51155
         3.7969            NaN            NaN            NaN            NaN         71.499         71.316         93.982            NaN            NaN            NaN            NaN        -8.2283        -1.9321       -0.51169
         3.7986            NaN            NaN            NaN            NaN         71.973         71.314          93.98            NaN            NaN            NaN            NaN        -8.2377        -1.9332       -0.51183
         3.8004            NaN            NaN            NaN            NaN          72.45         71.312         93.977            NaN            NaN            NaN            NaN         -8.247        -1.9342       -0.51197
         3.8022            NaN            NaN            NaN            NaN         72.929          71.31         93.974            NaN            NaN            NaN            NaN        -8.2563        -1.9352       -0.51211
         3.8039            NaN            NaN            NaN            NaN         73.412         71.307         93.972            NaN            NaN            NaN            NaN        -8.2655        -1.9362       -0.51224
         3.8057            NaN            NaN            NaN            NaN         73.898         71.305         93.969            NaN            NaN            NaN            NaN        -8.2746        -1.9373       -0.51237
         3.8074            NaN            NaN            NaN            NaN         74.386         71.302         93.966            NaN            NaN            NaN            NaN        -8.2837        -1.9383        -0.5125
         3.8092            NaN            NaN            NaN            NaN         74.878           71.3         93.963            NaN            NaN            NaN            NaN        -8.2926        -1.9393       -0.51263
         3.8109            NaN            NaN            NaN            NaN         75.372         71.297          93.96            NaN            NaN            NaN            NaN        -8.3015        -1.9403       -0.51275
         3.8127            NaN            NaN            NaN            NaN         75.868         71.295         93.957            NaN            NaN            NaN            NaN        -8.3104        -1.9414       -0.51288
         3.8144            NaN            NaN            NaN            NaN         76.367         71.292         93.954            NaN            NaN            NaN            NaN        -8.3191        -1.9424         -0.513
         3.8162            NaN            NaN            NaN            NaN         76.869         71.289          93.95            NaN            NaN            NaN            NaN        -8.3278        -1.9434       -0.51312
         3.8179            NaN            NaN            NaN            NaN         77.372         71.287         93.947            NaN            NaN            NaN            NaN        -8.3364        -1.9444       -0.51324
         3.8197            NaN            NaN            NaN            NaN         77.878         71.284         93.943            NaN            NaN            NaN            NaN        -8.3449        -1.9455       -0.51336
         3.8214            NaN            NaN            NaN            NaN         78.387         71.281         93.939            NaN            NaN            NaN            NaN        -8.3534        -1.9465       -0.51348
         3.8232            NaN            NaN            NaN            NaN         78.897         71.278         93.936            NaN            NaN            NaN            NaN        -8.3618        -1.9475        -0.5136
         3.8249            NaN            NaN            NaN            NaN         79.409         71.276         93.932            NaN            NaN            NaN            NaN        -8.3701        -1.9486       -0.51372
         3.8267            NaN            NaN            NaN            NaN         79.923         71.273         93.928            NaN            NaN            NaN            NaN        -8.3783        -1.9496       -0.51384
         3.8284            NaN            NaN            NaN            NaN         80.439          71.27         93.923            NaN            NaN            NaN            NaN        -8.3864        -1.9506       -0.51396
         3.8302            NaN            NaN            NaN            NaN         80.957         71.267         93.919            NaN            NaN            NaN            NaN        -8.3945        -1.9517       -0.51409
         3.8319            NaN            NaN            NaN            NaN         81.476         71.264         93.915            NaN            NaN            NaN            NaN        -8.4025        -1.9527       -0.51421
         3.8337            NaN            NaN            NaN            NaN         81.997         71.261          93.91            NaN            NaN            NaN            NaN        -8.4104        -1.9538       -0.51433
         3.8354            NaN            NaN            NaN            NaN         82.519         71.258         93.906            NaN            NaN            NaN            NaN        -8.4183        -1.9548       -0.51446
         3.8372            NaN            NaN            NaN            NaN         83.043         71.255         93.901            NaN            NaN            NaN            NaN        -8.4261        -1.9558       -0.51459
         3.8389            NaN            NaN            NaN            NaN         83.568         71.253         93.896            NaN            NaN            NaN            NaN        -8.4338        -1.9569       -0.51471
         3.8407            NaN            NaN            NaN            NaN         84.095          71.25         93.892            NaN            NaN            NaN            NaN        -8.4414        -1.9579       -0.51484
         3.8424            NaN            NaN            NaN            NaN         84.622         71.247         93.887            NaN            NaN            NaN            NaN        -8.4489        -1.9589       -0.51497
         3.8442            NaN            NaN            NaN            NaN         85.151         71.244         93.882            NaN            NaN            NaN            NaN        -8.4564          -1.96       -0.51511
         3.8459            NaN            NaN            NaN            NaN         85.681         71.241         93.877            NaN            NaN            NaN            NaN        -8.4638         -1.961       -0.51524
         3.8477            NaN            NaN            NaN            NaN         86.211         71.238         93.873            NaN            NaN            NaN            NaN        -8.4711        -1.9621       -0.51538
         3.8494            NaN            NaN            NaN            NaN         86.743         71.235         93.868            NaN            NaN            NaN            NaN        -8.4783        -1.9631       -0.51551
         3.8512            NaN            NaN            NaN            NaN         87.276         71.233         93.863            NaN            NaN            NaN            NaN        -8.4855        -1.9642       -0.51565
         3.8529            NaN            NaN            NaN            NaN         87.809          71.23         93.858            NaN            NaN            NaN            NaN        -8.4926        -1.9652       -0.51579
         3.8547            NaN            NaN            NaN            NaN         88.343         71.227         93.853            NaN            NaN            NaN            NaN        -8.4996        -1.9663       -0.51594
         3.8564            NaN            NaN            NaN            NaN         88.877         71.224         93.849            NaN            NaN            NaN            NaN        -8.5066        -1.9673       -0.51608
         3.8582            NaN            NaN            NaN            NaN         89.413         71.222         93.844            NaN            NaN            NaN            NaN        -8.5134        -1.9683       -0.51622
         3.8599            NaN            NaN            NaN            NaN         89.948         71.219         93.839            NaN            NaN            NaN            NaN        -8.5203        -1.9694       -0.51637
         3.8617            NaN            NaN            NaN            NaN         90.484         71.216         93.834            NaN            NaN            NaN            NaN         -8.527        -1.9704       -0.51652
         3.8634            NaN            NaN            NaN            NaN         91.021         71.214          93.83            NaN            NaN            NaN            NaN        -8.5337        -1.9715       -0.51666
         3.8652            NaN            NaN            NaN            NaN         91.558         71.211         93.825            NaN            NaN            NaN            NaN        -8.5402        -1.9725       -0.51681
         3.8669            NaN            NaN            NaN            NaN         92.095         71.208         93.821            NaN            NaN            NaN            NaN        -8.5468        -1.9736       -0.51696
         3.8687            NaN            NaN            NaN            NaN         92.632         71.206         93.816            NaN            NaN            NaN            NaN        -8.5532        -1.9746       -0.51711
         3.8704            NaN            NaN            NaN            NaN         93.169         71.203         93.812            NaN            NaN            NaN            NaN        -8.5596        -1.9757       -0.51726
         3.8722            NaN            NaN            NaN            NaN         93.707           71.2         93.807            NaN            NaN            NaN            NaN        -8.5659        -1.9767       -0.51741
         3.8739            NaN            NaN            NaN            NaN         94.244         71.198         93.803            NaN            NaN            NaN            NaN        -8.5722        -1.9778       -0.51756
         3.8757            NaN            NaN            NaN            NaN         94.782         71.195         93.799            NaN            NaN            NaN            NaN        -8.5783        -1.9788       -0.51771
         3.8774            NaN            NaN            NaN            NaN         95.319         71.193         93.795            NaN            NaN            NaN            NaN        -8.5845        -1.9799       -0.51787
         3.8792            NaN            NaN            NaN            NaN         95.857          71.19          93.79            NaN            NaN            NaN            NaN        -8.5905        -1.9809       -0.51802
         3.8809            NaN            NaN            NaN            NaN         96.394         71.188         93.786            NaN            NaN            NaN            NaN        -8.5965         -1.982       -0.51817
         3.8827            NaN            NaN            NaN            NaN         96.931         71.185         93.782            NaN            NaN            NaN            NaN        -8.6024         -1.983       -0.51832
         3.8844            NaN            NaN            NaN            NaN         97.468         71.182         93.778            NaN            NaN            NaN            NaN        -8.6083        -1.9841       -0.51848
         3.8862            NaN            NaN            NaN            NaN         98.004          71.18         93.774            NaN            NaN            NaN            NaN        -8.6141        -1.9851       -0.51863
         3.8879            NaN            NaN            NaN            NaN          98.54         71.177          93.77            NaN            NaN            NaN            NaN        -8.6198        -1.9862       -0.51878
         3.8897            NaN            NaN            NaN            NaN         99.076         71.175         93.766            NaN            NaN            NaN            NaN        -8.6255        -1.9872       -0.51893
         3.8914            NaN            NaN            NaN            NaN         99.611         71.172         93.762            NaN            NaN            NaN            NaN        -8.6311        -1.9883       -0.51908
         3.8932            NaN            NaN            NaN            NaN         100.15          71.17         93.759            NaN            NaN            NaN            NaN        -8.6366        -1.9893       -0.51924
         3.8949            NaN            NaN            NaN            NaN         100.68         71.167         93.755            NaN            NaN            NaN            NaN        -8.6421        -1.9904       -0.51939
         3.8967            NaN            NaN            NaN            NaN         101.21         71.165         93.751            NaN            NaN            NaN            NaN        -8.6475        -1.9914       -0.51954
         3.8984            NaN            NaN            NaN            NaN         101.75         71.162         93.747            NaN            NaN            NaN            NaN        -8.6529        -1.9925       -0.51969
         3.9002            NaN            NaN            NaN            NaN         102.28          71.16         93.744            NaN            NaN            NaN            NaN        -8.6582        -1.9935       -0.51984
          3.902            NaN            NaN            NaN            NaN         102.81         71.157          93.74            NaN            NaN            NaN            NaN        -8.6635        -1.9946          -0.52
         3.9037            NaN            NaN            NaN            NaN         103.34         71.155         93.736            NaN            NaN            NaN            NaN        -8.6687        -1.9956       -0.52015
         3.9055            NaN            NaN            NaN            NaN         103.87         71.152         93.733            NaN            NaN            NaN            NaN        -8.6738        -1.9967        -0.5203
         3.9072            NaN            NaN            NaN            NaN          104.4          71.15         93.729            NaN            NaN            NaN            NaN        -8.6789        -1.9977       -0.52045
          3.909            NaN            NaN            NaN            NaN         104.93         71.147         93.726            NaN            NaN            NaN            NaN        -8.6839        -1.9988        -0.5206
         3.9107            NaN            NaN            NaN            NaN         105.46         71.145         93.722            NaN            NaN            NaN            NaN        -8.6889        -1.9999       -0.52075
         3.9125            NaN            NaN            NaN            NaN         105.99         71.142         93.719            NaN            NaN            NaN            NaN        -8.6938        -2.0009        -0.5209
         3.9142            NaN            NaN            NaN            NaN         106.52          71.14         93.716            NaN            NaN            NaN            NaN        -8.6987         -2.002       -0.52105
          3.916            NaN            NaN            NaN            NaN         107.04         71.137         93.712            NaN            NaN            NaN            NaN        -8.7035         -2.003        -0.5212
         3.9177            NaN            NaN            NaN            NaN         107.57         71.135         93.709            NaN            NaN            NaN            NaN        -8.7083        -2.0041       -0.52134
         3.9195            NaN            NaN            NaN            NaN         108.09         71.132         93.706            NaN            NaN            NaN            NaN         -8.713        -2.0051       -0.52149
         3.9212            NaN            NaN            NaN            NaN         108.62          71.13         93.702            NaN            NaN            NaN            NaN        -8.7177        -2.0062       -0.52164
          3.923            NaN            NaN            NaN            NaN         109.14         71.127         93.699            NaN            NaN            NaN            NaN        -8.7223        -2.0072       -0.52178
         3.9247            NaN            NaN            NaN            NaN         109.66         71.125         93.696            NaN            NaN            NaN            NaN        -8.7268        -2.0083       -0.52193
         3.9265            NaN            NaN            NaN            NaN         110.18         71.122         93.693            NaN            NaN            NaN            NaN        -8.7314        -2.0093       -0.52207
         3.9282            NaN            NaN            NaN            NaN          110.7          71.12          93.69            NaN            NaN            NaN            NaN        -8.7358        -2.0104       -0.52222
           3.93            NaN            NaN            NaN            NaN         111.22         71.117         93.687            NaN            NaN            NaN            NaN        -8.7403        -2.0114       -0.52236
         3.9317            NaN            NaN            NaN            NaN         111.73         71.115         93.683            NaN            NaN            NaN            NaN        -8.7446        -2.0125        -0.5225
         3.9335            NaN            NaN            NaN            NaN         112.25         71.112          93.68            NaN            NaN            NaN            NaN         -8.749        -2.0135       -0.52264
         3.9352            NaN            NaN            NaN            NaN         112.76          71.11         93.677            NaN            NaN            NaN            NaN        -8.7532        -2.0146       -0.52278
          3.937            NaN            NaN            NaN            NaN         113.28         71.107         93.674            NaN            NaN            NaN            NaN        -8.7575        -2.0156       -0.52292
         3.9387            NaN            NaN            NaN            NaN         113.79         71.104         93.671            NaN            NaN            NaN            NaN        -8.7617        -2.0167       -0.52305
         3.9405            NaN            NaN            NaN            NaN          114.3         71.102         93.668            NaN            NaN            NaN            NaN        -8.7658        -2.0178       -0.52319
         3.9422            NaN            NaN            NaN            NaN         114.81         71.099         93.665            NaN            NaN            NaN            NaN        -8.7699        -2.0188       -0.52333
          3.944            NaN            NaN            NaN            NaN         115.32         71.096         93.662            NaN            NaN            NaN            NaN         -8.774        -2.0199       -0.52346
         3.9457            NaN            NaN            NaN            NaN         115.83         71.094         93.658            NaN            NaN            NaN            NaN         -8.778        -2.0209       -0.52359
         3.9475            NaN            NaN            NaN            NaN         116.33         71.091         93.655            NaN            NaN            NaN            NaN         -8.782         -2.022       -0.52372
         3.9492            NaN            NaN            NaN            NaN         116.84         71.088         93.652            NaN            NaN            NaN            NaN        -8.7859         -2.023       -0.52386
          3.951            NaN            NaN            NaN            NaN         117.34         71.086         93.649            NaN            NaN            NaN            NaN        -8.7898        -2.0241       -0.52399
         3.9527            NaN            NaN            NaN            NaN         117.84         71.083         93.645            NaN            NaN            NaN            NaN        -8.7937        -2.0251       -0.52412
         3.9545            NaN            NaN            NaN            NaN            NaN          71.08         93.642            NaN            NaN            NaN            NaN            NaN        -2.0262       -0.52425
         3.9562            NaN            NaN            NaN            NaN            NaN         71.077         93.638            NaN            NaN            NaN            NaN            NaN        -2.0272       -0.52437
          3.958            NaN            NaN            NaN            NaN            NaN         71.074         93.635            NaN            NaN            NaN            NaN            NaN        -2.0283        -0.5245
         3.9597            NaN            NaN            NaN            NaN            NaN         71.071         93.631            NaN            NaN            NaN            NaN            NaN        -2.0294       -0.52463
         3.9615            NaN            NaN            NaN            NaN            NaN         71.069         93.628            NaN            NaN            NaN            NaN            NaN        -2.0304       -0.52476
         3.9632            NaN            NaN            NaN            NaN            NaN         71.066         93.624            NaN            NaN            NaN            NaN            NaN        -2.0315       -0.52489
          3.965            NaN            NaN            NaN            NaN            NaN         71.063          93.62            NaN            NaN            NaN            NaN            NaN        -2.0325       -0.52501
         3.9667            NaN            NaN            NaN            NaN            NaN          71.06         93.617            NaN            NaN            NaN            NaN            NaN        -2.0336       -0.52514
         3.9685            NaN            NaN            NaN            NaN            NaN         71.057         93.613            NaN            NaN            NaN            NaN            NaN        -2.0347       -0.52527
         3.9702            NaN            NaN            NaN            NaN            NaN         71.054         93.609            NaN            NaN            NaN            NaN            NaN        -2.0357        -0.5254
          3.972            NaN            NaN            NaN            NaN            NaN         71.051         93.605            NaN            NaN            NaN            NaN            NaN        -2.0368       -0.52553
         3.9737            NaN            NaN            NaN            NaN            NaN         71.048         93.601            NaN            NaN            NaN            NaN            NaN        -2.0378       -0.52565
         3.9755            NaN            NaN            NaN            NaN            NaN         71.045         93.597            NaN            NaN            NaN            NaN            NaN        -2.0389       -0.52578
         3.9772            NaN            NaN            NaN            NaN            NaN         71.042         93.593            NaN            NaN            NaN            NaN            NaN          -2.04       -0.52591
          3.979            NaN            NaN            NaN            NaN            NaN         71.039         93.589            NaN            NaN            NaN            NaN            NaN         -2.041       -0.52604
         3.9807            NaN            NaN            NaN            NaN            NaN         71.036         93.585            NaN            NaN            NaN            NaN            NaN        -2.0421       -0.52617
         3.9825            NaN            NaN            NaN            NaN            NaN         71.033         93.581            NaN            NaN            NaN            NaN            NaN        -2.0432       -0.52631
         3.9842            NaN            NaN            NaN            NaN            NaN          71.03         93.577            NaN            NaN            NaN            NaN            NaN        -2.0442       -0.52644
          3.986            NaN            NaN            NaN            NaN            NaN         71.028         93.573            NaN            NaN            NaN            NaN            NaN        -2.0453       -0.52657
         3.9877            NaN            NaN            NaN            NaN            NaN         71.025         93.569            NaN            NaN            NaN            NaN            NaN        -2.0463        -0.5267
         3.9895            NaN            NaN            NaN            NaN            NaN         71.022         93.565            NaN            NaN            NaN            NaN            NaN        -2.0474       -0.52684
         3.9912            NaN            NaN            NaN            NaN            NaN         71.019         93.561            NaN            NaN            NaN            NaN            NaN        -2.0485       -0.52697
          3.993            NaN            NaN            NaN            NaN            NaN         71.016         93.556            NaN            NaN            NaN            NaN            NaN        -2.0495        -0.5271
         3.9947            NaN            NaN            NaN            NaN            NaN         71.013         93.552            NaN            NaN            NaN            NaN            NaN        -2.0506       -0.52724
         3.9965            NaN            NaN            NaN            NaN            NaN          71.01         93.548            NaN            NaN            NaN            NaN            NaN        -2.0517       -0.52737
         3.9982            NaN            NaN            NaN            NaN            NaN         71.007         93.544            NaN            NaN            NaN            NaN            NaN        -2.0527       -0.52751
              4            NaN            NaN            NaN            NaN            NaN         71.004          93.54            NaN            NaN            NaN            NaN            NaN        -2.0538       -0.52764
